store,item,date,dow,month,is_holiday,promo,units
0,0,2024-09-01,6,9,0,0,230
0,0,2024-09-02,0,9,0,0,164
0,0,2024-09-03,1,9,0,0,170
0,0,2024-09-04,2,9,0,0,161
0,0,2024-09-05,3,9,0,0,165
0,0,2024-09-06,4,9,0,0,169
0,0,2024-09-07,5,9,0,0,185
0,0,2024-09-08,6,9,0,0,207
0,0,2024-09-09,0,9,0,0,154
0,0,2024-09-10,1,9,0,0,151
0,0,2024-09-11,2,9,0,0,156
0,0,2024-09-12,3,9,0,0,182
0,0,2024-09-13,4,9,0,0,148
0,0,2024-09-14,5,9,0,0,232
0,0,2024-09-15,6,9,0,0,181
0,0,2024-09-16,0,9,0,0,156
0,0,2024-09-17,1,9,0,0,163
0,0,2024-09-18,2,9,0,0,169
0,0,2024-09-19,3,9,0,0,171
0,0,2024-09-20,4,9,0,0,172
0,0,2024-09-21,5,9,0,0,207
0,0,2024-09-22,6,9,0,0,204
0,0,2024-09-23,0,9,0,0,173
0,0,2024-09-24,1,9,0,0,158
0,0,2024-09-25,2,9,0,0,142
0,0,2024-09-26,3,9,0,0,144
0,0,2024-09-27,4,9,0,0,147
0,0,2024-09-28,5,9,0,0,223
0,0,2024-09-29,6,9,0,0,216
0,0,2024-09-30,0,9,0,0,170
0,0,2024-10-01,1,10,0,0,157
0,0,2024-10-02,2,10,0,0,166
0,0,2024-10-03,3,10,0,0,173
0,0,2024-10-04,4,10,0,0,159
0,0,2024-10-05,5,10,0,0,225
0,0,2024-10-06,6,10,0,0,203
0,0,2024-10-07,0,10,0,0,158
0,0,2024-10-08,1,10,0,0,158
0,0,2024-10-09,2,10,0,0,146
0,0,2024-10-10,3,10,0,0,171
0,0,2024-10-11,4,10,0,0,157
0,0,2024-10-12,5,10,0,0,216
0,0,2024-10-13,6,10,0,0,225
0,0,2024-10-14,0,10,0,0,170
0,0,2024-10-15,1,10,0,0,173
0,0,2024-10-16,2,10,0,1,243
0,0,2024-10-17,3,10,0,0,157
0,0,2024-10-18,4,10,0,0,162
0,0,2024-10-19,5,10,0,0,184
0,0,2024-10-20,6,10,0,1,260
0,0,2024-10-21,0,10,0,0,144
0,0,2024-10-22,1,10,0,0,149
0,0,2024-10-23,2,10,0,0,169
0,0,2024-10-24,3,10,0,0,150
0,0,2024-10-25,4,10,0,0,158
0,0,2024-10-26,5,10,0,0,241
0,0,2024-10-27,6,10,0,0,209
0,0,2024-10-28,0,10,0,0,174
0,0,2024-10-29,1,10,0,0,150
0,0,2024-10-30,2,10,0,0,160
0,0,2024-10-31,3,10,0,0,150
0,0,2024-11-01,4,11,0,0,166
0,0,2024-11-02,5,11,0,0,241
0,0,2024-11-03,6,11,0,0,190
0,0,2024-11-04,0,11,0,0,178
0,0,2024-11-05,1,11,0,1,259
0,0,2024-11-06,2,11,0,0,162
0,0,2024-11-07,3,11,0,0,149
0,0,2024-11-08,4,11,0,0,173
0,0,2024-11-09,5,11,0,0,214
0,0,2024-11-10,6,11,0,0,229
0,0,2024-11-11,0,11,0,0,172
0,0,2024-11-12,1,11,0,0,196
0,0,2024-11-13,2,11,0,0,168
0,0,2024-11-14,3,11,0,0,156
0,0,2024-11-15,4,11,0,0,174
0,0,2024-11-16,5,11,0,0,229
0,0,2024-11-17,6,11,0,0,252
0,0,2024-11-18,0,11,0,0,184
0,0,2024-11-19,1,11,0,0,177
0,0,2024-11-20,2,11,0,0,194
0,0,2024-11-21,3,11,0,0,153
0,0,2024-11-22,4,11,1,0,265
0,0,2024-11-23,5,11,1,0,306
0,0,2024-11-24,6,11,1,0,322
0,0,2024-11-25,0,11,1,0,246
0,0,2024-11-26,1,11,1,0,297
0,0,2024-11-27,2,11,1,0,275
0,0,2024-11-28,3,11,1,0,244
0,0,2024-11-29,4,11,0,1,231
0,0,2024-11-30,5,11,0,0,231
0,0,2024-12-01,6,12,0,0,253
0,0,2024-12-02,0,12,0,0,215
0,0,2024-12-03,1,12,0,0,230
0,0,2024-12-04,2,12,0,0,189
0,0,2024-12-05,3,12,0,0,166
0,0,2024-12-06,4,12,0,0,148
0,0,2024-12-07,5,12,0,0,241
0,0,2024-12-08,6,12,0,0,218
0,0,2024-12-09,0,12,0,0,176
0,0,2024-12-10,1,12,0,0,173
0,0,2024-12-11,2,12,0,0,180
0,0,2024-12-12,3,12,0,0,200
0,0,2024-12-13,4,12,0,0,185
0,0,2024-12-14,5,12,0,0,232
0,0,2024-12-15,6,12,0,0,214
0,0,2024-12-16,0,12,0,0,155
0,0,2024-12-17,1,12,0,0,175
0,0,2024-12-18,2,12,0,0,182
0,0,2024-12-19,3,12,0,0,211
0,0,2024-12-20,4,12,0,0,185
0,0,2024-12-21,5,12,0,0,256
0,0,2024-12-22,6,12,0,0,225
0,0,2024-12-23,0,12,0,0,163
0,0,2024-12-24,1,12,1,0,267
0,0,2024-12-25,2,12,1,0,273
0,0,2024-12-26,3,12,0,0,217
0,0,2024-12-27,4,12,0,0,169
0,0,2024-12-28,5,12,0,1,341
0,0,2024-12-29,6,12,0,0,216
0,0,2024-12-30,0,12,0,0,198
0,0,2024-12-31,1,12,1,0,302
0,0,2025-01-01,2,1,0,0,191
0,0,2025-01-02,3,1,0,0,193
0,0,2025-01-03,4,1,0,0,182
0,0,2025-01-04,5,1,0,0,256
0,0,2025-01-05,6,1,0,0,236
0,0,2025-01-06,0,1,0,1,245
0,0,2025-01-07,1,1,0,0,172
0,0,2025-01-08,2,1,0,0,197
0,0,2025-01-09,3,1,0,0,221
0,0,2025-01-10,4,1,0,0,196
0,0,2025-01-11,5,1,0,0,244
0,0,2025-01-12,6,1,0,0,253
0,0,2025-01-13,0,1,0,0,216
0,0,2025-01-14,1,1,0,0,197
0,0,2025-01-15,2,1,0,0,187
0,0,2025-01-16,3,1,0,0,213
0,0,2025-01-17,4,1,0,0,201
0,0,2025-01-18,5,1,0,0,280
0,0,2025-01-19,6,1,0,0,250
0,0,2025-01-20,0,1,0,1,245
0,0,2025-01-21,1,1,0,0,170
0,0,2025-01-22,2,1,0,0,222
0,0,2025-01-23,3,1,0,0,224
0,0,2025-01-24,4,1,0,0,191
0,0,2025-01-25,5,1,0,0,238
0,0,2025-01-26,6,1,0,0,279
0,0,2025-01-27,0,1,0,0,175
0,0,2025-01-28,1,1,0,0,178
0,0,2025-01-29,2,1,0,0,205
0,0,2025-01-30,3,1,0,0,187
0,0,2025-01-31,4,1,0,0,194
0,0,2025-02-01,5,2,0,0,251
0,0,2025-02-02,6,2,0,0,262
0,0,2025-02-03,0,2,0,0,227
0,0,2025-02-04,1,2,0,0,203
0,0,2025-02-05,2,2,0,0,213
0,0,2025-02-06,3,2,0,0,165
0,0,2025-02-07,4,2,0,0,201
0,0,2025-02-08,5,2,0,0,235
0,0,2025-02-09,6,2,0,1,300
0,0,2025-02-10,0,2,0,0,186
0,0,2025-02-11,1,2,0,0,196
0,0,2025-02-12,2,2,0,0,218
0,0,2025-02-13,3,2,0,0,178
0,0,2025-02-14,4,2,0,0,202
0,0,2025-02-15,5,2,0,0,244
0,0,2025-02-16,6,2,0,0,247
0,0,2025-02-17,0,2,0,0,220
0,0,2025-02-18,1,2,0,0,212
0,0,2025-02-19,2,2,0,0,226
0,0,2025-02-20,3,2,0,0,199
0,0,2025-02-21,4,2,0,0,189
0,0,2025-02-22,5,2,0,0,249
0,0,2025-02-23,6,2,0,0,260
0,0,2025-02-24,0,2,0,0,205
0,0,2025-02-25,1,2,0,0,182
0,0,2025-02-26,2,2,0,0,203
0,0,2025-02-27,3,2,0,0,206
0,0,2025-02-28,4,2,0,0,247
0,0,2025-03-01,5,3,0,0,301
0,0,2025-03-02,6,3,0,0,238
0,0,2025-03-03,0,3,0,0,200
0,0,2025-03-04,1,3,0,0,178
0,0,2025-03-05,2,3,0,0,194
0,0,2025-03-06,3,3,0,0,211
0,0,2025-03-07,4,3,0,0,227
0,0,2025-03-08,5,3,0,0,241
0,0,2025-03-09,6,3,0,0,242
0,0,2025-03-10,0,3,0,0,165
0,0,2025-03-11,1,3,0,0,202
0,0,2025-03-12,2,3,0,0,185
0,0,2025-03-13,3,3,0,0,195
0,0,2025-03-14,4,3,0,0,189
0,0,2025-03-15,5,3,0,0,255
0,0,2025-03-16,6,3,0,0,217
0,0,2025-03-17,0,3,0,0,178
0,0,2025-03-18,1,3,0,1,341
0,0,2025-03-19,2,3,0,0,181
0,0,2025-03-20,3,3,0,0,185
0,0,2025-03-21,4,3,0,0,238
0,0,2025-03-22,5,3,0,0,325
0,0,2025-03-23,6,3,0,0,231
0,0,2025-03-24,0,3,0,0,198
0,0,2025-03-25,1,3,0,0,211
0,0,2025-03-26,2,3,0,0,237
0,0,2025-03-27,3,3,0,0,187
0,0,2025-03-28,4,3,0,0,200
0,0,2025-03-29,5,3,0,0,276
0,0,2025-03-30,6,3,0,0,268
0,0,2025-03-31,0,3,0,0,198
0,0,2025-04-01,1,4,0,0,200
0,0,2025-04-02,2,4,0,0,177
0,0,2025-04-03,3,4,0,0,198
0,0,2025-04-04,4,4,0,0,197
0,0,2025-04-05,5,4,0,0,260
0,0,2025-04-06,6,4,0,0,242
0,0,2025-04-07,0,4,0,0,210
0,0,2025-04-08,1,4,0,0,220
0,0,2025-04-09,2,4,0,0,205
0,0,2025-04-10,3,4,0,0,208
0,0,2025-04-11,4,4,0,0,203
0,0,2025-04-12,5,4,0,0,255
0,0,2025-04-13,6,4,0,0,238
0,0,2025-04-14,0,4,0,0,208
0,0,2025-04-15,1,4,0,0,200
0,0,2025-04-16,2,4,0,0,240
0,0,2025-04-17,3,4,0,0,230
0,0,2025-04-18,4,4,0,0,209
0,0,2025-04-19,5,4,0,0,237
0,0,2025-04-20,6,4,0,0,229
0,0,2025-04-21,0,4,0,0,224
0,0,2025-04-22,1,4,0,0,207
0,0,2025-04-23,2,4,0,0,211
0,0,2025-04-24,3,4,0,0,171
0,0,2025-04-25,4,4,0,0,219
0,0,2025-04-26,5,4,0,0,265
0,0,2025-04-27,6,4,0,0,229
0,0,2025-04-28,0,4,0,0,194
0,0,2025-04-29,1,4,0,0,207
0,0,2025-04-30,2,4,0,0,203
0,0,2025-05-01,3,5,0,0,189
0,0,2025-05-02,4,5,0,0,192
0,0,2025-05-03,5,5,0,0,241
0,0,2025-05-04,6,5,0,0,250
0,0,2025-05-05,0,5,0,0,220
0,0,2025-05-06,1,5,0,0,150
0,0,2025-05-07,2,5,0,0,190
0,0,2025-05-08,3,5,0,0,197
0,0,2025-05-09,4,5,0,0,199
0,0,2025-05-10,5,5,0,0,239
0,0,2025-05-11,6,5,0,0,208
0,0,2025-05-12,0,5,0,0,200
0,0,2025-05-13,1,5,0,0,224
0,0,2025-05-14,2,5,0,1,238
0,0,2025-05-15,3,5,0,0,209
0,0,2025-05-16,4,5,0,0,188
0,0,2025-05-17,5,5,0,0,246
0,0,2025-05-18,6,5,0,1,298
0,0,2025-05-19,0,5,0,0,188
0,0,2025-05-20,1,5,0,0,217
0,0,2025-05-21,2,5,0,0,204
0,0,2025-05-22,3,5,0,0,224
0,0,2025-05-23,4,5,0,0,215
0,0,2025-05-24,5,5,0,1,342
0,0,2025-05-25,6,5,0,0,285
0,0,2025-05-26,0,5,0,0,202
0,0,2025-05-27,1,5,0,0,209
0,0,2025-05-28,2,5,0,0,189
0,0,2025-05-29,3,5,0,0,195
0,0,2025-05-30,4,5,0,0,182
0,0,2025-05-31,5,5,0,0,269
0,0,2025-06-01,6,6,0,0,211
0,0,2025-06-02,0,6,0,0,196
0,0,2025-06-03,1,6,0,0,180
0,0,2025-06-04,2,6,0,0,202
0,0,2025-06-05,3,6,0,0,196
0,0,2025-06-06,4,6,0,0,213
0,0,2025-06-07,5,6,0,0,251
0,0,2025-06-08,6,6,0,0,203
0,0,2025-06-09,0,6,0,0,182
0,0,2025-06-10,1,6,0,0,164
0,0,2025-06-11,2,6,0,1,253
0,0,2025-06-12,3,6,0,0,208
0,0,2025-06-13,4,6,0,0,194
0,0,2025-06-14,5,6,0,0,221
0,0,2025-06-15,6,6,0,0,215
0,0,2025-06-16,0,6,0,0,184
0,0,2025-06-17,1,6,0,0,163
0,0,2025-06-18,2,6,0,0,172
0,0,2025-06-19,3,6,0,0,188
0,0,2025-06-20,4,6,0,0,202
0,0,2025-06-21,5,6,0,0,249
0,0,2025-06-22,6,6,0,0,188
0,0,2025-06-23,0,6,0,0,188
0,0,2025-06-24,1,6,0,0,185
0,0,2025-06-25,2,6,0,0,190
0,0,2025-06-26,3,6,0,0,210
0,0,2025-06-27,4,6,0,0,150
0,0,2025-06-28,5,6,0,0,224
0,0,2025-06-29,6,6,0,0,249
0,0,2025-06-30,0,6,0,0,157
0,0,2025-07-01,1,7,0,0,195
0,0,2025-07-02,2,7,0,0,178
0,0,2025-07-03,3,7,0,0,185
0,0,2025-07-04,4,7,0,0,164
0,0,2025-07-05,5,7,0,0,242
0,0,2025-07-06,6,7,0,0,247
0,0,2025-07-07,0,7,0,0,176
0,0,2025-07-08,1,7,0,0,176
0,0,2025-07-09,2,7,0,0,177
0,0,2025-07-10,3,7,0,0,159
0,0,2025-07-11,4,7,0,1,251
0,0,2025-07-12,5,7,0,0,222
0,0,2025-07-13,6,7,0,0,233
0,0,2025-07-14,0,7,0,0,188
0,0,2025-07-15,1,7,0,0,156
0,0,2025-07-16,2,7,0,1,252
0,0,2025-07-17,3,7,0,0,195
0,0,2025-07-18,4,7,0,0,161
0,0,2025-07-19,5,7,0,0,209
0,0,2025-07-20,6,7,0,1,313
0,0,2025-07-21,0,7,0,0,186
0,0,2025-07-22,1,7,0,0,173
0,0,2025-07-23,2,7,0,0,193
0,0,2025-07-24,3,7,0,0,186
0,0,2025-07-25,4,7,0,0,186
0,0,2025-07-26,5,7,0,0,236
0,0,2025-07-27,6,7,0,0,272
0,0,2025-07-28,0,7,0,0,169
0,0,2025-07-29,1,7,0,0,142
0,0,2025-07-30,2,7,0,0,197
0,0,2025-07-31,3,7,0,0,165
0,0,2025-08-01,4,8,0,0,166
0,0,2025-08-02,5,8,0,0,243
0,0,2025-08-03,6,8,0,0,186
0,0,2025-08-04,0,8,0,0,146
0,0,2025-08-05,1,8,0,0,141
0,0,2025-08-06,2,8,0,0,153
0,0,2025-08-07,3,8,0,0,171
0,0,2025-08-08,4,8,0,0,172
0,0,2025-08-09,5,8,0,0,223
0,0,2025-08-10,6,8,0,0,190
0,0,2025-08-11,0,8,0,0,131
0,0,2025-08-12,1,8,0,0,165
0,0,2025-08-13,2,8,0,0,158
0,0,2025-08-14,3,8,0,0,171
0,0,2025-08-15,4,8,0,0,175
0,0,2025-08-16,5,8,0,1,303
0,0,2025-08-17,6,8,0,0,232
0,0,2025-08-18,0,8,0,0,168
0,0,2025-08-19,1,8,0,0,172
0,0,2025-08-20,2,8,0,0,154
0,0,2025-08-21,3,8,0,0,162
0,0,2025-08-22,4,8,0,0,168
0,0,2025-08-23,5,8,0,1,321
0,0,2025-08-24,6,8,0,0,210
0,0,2025-08-25,0,8,0,0,172
0,0,2025-08-26,1,8,0,0,161
0,0,2025-08-27,2,8,0,0,163
0,0,2025-08-28,3,8,0,0,177
0,0,2025-08-29,4,8,0,1,203
0,0,2025-08-30,5,8,0,0,192
0,0,2025-08-31,6,8,0,0,189
0,0,2025-09-01,0,9,0,0,128
0,0,2025-09-02,1,9,0,0,152
0,0,2025-09-03,2,9,0,0,173
0,0,2025-09-04,3,9,0,0,158
0,0,2025-09-05,4,9,0,0,165
0,0,2025-09-06,5,9,0,0,235
0,0,2025-09-07,6,9,0,0,240
0,0,2025-09-08,0,9,0,0,161
0,0,2025-09-09,1,9,0,0,181
0,0,2025-09-10,2,9,0,0,163
0,0,2025-09-11,3,9,0,0,150
0,0,2025-09-12,4,9,0,0,153
0,0,2025-09-13,5,9,0,0,186
0,0,2025-09-14,6,9,0,0,197
0,0,2025-09-15,0,9,0,0,157
0,0,2025-09-16,1,9,0,0,173
0,0,2025-09-17,2,9,0,0,187
0,0,2025-09-18,3,9,0,0,142
0,0,2025-09-19,4,9,0,0,167
0,0,2025-09-20,5,9,0,0,195
0,0,2025-09-21,6,9,0,1,309
0,0,2025-09-22,0,9,0,0,160
0,0,2025-09-23,1,9,0,0,135
0,0,2025-09-24,2,9,0,0,175
0,0,2025-09-25,3,9,0,0,153
0,0,2025-09-26,4,9,0,0,154
0,0,2025-09-27,5,9,0,0,194
0,0,2025-09-28,6,9,0,0,202
0,0,2025-09-29,0,9,0,0,168
0,0,2025-09-30,1,9,0,1,240
0,0,2025-10-01,2,10,0,0,170
0,0,2025-10-02,3,10,0,0,170
0,0,2025-10-03,4,10,0,0,184
0,0,2025-10-04,5,10,0,0,211
0,0,2025-10-05,6,10,0,0,189
0,0,2025-10-06,0,10,0,0,181
0,0,2025-10-07,1,10,0,0,160
0,0,2025-10-08,2,10,0,0,181
0,0,2025-10-09,3,10,0,0,170
0,0,2025-10-10,4,10,0,0,163
0,0,2025-10-11,5,10,0,0,224
0,0,2025-10-12,6,10,0,0,256
0,0,2025-10-13,0,10,0,0,195
0,0,2025-10-14,1,10,0,0,166
0,0,2025-10-15,2,10,0,0,167
0,0,2025-10-16,3,10,0,0,181
0,0,2025-10-17,4,10,0,0,152
0,0,2025-10-18,5,10,0,0,224
0,0,2025-10-19,6,10,0,0,217
0,0,2025-10-20,0,10,0,0,169
0,0,2025-10-21,1,10,0,0,153
0,0,2025-10-22,2,10,0,0,141
0,0,2025-10-23,3,10,0,0,134
0,0,2025-10-24,4,10,0,0,148
0,0,2025-10-25,5,10,0,0,209
0,0,2025-10-26,6,10,0,0,212
0,0,2025-10-27,0,10,0,0,193
0,0,2025-10-28,1,10,0,0,181
0,0,2025-10-29,2,10,0,0,151
0,0,2025-10-30,3,10,0,0,170
0,0,2025-10-31,4,10,0,0,159
0,0,2025-11-01,5,11,0,0,220
0,0,2025-11-02,6,11,0,0,229
0,0,2025-11-03,0,11,0,0,182
0,0,2025-11-04,1,11,0,0,168
0,0,2025-11-05,2,11,0,0,189
0,0,2025-11-06,3,11,0,0,155
0,0,2025-11-07,4,11,0,0,173
0,0,2025-11-08,5,11,0,0,278
0,0,2025-11-09,6,11,0,0,230
0,0,2025-11-10,0,11,0,0,195
0,0,2025-11-11,1,11,0,0,174
0,0,2025-11-12,2,11,0,0,182
0,0,2025-11-13,3,11,0,0,172
0,0,2025-11-14,4,11,0,0,170
0,0,2025-11-15,5,11,0,0,210
0,0,2025-11-16,6,11,0,0,234
0,0,2025-11-17,0,11,0,0,160
0,0,2025-11-18,1,11,0,0,183
0,0,2025-11-19,2,11,0,0,190
0,0,2025-11-20,3,11,0,0,179
0,0,2025-11-21,4,11,0,0,169
0,0,2025-11-22,5,11,1,0,349
0,0,2025-11-23,6,11,1,0,326
0,0,2025-11-24,0,11,1,0,306
0,0,2025-11-25,1,11,1,0,236
0,0,2025-11-26,2,11,1,0,274
0,0,2025-11-27,3,11,1,1,299
0,0,2025-11-28,4,11,1,0,245
0,0,2025-11-29,5,11,0,0,253
0,0,2025-11-30,6,11,0,0,244
0,0,2025-12-01,0,12,0,0,172
0,0,2025-12-02,1,12,0,0,159
0,0,2025-12-03,2,12,0,0,135
0,0,2025-12-04,3,12,0,0,175
0,0,2025-12-05,4,12,0,0,224
0,0,2025-12-06,5,12,0,0,246
0,0,2025-12-07,6,12,0,0,225
0,0,2025-12-08,0,12,0,0,192
0,0,2025-12-09,1,12,0,0,158
0,0,2025-12-10,2,12,0,0,179
0,0,2025-12-11,3,12,0,0,186
0,0,2025-12-12,4,12,0,0,183
0,0,2025-12-13,5,12,0,0,253
0,0,2025-12-14,6,12,0,0,244
0,0,2025-12-15,0,12,0,0,195
0,0,2025-12-16,1,12,0,0,173
0,0,2025-12-17,2,12,0,0,199
0,0,2025-12-18,3,12,0,0,211
0,0,2025-12-19,4,12,0,0,168
0,0,2025-12-20,5,12,0,0,218
0,0,2025-12-21,6,12,0,0,265
0,0,2025-12-22,0,12,0,0,181
0,0,2025-12-23,1,12,0,0,207
0,0,2025-12-24,2,12,1,0,282
0,0,2025-12-25,3,12,1,0,332
0,0,2025-12-26,4,12,0,0,186
0,0,2025-12-27,5,12,0,0,242
0,0,2025-12-28,6,12,0,0,270
0,0,2025-12-29,0,12,0,0,178
0,0,2025-12-30,1,12,0,0,169
0,0,2025-12-31,2,12,1,0,282
0,0,2026-01-01,3,1,0,0,203
0,0,2026-01-02,4,1,0,0,168
0,0,2026-01-03,5,1,0,0,262
0,0,2026-01-04,6,1,0,0,236
0,0,2026-01-05,0,1,0,0,215
0,0,2026-01-06,1,1,0,1,218
0,0,2026-01-07,2,1,0,0,181
0,0,2026-01-08,3,1,0,0,166
0,0,2026-01-09,4,1,0,0,181
0,0,2026-01-10,5,1,0,1,337
0,0,2026-01-11,6,1,0,0,244
0,0,2026-01-12,0,1,0,0,191
0,0,2026-01-13,1,1,0,0,192
0,0,2026-01-14,2,1,0,0,199
0,0,2026-01-15,3,1,0,0,177
0,0,2026-01-16,4,1,0,0,207
0,0,2026-01-17,5,1,0,0,262
0,0,2026-01-18,6,1,0,1,341
0,0,2026-01-19,0,1,0,0,205
0,0,2026-01-20,1,1,0,0,200
0,0,2026-01-21,2,1,0,1,327
0,0,2026-01-22,3,1,0,0,194
0,0,2026-01-23,4,1,0,0,190
0,0,2026-01-24,5,1,0,0,231
0,0,2026-01-25,6,1,0,0,225
0,0,2026-01-26,0,1,0,0,173
0,0,2026-01-27,1,1,0,0,180
0,0,2026-01-28,2,1,0,0,194
0,0,2026-01-29,3,1,0,0,201
0,0,2026-01-30,4,1,0,0,196
0,0,2026-01-31,5,1,0,0,231
0,0,2026-02-01,6,2,0,0,276
0,0,2026-02-02,0,2,0,0,217
0,0,2026-02-03,1,2,0,0,200
0,0,2026-02-04,2,2,0,0,191
0,0,2026-02-05,3,2,0,0,213
0,0,2026-02-06,4,2,0,0,207
0,0,2026-02-07,5,2,0,0,223
0,0,2026-02-08,6,2,0,1,336
0,0,2026-02-09,0,2,0,0,208
0,0,2026-02-10,1,2,0,0,187
0,0,2026-02-11,2,2,0,0,207
0,0,2026-02-12,3,2,0,0,177
0,0,2026-02-13,4,2,0,0,227
0,0,2026-02-14,5,2,0,0,284
0,0,2026-02-15,6,2,0,0,250
0,0,2026-02-16,0,2,0,0,210
0,0,2026-02-17,1,2,0,0,159
0,0,2026-02-18,2,2,0,0,182
0,0,2026-02-19,3,2,0,0,198
0,0,2026-02-20,4,2,0,0,184
0,0,2026-02-21,5,2,0,0,272
0,0,2026-02-22,6,2,0,0,302
0,0,2026-02-23,0,2,0,0,182
0,0,2026-02-24,1,2,0,0,188
0,0,2026-02-25,2,2,0,0,207
0,0,2026-02-26,3,2,0,0,232
0,0,2026-02-27,4,2,0,1,254
0,0,2026-02-28,5,2,0,1,345
0,0,2026-03-01,6,3,0,0,301
0,0,2026-03-02,0,3,0,0,176
0,0,2026-03-03,1,3,0,1,255
0,0,2026-03-04,2,3,0,0,198
0,0,2026-03-05,3,3,0,0,197
0,0,2026-03-06,4,3,0,0,221
0,0,2026-03-07,5,3,0,0,265
0,0,2026-03-08,6,3,0,1,287
0,0,2026-03-09,0,3,0,0,216
0,0,2026-03-10,1,3,0,0,196
0,0,2026-03-11,2,3,0,0,230
0,0,2026-03-12,3,3,0,0,195
0,0,2026-03-13,4,3,0,0,194
0,0,2026-03-14,5,3,0,0,271
0,0,2026-03-15,6,3,0,0,277
0,0,2026-03-16,0,3,0,0,214
0,0,2026-03-17,1,3,0,0,175
0,0,2026-03-18,2,3,0,0,216
0,0,2026-03-19,3,3,0,0,187
0,0,2026-03-20,4,3,0,1,294
0,0,2026-03-21,5,3,0,0,226
0,0,2026-03-22,6,3,0,0,269
0,0,2026-03-23,0,3,0,0,191
0,0,2026-03-24,1,3,0,0,183
0,0,2026-03-25,2,3,0,0,219
0,0,2026-03-26,3,3,0,0,211
0,0,2026-03-27,4,3,0,0,195
0,0,2026-03-28,5,3,0,0,293
0,0,2026-03-29,6,3,0,0,249
0,0,2026-03-30,0,3,0,0,207
0,0,2026-03-31,1,3,0,0,211
0,0,2026-04-01,2,4,0,0,192
0,0,2026-04-02,3,4,0,0,212
0,0,2026-04-03,4,4,0,0,194
0,0,2026-04-04,5,4,0,1,326
0,0,2026-04-05,6,4,0,0,287
0,0,2026-04-06,0,4,0,0,184
0,0,2026-04-07,1,4,0,0,159
0,0,2026-04-08,2,4,0,1,326
0,0,2026-04-09,3,4,0,0,250
0,0,2026-04-10,4,4,0,0,196
0,0,2026-04-11,5,4,0,0,212
0,0,2026-04-12,6,4,0,0,249
0,0,2026-04-13,0,4,0,0,198
0,0,2026-04-14,1,4,0,0,200
0,0,2026-04-15,2,4,0,1,257
0,0,2026-04-16,3,4,0,0,214
0,0,2026-04-17,4,4,0,0,213
0,0,2026-04-18,5,4,0,0,222
0,0,2026-04-19,6,4,0,0,272
0,0,2026-04-20,0,4,0,0,241
0,0,2026-04-21,1,4,0,0,207
0,0,2026-04-22,2,4,0,0,197
0,0,2026-04-23,3,4,0,0,201
0,0,2026-04-24,4,4,0,0,215
0,0,2026-04-25,5,4,0,0,217
0,0,2026-04-26,6,4,0,0,260
0,0,2026-04-27,0,4,0,0,196
0,0,2026-04-28,1,4,0,0,237
0,0,2026-04-29,2,4,0,0,200
0,0,2026-04-30,3,4,0,0,234
0,0,2026-05-01,4,5,0,0,176
0,0,2026-05-02,5,5,0,0,261
0,0,2026-05-03,6,5,0,0,255
0,0,2026-05-04,0,5,0,0,180
0,0,2026-05-05,1,5,0,0,199
0,0,2026-05-06,2,5,0,1,308
0,0,2026-05-07,3,5,0,0,190
0,0,2026-05-08,4,5,0,0,166
0,0,2026-05-09,5,5,0,0,248
0,0,2026-05-10,6,5,0,0,228
0,0,2026-05-11,0,5,0,0,189
0,0,2026-05-12,1,5,0,0,194
0,0,2026-05-13,2,5,0,0,166
0,0,2026-05-14,3,5,0,0,167
0,0,2026-05-15,4,5,0,0,204
0,0,2026-05-16,5,5,0,0,237
0,0,2026-05-17,6,5,0,0,191
0,0,2026-05-18,0,5,0,0,209
0,0,2026-05-19,1,5,0,0,200
0,0,2026-05-20,2,5,0,0,183
0,0,2026-05-21,3,5,0,0,172
0,0,2026-05-22,4,5,0,0,210
0,0,2026-05-23,5,5,0,0,256
0,0,2026-05-24,6,5,0,0,301
0,0,2026-05-25,0,5,0,0,203
0,0,2026-05-26,1,5,0,1,287
0,0,2026-05-27,2,5,0,0,193
0,0,2026-05-28,3,5,0,0,210
0,0,2026-05-29,4,5,0,0,206
0,0,2026-05-30,5,5,0,0,276
0,0,2026-05-31,6,5,0,0,237
0,0,2026-06-01,0,6,0,0,177
0,0,2026-06-02,1,6,0,0,177
0,0,2026-06-03,2,6,0,0,198
0,0,2026-06-04,3,6,0,0,209
0,0,2026-06-05,4,6,0,0,177
0,0,2026-06-06,5,6,0,0,228
0,0,2026-06-07,6,6,0,0,244
0,0,2026-06-08,0,6,0,0,181
0,0,2026-06-09,1,6,0,0,200
0,0,2026-06-10,2,6,0,1,213
0,0,2026-06-11,3,6,0,0,171
0,0,2026-06-12,4,6,0,1,248
0,0,2026-06-13,5,6,0,0,188
0,0,2026-06-14,6,6,0,0,217
0,0,2026-06-15,0,6,0,0,170
0,0,2026-06-16,1,6,0,0,181
0,0,2026-06-17,2,6,0,0,203
0,0,2026-06-18,3,6,0,0,181
0,0,2026-06-19,4,6,0,0,168
0,0,2026-06-20,5,6,0,0,236
0,0,2026-06-21,6,6,0,0,260
0,0,2026-06-22,0,6,0,0,169
0,0,2026-06-23,1,6,0,0,170
0,0,2026-06-24,2,6,0,0,194
0,0,2026-06-25,3,6,0,0,181
0,0,2026-06-26,4,6,0,0,195
0,0,2026-06-27,5,6,0,0,237
0,0,2026-06-28,6,6,0,0,252
0,0,2026-06-29,0,6,0,0,168
0,0,2026-06-30,1,6,0,0,185
0,0,2026-07-01,2,7,0,0,171
0,0,2026-07-02,3,7,0,0,155
0,0,2026-07-03,4,7,0,0,150
0,0,2026-07-04,5,7,0,0,240
0,0,2026-07-05,6,7,0,1,299
0,0,2026-07-06,0,7,0,0,158
0,0,2026-07-07,1,7,0,0,172
0,0,2026-07-08,2,7,0,0,191
0,0,2026-07-09,3,7,0,0,138
0,0,2026-07-10,4,7,0,0,151
0,0,2026-07-11,5,7,0,0,208
0,0,2026-07-12,6,7,0,0,256
0,0,2026-07-13,0,7,0,0,178
0,0,2026-07-14,1,7,0,0,186
0,0,2026-07-15,2,7,0,0,156
0,0,2026-07-16,3,7,0,0,156
0,0,2026-07-17,4,7,0,0,181
0,0,2026-07-18,5,7,0,0,228
0,0,2026-07-19,6,7,0,0,238
0,0,2026-07-20,0,7,0,0,171
0,0,2026-07-21,1,7,0,0,178
0,0,2026-07-22,2,7,0,0,176
0,0,2026-07-23,3,7,0,0,186
0,0,2026-07-24,4,7,0,0,186
0,0,2026-07-25,5,7,0,0,194
0,0,2026-07-26,6,7,0,0,181
0,0,2026-07-27,0,7,0,0,189
0,0,2026-07-28,1,7,0,0,192
0,0,2026-07-29,2,7,0,0,158
0,0,2026-07-30,3,7,0,0,145
0,0,2026-07-31,4,7,0,0,175
0,0,2026-08-01,5,8,0,0,237
0,0,2026-08-02,6,8,0,0,254
0,0,2026-08-03,0,8,0,1,259
0,0,2026-08-04,1,8,0,0,160
0,0,2026-08-05,2,8,0,0,153
0,0,2026-08-06,3,8,0,0,166
0,0,2026-08-07,4,8,0,0,161
0,0,2026-08-08,5,8,0,1,273
0,0,2026-08-09,6,8,0,0,259
0,0,2026-08-10,0,8,0,0,192
0,0,2026-08-11,1,8,0,0,183
0,0,2026-08-12,2,8,0,0,152
0,0,2026-08-13,3,8,0,0,179
0,0,2026-08-14,4,8,0,0,175
0,0,2026-08-15,5,8,0,0,227
0,0,2026-08-16,6,8,0,0,243
0,0,2026-08-17,0,8,0,0,175
0,0,2026-08-18,1,8,0,1,264
0,0,2026-08-19,2,8,0,0,175
0,0,2026-08-20,3,8,0,0,171
0,0,2026-08-21,4,8,0,0,140
0,0,2026-08-22,5,8,0,0,220
0,0,2026-08-23,6,8,0,0,208
0,0,2026-08-24,0,8,0,0,147
0,0,2026-08-25,1,8,0,0,191
0,0,2026-08-26,2,8,0,0,192
0,0,2026-08-27,3,8,0,0,186
0,0,2026-08-28,4,8,0,0,170
0,0,2026-08-29,5,8,0,0,245
0,0,2026-08-30,6,8,0,0,219
0,0,2026-08-31,0,8,0,0,169
0,1,2024-09-01,6,9,0,0,198
0,1,2024-09-02,0,9,0,0,117
0,1,2024-09-03,1,9,0,1,151
0,1,2024-09-04,2,9,0,0,104
0,1,2024-09-05,3,9,0,0,139
0,1,2024-09-06,4,9,0,0,139
0,1,2024-09-07,5,9,0,0,165
0,1,2024-09-08,6,9,0,0,194
0,1,2024-09-09,0,9,0,0,90
0,1,2024-09-10,1,9,0,0,145
0,1,2024-09-11,2,9,0,0,166
0,1,2024-09-12,3,9,0,1,178
0,1,2024-09-13,4,9,0,0,131
0,1,2024-09-14,5,9,0,1,214
0,1,2024-09-15,6,9,0,0,148
0,1,2024-09-16,0,9,0,0,132
0,1,2024-09-17,1,9,0,0,164
0,1,2024-09-18,2,9,0,0,171
0,1,2024-09-19,3,9,0,0,132
0,1,2024-09-20,4,9,0,0,173
0,1,2024-09-21,5,9,0,0,168
0,1,2024-09-22,6,9,0,0,205
0,1,2024-09-23,0,9,0,0,136
0,1,2024-09-24,1,9,0,0,141
0,1,2024-09-25,2,9,0,0,145
0,1,2024-09-26,3,9,0,0,196
0,1,2024-09-27,4,9,0,0,154
0,1,2024-09-28,5,9,0,0,152
0,1,2024-09-29,6,9,0,0,188
0,1,2024-09-30,0,9,0,0,132
0,1,2024-10-01,1,10,0,0,132
0,1,2024-10-02,2,10,0,0,157
0,1,2024-10-03,3,10,0,0,141
0,1,2024-10-04,4,10,0,0,146
0,1,2024-10-05,5,10,0,0,170
0,1,2024-10-06,6,10,0,1,251
0,1,2024-10-07,0,10,0,0,149
0,1,2024-10-08,1,10,0,1,158
0,1,2024-10-09,2,10,0,0,153
0,1,2024-10-10,3,10,0,0,123
0,1,2024-10-11,4,10,0,0,114
0,1,2024-10-12,5,10,0,0,168
0,1,2024-10-13,6,10,0,0,172
0,1,2024-10-14,0,10,0,0,128
0,1,2024-10-15,1,10,0,0,156
0,1,2024-10-16,2,10,0,0,116
0,1,2024-10-17,3,10,0,0,133
0,1,2024-10-18,4,10,0,0,130
0,1,2024-10-19,5,10,0,0,169
0,1,2024-10-20,6,10,0,0,176
0,1,2024-10-21,0,10,0,0,122
0,1,2024-10-22,1,10,0,0,154
0,1,2024-10-23,2,10,0,0,142
0,1,2024-10-24,3,10,0,0,106
0,1,2024-10-25,4,10,0,0,105
0,1,2024-10-26,5,10,0,0,169
0,1,2024-10-27,6,10,0,0,165
0,1,2024-10-28,0,10,0,0,139
0,1,2024-10-29,1,10,0,0,140
0,1,2024-10-30,2,10,0,0,145
0,1,2024-10-31,3,10,0,0,158
0,1,2024-11-01,4,11,0,0,126
0,1,2024-11-02,5,11,0,0,150
0,1,2024-11-03,6,11,0,0,151
0,1,2024-11-04,0,11,0,1,227
0,1,2024-11-05,1,11,0,0,172
0,1,2024-11-06,2,11,0,0,139
0,1,2024-11-07,3,11,0,0,99
0,1,2024-11-08,4,11,0,0,115
0,1,2024-11-09,5,11,0,0,157
0,1,2024-11-10,6,11,0,0,164
0,1,2024-11-11,0,11,0,0,140
0,1,2024-11-12,1,11,0,0,148
0,1,2024-11-13,2,11,0,0,142
0,1,2024-11-14,3,11,0,0,168
0,1,2024-11-15,4,11,0,0,135
0,1,2024-11-16,5,11,0,0,157
0,1,2024-11-17,6,11,0,0,188
0,1,2024-11-18,0,11,0,0,118
0,1,2024-11-19,1,11,0,0,155
0,1,2024-11-20,2,11,0,0,150
0,1,2024-11-21,3,11,0,0,145
0,1,2024-11-22,4,11,1,0,292
0,1,2024-11-23,5,11,1,1,314
0,1,2024-11-24,6,11,1,0,344
0,1,2024-11-25,0,11,1,0,235
0,1,2024-11-26,1,11,1,0,202
0,1,2024-11-27,2,11,1,0,244
0,1,2024-11-28,3,11,1,1,269
0,1,2024-11-29,4,11,0,0,133
0,1,2024-11-30,5,11,0,0,186
0,1,2024-12-01,6,12,0,0,200
0,1,2024-12-02,0,12,0,0,144
0,1,2024-12-03,1,12,0,0,178
0,1,2024-12-04,2,12,0,1,262
0,1,2024-12-05,3,12,0,0,187
0,1,2024-12-06,4,12,0,0,168
0,1,2024-12-07,5,12,0,0,219
0,1,2024-12-08,6,12,0,0,140
0,1,2024-12-09,0,12,0,0,151
0,1,2024-12-10,1,12,0,0,139
0,1,2024-12-11,2,12,0,0,160
0,1,2024-12-12,3,12,0,0,145
0,1,2024-12-13,4,12,0,0,154
0,1,2024-12-14,5,12,0,0,232
0,1,2024-12-15,6,12,0,0,182
0,1,2024-12-16,0,12,0,0,166
0,1,2024-12-17,1,12,0,0,152
0,1,2024-12-18,2,12,0,0,159
0,1,2024-12-19,3,12,0,0,157
0,1,2024-12-20,4,12,0,0,166
0,1,2024-12-21,5,12,0,0,215
0,1,2024-12-22,6,12,0,0,226
0,1,2024-12-23,0,12,0,1,237
0,1,2024-12-24,1,12,1,0,271
0,1,2024-12-25,2,12,1,0,214
0,1,2024-12-26,3,12,0,1,225
0,1,2024-12-27,4,12,0,0,177
0,1,2024-12-28,5,12,0,0,207
0,1,2024-12-29,6,12,0,0,191
0,1,2024-12-30,0,12,0,0,176
0,1,2024-12-31,1,12,1,0,268
0,1,2025-01-01,2,1,0,0,193
0,1,2025-01-02,3,1,0,0,173
0,1,2025-01-03,4,1,0,0,159
0,1,2025-01-04,5,1,0,0,204
0,1,2025-01-05,6,1,0,0,121
0,1,2025-01-06,0,1,0,0,175
0,1,2025-01-07,1,1,0,0,87
0,1,2025-01-08,2,1,0,1,184
0,1,2025-01-09,3,1,0,0,177
0,1,2025-01-10,4,1,0,0,177
0,1,2025-01-11,5,1,0,0,166
0,1,2025-01-12,6,1,0,0,178
0,1,2025-01-13,0,1,0,0,197
0,1,2025-01-14,1,1,0,0,156
0,1,2025-01-15,2,1,0,1,307
0,1,2025-01-16,3,1,0,0,167
0,1,2025-01-17,4,1,0,0,176
0,1,2025-01-18,5,1,0,0,237
0,1,2025-01-19,6,1,0,0,199
0,1,2025-01-20,0,1,0,0,145
0,1,2025-01-21,1,1,0,0,164
0,1,2025-01-22,2,1,0,0,166
0,1,2025-01-23,3,1,0,0,137
0,1,2025-01-24,4,1,0,0,161
0,1,2025-01-25,5,1,0,0,177
0,1,2025-01-26,6,1,0,0,219
0,1,2025-01-27,0,1,0,0,168
0,1,2025-01-28,1,1,0,0,161
0,1,2025-01-29,2,1,0,0,165
0,1,2025-01-30,3,1,0,0,172
0,1,2025-01-31,4,1,0,0,180
0,1,2025-02-01,5,2,0,0,176
0,1,2025-02-02,6,2,0,0,175
0,1,2025-02-03,0,2,0,0,199
0,1,2025-02-04,1,2,0,0,164
0,1,2025-02-05,2,2,0,0,142
0,1,2025-02-06,3,2,0,0,184
0,1,2025-02-07,4,2,0,0,184
0,1,2025-02-08,5,2,0,0,162
0,1,2025-02-09,6,2,0,0,209
0,1,2025-02-10,0,2,0,0,190
0,1,2025-02-11,1,2,0,0,182
0,1,2025-02-12,2,2,0,0,188
0,1,2025-02-13,3,2,0,0,142
0,1,2025-02-14,4,2,0,0,181
0,1,2025-02-15,5,2,0,1,263
0,1,2025-02-16,6,2,0,0,190
0,1,2025-02-17,0,2,0,0,194
0,1,2025-02-18,1,2,0,0,207
0,1,2025-02-19,2,2,0,0,215
0,1,2025-02-20,3,2,0,0,204
0,1,2025-02-21,4,2,0,0,171
0,1,2025-02-22,5,2,0,0,212
0,1,2025-02-23,6,2,0,0,223
0,1,2025-02-24,0,2,0,0,177
0,1,2025-02-25,1,2,0,0,177
0,1,2025-02-26,2,2,0,0,193
0,1,2025-02-27,3,2,0,0,172
0,1,2025-02-28,4,2,0,0,157
0,1,2025-03-01,5,3,0,0,194
0,1,2025-03-02,6,3,0,0,222
0,1,2025-03-03,0,3,0,1,247
0,1,2025-03-04,1,3,0,0,184
0,1,2025-03-05,2,3,0,1,269
0,1,2025-03-06,3,3,0,0,168
0,1,2025-03-07,4,3,0,0,194
0,1,2025-03-08,5,3,0,0,215
0,1,2025-03-09,6,3,0,0,172
0,1,2025-03-10,0,3,0,0,210
0,1,2025-03-11,1,3,0,0,165
0,1,2025-03-12,2,3,0,0,138
0,1,2025-03-13,3,3,0,1,213
0,1,2025-03-14,4,3,0,0,153
0,1,2025-03-15,5,3,0,0,207
0,1,2025-03-16,6,3,0,0,198
0,1,2025-03-17,0,3,0,0,169
0,1,2025-03-18,1,3,0,1,267
0,1,2025-03-19,2,3,0,0,184
0,1,2025-03-20,3,3,0,0,184
0,1,2025-03-21,4,3,0,0,186
0,1,2025-03-22,5,3,0,0,222
0,1,2025-03-23,6,3,0,0,149
0,1,2025-03-24,0,3,0,0,168
0,1,2025-03-25,1,3,0,0,126
0,1,2025-03-26,2,3,0,0,177
0,1,2025-03-27,3,3,0,0,176
0,1,2025-03-28,4,3,0,0,201
0,1,2025-03-29,5,3,0,0,237
0,1,2025-03-30,6,3,0,0,211
0,1,2025-03-31,0,3,0,1,231
0,1,2025-04-01,1,4,0,0,185
0,1,2025-04-02,2,4,0,0,162
0,1,2025-04-03,3,4,0,0,174
0,1,2025-04-04,4,4,0,0,196
0,1,2025-04-05,5,4,0,0,188
0,1,2025-04-06,6,4,0,0,224
0,1,2025-04-07,0,4,0,0,189
0,1,2025-04-08,1,4,0,0,152
0,1,2025-04-09,2,4,0,0,196
0,1,2025-04-10,3,4,0,0,190
0,1,2025-04-11,4,4,0,0,176
0,1,2025-04-12,5,4,0,0,183
0,1,2025-04-13,6,4,0,0,180
0,1,2025-04-14,0,4,0,0,162
0,1,2025-04-15,1,4,0,0,186
0,1,2025-04-16,2,4,0,0,152
0,1,2025-04-17,3,4,0,0,184
0,1,2025-04-18,4,4,0,0,146
0,1,2025-04-19,5,4,0,0,198
0,1,2025-04-20,6,4,0,0,206
0,1,2025-04-21,0,4,0,0,230
0,1,2025-04-22,1,4,0,0,143
0,1,2025-04-23,2,4,0,0,207
0,1,2025-04-24,3,4,0,0,177
0,1,2025-04-25,4,4,0,0,183
0,1,2025-04-26,5,4,0,0,206
0,1,2025-04-27,6,4,0,0,215
0,1,2025-04-28,0,4,0,0,171
0,1,2025-04-29,1,4,0,0,207
0,1,2025-04-30,2,4,0,0,164
0,1,2025-05-01,3,5,0,0,192
0,1,2025-05-02,4,5,0,0,153
0,1,2025-05-03,5,5,0,0,195
0,1,2025-05-04,6,5,0,0,169
0,1,2025-05-05,0,5,0,1,252
0,1,2025-05-06,1,5,0,0,199
0,1,2025-05-07,2,5,0,0,165
0,1,2025-05-08,3,5,0,0,163
0,1,2025-05-09,4,5,0,0,143
0,1,2025-05-10,5,5,0,0,190
0,1,2025-05-11,6,5,0,0,155
0,1,2025-05-12,0,5,0,0,147
0,1,2025-05-13,1,5,0,0,172
0,1,2025-05-14,2,5,0,0,196
0,1,2025-05-15,3,5,0,0,229
0,1,2025-05-16,4,5,0,0,154
0,1,2025-05-17,5,5,0,0,233
0,1,2025-05-18,6,5,0,0,202
0,1,2025-05-19,0,5,0,0,164
0,1,2025-05-20,1,5,0,0,177
0,1,2025-05-21,2,5,0,0,169
0,1,2025-05-22,3,5,0,0,170
0,1,2025-05-23,4,5,0,0,158
0,1,2025-05-24,5,5,0,0,160
0,1,2025-05-25,6,5,0,0,157
0,1,2025-05-26,0,5,0,0,181
0,1,2025-05-27,1,5,0,0,161
0,1,2025-05-28,2,5,0,0,154
0,1,2025-05-29,3,5,0,0,167
0,1,2025-05-30,4,5,0,1,263
0,1,2025-05-31,5,5,0,0,201
0,1,2025-06-01,6,6,0,0,171
0,1,2025-06-02,0,6,0,0,183
0,1,2025-06-03,1,6,0,0,190
0,1,2025-06-04,2,6,0,0,168
0,1,2025-06-05,3,6,0,0,178
0,1,2025-06-06,4,6,0,0,183
0,1,2025-06-07,5,6,0,0,214
0,1,2025-06-08,6,6,0,0,202
0,1,2025-06-09,0,6,0,0,170
0,1,2025-06-10,1,6,0,0,169
0,1,2025-06-11,2,6,0,0,135
0,1,2025-06-12,3,6,0,0,172
0,1,2025-06-13,4,6,0,0,130
0,1,2025-06-14,5,6,0,0,167
0,1,2025-06-15,6,6,0,0,219
0,1,2025-06-16,0,6,0,0,175
0,1,2025-06-17,1,6,0,0,189
0,1,2025-06-18,2,6,0,0,152
0,1,2025-06-19,3,6,0,0,134
0,1,2025-06-20,4,6,0,1,221
0,1,2025-06-21,5,6,0,0,189
0,1,2025-06-22,6,6,0,0,189
0,1,2025-06-23,0,6,0,0,181
0,1,2025-06-24,1,6,0,0,150
0,1,2025-06-25,2,6,0,0,165
0,1,2025-06-26,3,6,0,0,137
0,1,2025-06-27,4,6,0,0,167
0,1,2025-06-28,5,6,0,0,187
0,1,2025-06-29,6,6,0,0,169
0,1,2025-06-30,0,6,0,0,153
0,1,2025-07-01,1,7,0,0,145
0,1,2025-07-02,2,7,0,0,143
0,1,2025-07-03,3,7,0,0,183
0,1,2025-07-04,4,7,0,0,147
0,1,2025-07-05,5,7,0,0,172
0,1,2025-07-06,6,7,0,0,129
0,1,2025-07-07,0,7,0,0,131
0,1,2025-07-08,1,7,0,0,143
0,1,2025-07-09,2,7,0,0,135
0,1,2025-07-10,3,7,0,0,175
0,1,2025-07-11,4,7,0,0,145
0,1,2025-07-12,5,7,0,0,207
0,1,2025-07-13,6,7,0,0,179
0,1,2025-07-14,0,7,0,0,149
0,1,2025-07-15,1,7,0,0,147
0,1,2025-07-16,2,7,0,1,219
0,1,2025-07-17,3,7,0,0,182
0,1,2025-07-18,4,7,0,0,103
0,1,2025-07-19,5,7,0,0,131
0,1,2025-07-20,6,7,0,0,165
0,1,2025-07-21,0,7,0,0,149
0,1,2025-07-22,1,7,0,0,162
0,1,2025-07-23,2,7,0,0,158
0,1,2025-07-24,3,7,0,0,141
0,1,2025-07-25,4,7,0,0,168
0,1,2025-07-26,5,7,0,0,201
0,1,2025-07-27,6,7,0,0,182
0,1,2025-07-28,0,7,0,0,167
0,1,2025-07-29,1,7,0,0,154
0,1,2025-07-30,2,7,0,0,138
0,1,2025-07-31,3,7,0,0,162
0,1,2025-08-01,4,8,0,0,144
0,1,2025-08-02,5,8,0,0,171
0,1,2025-08-03,6,8,0,0,204
0,1,2025-08-04,0,8,0,0,96
0,1,2025-08-05,1,8,0,0,115
0,1,2025-08-06,2,8,0,0,120
0,1,2025-08-07,3,8,0,0,135
0,1,2025-08-08,4,8,0,0,137
0,1,2025-08-09,5,8,0,0,137
0,1,2025-08-10,6,8,0,0,149
0,1,2025-08-11,0,8,0,0,126
0,1,2025-08-12,1,8,0,0,187
0,1,2025-08-13,2,8,0,0,175
0,1,2025-08-14,3,8,0,0,134
0,1,2025-08-15,4,8,0,0,135
0,1,2025-08-16,5,8,0,0,145
0,1,2025-08-17,6,8,0,0,128
0,1,2025-08-18,0,8,0,0,140
0,1,2025-08-19,1,8,0,0,123
0,1,2025-08-20,2,8,0,0,140
0,1,2025-08-21,3,8,0,0,112
0,1,2025-08-22,4,8,0,0,128
0,1,2025-08-23,5,8,0,0,174
0,1,2025-08-24,6,8,0,0,179
0,1,2025-08-25,0,8,0,0,150
0,1,2025-08-26,1,8,0,0,117
0,1,2025-08-27,2,8,0,0,158
0,1,2025-08-28,3,8,0,0,127
0,1,2025-08-29,4,8,0,0,154
0,1,2025-08-30,5,8,0,0,171
0,1,2025-08-31,6,8,0,0,140
0,1,2025-09-01,0,9,0,0,134
0,1,2025-09-02,1,9,0,0,146
0,1,2025-09-03,2,9,0,0,150
0,1,2025-09-04,3,9,0,0,137
0,1,2025-09-05,4,9,0,0,167
0,1,2025-09-06,5,9,0,0,190
0,1,2025-09-07,6,9,0,0,163
0,1,2025-09-08,0,9,0,0,153
0,1,2025-09-09,1,9,0,0,175
0,1,2025-09-10,2,9,0,0,175
0,1,2025-09-11,3,9,0,0,117
0,1,2025-09-12,4,9,0,0,122
0,1,2025-09-13,5,9,0,0,201
0,1,2025-09-14,6,9,0,1,206
0,1,2025-09-15,0,9,0,0,115
0,1,2025-09-16,1,9,0,0,130
0,1,2025-09-17,2,9,0,0,147
0,1,2025-09-18,3,9,0,0,137
0,1,2025-09-19,4,9,0,0,127
0,1,2025-09-20,5,9,0,1,218
0,1,2025-09-21,6,9,0,0,153
0,1,2025-09-22,0,9,0,0,123
0,1,2025-09-23,1,9,0,0,181
0,1,2025-09-24,2,9,0,0,145
0,1,2025-09-25,3,9,0,0,156
0,1,2025-09-26,4,9,0,0,130
0,1,2025-09-27,5,9,0,0,164
0,1,2025-09-28,6,9,0,0,153
0,1,2025-09-29,0,9,0,0,91
0,1,2025-09-30,1,9,0,0,114
0,1,2025-10-01,2,10,0,0,108
0,1,2025-10-02,3,10,0,0,100
0,1,2025-10-03,4,10,0,0,120
0,1,2025-10-04,5,10,0,0,200
0,1,2025-10-05,6,10,0,0,170
0,1,2025-10-06,0,10,0,0,166
0,1,2025-10-07,1,10,0,1,224
0,1,2025-10-08,2,10,0,1,234
0,1,2025-10-09,3,10,0,0,125
0,1,2025-10-10,4,10,0,0,152
0,1,2025-10-11,5,10,0,0,187
0,1,2025-10-12,6,10,0,0,158
0,1,2025-10-13,0,10,0,0,152
0,1,2025-10-14,1,10,0,1,228
0,1,2025-10-15,2,10,0,0,132
0,1,2025-10-16,3,10,0,0,121
0,1,2025-10-17,4,10,0,0,120
0,1,2025-10-18,5,10,0,0,173
0,1,2025-10-19,6,10,0,0,178
0,1,2025-10-20,0,10,0,0,127
0,1,2025-10-21,1,10,0,0,142
0,1,2025-10-22,2,10,0,0,153
0,1,2025-10-23,3,10,0,0,153
0,1,2025-10-24,4,10,0,0,171
0,1,2025-10-25,5,10,0,0,199
0,1,2025-10-26,6,10,0,0,149
0,1,2025-10-27,0,10,0,0,173
0,1,2025-10-28,1,10,0,0,132
0,1,2025-10-29,2,10,0,0,161
0,1,2025-10-30,3,10,0,1,214
0,1,2025-10-31,4,10,0,0,134
0,1,2025-11-01,5,11,0,0,136
0,1,2025-11-02,6,11,0,0,174
0,1,2025-11-03,0,11,0,0,119
0,1,2025-11-04,1,11,0,0,168
0,1,2025-11-05,2,11,0,0,178
0,1,2025-11-06,3,11,0,1,197
0,1,2025-11-07,4,11,0,0,155
0,1,2025-11-08,5,11,0,0,161
0,1,2025-11-09,6,11,0,0,163
0,1,2025-11-10,0,11,0,0,164
0,1,2025-11-11,1,11,0,0,148
0,1,2025-11-12,2,11,0,0,183
0,1,2025-11-13,3,11,0,0,140
0,1,2025-11-14,4,11,0,0,168
0,1,2025-11-15,5,11,0,1,252
0,1,2025-11-16,6,11,0,0,196
0,1,2025-11-17,0,11,0,0,140
0,1,2025-11-18,1,11,0,0,148
0,1,2025-11-19,2,11,0,0,147
0,1,2025-11-20,3,11,0,0,133
0,1,2025-11-21,4,11,0,0,162
0,1,2025-11-22,5,11,1,0,295
0,1,2025-11-23,6,11,1,0,293
0,1,2025-11-24,0,11,1,0,292
0,1,2025-11-25,1,11,1,0,289
0,1,2025-11-26,2,11,1,0,231
0,1,2025-11-27,3,11,1,0,255
0,1,2025-11-28,4,11,1,0,223
0,1,2025-11-29,5,11,0,0,178
0,1,2025-11-30,6,11,0,0,164
0,1,2025-12-01,0,12,0,0,192
0,1,2025-12-02,1,12,0,0,166
0,1,2025-12-03,2,12,0,0,154
0,1,2025-12-04,3,12,0,0,183
0,1,2025-12-05,4,12,0,0,113
0,1,2025-12-06,5,12,0,0,138
0,1,2025-12-07,6,12,0,0,207
0,1,2025-12-08,0,12,0,0,160
0,1,2025-12-09,1,12,0,0,164
0,1,2025-12-10,2,12,0,0,131
0,1,2025-12-11,3,12,0,0,158
0,1,2025-12-12,4,12,0,0,200
0,1,2025-12-13,5,12,0,0,208
0,1,2025-12-14,6,12,0,0,192
0,1,2025-12-15,0,12,0,0,149
0,1,2025-12-16,1,12,0,0,150
0,1,2025-12-17,2,12,0,0,114
0,1,2025-12-18,3,12,0,0,164
0,1,2025-12-19,4,12,0,0,176
0,1,2025-12-20,5,12,0,0,149
0,1,2025-12-21,6,12,0,1,236
0,1,2025-12-22,0,12,0,0,134
0,1,2025-12-23,1,12,0,0,138
0,1,2025-12-24,2,12,1,0,254
0,1,2025-12-25,3,12,1,0,184
0,1,2025-12-26,4,12,0,0,171
0,1,2025-12-27,5,12,0,0,206
0,1,2025-12-28,6,12,0,0,181
0,1,2025-12-29,0,12,0,0,107
0,1,2025-12-30,1,12,0,0,138
0,1,2025-12-31,2,12,1,0,293
0,1,2026-01-01,3,1,0,0,107
0,1,2026-01-02,4,1,0,0,160
0,1,2026-01-03,5,1,0,0,167
0,1,2026-01-04,6,1,0,0,218
0,1,2026-01-05,0,1,0,0,153
0,1,2026-01-06,1,1,0,0,177
0,1,2026-01-07,2,1,0,0,180
0,1,2026-01-08,3,1,0,0,208
0,1,2026-01-09,4,1,0,0,163
0,1,2026-01-10,5,1,0,0,207
0,1,2026-01-11,6,1,0,0,159
0,1,2026-01-12,0,1,0,0,194
0,1,2026-01-13,1,1,0,0,151
0,1,2026-01-14,2,1,0,0,156
0,1,2026-01-15,3,1,0,0,167
0,1,2026-01-16,4,1,0,0,134
0,1,2026-01-17,5,1,0,0,203
0,1,2026-01-18,6,1,0,0,222
0,1,2026-01-19,0,1,0,0,174
0,1,2026-01-20,1,1,0,0,133
0,1,2026-01-21,2,1,0,0,165
0,1,2026-01-22,3,1,0,0,184
0,1,2026-01-23,4,1,0,0,127
0,1,2026-01-24,5,1,0,0,169
0,1,2026-01-25,6,1,0,0,220
0,1,2026-01-26,0,1,0,0,174
0,1,2026-01-27,1,1,0,1,251
0,1,2026-01-28,2,1,0,0,209
0,1,2026-01-29,3,1,0,0,178
0,1,2026-01-30,4,1,0,0,182
0,1,2026-01-31,5,1,0,0,267
0,1,2026-02-01,6,2,0,0,198
0,1,2026-02-02,0,2,0,0,157
0,1,2026-02-03,1,2,0,0,185
0,1,2026-02-04,2,2,0,0,185
0,1,2026-02-05,3,2,0,0,163
0,1,2026-02-06,4,2,0,0,151
0,1,2026-02-07,5,2,0,0,265
0,1,2026-02-08,6,2,0,0,213
0,1,2026-02-09,0,2,0,0,158
0,1,2026-02-10,1,2,0,0,196
0,1,2026-02-11,2,2,0,0,172
0,1,2026-02-12,3,2,0,0,169
0,1,2026-02-13,4,2,0,0,188
0,1,2026-02-14,5,2,0,0,169
0,1,2026-02-15,6,2,0,0,213
0,1,2026-02-16,0,2,0,0,219
0,1,2026-02-17,1,2,0,0,186
0,1,2026-02-18,2,2,0,0,166
0,1,2026-02-19,3,2,0,0,163
0,1,2026-02-20,4,2,0,0,166
0,1,2026-02-21,5,2,0,0,197
0,1,2026-02-22,6,2,0,0,194
0,1,2026-02-23,0,2,0,0,196
0,1,2026-02-24,1,2,0,0,135
0,1,2026-02-25,2,2,0,0,195
0,1,2026-02-26,3,2,0,0,166
0,1,2026-02-27,4,2,0,0,184
0,1,2026-02-28,5,2,0,0,174
0,1,2026-03-01,6,3,0,0,242
0,1,2026-03-02,0,3,0,0,206
0,1,2026-03-03,1,3,0,0,200
0,1,2026-03-04,2,3,0,0,142
0,1,2026-03-05,3,3,0,0,197
0,1,2026-03-06,4,3,0,0,187
0,1,2026-03-07,5,3,0,0,163
0,1,2026-03-08,6,3,0,0,206
0,1,2026-03-09,0,3,0,0,186
0,1,2026-03-10,1,3,0,0,190
0,1,2026-03-11,2,3,0,0,182
0,1,2026-03-12,3,3,0,0,184
0,1,2026-03-13,4,3,0,0,212
0,1,2026-03-14,5,3,0,0,240
0,1,2026-03-15,6,3,0,0,129
0,1,2026-03-16,0,3,0,0,170
0,1,2026-03-17,1,3,0,0,174
0,1,2026-03-18,2,3,0,0,137
0,1,2026-03-19,3,3,0,0,180
0,1,2026-03-20,4,3,0,0,207
0,1,2026-03-21,5,3,0,0,177
0,1,2026-03-22,6,3,0,0,216
0,1,2026-03-23,0,3,0,0,156
0,1,2026-03-24,1,3,0,0,162
0,1,2026-03-25,2,3,0,0,212
0,1,2026-03-26,3,3,0,0,165
0,1,2026-03-27,4,3,0,0,188
0,1,2026-03-28,5,3,0,0,156
0,1,2026-03-29,6,3,0,0,257
0,1,2026-03-30,0,3,0,0,192
0,1,2026-03-31,1,3,0,0,173
0,1,2026-04-01,2,4,0,0,188
0,1,2026-04-02,3,4,0,0,143
0,1,2026-04-03,4,4,0,0,202
0,1,2026-04-04,5,4,0,0,195
0,1,2026-04-05,6,4,0,0,199
0,1,2026-04-06,0,4,0,0,164
0,1,2026-04-07,1,4,0,0,162
0,1,2026-04-08,2,4,0,0,191
0,1,2026-04-09,3,4,0,0,181
0,1,2026-04-10,4,4,0,0,190
0,1,2026-04-11,5,4,0,0,204
0,1,2026-04-12,6,4,0,0,218
0,1,2026-04-13,0,4,0,0,166
0,1,2026-04-14,1,4,0,0,226
0,1,2026-04-15,2,4,0,0,139
0,1,2026-04-16,3,4,0,0,204
0,1,2026-04-17,4,4,0,0,206
0,1,2026-04-18,5,4,0,0,181
0,1,2026-04-19,6,4,0,0,264
0,1,2026-04-20,0,4,0,0,198
0,1,2026-04-21,1,4,0,0,197
0,1,2026-04-22,2,4,0,0,176
0,1,2026-04-23,3,4,0,0,170
0,1,2026-04-24,4,4,0,0,170
0,1,2026-04-25,5,4,0,0,215
0,1,2026-04-26,6,4,0,1,325
0,1,2026-04-27,0,4,0,0,179
0,1,2026-04-28,1,4,0,0,154
0,1,2026-04-29,2,4,0,0,194
0,1,2026-04-30,3,4,0,0,196
0,1,2026-05-01,4,5,0,0,183
0,1,2026-05-02,5,5,0,0,216
0,1,2026-05-03,6,5,0,0,190
0,1,2026-05-04,0,5,0,0,148
0,1,2026-05-05,1,5,0,1,212
0,1,2026-05-06,2,5,0,0,132
0,1,2026-05-07,3,5,0,0,174
0,1,2026-05-08,4,5,0,0,166
0,1,2026-05-09,5,5,0,0,186
0,1,2026-05-10,6,5,0,1,164
0,1,2026-05-11,0,5,0,0,141
0,1,2026-05-12,1,5,0,0,193
0,1,2026-05-13,2,5,0,1,218
0,1,2026-05-14,3,5,0,0,176
0,1,2026-05-15,4,5,0,0,138
0,1,2026-05-16,5,5,0,0,234
0,1,2026-05-17,6,5,0,0,194
0,1,2026-05-18,0,5,0,0,175
0,1,2026-05-19,1,5,0,0,220
0,1,2026-05-20,2,5,0,0,202
0,1,2026-05-21,3,5,0,0,162
0,1,2026-05-22,4,5,0,0,155
0,1,2026-05-23,5,5,0,1,257
0,1,2026-05-24,6,5,0,0,210
0,1,2026-05-25,0,5,0,0,166
0,1,2026-05-26,1,5,0,0,160
0,1,2026-05-27,2,5,0,0,201
0,1,2026-05-28,3,5,0,0,166
0,1,2026-05-29,4,5,0,0,219
0,1,2026-05-30,5,5,0,1,271
0,1,2026-05-31,6,5,0,0,243
0,1,2026-06-01,0,6,0,0,166
0,1,2026-06-02,1,6,0,0,179
0,1,2026-06-03,2,6,0,1,208
0,1,2026-06-04,3,6,0,0,141
0,1,2026-06-05,4,6,0,0,169
0,1,2026-06-06,5,6,0,0,212
0,1,2026-06-07,6,6,0,0,189
0,1,2026-06-08,0,6,0,0,132
0,1,2026-06-09,1,6,0,0,131
0,1,2026-06-10,2,6,0,0,129
0,1,2026-06-11,3,6,0,0,122
0,1,2026-06-12,4,6,0,0,161
0,1,2026-06-13,5,6,0,0,216
0,1,2026-06-14,6,6,0,0,188
0,1,2026-06-15,0,6,0,0,112
0,1,2026-06-16,1,6,0,0,155
0,1,2026-06-17,2,6,0,0,156
0,1,2026-06-18,3,6,0,0,203
0,1,2026-06-19,4,6,0,0,129
0,1,2026-06-20,5,6,0,0,178
0,1,2026-06-21,6,6,0,0,230
0,1,2026-06-22,0,6,0,0,168
0,1,2026-06-23,1,6,0,0,171
0,1,2026-06-24,2,6,0,0,161
0,1,2026-06-25,3,6,0,0,166
0,1,2026-06-26,4,6,0,0,175
0,1,2026-06-27,5,6,0,0,168
0,1,2026-06-28,6,6,0,0,210
0,1,2026-06-29,0,6,0,0,131
0,1,2026-06-30,1,6,0,0,166
0,1,2026-07-01,2,7,0,0,153
0,1,2026-07-02,3,7,0,0,138
0,1,2026-07-03,4,7,0,0,149
0,1,2026-07-04,5,7,0,0,164
0,1,2026-07-05,6,7,0,0,154
0,1,2026-07-06,0,7,0,0,143
0,1,2026-07-07,1,7,0,0,128
0,1,2026-07-08,2,7,0,0,156
0,1,2026-07-09,3,7,0,0,127
0,1,2026-07-10,4,7,0,0,164
0,1,2026-07-11,5,7,0,0,151
0,1,2026-07-12,6,7,0,0,165
0,1,2026-07-13,0,7,0,0,137
0,1,2026-07-14,1,7,0,0,176
0,1,2026-07-15,2,7,0,0,156
0,1,2026-07-16,3,7,0,0,146
0,1,2026-07-17,4,7,0,1,235
0,1,2026-07-18,5,7,0,0,129
0,1,2026-07-19,6,7,0,0,178
0,1,2026-07-20,0,7,0,0,189
0,1,2026-07-21,1,7,0,0,152
0,1,2026-07-22,2,7,0,0,151
0,1,2026-07-23,3,7,0,0,160
0,1,2026-07-24,4,7,0,1,246
0,1,2026-07-25,5,7,0,0,132
0,1,2026-07-26,6,7,0,0,139
0,1,2026-07-27,0,7,0,0,154
0,1,2026-07-28,1,7,0,0,136
0,1,2026-07-29,2,7,0,0,175
0,1,2026-07-30,3,7,0,0,144
0,1,2026-07-31,4,7,0,0,112
0,1,2026-08-01,5,8,0,0,143
0,1,2026-08-02,6,8,0,0,110
0,1,2026-08-03,0,8,0,0,139
0,1,2026-08-04,1,8,0,1,208
0,1,2026-08-05,2,8,0,0,135
0,1,2026-08-06,3,8,0,0,163
0,1,2026-08-07,4,8,0,0,165
0,1,2026-08-08,5,8,0,0,168
0,1,2026-08-09,6,8,0,0,124
0,1,2026-08-10,0,8,0,0,154
0,1,2026-08-11,1,8,0,0,153
0,1,2026-08-12,2,8,0,0,149
0,1,2026-08-13,3,8,0,0,161
0,1,2026-08-14,4,8,0,0,121
0,1,2026-08-15,5,8,0,0,217
0,1,2026-08-16,6,8,0,0,150
0,1,2026-08-17,0,8,0,0,157
0,1,2026-08-18,1,8,0,0,111
0,1,2026-08-19,2,8,0,0,126
0,1,2026-08-20,3,8,0,0,171
0,1,2026-08-21,4,8,0,0,138
0,1,2026-08-22,5,8,0,0,191
0,1,2026-08-23,6,8,0,0,177
0,1,2026-08-24,0,8,0,0,141
0,1,2026-08-25,1,8,0,0,168
0,1,2026-08-26,2,8,0,0,139
0,1,2026-08-27,3,8,0,0,110
0,1,2026-08-28,4,8,0,0,128
0,1,2026-08-29,5,8,0,0,184
0,1,2026-08-30,6,8,0,0,181
0,1,2026-08-31,0,8,0,0,114
0,2,2024-09-01,6,9,0,0,75
0,2,2024-09-02,0,9,0,0,63
0,2,2024-09-03,1,9,0,1,69
0,2,2024-09-04,2,9,0,1,79
0,2,2024-09-05,3,9,0,0,60
0,2,2024-09-06,4,9,0,0,61
0,2,2024-09-07,5,9,0,0,60
0,2,2024-09-08,6,9,0,0,70
0,2,2024-09-09,0,9,0,0,61
0,2,2024-09-10,1,9,0,0,56
0,2,2024-09-11,2,9,0,0,54
0,2,2024-09-12,3,9,0,0,51
0,2,2024-09-13,4,9,0,0,50
0,2,2024-09-14,5,9,0,0,76
0,2,2024-09-15,6,9,0,0,71
0,2,2024-09-16,0,9,0,0,52
0,2,2024-09-17,1,9,0,0,53
0,2,2024-09-18,2,9,0,0,48
0,2,2024-09-19,3,9,0,0,56
0,2,2024-09-20,4,9,0,0,71
0,2,2024-09-21,5,9,0,0,57
0,2,2024-09-22,6,9,0,0,76
0,2,2024-09-23,0,9,0,0,48
0,2,2024-09-24,1,9,0,0,56
0,2,2024-09-25,2,9,0,0,53
0,2,2024-09-26,3,9,0,0,57
0,2,2024-09-27,4,9,0,0,60
0,2,2024-09-28,5,9,0,0,75
0,2,2024-09-29,6,9,0,0,83
0,2,2024-09-30,0,9,0,0,38
0,2,2024-10-01,1,10,0,0,64
0,2,2024-10-02,2,10,0,0,56
0,2,2024-10-03,3,10,0,0,61
0,2,2024-10-04,4,10,0,0,46
0,2,2024-10-05,5,10,0,0,67
0,2,2024-10-06,6,10,0,0,75
0,2,2024-10-07,0,10,0,0,54
0,2,2024-10-08,1,10,0,0,55
0,2,2024-10-09,2,10,0,0,61
0,2,2024-10-10,3,10,0,0,42
0,2,2024-10-11,4,10,0,1,90
0,2,2024-10-12,5,10,0,0,74
0,2,2024-10-13,6,10,0,0,72
0,2,2024-10-14,0,10,0,0,44
0,2,2024-10-15,1,10,0,0,57
0,2,2024-10-16,2,10,0,0,38
0,2,2024-10-17,3,10,0,0,58
0,2,2024-10-18,4,10,0,0,44
0,2,2024-10-19,5,10,0,0,74
0,2,2024-10-20,6,10,0,0,73
0,2,2024-10-21,0,10,0,0,61
0,2,2024-10-22,1,10,0,0,53
0,2,2024-10-23,2,10,0,0,49
0,2,2024-10-24,3,10,0,0,50
0,2,2024-10-25,4,10,0,0,62
0,2,2024-10-26,5,10,0,0,79
0,2,2024-10-27,6,10,0,0,71
0,2,2024-10-28,0,10,0,0,52
0,2,2024-10-29,1,10,0,0,44
0,2,2024-10-30,2,10,0,0,56
0,2,2024-10-31,3,10,0,0,42
0,2,2024-11-01,4,11,0,0,61
0,2,2024-11-02,5,11,0,0,78
0,2,2024-11-03,6,11,0,0,99
0,2,2024-11-04,0,11,0,0,49
0,2,2024-11-05,1,11,0,0,56
0,2,2024-11-06,2,11,0,0,68
0,2,2024-11-07,3,11,0,0,64
0,2,2024-11-08,4,11,0,0,52
0,2,2024-11-09,5,11,0,0,79
0,2,2024-11-10,6,11,0,0,77
0,2,2024-11-11,0,11,0,0,58
0,2,2024-11-12,1,11,0,0,52
0,2,2024-11-13,2,11,0,0,56
0,2,2024-11-14,3,11,0,0,45
0,2,2024-11-15,4,11,0,0,57
0,2,2024-11-16,5,11,0,0,81
0,2,2024-11-17,6,11,0,0,75
0,2,2024-11-18,0,11,0,0,45
0,2,2024-11-19,1,11,0,0,63
0,2,2024-11-20,2,11,0,0,59
0,2,2024-11-21,3,11,0,0,51
0,2,2024-11-22,4,11,1,0,89
0,2,2024-11-23,5,11,1,0,92
0,2,2024-11-24,6,11,1,0,99
0,2,2024-11-25,0,11,1,0,86
0,2,2024-11-26,1,11,1,0,106
0,2,2024-11-27,2,11,1,0,85
0,2,2024-11-28,3,11,1,0,99
0,2,2024-11-29,4,11,0,0,53
0,2,2024-11-30,5,11,0,0,79
0,2,2024-12-01,6,12,0,0,79
0,2,2024-12-02,0,12,0,0,66
0,2,2024-12-03,1,12,0,0,56
0,2,2024-12-04,2,12,0,0,49
0,2,2024-12-05,3,12,0,0,50
0,2,2024-12-06,4,12,0,0,56
0,2,2024-12-07,5,12,0,0,68
0,2,2024-12-08,6,12,0,1,112
0,2,2024-12-09,0,12,0,0,57
0,2,2024-12-10,1,12,0,0,77
0,2,2024-12-11,2,12,0,0,47
0,2,2024-12-12,3,12,0,0,61
0,2,2024-12-13,4,12,0,0,52
0,2,2024-12-14,5,12,0,0,76
0,2,2024-12-15,6,12,0,0,82
0,2,2024-12-16,0,12,0,0,43
0,2,2024-12-17,1,12,0,0,62
0,2,2024-12-18,2,12,0,0,74
0,2,2024-12-19,3,12,0,0,57
0,2,2024-12-20,4,12,0,0,62
0,2,2024-12-21,5,12,0,0,90
0,2,2024-12-22,6,12,0,0,79
0,2,2024-12-23,0,12,0,0,56
0,2,2024-12-24,1,12,1,0,70
0,2,2024-12-25,2,12,1,0,103
0,2,2024-12-26,3,12,0,0,59
0,2,2024-12-27,4,12,0,0,53
0,2,2024-12-28,5,12,0,0,82
0,2,2024-12-29,6,12,0,0,75
0,2,2024-12-30,0,12,0,0,56
0,2,2024-12-31,1,12,1,1,132
0,2,2025-01-01,2,1,0,0,53
0,2,2025-01-02,3,1,0,0,72
0,2,2025-01-03,4,1,0,0,53
0,2,2025-01-04,5,1,0,0,77
0,2,2025-01-05,6,1,0,0,103
0,2,2025-01-06,0,1,0,0,72
0,2,2025-01-07,1,1,0,0,64
0,2,2025-01-08,2,1,0,0,56
0,2,2025-01-09,3,1,0,0,60
0,2,2025-01-10,4,1,0,0,64
0,2,2025-01-11,5,1,0,0,84
0,2,2025-01-12,6,1,0,1,110
0,2,2025-01-13,0,1,0,0,63
0,2,2025-01-14,1,1,0,0,62
0,2,2025-01-15,2,1,0,0,53
0,2,2025-01-16,3,1,0,0,60
0,2,2025-01-17,4,1,0,0,71
0,2,2025-01-18,5,1,0,0,70
0,2,2025-01-19,6,1,0,0,82
0,2,2025-01-20,0,1,0,0,57
0,2,2025-01-21,1,1,0,0,64
0,2,2025-01-22,2,1,0,0,61
0,2,2025-01-23,3,1,0,0,75
0,2,2025-01-24,4,1,0,0,67
0,2,2025-01-25,5,1,0,0,71
0,2,2025-01-26,6,1,0,0,91
0,2,2025-01-27,0,1,0,0,58
0,2,2025-01-28,1,1,0,0,59
0,2,2025-01-29,2,1,0,0,66
0,2,2025-01-30,3,1,0,0,60
0,2,2025-01-31,4,1,0,0,70
0,2,2025-02-01,5,2,0,0,78
0,2,2025-02-02,6,2,0,0,80
0,2,2025-02-03,0,2,0,0,61
0,2,2025-02-04,1,2,0,0,62
0,2,2025-02-05,2,2,0,1,105
0,2,2025-02-06,3,2,0,0,71
0,2,2025-02-07,4,2,0,0,80
0,2,2025-02-08,5,2,0,0,110
0,2,2025-02-09,6,2,0,0,76
0,2,2025-02-10,0,2,0,0,67
0,2,2025-02-11,1,2,0,0,57
0,2,2025-02-12,2,2,0,0,60
0,2,2025-02-13,3,2,0,0,61
0,2,2025-02-14,4,2,0,1,81
0,2,2025-02-15,5,2,0,0,76
0,2,2025-02-16,6,2,0,0,85
0,2,2025-02-17,0,2,0,0,57
0,2,2025-02-18,1,2,0,0,73
0,2,2025-02-19,2,2,0,0,59
0,2,2025-02-20,3,2,0,0,89
0,2,2025-02-21,4,2,0,0,63
0,2,2025-02-22,5,2,0,0,87
0,2,2025-02-23,6,2,0,0,73
0,2,2025-02-24,0,2,0,0,80
0,2,2025-02-25,1,2,0,0,75
0,2,2025-02-26,2,2,0,0,69
0,2,2025-02-27,3,2,0,0,56
0,2,2025-02-28,4,2,0,0,68
0,2,2025-03-01,5,3,0,0,76
0,2,2025-03-02,6,3,0,1,135
0,2,2025-03-03,0,3,0,0,74
0,2,2025-03-04,1,3,0,0,68
0,2,2025-03-05,2,3,0,1,67
0,2,2025-03-06,3,3,0,0,59
0,2,2025-03-07,4,3,0,0,73
0,2,2025-03-08,5,3,0,0,100
0,2,2025-03-09,6,3,0,1,130
0,2,2025-03-10,0,3,0,0,54
0,2,2025-03-11,1,3,0,0,70
0,2,2025-03-12,2,3,0,0,75
0,2,2025-03-13,3,3,0,0,54
0,2,2025-03-14,4,3,0,0,67
0,2,2025-03-15,5,3,0,0,90
0,2,2025-03-16,6,3,0,1,110
0,2,2025-03-17,0,3,0,0,52
0,2,2025-03-18,1,3,0,0,65
0,2,2025-03-19,2,3,0,0,65
0,2,2025-03-20,3,3,0,0,66
0,2,2025-03-21,4,3,0,0,63
0,2,2025-03-22,5,3,0,0,83
0,2,2025-03-23,6,3,0,0,87
0,2,2025-03-24,0,3,0,0,71
0,2,2025-03-25,1,3,0,0,65
0,2,2025-03-26,2,3,0,0,64
0,2,2025-03-27,3,3,0,0,68
0,2,2025-03-28,4,3,0,0,52
0,2,2025-03-29,5,3,0,0,93
0,2,2025-03-30,6,3,0,1,114
0,2,2025-03-31,0,3,0,0,68
0,2,2025-04-01,1,4,0,0,74
0,2,2025-04-02,2,4,0,0,51
0,2,2025-04-03,3,4,0,0,51
0,2,2025-04-04,4,4,0,0,68
0,2,2025-04-05,5,4,0,0,87
0,2,2025-04-06,6,4,0,0,88
0,2,2025-04-07,0,4,0,0,63
0,2,2025-04-08,1,4,0,0,72
0,2,2025-04-09,2,4,0,0,74
0,2,2025-04-10,3,4,0,0,70
0,2,2025-04-11,4,4,0,0,64
0,2,2025-04-12,5,4,0,0,65
0,2,2025-04-13,6,4,0,0,95
0,2,2025-04-14,0,4,0,0,76
0,2,2025-04-15,1,4,0,0,71
0,2,2025-04-16,2,4,0,0,59
0,2,2025-04-17,3,4,0,0,72
0,2,2025-04-18,4,4,0,0,73
0,2,2025-04-19,5,4,0,0,103
0,2,2025-04-20,6,4,0,0,78
0,2,2025-04-21,0,4,0,0,65
0,2,2025-04-22,1,4,0,0,72
0,2,2025-04-23,2,4,0,0,67
0,2,2025-04-24,3,4,0,0,57
0,2,2025-04-25,4,4,0,0,70
0,2,2025-04-26,5,4,0,0,93
0,2,2025-04-27,6,4,0,0,88
0,2,2025-04-28,0,4,0,0,68
0,2,2025-04-29,1,4,0,0,64
0,2,2025-04-30,2,4,0,0,78
0,2,2025-05-01,3,5,0,0,57
0,2,2025-05-02,4,5,0,1,84
0,2,2025-05-03,5,5,0,0,84
0,2,2025-05-04,6,5,0,0,93
0,2,2025-05-05,0,5,0,0,52
0,2,2025-05-06,1,5,0,0,54
0,2,2025-05-07,2,5,0,0,48
0,2,2025-05-08,3,5,0,0,64
0,2,2025-05-09,4,5,0,0,55
0,2,2025-05-10,5,5,0,0,80
0,2,2025-05-11,6,5,0,0,91
0,2,2025-05-12,0,5,0,0,59
0,2,2025-05-13,1,5,0,0,65
0,2,2025-05-14,2,5,0,0,61
0,2,2025-05-15,3,5,0,0,69
0,2,2025-05-16,4,5,0,0,67
0,2,2025-05-17,5,5,0,0,77
0,2,2025-05-18,6,5,0,0,82
0,2,2025-05-19,0,5,0,0,72
0,2,2025-05-20,1,5,0,0,67
0,2,2025-05-21,2,5,0,0,53
0,2,2025-05-22,3,5,0,0,69
0,2,2025-05-23,4,5,0,0,55
0,2,2025-05-24,5,5,0,0,98
0,2,2025-05-25,6,5,0,0,94
0,2,2025-05-26,0,5,0,0,66
0,2,2025-05-27,1,5,0,0,65
0,2,2025-05-28,2,5,0,0,62
0,2,2025-05-29,3,5,0,0,69
0,2,2025-05-30,4,5,0,0,61
0,2,2025-05-31,5,5,0,0,86
0,2,2025-06-01,6,6,0,0,89
0,2,2025-06-02,0,6,0,0,56
0,2,2025-06-03,1,6,0,1,81
0,2,2025-06-04,2,6,0,0,52
0,2,2025-06-05,3,6,0,0,52
0,2,2025-06-06,4,6,0,0,47
0,2,2025-06-07,5,6,0,0,88
0,2,2025-06-08,6,6,0,0,98
0,2,2025-06-09,0,6,0,0,70
0,2,2025-06-10,1,6,0,0,48
0,2,2025-06-11,2,6,0,0,65
0,2,2025-06-12,3,6,0,0,70
0,2,2025-06-13,4,6,0,0,57
0,2,2025-06-14,5,6,0,0,81
0,2,2025-06-15,6,6,0,0,61
0,2,2025-06-16,0,6,0,0,62
0,2,2025-06-17,1,6,0,0,52
0,2,2025-06-18,2,6,0,0,62
0,2,2025-06-19,3,6,0,0,49
0,2,2025-06-20,4,6,0,0,64
0,2,2025-06-21,5,6,0,0,90
0,2,2025-06-22,6,6,0,0,73
0,2,2025-06-23,0,6,0,0,52
0,2,2025-06-24,1,6,0,0,45
0,2,2025-06-25,2,6,0,1,84
0,2,2025-06-26,3,6,0,0,56
0,2,2025-06-27,4,6,0,0,49
0,2,2025-06-28,5,6,0,0,85
0,2,2025-06-29,6,6,0,0,76
0,2,2025-06-30,0,6,0,0,52
0,2,2025-07-01,1,7,0,0,53
0,2,2025-07-02,2,7,0,0,64
0,2,2025-07-03,3,7,0,0,61
0,2,2025-07-04,4,7,0,0,56
0,2,2025-07-05,5,7,0,0,83
0,2,2025-07-06,6,7,0,1,89
0,2,2025-07-07,0,7,0,0,57
0,2,2025-07-08,1,7,0,1,85
0,2,2025-07-09,2,7,0,0,53
0,2,2025-07-10,3,7,0,0,60
0,2,2025-07-11,4,7,0,0,51
0,2,2025-07-12,5,7,0,0,82
0,2,2025-07-13,6,7,0,0,82
0,2,2025-07-14,0,7,0,0,37
0,2,2025-07-15,1,7,0,0,65
0,2,2025-07-16,2,7,0,0,36
0,2,2025-07-17,3,7,0,0,52
0,2,2025-07-18,4,7,0,0,64
0,2,2025-07-19,5,7,0,0,74
0,2,2025-07-20,6,7,0,0,63
0,2,2025-07-21,0,7,0,0,49
0,2,2025-07-22,1,7,0,0,64
0,2,2025-07-23,2,7,0,0,44
0,2,2025-07-24,3,7,0,0,64
0,2,2025-07-25,4,7,0,0,56
0,2,2025-07-26,5,7,0,0,66
0,2,2025-07-27,6,7,0,0,72
0,2,2025-07-28,0,7,0,0,50
0,2,2025-07-29,1,7,0,0,63
0,2,2025-07-30,2,7,0,0,62
0,2,2025-07-31,3,7,0,0,45
0,2,2025-08-01,4,8,0,0,51
0,2,2025-08-02,5,8,0,0,67
0,2,2025-08-03,6,8,0,0,86
0,2,2025-08-04,0,8,0,0,45
0,2,2025-08-05,1,8,0,0,64
0,2,2025-08-06,2,8,0,0,54
0,2,2025-08-07,3,8,0,0,46
0,2,2025-08-08,4,8,0,0,50
0,2,2025-08-09,5,8,0,0,67
0,2,2025-08-10,6,8,0,0,63
0,2,2025-08-11,0,8,0,0,55
0,2,2025-08-12,1,8,0,0,46
0,2,2025-08-13,2,8,0,0,40
0,2,2025-08-14,3,8,0,0,52
0,2,2025-08-15,4,8,0,0,42
0,2,2025-08-16,5,8,0,0,68
0,2,2025-08-17,6,8,0,0,66
0,2,2025-08-18,0,8,0,0,48
0,2,2025-08-19,1,8,0,0,67
0,2,2025-08-20,2,8,0,0,54
0,2,2025-08-21,3,8,0,0,56
0,2,2025-08-22,4,8,0,0,42
0,2,2025-08-23,5,8,0,0,69
0,2,2025-08-24,6,8,0,0,76
0,2,2025-08-25,0,8,0,0,47
0,2,2025-08-26,1,8,0,0,60
0,2,2025-08-27,2,8,0,0,46
0,2,2025-08-28,3,8,0,0,52
0,2,2025-08-29,4,8,0,0,50
0,2,2025-08-30,5,8,0,0,76
0,2,2025-08-31,6,8,0,0,69
0,2,2025-09-01,0,9,0,0,51
0,2,2025-09-02,1,9,0,0,52
0,2,2025-09-03,2,9,0,0,48
0,2,2025-09-04,3,9,0,0,56
0,2,2025-09-05,4,9,0,0,55
0,2,2025-09-06,5,9,0,0,73
0,2,2025-09-07,6,9,0,0,70
0,2,2025-09-08,0,9,0,0,58
0,2,2025-09-09,1,9,0,0,52
0,2,2025-09-10,2,9,0,0,51
0,2,2025-09-11,3,9,0,0,54
0,2,2025-09-12,4,9,0,0,64
0,2,2025-09-13,5,9,0,0,62
0,2,2025-09-14,6,9,0,0,80
0,2,2025-09-15,0,9,0,0,41
0,2,2025-09-16,1,9,0,0,54
0,2,2025-09-17,2,9,0,0,63
0,2,2025-09-18,3,9,0,0,56
0,2,2025-09-19,4,9,0,0,54
0,2,2025-09-20,5,9,0,0,68
0,2,2025-09-21,6,9,0,0,74
0,2,2025-09-22,0,9,0,0,52
0,2,2025-09-23,1,9,0,0,48
0,2,2025-09-24,2,9,0,0,51
0,2,2025-09-25,3,9,0,0,54
0,2,2025-09-26,4,9,0,0,48
0,2,2025-09-27,5,9,0,0,66
0,2,2025-09-28,6,9,0,0,61
0,2,2025-09-29,0,9,0,0,56
0,2,2025-09-30,1,9,0,0,57
0,2,2025-10-01,2,10,0,0,56
0,2,2025-10-02,3,10,0,0,60
0,2,2025-10-03,4,10,0,0,55
0,2,2025-10-04,5,10,0,0,78
0,2,2025-10-05,6,10,0,0,77
0,2,2025-10-06,0,10,0,0,53
0,2,2025-10-07,1,10,0,1,76
0,2,2025-10-08,2,10,0,0,69
0,2,2025-10-09,3,10,0,0,51
0,2,2025-10-10,4,10,0,0,50
0,2,2025-10-11,5,10,0,0,78
0,2,2025-10-12,6,10,0,0,77
0,2,2025-10-13,0,10,0,0,45
0,2,2025-10-14,1,10,0,0,61
0,2,2025-10-15,2,10,0,0,53
0,2,2025-10-16,3,10,0,0,47
0,2,2025-10-17,4,10,0,0,62
0,2,2025-10-18,5,10,0,0,80
0,2,2025-10-19,6,10,0,0,63
0,2,2025-10-20,0,10,0,0,66
0,2,2025-10-21,1,10,0,0,58
0,2,2025-10-22,2,10,0,0,54
0,2,2025-10-23,3,10,0,0,64
0,2,2025-10-24,4,10,0,0,55
0,2,2025-10-25,5,10,0,0,74
0,2,2025-10-26,6,10,0,1,93
0,2,2025-10-27,0,10,0,0,58
0,2,2025-10-28,1,10,0,0,57
0,2,2025-10-29,2,10,0,0,54
0,2,2025-10-30,3,10,0,0,49
0,2,2025-10-31,4,10,0,0,55
0,2,2025-11-01,5,11,0,0,76
0,2,2025-11-02,6,11,0,0,65
0,2,2025-11-03,0,11,0,0,47
0,2,2025-11-04,1,11,0,0,61
0,2,2025-11-05,2,11,0,0,39
0,2,2025-11-06,3,11,0,0,58
0,2,2025-11-07,4,11,0,0,53
0,2,2025-11-08,5,11,0,0,89
0,2,2025-11-09,6,11,0,0,73
0,2,2025-11-10,0,11,0,0,61
0,2,2025-11-11,1,11,0,0,54
0,2,2025-11-12,2,11,0,0,58
0,2,2025-11-13,3,11,0,0,62
0,2,2025-11-14,4,11,0,0,54
0,2,2025-11-15,5,11,0,1,116
0,2,2025-11-16,6,11,0,0,68
0,2,2025-11-17,0,11,0,0,59
0,2,2025-11-18,1,11,0,0,63
0,2,2025-11-19,2,11,0,0,61
0,2,2025-11-20,3,11,0,0,70
0,2,2025-11-21,4,11,0,0,52
0,2,2025-11-22,5,11,1,0,94
0,2,2025-11-23,6,11,1,0,99
0,2,2025-11-24,0,11,1,0,100
0,2,2025-11-25,1,11,1,0,98
0,2,2025-11-26,2,11,1,0,94
0,2,2025-11-27,3,11,1,0,80
0,2,2025-11-28,4,11,1,0,101
0,2,2025-11-29,5,11,0,0,66
0,2,2025-11-30,6,11,0,0,88
0,2,2025-12-01,0,12,0,0,81
0,2,2025-12-02,1,12,0,0,63
0,2,2025-12-03,2,12,0,0,65
0,2,2025-12-04,3,12,0,0,57
0,2,2025-12-05,4,12,0,0,47
0,2,2025-12-06,5,12,0,0,75
0,2,2025-12-07,6,12,0,0,70
0,2,2025-12-08,0,12,0,0,50
0,2,2025-12-09,1,12,0,1,105
0,2,2025-12-10,2,12,0,0,62
0,2,2025-12-11,3,12,0,0,63
0,2,2025-12-12,4,12,0,0,58
0,2,2025-12-13,5,12,0,0,79
0,2,2025-12-14,6,12,0,0,90
0,2,2025-12-15,0,12,0,1,87
0,2,2025-12-16,1,12,0,0,64
0,2,2025-12-17,2,12,0,0,59
0,2,2025-12-18,3,12,0,0,58
0,2,2025-12-19,4,12,0,0,50
0,2,2025-12-20,5,12,0,0,62
0,2,2025-12-21,6,12,0,0,78
0,2,2025-12-22,0,12,0,1,88
0,2,2025-12-23,1,12,0,0,51
0,2,2025-12-24,2,12,1,0,96
0,2,2025-12-25,3,12,1,0,97
0,2,2025-12-26,4,12,0,0,45
0,2,2025-12-27,5,12,0,0,72
0,2,2025-12-28,6,12,0,0,85
0,2,2025-12-29,0,12,0,0,63
0,2,2025-12-30,1,12,0,0,52
0,2,2025-12-31,2,12,1,0,98
0,2,2026-01-01,3,1,0,0,72
0,2,2026-01-02,4,1,0,0,70
0,2,2026-01-03,5,1,0,0,83
0,2,2026-01-04,6,1,0,0,80
0,2,2026-01-05,0,1,0,0,59
0,2,2026-01-06,1,1,0,0,68
0,2,2026-01-07,2,1,0,0,66
0,2,2026-01-08,3,1,0,0,69
0,2,2026-01-09,4,1,0,0,65
0,2,2026-01-10,5,1,0,0,93
0,2,2026-01-11,6,1,0,0,85
0,2,2026-01-12,0,1,0,0,70
0,2,2026-01-13,1,1,0,0,71
0,2,2026-01-14,2,1,0,0,58
0,2,2026-01-15,3,1,0,0,50
0,2,2026-01-16,4,1,0,0,76
0,2,2026-01-17,5,1,0,1,115
0,2,2026-01-18,6,1,0,0,67
0,2,2026-01-19,0,1,0,0,59
0,2,2026-01-20,1,1,0,0,70
0,2,2026-01-21,2,1,0,0,62
0,2,2026-01-22,3,1,0,0,60
0,2,2026-01-23,4,1,0,0,75
0,2,2026-01-24,5,1,0,0,74
0,2,2026-01-25,6,1,0,0,76
0,2,2026-01-26,0,1,0,0,66
0,2,2026-01-27,1,1,0,1,95
0,2,2026-01-28,2,1,0,0,68
0,2,2026-01-29,3,1,0,0,71
0,2,2026-01-30,4,1,0,0,66
0,2,2026-01-31,5,1,0,0,89
0,2,2026-02-01,6,2,0,0,84
0,2,2026-02-02,0,2,0,0,67
0,2,2026-02-03,1,2,0,0,68
0,2,2026-02-04,2,2,0,0,68
0,2,2026-02-05,3,2,0,0,73
0,2,2026-02-06,4,2,0,0,71
0,2,2026-02-07,5,2,0,0,87
0,2,2026-02-08,6,2,0,0,79
0,2,2026-02-09,0,2,0,0,67
0,2,2026-02-10,1,2,0,0,66
0,2,2026-02-11,2,2,0,0,68
0,2,2026-02-12,3,2,0,0,84
0,2,2026-02-13,4,2,0,0,62
0,2,2026-02-14,5,2,0,0,91
0,2,2026-02-15,6,2,0,0,98
0,2,2026-02-16,0,2,0,0,67
0,2,2026-02-17,1,2,0,0,85
0,2,2026-02-18,2,2,0,0,64
0,2,2026-02-19,3,2,0,0,69
0,2,2026-02-20,4,2,0,1,85
0,2,2026-02-21,5,2,0,0,83
0,2,2026-02-22,6,2,0,0,90
0,2,2026-02-23,0,2,0,1,103
0,2,2026-02-24,1,2,0,0,69
0,2,2026-02-25,2,2,0,0,77
0,2,2026-02-26,3,2,0,0,66
0,2,2026-02-27,4,2,0,0,64
0,2,2026-02-28,5,2,0,0,115
0,2,2026-03-01,6,3,0,0,92
0,2,2026-03-02,0,3,0,0,62
0,2,2026-03-03,1,3,0,0,62
0,2,2026-03-04,2,3,0,0,60
0,2,2026-03-05,3,3,0,0,75
0,2,2026-03-06,4,3,0,0,65
0,2,2026-03-07,5,3,0,0,89
0,2,2026-03-08,6,3,0,0,87
0,2,2026-03-09,0,3,0,0,74
0,2,2026-03-10,1,3,0,0,61
0,2,2026-03-11,2,3,0,0,59
0,2,2026-03-12,3,3,0,0,70
0,2,2026-03-13,4,3,0,0,73
0,2,2026-03-14,5,3,0,1,120
0,2,2026-03-15,6,3,0,1,104
0,2,2026-03-16,0,3,0,0,73
0,2,2026-03-17,1,3,0,0,62
0,2,2026-03-18,2,3,0,0,63
0,2,2026-03-19,3,3,0,0,60
0,2,2026-03-20,4,3,0,1,109
0,2,2026-03-21,5,3,0,0,95
0,2,2026-03-22,6,3,0,0,94
0,2,2026-03-23,0,3,0,0,78
0,2,2026-03-24,1,3,0,0,91
0,2,2026-03-25,2,3,0,0,54
0,2,2026-03-26,3,3,0,0,62
0,2,2026-03-27,4,3,0,0,63
0,2,2026-03-28,5,3,0,0,79
0,2,2026-03-29,6,3,0,1,100
0,2,2026-03-30,0,3,0,1,91
0,2,2026-03-31,1,3,0,0,58
0,2,2026-04-01,2,4,0,0,69
0,2,2026-04-02,3,4,0,0,67
0,2,2026-04-03,4,4,0,0,71
0,2,2026-04-04,5,4,0,0,92
0,2,2026-04-05,6,4,0,0,93
0,2,2026-04-06,0,4,0,0,64
0,2,2026-04-07,1,4,0,0,84
0,2,2026-04-08,2,4,0,0,69
0,2,2026-04-09,3,4,0,0,52
0,2,2026-04-10,4,4,0,0,59
0,2,2026-04-11,5,4,0,0,69
0,2,2026-04-12,6,4,0,0,87
0,2,2026-04-13,0,4,0,0,66
0,2,2026-04-14,1,4,0,0,63
0,2,2026-04-15,2,4,0,0,83
0,2,2026-04-16,3,4,0,0,71
0,2,2026-04-17,4,4,0,0,73
0,2,2026-04-18,5,4,0,0,77
0,2,2026-04-19,6,4,0,0,77
0,2,2026-04-20,0,4,0,0,67
0,2,2026-04-21,1,4,0,0,68
0,2,2026-04-22,2,4,0,0,52
0,2,2026-04-23,3,4,0,0,65
0,2,2026-04-24,4,4,0,0,67
0,2,2026-04-25,5,4,0,0,85
0,2,2026-04-26,6,4,0,0,79
0,2,2026-04-27,0,4,0,0,62
0,2,2026-04-28,1,4,0,0,65
0,2,2026-04-29,2,4,0,0,68
0,2,2026-04-30,3,4,0,0,72
0,2,2026-05-01,4,5,0,0,72
0,2,2026-05-02,5,5,0,1,107
0,2,2026-05-03,6,5,0,0,80
0,2,2026-05-04,0,5,0,0,68
0,2,2026-05-05,1,5,0,0,69
0,2,2026-05-06,2,5,0,0,61
0,2,2026-05-07,3,5,0,1,100
0,2,2026-05-08,4,5,0,0,72
0,2,2026-05-09,5,5,0,0,98
0,2,2026-05-10,6,5,0,0,103
0,2,2026-05-11,0,5,0,0,57
0,2,2026-05-12,1,5,0,0,64
0,2,2026-05-13,2,5,0,0,64
0,2,2026-05-14,3,5,0,0,63
0,2,2026-05-15,4,5,0,0,59
0,2,2026-05-16,5,5,0,0,69
0,2,2026-05-17,6,5,0,0,85
0,2,2026-05-18,0,5,0,0,58
0,2,2026-05-19,1,5,0,0,65
0,2,2026-05-20,2,5,0,0,58
0,2,2026-05-21,3,5,0,0,56
0,2,2026-05-22,4,5,0,0,66
0,2,2026-05-23,5,5,0,0,86
0,2,2026-05-24,6,5,0,0,90
0,2,2026-05-25,0,5,0,0,81
0,2,2026-05-26,1,5,0,0,66
0,2,2026-05-27,2,5,0,0,68
0,2,2026-05-28,3,5,0,0,56
0,2,2026-05-29,4,5,0,0,54
0,2,2026-05-30,5,5,0,0,101
0,2,2026-05-31,6,5,0,0,75
0,2,2026-06-01,0,6,0,0,53
0,2,2026-06-02,1,6,0,0,60
0,2,2026-06-03,2,6,0,1,87
0,2,2026-06-04,3,6,0,0,54
0,2,2026-06-05,4,6,0,0,58
0,2,2026-06-06,5,6,0,0,93
0,2,2026-06-07,6,6,0,1,97
0,2,2026-06-08,0,6,0,0,50
0,2,2026-06-09,1,6,0,0,67
0,2,2026-06-10,2,6,0,0,64
0,2,2026-06-11,3,6,0,0,56
0,2,2026-06-12,4,6,0,0,49
0,2,2026-06-13,5,6,0,0,74
0,2,2026-06-14,6,6,0,0,80
0,2,2026-06-15,0,6,0,0,69
0,2,2026-06-16,1,6,0,0,53
0,2,2026-06-17,2,6,0,0,60
0,2,2026-06-18,3,6,0,0,66
0,2,2026-06-19,4,6,0,0,43
0,2,2026-06-20,5,6,0,0,91
0,2,2026-06-21,6,6,0,0,69
0,2,2026-06-22,0,6,0,0,63
0,2,2026-06-23,1,6,0,0,62
0,2,2026-06-24,2,6,0,0,69
0,2,2026-06-25,3,6,0,0,65
0,2,2026-06-26,4,6,0,0,43
0,2,2026-06-27,5,6,0,0,73
0,2,2026-06-28,6,6,0,0,82
0,2,2026-06-29,0,6,0,0,59
0,2,2026-06-30,1,6,0,0,64
0,2,2026-07-01,2,7,0,0,62
0,2,2026-07-02,3,7,0,0,61
0,2,2026-07-03,4,7,0,0,56
0,2,2026-07-04,5,7,0,0,60
0,2,2026-07-05,6,7,0,0,73
0,2,2026-07-06,0,7,0,0,60
0,2,2026-07-07,1,7,0,0,50
0,2,2026-07-08,2,7,0,0,61
0,2,2026-07-09,3,7,0,0,63
0,2,2026-07-10,4,7,0,0,58
0,2,2026-07-11,5,7,0,0,49
0,2,2026-07-12,6,7,0,0,65
0,2,2026-07-13,0,7,0,0,70
0,2,2026-07-14,1,7,0,1,78
0,2,2026-07-15,2,7,0,0,43
0,2,2026-07-16,3,7,0,1,96
0,2,2026-07-17,4,7,0,0,57
0,2,2026-07-18,5,7,0,0,88
0,2,2026-07-19,6,7,0,0,80
0,2,2026-07-20,0,7,0,1,89
0,2,2026-07-21,1,7,0,0,60
0,2,2026-07-22,2,7,0,0,62
0,2,2026-07-23,3,7,0,0,73
0,2,2026-07-24,4,7,0,0,64
0,2,2026-07-25,5,7,0,0,63
0,2,2026-07-26,6,7,0,0,82
0,2,2026-07-27,0,7,0,0,65
0,2,2026-07-28,1,7,0,0,65
0,2,2026-07-29,2,7,0,0,54
0,2,2026-07-30,3,7,0,0,65
0,2,2026-07-31,4,7,0,0,63
0,2,2026-08-01,5,8,0,0,98
0,2,2026-08-02,6,8,0,0,68
0,2,2026-08-03,0,8,0,0,51
0,2,2026-08-04,1,8,0,0,52
0,2,2026-08-05,2,8,0,0,51
0,2,2026-08-06,3,8,0,0,49
0,2,2026-08-07,4,8,0,1,54
0,2,2026-08-08,5,8,0,0,71
0,2,2026-08-09,6,8,0,1,106
0,2,2026-08-10,0,8,0,0,51
0,2,2026-08-11,1,8,0,0,67
0,2,2026-08-12,2,8,0,0,55
0,2,2026-08-13,3,8,0,0,63
0,2,2026-08-14,4,8,0,0,56
0,2,2026-08-15,5,8,0,0,82
0,2,2026-08-16,6,8,0,0,77
0,2,2026-08-17,0,8,0,0,63
0,2,2026-08-18,1,8,0,0,55
0,2,2026-08-19,2,8,0,0,58
0,2,2026-08-20,3,8,0,0,57
0,2,2026-08-21,4,8,0,0,53
0,2,2026-08-22,5,8,0,0,78
0,2,2026-08-23,6,8,0,0,95
0,2,2026-08-24,0,8,0,0,53
0,2,2026-08-25,1,8,0,0,57
0,2,2026-08-26,2,8,0,1,94
0,2,2026-08-27,3,8,0,0,62
0,2,2026-08-28,4,8,0,0,55
0,2,2026-08-29,5,8,0,0,53
0,2,2026-08-30,6,8,0,0,79
0,2,2026-08-31,0,8,0,0,40
0,3,2024-09-01,6,9,0,0,149
0,3,2024-09-02,0,9,0,0,156
0,3,2024-09-03,1,9,0,0,119
0,3,2024-09-04,2,9,0,0,80
0,3,2024-09-05,3,9,0,0,135
0,3,2024-09-06,4,9,0,1,170
0,3,2024-09-07,5,9,0,0,152
0,3,2024-09-08,6,9,0,1,213
0,3,2024-09-09,0,9,0,0,121
0,3,2024-09-10,1,9,0,0,141
0,3,2024-09-11,2,9,0,0,97
0,3,2024-09-12,3,9,0,0,116
0,3,2024-09-13,4,9,0,0,139
0,3,2024-09-14,5,9,0,0,137
0,3,2024-09-15,6,9,0,0,115
0,3,2024-09-16,0,9,0,0,138
0,3,2024-09-17,1,9,0,0,147
0,3,2024-09-18,2,9,0,0,125
0,3,2024-09-19,3,9,0,0,89
0,3,2024-09-20,4,9,0,0,139
0,3,2024-09-21,5,9,0,0,114
0,3,2024-09-22,6,9,0,0,158
0,3,2024-09-23,0,9,0,0,109
0,3,2024-09-24,1,9,0,0,104
0,3,2024-09-25,2,9,0,0,118
0,3,2024-09-26,3,9,0,0,122
0,3,2024-09-27,4,9,0,0,114
0,3,2024-09-28,5,9,0,0,165
0,3,2024-09-29,6,9,0,0,141
0,3,2024-09-30,0,9,0,0,144
0,3,2024-10-01,1,10,0,0,134
0,3,2024-10-02,2,10,0,1,173
0,3,2024-10-03,3,10,0,1,168
0,3,2024-10-04,4,10,0,0,97
0,3,2024-10-05,5,10,0,0,160
0,3,2024-10-06,6,10,0,0,145
0,3,2024-10-07,0,10,0,0,83
0,3,2024-10-08,1,10,0,0,118
0,3,2024-10-09,2,10,0,0,111
0,3,2024-10-10,3,10,0,0,158
0,3,2024-10-11,4,10,0,0,96
0,3,2024-10-12,5,10,0,0,120
0,3,2024-10-13,6,10,0,0,179
0,3,2024-10-14,0,10,0,0,154
0,3,2024-10-15,1,10,0,0,114
0,3,2024-10-16,2,10,0,0,116
0,3,2024-10-17,3,10,0,0,140
0,3,2024-10-18,4,10,0,0,84
0,3,2024-10-19,5,10,0,0,111
0,3,2024-10-20,6,10,0,0,147
0,3,2024-10-21,0,10,0,1,237
0,3,2024-10-22,1,10,0,0,120
0,3,2024-10-23,2,10,0,0,130
0,3,2024-10-24,3,10,0,0,150
0,3,2024-10-25,4,10,0,0,169
0,3,2024-10-26,5,10,0,0,140
0,3,2024-10-27,6,10,0,0,153
0,3,2024-10-28,0,10,0,0,163
0,3,2024-10-29,1,10,0,0,99
0,3,2024-10-30,2,10,0,0,148
0,3,2024-10-31,3,10,0,0,109
0,3,2024-11-01,4,11,0,0,137
0,3,2024-11-02,5,11,0,0,154
0,3,2024-11-03,6,11,0,0,137
0,3,2024-11-04,0,11,0,0,115
0,3,2024-11-05,1,11,0,0,140
0,3,2024-11-06,2,11,0,0,155
0,3,2024-11-07,3,11,0,1,195
0,3,2024-11-08,4,11,0,0,136
0,3,2024-11-09,5,11,0,0,174
0,3,2024-11-10,6,11,0,0,137
0,3,2024-11-11,0,11,0,0,150
0,3,2024-11-12,1,11,0,0,151
0,3,2024-11-13,2,11,0,0,187
0,3,2024-11-14,3,11,0,0,127
0,3,2024-11-15,4,11,0,1,185
0,3,2024-11-16,5,11,0,0,178
0,3,2024-11-17,6,11,0,0,180
0,3,2024-11-18,0,11,0,0,124
0,3,2024-11-19,1,11,0,1,187
0,3,2024-11-20,2,11,0,0,146
0,3,2024-11-21,3,11,0,0,118
0,3,2024-11-22,4,11,1,0,207
0,3,2024-11-23,5,11,1,0,249
0,3,2024-11-24,6,11,1,0,282
0,3,2024-11-25,0,11,1,0,201
0,3,2024-11-26,1,11,1,0,160
0,3,2024-11-27,2,11,1,0,157
0,3,2024-11-28,3,11,1,0,179
0,3,2024-11-29,4,11,0,1,160
0,3,2024-11-30,5,11,0,0,156
0,3,2024-12-01,6,12,0,0,139
0,3,2024-12-02,0,12,0,0,128
0,3,2024-12-03,1,12,0,0,127
0,3,2024-12-04,2,12,0,0,134
0,3,2024-12-05,3,12,0,0,172
0,3,2024-12-06,4,12,0,0,157
0,3,2024-12-07,5,12,0,0,169
0,3,2024-12-08,6,12,0,0,157
0,3,2024-12-09,0,12,0,0,134
0,3,2024-12-10,1,12,0,0,150
0,3,2024-12-11,2,12,0,0,156
0,3,2024-12-12,3,12,0,0,124
0,3,2024-12-13,4,12,0,0,144
0,3,2024-12-14,5,12,0,1,162
0,3,2024-12-15,6,12,0,0,174
0,3,2024-12-16,0,12,0,0,160
0,3,2024-12-17,1,12,0,0,137
0,3,2024-12-18,2,12,0,0,182
0,3,2024-12-19,3,12,0,0,124
0,3,2024-12-20,4,12,0,0,148
0,3,2024-12-21,5,12,0,0,168
0,3,2024-12-22,6,12,0,0,166
0,3,2024-12-23,0,12,0,0,141
0,3,2024-12-24,1,12,1,0,233
0,3,2024-12-25,2,12,1,0,258
0,3,2024-12-26,3,12,0,0,173
0,3,2024-12-27,4,12,0,0,143
0,3,2024-12-28,5,12,0,0,189
0,3,2024-12-29,6,12,0,0,151
0,3,2024-12-30,0,12,0,0,160
0,3,2024-12-31,1,12,1,0,203
0,3,2025-01-01,2,1,0,0,177
0,3,2025-01-02,3,1,0,0,202
0,3,2025-01-03,4,1,0,1,212
0,3,2025-01-04,5,1,0,0,119
0,3,2025-01-05,6,1,0,0,163
0,3,2025-01-06,0,1,0,0,180
0,3,2025-01-07,1,1,0,0,165
0,3,2025-01-08,2,1,0,0,158
0,3,2025-01-09,3,1,0,0,175
0,3,2025-01-10,4,1,0,0,163
0,3,2025-01-11,5,1,0,0,210
0,3,2025-01-12,6,1,0,0,202
0,3,2025-01-13,0,1,0,0,187
0,3,2025-01-14,1,1,0,0,160
0,3,2025-01-15,2,1,0,0,173
0,3,2025-01-16,3,1,0,1,206
0,3,2025-01-17,4,1,0,0,138
0,3,2025-01-18,5,1,0,0,222
0,3,2025-01-19,6,1,0,0,183
0,3,2025-01-20,0,1,0,1,242
0,3,2025-01-21,1,1,0,0,155
0,3,2025-01-22,2,1,0,0,139
0,3,2025-01-23,3,1,0,0,152
0,3,2025-01-24,4,1,0,0,185
0,3,2025-01-25,5,1,0,0,192
0,3,2025-01-26,6,1,0,0,132
0,3,2025-01-27,0,1,0,0,147
0,3,2025-01-28,1,1,0,0,193
0,3,2025-01-29,2,1,0,0,147
0,3,2025-01-30,3,1,0,0,111
0,3,2025-01-31,4,1,0,0,195
0,3,2025-02-01,5,2,0,0,202
0,3,2025-02-02,6,2,0,0,182
0,3,2025-02-03,0,2,0,0,150
0,3,2025-02-04,1,2,0,0,184
0,3,2025-02-05,2,2,0,0,146
0,3,2025-02-06,3,2,0,0,185
0,3,2025-02-07,4,2,0,0,171
0,3,2025-02-08,5,2,0,0,190
0,3,2025-02-09,6,2,0,0,188
0,3,2025-02-10,0,2,0,0,154
0,3,2025-02-11,1,2,0,0,183
0,3,2025-02-12,2,2,0,1,194
0,3,2025-02-13,3,2,0,0,120
0,3,2025-02-14,4,2,0,0,173
0,3,2025-02-15,5,2,0,0,201
0,3,2025-02-16,6,2,0,0,197
0,3,2025-02-17,0,2,0,0,168
0,3,2025-02-18,1,2,0,0,151
0,3,2025-02-19,2,2,0,0,177
0,3,2025-02-20,3,2,0,0,157
0,3,2025-02-21,4,2,0,0,147
0,3,2025-02-22,5,2,0,0,175
0,3,2025-02-23,6,2,0,0,239
0,3,2025-02-24,0,2,0,0,117
0,3,2025-02-25,1,2,0,0,170
0,3,2025-02-26,2,2,0,0,119
0,3,2025-02-27,3,2,0,0,156
0,3,2025-02-28,4,2,0,0,148
0,3,2025-03-01,5,3,0,0,128
0,3,2025-03-02,6,3,0,0,197
0,3,2025-03-03,0,3,0,0,152
0,3,2025-03-04,1,3,0,0,110
0,3,2025-03-05,2,3,0,1,253
0,3,2025-03-06,3,3,0,0,195
0,3,2025-03-07,4,3,0,0,196
0,3,2025-03-08,5,3,0,0,196
0,3,2025-03-09,6,3,0,1,252
0,3,2025-03-10,0,3,0,0,193
0,3,2025-03-11,1,3,0,0,201
0,3,2025-03-12,2,3,0,0,188
0,3,2025-03-13,3,3,0,0,138
0,3,2025-03-14,4,3,0,0,166
0,3,2025-03-15,5,3,0,0,198
0,3,2025-03-16,6,3,0,0,136
0,3,2025-03-17,0,3,0,0,172
0,3,2025-03-18,1,3,0,0,215
0,3,2025-03-19,2,3,0,0,176
0,3,2025-03-20,3,3,0,0,196
0,3,2025-03-21,4,3,0,0,165
0,3,2025-03-22,5,3,0,0,184
0,3,2025-03-23,6,3,0,0,197
0,3,2025-03-24,0,3,0,0,141
0,3,2025-03-25,1,3,0,0,138
0,3,2025-03-26,2,3,0,1,268
0,3,2025-03-27,3,3,0,0,194
0,3,2025-03-28,4,3,0,0,137
0,3,2025-03-29,5,3,0,0,213
0,3,2025-03-30,6,3,0,0,184
0,3,2025-03-31,0,3,0,0,169
0,3,2025-04-01,1,4,0,0,169
0,3,2025-04-02,2,4,0,0,182
0,3,2025-04-03,3,4,0,0,160
0,3,2025-04-04,4,4,0,0,192
0,3,2025-04-05,5,4,0,0,192
0,3,2025-04-06,6,4,0,0,201
0,3,2025-04-07,0,4,0,0,139
0,3,2025-04-08,1,4,0,1,295
0,3,2025-04-09,2,4,0,0,170
0,3,2025-04-10,3,4,0,0,175
0,3,2025-04-11,4,4,0,0,120
0,3,2025-04-12,5,4,0,0,161
0,3,2025-04-13,6,4,0,0,218
0,3,2025-04-14,0,4,0,0,165
0,3,2025-04-15,1,4,0,0,113
0,3,2025-04-16,2,4,0,0,183
0,3,2025-04-17,3,4,0,0,146
0,3,2025-04-18,4,4,0,0,192
0,3,2025-04-19,5,4,0,0,181
0,3,2025-04-20,6,4,0,0,189
0,3,2025-04-21,0,4,0,0,186
0,3,2025-04-22,1,4,0,0,137
0,3,2025-04-23,2,4,0,0,135
0,3,2025-04-24,3,4,0,0,154
0,3,2025-04-25,4,4,0,1,250
0,3,2025-04-26,5,4,0,0,147
0,3,2025-04-27,6,4,0,0,138
0,3,2025-04-28,0,4,0,0,178
0,3,2025-04-29,1,4,0,0,144
0,3,2025-04-30,2,4,0,0,149
0,3,2025-05-01,3,5,0,0,110
0,3,2025-05-02,4,5,0,0,137
0,3,2025-05-03,5,5,0,1,242
0,3,2025-05-04,6,5,0,0,202
0,3,2025-05-05,0,5,0,0,135
0,3,2025-05-06,1,5,0,0,190
0,3,2025-05-07,2,5,0,0,137
0,3,2025-05-08,3,5,0,0,137
0,3,2025-05-09,4,5,0,0,187
0,3,2025-05-10,5,5,0,0,183
0,3,2025-05-11,6,5,0,0,163
0,3,2025-05-12,0,5,0,0,149
0,3,2025-05-13,1,5,0,0,183
0,3,2025-05-14,2,5,0,0,186
0,3,2025-05-15,3,5,0,1,190
0,3,2025-05-16,4,5,0,0,151
0,3,2025-05-17,5,5,0,0,180
0,3,2025-05-18,6,5,0,0,151
0,3,2025-05-19,0,5,0,0,151
0,3,2025-05-20,1,5,0,0,152
0,3,2025-05-21,2,5,0,0,178
0,3,2025-05-22,3,5,0,0,180
0,3,2025-05-23,4,5,0,0,145
0,3,2025-05-24,5,5,0,0,172
0,3,2025-05-25,6,5,0,0,195
0,3,2025-05-26,0,5,0,0,139
0,3,2025-05-27,1,5,0,0,166
0,3,2025-05-28,2,5,0,0,150
0,3,2025-05-29,3,5,0,0,130
0,3,2025-05-30,4,5,0,0,131
0,3,2025-05-31,5,5,0,0,216
0,3,2025-06-01,6,6,0,0,165
0,3,2025-06-02,0,6,0,0,179
0,3,2025-06-03,1,6,0,0,133
0,3,2025-06-04,2,6,0,0,150
0,3,2025-06-05,3,6,0,1,283
0,3,2025-06-06,4,6,0,0,121
0,3,2025-06-07,5,6,0,0,121
0,3,2025-06-08,6,6,0,0,202
0,3,2025-06-09,0,6,0,0,126
0,3,2025-06-10,1,6,0,0,143
0,3,2025-06-11,2,6,0,0,131
0,3,2025-06-12,3,6,0,1,217
0,3,2025-06-13,4,6,0,0,123
0,3,2025-06-14,5,6,0,1,227
0,3,2025-06-15,6,6,0,0,180
0,3,2025-06-16,0,6,0,0,122
0,3,2025-06-17,1,6,0,0,129
0,3,2025-06-18,2,6,0,0,136
0,3,2025-06-19,3,6,0,0,113
0,3,2025-06-20,4,6,0,0,135
0,3,2025-06-21,5,6,0,0,172
0,3,2025-06-22,6,6,0,0,159
0,3,2025-06-23,0,6,0,0,138
0,3,2025-06-24,1,6,0,0,143
0,3,2025-06-25,2,6,0,0,130
0,3,2025-06-26,3,6,0,0,159
0,3,2025-06-27,4,6,0,0,175
0,3,2025-06-28,5,6,0,0,157
0,3,2025-06-29,6,6,0,0,181
0,3,2025-06-30,0,6,0,1,201
0,3,2025-07-01,1,7,0,0,143
0,3,2025-07-02,2,7,0,0,167
0,3,2025-07-03,3,7,0,0,146
0,3,2025-07-04,4,7,0,0,99
0,3,2025-07-05,5,7,0,0,172
0,3,2025-07-06,6,7,0,0,190
0,3,2025-07-07,0,7,0,0,131
0,3,2025-07-08,1,7,0,0,155
0,3,2025-07-09,2,7,0,0,121
0,3,2025-07-10,3,7,0,0,105
0,3,2025-07-11,4,7,0,0,138
0,3,2025-07-12,5,7,0,0,118
0,3,2025-07-13,6,7,0,0,155
0,3,2025-07-14,0,7,0,0,161
0,3,2025-07-15,1,7,0,0,97
0,3,2025-07-16,2,7,0,0,109
0,3,2025-07-17,3,7,0,0,115
0,3,2025-07-18,4,7,0,0,134
0,3,2025-07-19,5,7,0,0,152
0,3,2025-07-20,6,7,0,0,194
0,3,2025-07-21,0,7,0,0,155
0,3,2025-07-22,1,7,0,0,145
0,3,2025-07-23,2,7,0,0,138
0,3,2025-07-24,3,7,0,0,143
0,3,2025-07-25,4,7,0,0,118
0,3,2025-07-26,5,7,0,0,181
0,3,2025-07-27,6,7,0,0,134
0,3,2025-07-28,0,7,0,0,152
0,3,2025-07-29,1,7,0,0,159
0,3,2025-07-30,2,7,0,0,140
0,3,2025-07-31,3,7,0,0,132
0,3,2025-08-01,4,8,0,0,137
0,3,2025-08-02,5,8,0,0,88
0,3,2025-08-03,6,8,0,0,161
0,3,2025-08-04,0,8,0,0,127
0,3,2025-08-05,1,8,0,0,128
0,3,2025-08-06,2,8,0,0,143
0,3,2025-08-07,3,8,0,0,128
0,3,2025-08-08,4,8,0,0,107
0,3,2025-08-09,5,8,0,0,151
0,3,2025-08-10,6,8,0,0,156
0,3,2025-08-11,0,8,0,0,131
0,3,2025-08-12,1,8,0,0,132
0,3,2025-08-13,2,8,0,0,149
0,3,2025-08-14,3,8,0,0,108
0,3,2025-08-15,4,8,0,0,133
0,3,2025-08-16,5,8,0,0,184
0,3,2025-08-17,6,8,0,0,114
0,3,2025-08-18,0,8,0,0,133
0,3,2025-08-19,1,8,0,0,118
0,3,2025-08-20,2,8,0,0,122
0,3,2025-08-21,3,8,0,0,112
0,3,2025-08-22,4,8,0,0,126
0,3,2025-08-23,5,8,0,0,197
0,3,2025-08-24,6,8,0,0,125
0,3,2025-08-25,0,8,0,0,107
0,3,2025-08-26,1,8,0,0,104
0,3,2025-08-27,2,8,0,0,163
0,3,2025-08-28,3,8,0,0,120
0,3,2025-08-29,4,8,0,0,129
0,3,2025-08-30,5,8,0,0,145
0,3,2025-08-31,6,8,0,0,133
0,3,2025-09-01,0,9,0,1,185
0,3,2025-09-02,1,9,0,0,174
0,3,2025-09-03,2,9,0,0,153
0,3,2025-09-04,3,9,0,0,111
0,3,2025-09-05,4,9,0,0,139
0,3,2025-09-06,5,9,0,0,133
0,3,2025-09-07,6,9,0,0,112
0,3,2025-09-08,0,9,0,0,146
0,3,2025-09-09,1,9,0,0,149
0,3,2025-09-10,2,9,0,0,147
0,3,2025-09-11,3,9,0,0,118
0,3,2025-09-12,4,9,0,0,124
0,3,2025-09-13,5,9,0,0,169
0,3,2025-09-14,6,9,0,0,161
0,3,2025-09-15,0,9,0,0,120
0,3,2025-09-16,1,9,0,0,96
0,3,2025-09-17,2,9,0,0,129
0,3,2025-09-18,3,9,0,0,147
0,3,2025-09-19,4,9,0,0,104
0,3,2025-09-20,5,9,0,0,167
0,3,2025-09-21,6,9,0,0,160
0,3,2025-09-22,0,9,0,0,141
0,3,2025-09-23,1,9,0,0,144
0,3,2025-09-24,2,9,0,0,114
0,3,2025-09-25,3,9,0,0,96
0,3,2025-09-26,4,9,0,0,117
0,3,2025-09-27,5,9,0,0,173
0,3,2025-09-28,6,9,0,0,140
0,3,2025-09-29,0,9,0,0,114
0,3,2025-09-30,1,9,0,0,92
0,3,2025-10-01,2,10,0,0,163
0,3,2025-10-02,3,10,0,1,218
0,3,2025-10-03,4,10,0,0,144
0,3,2025-10-04,5,10,0,0,177
0,3,2025-10-05,6,10,0,0,168
0,3,2025-10-06,0,10,0,0,125
0,3,2025-10-07,1,10,0,1,189
0,3,2025-10-08,2,10,0,0,121
0,3,2025-10-09,3,10,0,0,180
0,3,2025-10-10,4,10,0,1,210
0,3,2025-10-11,5,10,0,0,144
0,3,2025-10-12,6,10,0,0,165
0,3,2025-10-13,0,10,0,0,110
0,3,2025-10-14,1,10,0,0,158
0,3,2025-10-15,2,10,0,0,117
0,3,2025-10-16,3,10,0,0,139
0,3,2025-10-17,4,10,0,0,150
0,3,2025-10-18,5,10,0,0,164
0,3,2025-10-19,6,10,0,0,157
0,3,2025-10-20,0,10,0,0,130
0,3,2025-10-21,1,10,0,0,128
0,3,2025-10-22,2,10,0,0,118
0,3,2025-10-23,3,10,0,0,121
0,3,2025-10-24,4,10,0,0,158
0,3,2025-10-25,5,10,0,0,152
0,3,2025-10-26,6,10,0,1,193
0,3,2025-10-27,0,10,0,0,119
0,3,2025-10-28,1,10,0,0,151
0,3,2025-10-29,2,10,0,0,142
0,3,2025-10-30,3,10,0,0,140
0,3,2025-10-31,4,10,0,0,124
0,3,2025-11-01,5,11,0,0,175
0,3,2025-11-02,6,11,0,1,204
0,3,2025-11-03,0,11,0,0,130
0,3,2025-11-04,1,11,0,0,155
0,3,2025-11-05,2,11,0,0,153
0,3,2025-11-06,3,11,0,0,116
0,3,2025-11-07,4,11,0,0,118
0,3,2025-11-08,5,11,0,0,164
0,3,2025-11-09,6,11,0,0,203
0,3,2025-11-10,0,11,0,1,143
0,3,2025-11-11,1,11,0,0,141
0,3,2025-11-12,2,11,0,0,108
0,3,2025-11-13,3,11,0,0,123
0,3,2025-11-14,4,11,0,0,128
0,3,2025-11-15,5,11,0,0,151
0,3,2025-11-16,6,11,0,0,148
0,3,2025-11-17,0,11,0,0,136
0,3,2025-11-18,1,11,0,0,125
0,3,2025-11-19,2,11,0,0,106
0,3,2025-11-20,3,11,0,0,152
0,3,2025-11-21,4,11,0,1,223
0,3,2025-11-22,5,11,1,0,278
0,3,2025-11-23,6,11,1,0,190
0,3,2025-11-24,0,11,1,0,231
0,3,2025-11-25,1,11,1,0,244
0,3,2025-11-26,2,11,1,0,187
0,3,2025-11-27,3,11,1,0,222
0,3,2025-11-28,4,11,1,0,218
0,3,2025-11-29,5,11,0,0,205
0,3,2025-11-30,6,11,0,0,207
0,3,2025-12-01,0,12,0,0,108
0,3,2025-12-02,1,12,0,0,198
0,3,2025-12-03,2,12,0,0,125
0,3,2025-12-04,3,12,0,0,166
0,3,2025-12-05,4,12,0,0,165
0,3,2025-12-06,5,12,0,0,144
0,3,2025-12-07,6,12,0,0,182
0,3,2025-12-08,0,12,0,0,142
0,3,2025-12-09,1,12,0,0,156
0,3,2025-12-10,2,12,0,0,149
0,3,2025-12-11,3,12,0,0,170
0,3,2025-12-12,4,12,0,0,146
0,3,2025-12-13,5,12,0,0,165
0,3,2025-12-14,6,12,0,0,197
0,3,2025-12-15,0,12,0,0,157
0,3,2025-12-16,1,12,0,0,160
0,3,2025-12-17,2,12,0,0,130
0,3,2025-12-18,3,12,0,0,122
0,3,2025-12-19,4,12,0,0,132
0,3,2025-12-20,5,12,0,0,154
0,3,2025-12-21,6,12,0,0,190
0,3,2025-12-22,0,12,0,0,165
0,3,2025-12-23,1,12,0,0,141
0,3,2025-12-24,2,12,1,0,279
0,3,2025-12-25,3,12,1,0,277
0,3,2025-12-26,4,12,0,0,150
0,3,2025-12-27,5,12,0,0,149
0,3,2025-12-28,6,12,0,0,210
0,3,2025-12-29,0,12,0,0,143
0,3,2025-12-30,1,12,0,0,147
0,3,2025-12-31,2,12,1,0,219
0,3,2026-01-01,3,1,0,0,133
0,3,2026-01-02,4,1,0,0,119
0,3,2026-01-03,5,1,0,0,195
0,3,2026-01-04,6,1,0,0,157
0,3,2026-01-05,0,1,0,0,223
0,3,2026-01-06,1,1,0,0,128
0,3,2026-01-07,2,1,0,0,124
0,3,2026-01-08,3,1,0,0,165
0,3,2026-01-09,4,1,0,0,188
0,3,2026-01-10,5,1,0,0,180
0,3,2026-01-11,6,1,0,0,194
0,3,2026-01-12,0,1,0,0,111
0,3,2026-01-13,1,1,0,0,138
0,3,2026-01-14,2,1,0,0,129
0,3,2026-01-15,3,1,0,0,110
0,3,2026-01-16,4,1,0,0,156
0,3,2026-01-17,5,1,0,0,119
0,3,2026-01-18,6,1,0,0,143
0,3,2026-01-19,0,1,0,0,141
0,3,2026-01-20,1,1,0,0,134
0,3,2026-01-21,2,1,0,0,162
0,3,2026-01-22,3,1,0,0,160
0,3,2026-01-23,4,1,0,0,174
0,3,2026-01-24,5,1,0,0,198
0,3,2026-01-25,6,1,0,0,209
0,3,2026-01-26,0,1,0,0,153
0,3,2026-01-27,1,1,0,0,160
0,3,2026-01-28,2,1,0,0,165
0,3,2026-01-29,3,1,0,0,156
0,3,2026-01-30,4,1,0,0,144
0,3,2026-01-31,5,1,0,0,170
0,3,2026-02-01,6,2,0,0,162
0,3,2026-02-02,0,2,0,0,169
0,3,2026-02-03,1,2,0,0,157
0,3,2026-02-04,2,2,0,0,144
0,3,2026-02-05,3,2,0,0,144
0,3,2026-02-06,4,2,0,0,131
0,3,2026-02-07,5,2,0,0,212
0,3,2026-02-08,6,2,0,0,187
0,3,2026-02-09,0,2,0,0,139
0,3,2026-02-10,1,2,0,0,179
0,3,2026-02-11,2,2,0,1,205
0,3,2026-02-12,3,2,0,0,126
0,3,2026-02-13,4,2,0,0,184
0,3,2026-02-14,5,2,0,0,170
0,3,2026-02-15,6,2,0,0,173
0,3,2026-02-16,0,2,0,1,225
0,3,2026-02-17,1,2,0,0,187
0,3,2026-02-18,2,2,0,0,160
0,3,2026-02-19,3,2,0,0,131
0,3,2026-02-20,4,2,0,0,172
0,3,2026-02-21,5,2,0,1,231
0,3,2026-02-22,6,2,0,0,237
0,3,2026-02-23,0,2,0,0,159
0,3,2026-02-24,1,2,0,0,106
0,3,2026-02-25,2,2,0,0,168
0,3,2026-02-26,3,2,0,0,206
0,3,2026-02-27,4,2,0,0,197
0,3,2026-02-28,5,2,0,0,235
0,3,2026-03-01,6,3,0,0,159
0,3,2026-03-02,0,3,0,0,184
0,3,2026-03-03,1,3,0,0,144
0,3,2026-03-04,2,3,0,0,167
0,3,2026-03-05,3,3,0,0,131
0,3,2026-03-06,4,3,0,0,146
0,3,2026-03-07,5,3,0,0,168
0,3,2026-03-08,6,3,0,0,212
0,3,2026-03-09,0,3,0,0,181
0,3,2026-03-10,1,3,0,0,169
0,3,2026-03-11,2,3,0,0,129
0,3,2026-03-12,3,3,0,0,154
0,3,2026-03-13,4,3,0,0,144
0,3,2026-03-14,5,3,0,0,211
0,3,2026-03-15,6,3,0,0,220
0,3,2026-03-16,0,3,0,0,187
0,3,2026-03-17,1,3,0,0,144
0,3,2026-03-18,2,3,0,0,96
0,3,2026-03-19,3,3,0,0,119
0,3,2026-03-20,4,3,0,0,196
0,3,2026-03-21,5,3,0,0,176
0,3,2026-03-22,6,3,0,0,166
0,3,2026-03-23,0,3,0,0,202
0,3,2026-03-24,1,3,0,0,192
0,3,2026-03-25,2,3,0,0,162
0,3,2026-03-26,3,3,0,0,155
0,3,2026-03-27,4,3,0,0,159
0,3,2026-03-28,5,3,0,0,193
0,3,2026-03-29,6,3,0,0,232
0,3,2026-03-30,0,3,0,0,172
0,3,2026-03-31,1,3,0,0,179
0,3,2026-04-01,2,4,0,0,187
0,3,2026-04-02,3,4,0,0,132
0,3,2026-04-03,4,4,0,0,178
0,3,2026-04-04,5,4,0,0,177
0,3,2026-04-05,6,4,0,0,115
0,3,2026-04-06,0,4,0,0,109
0,3,2026-04-07,1,4,0,0,135
0,3,2026-04-08,2,4,0,1,242
0,3,2026-04-09,3,4,0,0,162
0,3,2026-04-10,4,4,0,0,164
0,3,2026-04-11,5,4,0,0,239
0,3,2026-04-12,6,4,0,0,150
0,3,2026-04-13,0,4,0,0,159
0,3,2026-04-14,1,4,0,0,167
0,3,2026-04-15,2,4,0,0,142
0,3,2026-04-16,3,4,0,0,160
0,3,2026-04-17,4,4,0,0,121
0,3,2026-04-18,5,4,0,0,224
0,3,2026-04-19,6,4,0,0,166
0,3,2026-04-20,0,4,0,0,208
0,3,2026-04-21,1,4,0,0,159
0,3,2026-04-22,2,4,0,0,184
0,3,2026-04-23,3,4,0,0,158
0,3,2026-04-24,4,4,0,0,159
0,3,2026-04-25,5,4,0,0,169
0,3,2026-04-26,6,4,0,1,254
0,3,2026-04-27,0,4,0,0,167
0,3,2026-04-28,1,4,0,0,141
0,3,2026-04-29,2,4,0,0,157
0,3,2026-04-30,3,4,0,0,145
0,3,2026-05-01,4,5,0,0,206
0,3,2026-05-02,5,5,0,0,176
0,3,2026-05-03,6,5,0,0,220
0,3,2026-05-04,0,5,0,0,149
0,3,2026-05-05,1,5,0,0,159
0,3,2026-05-06,2,5,0,0,123
0,3,2026-05-07,3,5,0,0,143
0,3,2026-05-08,4,5,0,0,158
0,3,2026-05-09,5,5,0,0,221
0,3,2026-05-10,6,5,0,0,185
0,3,2026-05-11,0,5,0,0,185
0,3,2026-05-12,1,5,0,0,168
0,3,2026-05-13,2,5,0,0,191
0,3,2026-05-14,3,5,0,0,152
0,3,2026-05-15,4,5,0,0,208
0,3,2026-05-16,5,5,0,0,166
0,3,2026-05-17,6,5,0,0,158
0,3,2026-05-18,0,5,0,0,126
0,3,2026-05-19,1,5,0,0,207
0,3,2026-05-20,2,5,0,0,172
0,3,2026-05-21,3,5,0,0,146
0,3,2026-05-22,4,5,0,0,182
0,3,2026-05-23,5,5,0,0,197
0,3,2026-05-24,6,5,0,0,231
0,3,2026-05-25,0,5,0,0,118
0,3,2026-05-26,1,5,0,0,147
0,3,2026-05-27,2,5,0,0,143
0,3,2026-05-28,3,5,0,0,108
0,3,2026-05-29,4,5,0,0,178
0,3,2026-05-30,5,5,0,0,172
0,3,2026-05-31,6,5,0,0,199
0,3,2026-06-01,0,6,0,0,196
0,3,2026-06-02,1,6,0,0,137
0,3,2026-06-03,2,6,0,0,136
0,3,2026-06-04,3,6,0,0,147
0,3,2026-06-05,4,6,0,0,166
0,3,2026-06-06,5,6,0,0,156
0,3,2026-06-07,6,6,0,0,154
0,3,2026-06-08,0,6,0,0,168
0,3,2026-06-09,1,6,0,0,153
0,3,2026-06-10,2,6,0,0,101
0,3,2026-06-11,3,6,0,0,118
0,3,2026-06-12,4,6,0,0,177
0,3,2026-06-13,5,6,0,0,180
0,3,2026-06-14,6,6,0,0,151
0,3,2026-06-15,0,6,0,0,141
0,3,2026-06-16,1,6,0,0,145
0,3,2026-06-17,2,6,0,0,161
0,3,2026-06-18,3,6,0,0,116
0,3,2026-06-19,4,6,0,0,127
0,3,2026-06-20,5,6,0,0,177
0,3,2026-06-21,6,6,0,0,168
0,3,2026-06-22,0,6,0,0,157
0,3,2026-06-23,1,6,0,0,118
0,3,2026-06-24,2,6,0,0,153
0,3,2026-06-25,3,6,0,0,169
0,3,2026-06-26,4,6,0,0,156
0,3,2026-06-27,5,6,0,0,174
0,3,2026-06-28,6,6,0,0,168
0,3,2026-06-29,0,6,0,1,183
0,3,2026-06-30,1,6,0,0,143
0,3,2026-07-01,2,7,0,0,162
0,3,2026-07-02,3,7,0,0,134
0,3,2026-07-03,4,7,0,0,118
0,3,2026-07-04,5,7,0,0,150
0,3,2026-07-05,6,7,0,0,167
0,3,2026-07-06,0,7,0,0,129
0,3,2026-07-07,1,7,0,0,146
0,3,2026-07-08,2,7,0,0,147
0,3,2026-07-09,3,7,0,0,155
0,3,2026-07-10,4,7,0,0,165
0,3,2026-07-11,5,7,0,0,186
0,3,2026-07-12,6,7,0,0,139
0,3,2026-07-13,0,7,0,0,118
0,3,2026-07-14,1,7,0,0,135
0,3,2026-07-15,2,7,0,0,127
0,3,2026-07-16,3,7,0,0,113
0,3,2026-07-17,4,7,0,0,127
0,3,2026-07-18,5,7,0,0,150
0,3,2026-07-19,6,7,0,0,146
0,3,2026-07-20,0,7,0,0,130
0,3,2026-07-21,1,7,0,0,160
0,3,2026-07-22,2,7,0,0,141
0,3,2026-07-23,3,7,0,0,187
0,3,2026-07-24,4,7,0,0,140
0,3,2026-07-25,5,7,0,0,155
0,3,2026-07-26,6,7,0,1,226
0,3,2026-07-27,0,7,0,0,142
0,3,2026-07-28,1,7,0,0,145
0,3,2026-07-29,2,7,0,0,179
0,3,2026-07-30,3,7,0,0,119
0,3,2026-07-31,4,7,0,0,154
0,3,2026-08-01,5,8,0,0,160
0,3,2026-08-02,6,8,0,1,168
0,3,2026-08-03,0,8,0,0,145
0,3,2026-08-04,1,8,0,0,155
0,3,2026-08-05,2,8,0,0,114
0,3,2026-08-06,3,8,0,0,130
0,3,2026-08-07,4,8,0,0,97
0,3,2026-08-08,5,8,0,0,126
0,3,2026-08-09,6,8,0,0,180
0,3,2026-08-10,0,8,0,0,121
0,3,2026-08-11,1,8,0,0,109
0,3,2026-08-12,2,8,0,0,135
0,3,2026-08-13,3,8,0,0,120
0,3,2026-08-14,4,8,0,1,181
0,3,2026-08-15,5,8,0,1,244
0,3,2026-08-16,6,8,0,0,129
0,3,2026-08-17,0,8,0,0,113
0,3,2026-08-18,1,8,0,0,133
0,3,2026-08-19,2,8,0,0,149
0,3,2026-08-20,3,8,0,0,154
0,3,2026-08-21,4,8,0,0,117
0,3,2026-08-22,5,8,0,0,177
0,3,2026-08-23,6,8,0,0,137
0,3,2026-08-24,0,8,0,0,166
0,3,2026-08-25,1,8,0,0,108
0,3,2026-08-26,2,8,0,0,156
0,3,2026-08-27,3,8,0,0,118
0,3,2026-08-28,4,8,0,0,169
0,3,2026-08-29,5,8,0,0,169
0,3,2026-08-30,6,8,0,0,132
0,3,2026-08-31,0,8,0,0,120
0,4,2024-09-01,6,9,0,0,201
0,4,2024-09-02,0,9,0,0,185
0,4,2024-09-03,1,9,0,0,165
0,4,2024-09-04,2,9,0,0,165
0,4,2024-09-05,3,9,0,0,150
0,4,2024-09-06,4,9,0,0,167
0,4,2024-09-07,5,9,0,0,200
0,4,2024-09-08,6,9,0,0,193
0,4,2024-09-09,0,9,0,0,151
0,4,2024-09-10,1,9,0,0,196
0,4,2024-09-11,2,9,0,0,158
0,4,2024-09-12,3,9,0,0,143
0,4,2024-09-13,4,9,0,0,152
0,4,2024-09-14,5,9,0,0,202
0,4,2024-09-15,6,9,0,0,211
0,4,2024-09-16,0,9,0,0,169
0,4,2024-09-17,1,9,0,0,170
0,4,2024-09-18,2,9,0,0,153
0,4,2024-09-19,3,9,0,1,251
0,4,2024-09-20,4,9,0,1,227
0,4,2024-09-21,5,9,0,0,192
0,4,2024-09-22,6,9,0,0,188
0,4,2024-09-23,0,9,0,0,146
0,4,2024-09-24,1,9,0,0,175
0,4,2024-09-25,2,9,0,0,171
0,4,2024-09-26,3,9,0,1,263
0,4,2024-09-27,4,9,0,0,162
0,4,2024-09-28,5,9,0,0,215
0,4,2024-09-29,6,9,0,0,174
0,4,2024-09-30,0,9,0,0,173
0,4,2024-10-01,1,10,0,0,167
0,4,2024-10-02,2,10,0,0,173
0,4,2024-10-03,3,10,0,0,170
0,4,2024-10-04,4,10,0,0,151
0,4,2024-10-05,5,10,0,0,181
0,4,2024-10-06,6,10,0,0,194
0,4,2024-10-07,0,10,0,0,172
0,4,2024-10-08,1,10,0,0,174
0,4,2024-10-09,2,10,0,0,146
0,4,2024-10-10,3,10,0,0,152
0,4,2024-10-11,4,10,0,1,233
0,4,2024-10-12,5,10,0,0,200
0,4,2024-10-13,6,10,0,0,183
0,4,2024-10-14,0,10,0,0,146
0,4,2024-10-15,1,10,0,0,154
0,4,2024-10-16,2,10,0,0,166
0,4,2024-10-17,3,10,0,0,149
0,4,2024-10-18,4,10,0,0,163
0,4,2024-10-19,5,10,0,0,223
0,4,2024-10-20,6,10,0,0,184
0,4,2024-10-21,0,10,0,0,162
0,4,2024-10-22,1,10,0,0,178
0,4,2024-10-23,2,10,0,0,159
0,4,2024-10-24,3,10,0,0,157
0,4,2024-10-25,4,10,0,0,180
0,4,2024-10-26,5,10,0,0,200
0,4,2024-10-27,6,10,0,1,314
0,4,2024-10-28,0,10,0,0,170
0,4,2024-10-29,1,10,0,0,160
0,4,2024-10-30,2,10,0,0,171
0,4,2024-10-31,3,10,0,0,169
0,4,2024-11-01,4,11,0,0,187
0,4,2024-11-02,5,11,0,0,204
0,4,2024-11-03,6,11,0,0,214
0,4,2024-11-04,0,11,0,0,172
0,4,2024-11-05,1,11,0,0,183
0,4,2024-11-06,2,11,0,0,158
0,4,2024-11-07,3,11,0,0,187
0,4,2024-11-08,4,11,0,1,265
0,4,2024-11-09,5,11,0,0,191
0,4,2024-11-10,6,11,0,0,234
0,4,2024-11-11,0,11,0,0,204
0,4,2024-11-12,1,11,0,0,187
0,4,2024-11-13,2,11,0,0,193
0,4,2024-11-14,3,11,0,0,174
0,4,2024-11-15,4,11,0,0,150
0,4,2024-11-16,5,11,0,0,182
0,4,2024-11-17,6,11,0,0,218
0,4,2024-11-18,0,11,0,0,165
0,4,2024-11-19,1,11,0,0,160
0,4,2024-11-20,2,11,0,0,172
0,4,2024-11-21,3,11,0,0,181
0,4,2024-11-22,4,11,1,0,250
0,4,2024-11-23,5,11,1,0,312
0,4,2024-11-24,6,11,1,0,363
0,4,2024-11-25,0,11,1,0,258
0,4,2024-11-26,1,11,1,0,303
0,4,2024-11-27,2,11,1,0,272
0,4,2024-11-28,3,11,1,0,295
0,4,2024-11-29,4,11,0,0,188
0,4,2024-11-30,5,11,0,0,226
0,4,2024-12-01,6,12,0,0,241
0,4,2024-12-02,0,12,0,0,167
0,4,2024-12-03,1,12,0,0,200
0,4,2024-12-04,2,12,0,0,171
0,4,2024-12-05,3,12,0,0,188
0,4,2024-12-06,4,12,0,0,188
0,4,2024-12-07,5,12,0,0,234
0,4,2024-12-08,6,12,0,0,231
0,4,2024-12-09,0,12,0,0,171
0,4,2024-12-10,1,12,0,0,164
0,4,2024-12-11,2,12,0,1,285
0,4,2024-12-12,3,12,0,1,270
0,4,2024-12-13,4,12,0,0,201
0,4,2024-12-14,5,12,0,0,224
0,4,2024-12-15,6,12,0,0,199
0,4,2024-12-16,0,12,0,0,198
0,4,2024-12-17,1,12,0,0,178
0,4,2024-12-18,2,12,0,0,189
0,4,2024-12-19,3,12,0,0,174
0,4,2024-12-20,4,12,0,0,208
0,4,2024-12-21,5,12,0,0,209
0,4,2024-12-22,6,12,0,1,299
0,4,2024-12-23,0,12,0,0,186
0,4,2024-12-24,1,12,1,0,268
0,4,2024-12-25,2,12,1,0,302
0,4,2024-12-26,3,12,0,0,208
0,4,2024-12-27,4,12,0,0,177
0,4,2024-12-28,5,12,0,0,232
0,4,2024-12-29,6,12,0,0,175
0,4,2024-12-30,0,12,0,0,183
0,4,2024-12-31,1,12,1,1,367
0,4,2025-01-01,2,1,0,0,182
0,4,2025-01-02,3,1,0,0,212
0,4,2025-01-03,4,1,0,0,190
0,4,2025-01-04,5,1,0,0,233
0,4,2025-01-05,6,1,0,0,229
0,4,2025-01-06,0,1,0,0,165
0,4,2025-01-07,1,1,0,0,177
0,4,2025-01-08,2,1,0,0,210
0,4,2025-01-09,3,1,0,0,162
0,4,2025-01-10,4,1,0,0,183
0,4,2025-01-11,5,1,0,0,228
0,4,2025-01-12,6,1,0,0,269
0,4,2025-01-13,0,1,0,0,207
0,4,2025-01-14,1,1,0,0,186
0,4,2025-01-15,2,1,0,0,215
0,4,2025-01-16,3,1,0,0,183
0,4,2025-01-17,4,1,0,1,300
0,4,2025-01-18,5,1,0,0,210
0,4,2025-01-19,6,1,0,0,256
0,4,2025-01-20,0,1,0,0,189
0,4,2025-01-21,1,1,0,0,179
0,4,2025-01-22,2,1,0,0,192
0,4,2025-01-23,3,1,0,0,199
0,4,2025-01-24,4,1,0,0,187
0,4,2025-01-25,5,1,0,0,246
0,4,2025-01-26,6,1,0,0,225
0,4,2025-01-27,0,1,0,0,205
0,4,2025-01-28,1,1,0,0,202
0,4,2025-01-29,2,1,0,0,194
0,4,2025-01-30,3,1,0,0,188
0,4,2025-01-31,4,1,0,0,197
0,4,2025-02-01,5,2,0,0,255
0,4,2025-02-02,6,2,0,0,285
0,4,2025-02-03,0,2,0,1,307
0,4,2025-02-04,1,2,0,0,219
0,4,2025-02-05,2,2,0,0,254
0,4,2025-02-06,3,2,0,0,212
0,4,2025-02-07,4,2,0,0,211
0,4,2025-02-08,5,2,0,0,258
0,4,2025-02-09,6,2,0,0,224
0,4,2025-02-10,0,2,0,0,196
0,4,2025-02-11,1,2,0,0,195
0,4,2025-02-12,2,2,0,0,214
0,4,2025-02-13,3,2,0,0,200
0,4,2025-02-14,4,2,0,0,205
0,4,2025-02-15,5,2,0,0,265
0,4,2025-02-16,6,2,0,0,261
0,4,2025-02-17,0,2,0,0,201
0,4,2025-02-18,1,2,0,0,192
0,4,2025-02-19,2,2,0,0,222
0,4,2025-02-20,3,2,0,0,216
0,4,2025-02-21,4,2,0,0,177
0,4,2025-02-22,5,2,0,1,318
0,4,2025-02-23,6,2,0,0,247
0,4,2025-02-24,0,2,0,0,216
0,4,2025-02-25,1,2,0,0,218
0,4,2025-02-26,2,2,0,1,292
0,4,2025-02-27,3,2,0,0,213
0,4,2025-02-28,4,2,0,0,204
0,4,2025-03-01,5,3,0,0,234
0,4,2025-03-02,6,3,0,0,242
0,4,2025-03-03,0,3,0,0,207
0,4,2025-03-04,1,3,0,0,206
0,4,2025-03-05,2,3,0,1,245
0,4,2025-03-06,3,3,0,0,200
0,4,2025-03-07,4,3,0,0,207
0,4,2025-03-08,5,3,0,0,242
0,4,2025-03-09,6,3,0,0,242
0,4,2025-03-10,0,3,0,0,214
0,4,2025-03-11,1,3,0,0,188
0,4,2025-03-12,2,3,0,0,179
0,4,2025-03-13,3,3,0,0,200
0,4,2025-03-14,4,3,0,0,219
0,4,2025-03-15,5,3,0,0,281
0,4,2025-03-16,6,3,0,0,263
0,4,2025-03-17,0,3,0,0,182
0,4,2025-03-18,1,3,0,0,202
0,4,2025-03-19,2,3,0,0,211
0,4,2025-03-20,3,3,0,0,209
0,4,2025-03-21,4,3,0,0,215
0,4,2025-03-22,5,3,0,0,229
0,4,2025-03-23,6,3,0,0,248
0,4,2025-03-24,0,3,0,1,299
0,4,2025-03-25,1,3,0,0,220
0,4,2025-03-26,2,3,0,1,270
0,4,2025-03-27,3,3,0,0,201
0,4,2025-03-28,4,3,0,0,161
0,4,2025-03-29,5,3,0,0,235
0,4,2025-03-30,6,3,0,0,237
0,4,2025-03-31,0,3,0,0,189
0,4,2025-04-01,1,4,0,0,206
0,4,2025-04-02,2,4,0,0,202
0,4,2025-04-03,3,4,0,0,166
0,4,2025-04-04,4,4,0,0,207
0,4,2025-04-05,5,4,0,0,226
0,4,2025-04-06,6,4,0,0,254
0,4,2025-04-07,0,4,0,0,182
0,4,2025-04-08,1,4,0,0,204
0,4,2025-04-09,2,4,0,0,199
0,4,2025-04-10,3,4,0,0,208
0,4,2025-04-11,4,4,0,0,205
0,4,2025-04-12,5,4,0,0,239
0,4,2025-04-13,6,4,0,0,214
0,4,2025-04-14,0,4,0,0,179
0,4,2025-04-15,1,4,0,0,194
0,4,2025-04-16,2,4,0,0,203
0,4,2025-04-17,3,4,0,0,193
0,4,2025-04-18,4,4,0,0,214
0,4,2025-04-19,5,4,0,0,239
0,4,2025-04-20,6,4,0,0,225
0,4,2025-04-21,0,4,0,0,199
0,4,2025-04-22,1,4,0,0,207
0,4,2025-04-23,2,4,0,0,209
0,4,2025-04-24,3,4,0,0,234
0,4,2025-04-25,4,4,0,0,193
0,4,2025-04-26,5,4,0,0,243
0,4,2025-04-27,6,4,0,0,253
0,4,2025-04-28,0,4,0,0,203
0,4,2025-04-29,1,4,0,0,195
0,4,2025-04-30,2,4,0,0,178
0,4,2025-05-01,3,5,0,0,187
0,4,2025-05-02,4,5,0,0,179
0,4,2025-05-03,5,5,0,0,204
0,4,2025-05-04,6,5,0,0,221
0,4,2025-05-05,0,5,0,0,179
0,4,2025-05-06,1,5,0,0,205
0,4,2025-05-07,2,5,0,0,205
0,4,2025-05-08,3,5,0,0,181
0,4,2025-05-09,4,5,0,0,191
0,4,2025-05-10,5,5,0,0,201
0,4,2025-05-11,6,5,0,0,227
0,4,2025-05-12,0,5,0,0,202
0,4,2025-05-13,1,5,0,0,208
0,4,2025-05-14,2,5,0,0,184
0,4,2025-05-15,3,5,0,0,212
0,4,2025-05-16,4,5,0,0,172
0,4,2025-05-17,5,5,0,0,213
0,4,2025-05-18,6,5,0,0,250
0,4,2025-05-19,0,5,0,0,222
0,4,2025-05-20,1,5,0,0,203
0,4,2025-05-21,2,5,0,0,195
0,4,2025-05-22,3,5,0,0,161
0,4,2025-05-23,4,5,0,0,164
0,4,2025-05-24,5,5,0,0,239
0,4,2025-05-25,6,5,0,0,230
0,4,2025-05-26,0,5,0,0,178
0,4,2025-05-27,1,5,0,0,197
0,4,2025-05-28,2,5,0,0,197
0,4,2025-05-29,3,5,0,0,210
0,4,2025-05-30,4,5,0,0,198
0,4,2025-05-31,5,5,0,0,260
0,4,2025-06-01,6,6,0,0,226
0,4,2025-06-02,0,6,0,0,183
0,4,2025-06-03,1,6,0,0,200
0,4,2025-06-04,2,6,0,0,170
0,4,2025-06-05,3,6,0,0,226
0,4,2025-06-06,4,6,0,0,190
0,4,2025-06-07,5,6,0,1,317
0,4,2025-06-08,6,6,0,0,235
0,4,2025-06-09,0,6,0,0,212
0,4,2025-06-10,1,6,0,0,196
0,4,2025-06-11,2,6,0,0,161
0,4,2025-06-12,3,6,0,0,205
0,4,2025-06-13,4,6,0,0,180
0,4,2025-06-14,5,6,0,0,227
0,4,2025-06-15,6,6,0,0,202
0,4,2025-06-16,0,6,0,0,192
0,4,2025-06-17,1,6,0,0,175
0,4,2025-06-18,2,6,0,0,186
0,4,2025-06-19,3,6,0,0,180
0,4,2025-06-20,4,6,0,0,213
0,4,2025-06-21,5,6,0,0,261
0,4,2025-06-22,6,6,0,0,226
0,4,2025-06-23,0,6,0,0,186
0,4,2025-06-24,1,6,0,0,179
0,4,2025-06-25,2,6,0,0,201
0,4,2025-06-26,3,6,0,0,180
0,4,2025-06-27,4,6,0,0,178
0,4,2025-06-28,5,6,0,0,243
0,4,2025-06-29,6,6,0,0,216
0,4,2025-06-30,0,6,0,0,184
0,4,2025-07-01,1,7,0,0,152
0,4,2025-07-02,2,7,0,0,183
0,4,2025-07-03,3,7,0,0,201
0,4,2025-07-04,4,7,0,0,184
0,4,2025-07-05,5,7,0,0,240
0,4,2025-07-06,6,7,0,0,200
0,4,2025-07-07,0,7,0,0,177
0,4,2025-07-08,1,7,0,0,160
0,4,2025-07-09,2,7,0,0,170
0,4,2025-07-10,3,7,0,0,184
0,4,2025-07-11,4,7,0,0,175
0,4,2025-07-12,5,7,0,0,190
0,4,2025-07-13,6,7,0,0,192
0,4,2025-07-14,0,7,0,0,154
0,4,2025-07-15,1,7,0,0,181
0,4,2025-07-16,2,7,0,0,203
0,4,2025-07-17,3,7,0,0,193
0,4,2025-07-18,4,7,0,0,147
0,4,2025-07-19,5,7,0,0,239
0,4,2025-07-20,6,7,0,0,231
0,4,2025-07-21,0,7,0,0,152
0,4,2025-07-22,1,7,0,0,169
0,4,2025-07-23,2,7,0,0,189
0,4,2025-07-24,3,7,0,0,181
0,4,2025-07-25,4,7,0,0,155
0,4,2025-07-26,5,7,0,0,225
0,4,2025-07-27,6,7,0,0,178
0,4,2025-07-28,0,7,0,0,171
0,4,2025-07-29,1,7,0,0,190
0,4,2025-07-30,2,7,0,0,174
0,4,2025-07-31,3,7,0,0,167
0,4,2025-08-01,4,8,0,0,178
0,4,2025-08-02,5,8,0,0,223
0,4,2025-08-03,6,8,0,0,228
0,4,2025-08-04,0,8,0,0,177
0,4,2025-08-05,1,8,0,0,180
0,4,2025-08-06,2,8,0,0,175
0,4,2025-08-07,3,8,0,0,169
0,4,2025-08-08,4,8,0,1,250
0,4,2025-08-09,5,8,0,0,203
0,4,2025-08-10,6,8,0,0,186
0,4,2025-08-11,0,8,0,0,153
0,4,2025-08-12,1,8,0,0,162
0,4,2025-08-13,2,8,0,0,169
0,4,2025-08-14,3,8,0,0,185
0,4,2025-08-15,4,8,0,1,247
0,4,2025-08-16,5,8,0,1,313
0,4,2025-08-17,6,8,0,0,225
0,4,2025-08-18,0,8,0,0,163
0,4,2025-08-19,1,8,0,0,174
0,4,2025-08-20,2,8,0,0,163
0,4,2025-08-21,3,8,0,0,183
0,4,2025-08-22,4,8,0,0,174
0,4,2025-08-23,5,8,0,0,187
0,4,2025-08-24,6,8,0,0,209
0,4,2025-08-25,0,8,0,0,188
0,4,2025-08-26,1,8,0,0,163
0,4,2025-08-27,2,8,0,0,172
0,4,2025-08-28,3,8,0,0,173
0,4,2025-08-29,4,8,0,0,152
0,4,2025-08-30,5,8,0,0,215
0,4,2025-08-31,6,8,0,0,184
0,4,2025-09-01,0,9,0,0,155
0,4,2025-09-02,1,9,0,0,177
0,4,2025-09-03,2,9,0,0,168
0,4,2025-09-04,3,9,0,0,159
0,4,2025-09-05,4,9,0,0,169
0,4,2025-09-06,5,9,0,0,203
0,4,2025-09-07,6,9,0,0,204
0,4,2025-09-08,0,9,0,0,172
0,4,2025-09-09,1,9,0,0,153
0,4,2025-09-10,2,9,0,0,163
0,4,2025-09-11,3,9,0,0,159
0,4,2025-09-12,4,9,0,0,142
0,4,2025-09-13,5,9,0,0,189
0,4,2025-09-14,6,9,0,0,230
0,4,2025-09-15,0,9,0,0,168
0,4,2025-09-16,1,9,0,0,146
0,4,2025-09-17,2,9,0,0,143
0,4,2025-09-18,3,9,0,0,161
0,4,2025-09-19,4,9,0,0,183
0,4,2025-09-20,5,9,0,0,201
0,4,2025-09-21,6,9,0,0,225
0,4,2025-09-22,0,9,0,0,168
0,4,2025-09-23,1,9,0,0,169
0,4,2025-09-24,2,9,0,0,145
0,4,2025-09-25,3,9,0,0,175
0,4,2025-09-26,4,9,0,0,159
0,4,2025-09-27,5,9,0,0,218
0,4,2025-09-28,6,9,0,1,268
0,4,2025-09-29,0,9,0,0,165
0,4,2025-09-30,1,9,0,0,168
0,4,2025-10-01,2,10,0,1,245
0,4,2025-10-02,3,10,0,0,171
0,4,2025-10-03,4,10,0,0,162
0,4,2025-10-04,5,10,0,0,196
0,4,2025-10-05,6,10,0,0,234
0,4,2025-10-06,0,10,0,0,180
0,4,2025-10-07,1,10,0,1,233
0,4,2025-10-08,2,10,0,0,174
0,4,2025-10-09,3,10,0,0,156
0,4,2025-10-10,4,10,0,0,150
0,4,2025-10-11,5,10,0,0,224
0,4,2025-10-12,6,10,0,0,179
0,4,2025-10-13,0,10,0,1,267
0,4,2025-10-14,1,10,0,0,163
0,4,2025-10-15,2,10,0,0,163
0,4,2025-10-16,3,10,0,1,257
0,4,2025-10-17,4,10,0,0,174
0,4,2025-10-18,5,10,0,0,193
0,4,2025-10-19,6,10,0,0,219
0,4,2025-10-20,0,10,0,1,251
0,4,2025-10-21,1,10,0,0,149
0,4,2025-10-22,2,10,0,0,164
0,4,2025-10-23,3,10,0,0,184
0,4,2025-10-24,4,10,0,0,188
0,4,2025-10-25,5,10,0,1,306
0,4,2025-10-26,6,10,0,0,187
0,4,2025-10-27,0,10,0,0,173
0,4,2025-10-28,1,10,0,0,177
0,4,2025-10-29,2,10,0,0,176
0,4,2025-10-30,3,10,0,0,177
0,4,2025-10-31,4,10,0,0,171
0,4,2025-11-01,5,11,0,0,214
0,4,2025-11-02,6,11,0,0,205
0,4,2025-11-03,0,11,0,0,148
0,4,2025-11-04,1,11,0,0,179
0,4,2025-11-05,2,11,0,0,177
0,4,2025-11-06,3,11,0,1,268
0,4,2025-11-07,4,11,0,1,229
0,4,2025-11-08,5,11,0,0,226
0,4,2025-11-09,6,11,0,0,251
0,4,2025-11-10,0,11,0,0,175
0,4,2025-11-11,1,11,0,0,173
0,4,2025-11-12,2,11,0,0,178
0,4,2025-11-13,3,11,0,0,203
0,4,2025-11-14,4,11,0,0,160
0,4,2025-11-15,5,11,0,0,219
0,4,2025-11-16,6,11,0,0,201
0,4,2025-11-17,0,11,0,0,167
0,4,2025-11-18,1,11,0,0,173
0,4,2025-11-19,2,11,0,0,193
0,4,2025-11-20,3,11,0,0,199
0,4,2025-11-21,4,11,0,0,180
0,4,2025-11-22,5,11,1,0,315
0,4,2025-11-23,6,11,1,0,390
0,4,2025-11-24,0,11,1,0,275
0,4,2025-11-25,1,11,1,0,271
0,4,2025-11-26,2,11,1,0,244
0,4,2025-11-27,3,11,1,0,316
0,4,2025-11-28,4,11,1,0,306
0,4,2025-11-29,5,11,0,0,257
0,4,2025-11-30,6,11,0,0,191
0,4,2025-12-01,0,12,0,0,207
0,4,2025-12-02,1,12,0,0,186
0,4,2025-12-03,2,12,0,0,197
0,4,2025-12-04,3,12,0,0,161
0,4,2025-12-05,4,12,0,0,207
0,4,2025-12-06,5,12,0,0,240
0,4,2025-12-07,6,12,0,0,225
0,4,2025-12-08,0,12,0,0,195
0,4,2025-12-09,1,12,0,0,174
0,4,2025-12-10,2,12,0,1,255
0,4,2025-12-11,3,12,0,0,178
0,4,2025-12-12,4,12,0,0,158
0,4,2025-12-13,5,12,0,0,242
0,4,2025-12-14,6,12,0,0,248
0,4,2025-12-15,0,12,0,0,175
0,4,2025-12-16,1,12,0,0,190
0,4,2025-12-17,2,12,0,0,181
0,4,2025-12-18,3,12,0,0,190
0,4,2025-12-19,4,12,0,0,176
0,4,2025-12-20,5,12,0,0,210
0,4,2025-12-21,6,12,0,0,245
0,4,2025-12-22,0,12,0,0,184
0,4,2025-12-23,1,12,0,0,215
0,4,2025-12-24,2,12,1,0,297
0,4,2025-12-25,3,12,1,0,273
0,4,2025-12-26,4,12,0,0,204
0,4,2025-12-27,5,12,0,0,238
0,4,2025-12-28,6,12,0,0,239
0,4,2025-12-29,0,12,0,0,203
0,4,2025-12-30,1,12,0,0,176
0,4,2025-12-31,2,12,1,0,292
0,4,2026-01-01,3,1,0,0,194
0,4,2026-01-02,4,1,0,0,176
0,4,2026-01-03,5,1,0,0,232
0,4,2026-01-04,6,1,0,0,263
0,4,2026-01-05,0,1,0,0,200
0,4,2026-01-06,1,1,0,0,175
0,4,2026-01-07,2,1,0,0,172
0,4,2026-01-08,3,1,0,0,223
0,4,2026-01-09,4,1,0,0,195
0,4,2026-01-10,5,1,0,0,225
0,4,2026-01-11,6,1,0,0,232
0,4,2026-01-12,0,1,0,0,173
0,4,2026-01-13,1,1,0,0,219
0,4,2026-01-14,2,1,0,0,190
0,4,2026-01-15,3,1,0,1,310
0,4,2026-01-16,4,1,0,0,197
0,4,2026-01-17,5,1,0,0,265
0,4,2026-01-18,6,1,0,0,242
0,4,2026-01-19,0,1,0,0,210
0,4,2026-01-20,1,1,0,0,208
0,4,2026-01-21,2,1,0,0,206
0,4,2026-01-22,3,1,0,0,202
0,4,2026-01-23,4,1,0,0,193
0,4,2026-01-24,5,1,0,0,274
0,4,2026-01-25,6,1,0,1,297
0,4,2026-01-26,0,1,0,0,197
0,4,2026-01-27,1,1,0,0,197
0,4,2026-01-28,2,1,0,0,203
0,4,2026-01-29,3,1,0,0,190
0,4,2026-01-30,4,1,0,0,201
0,4,2026-01-31,5,1,0,0,234
0,4,2026-02-01,6,2,0,0,214
0,4,2026-02-02,0,2,0,0,205
0,4,2026-02-03,1,2,0,0,186
0,4,2026-02-04,2,2,0,0,176
0,4,2026-02-05,3,2,0,0,207
0,4,2026-02-06,4,2,0,0,213
0,4,2026-02-07,5,2,0,0,256
0,4,2026-02-08,6,2,0,1,343
0,4,2026-02-09,0,2,0,0,173
0,4,2026-02-10,1,2,0,0,182
0,4,2026-02-11,2,2,0,0,237
0,4,2026-02-12,3,2,0,0,187
0,4,2026-02-13,4,2,0,0,215
0,4,2026-02-14,5,2,0,0,232
0,4,2026-02-15,6,2,0,0,247
0,4,2026-02-16,0,2,0,0,194
0,4,2026-02-17,1,2,0,0,214
0,4,2026-02-18,2,2,0,0,207
0,4,2026-02-19,3,2,0,0,197
0,4,2026-02-20,4,2,0,0,187
0,4,2026-02-21,5,2,0,0,251
0,4,2026-02-22,6,2,0,0,222
0,4,2026-02-23,0,2,0,0,212
0,4,2026-02-24,1,2,0,0,248
0,4,2026-02-25,2,2,0,0,227
0,4,2026-02-26,3,2,0,0,216
0,4,2026-02-27,4,2,0,0,203
0,4,2026-02-28,5,2,0,0,207
0,4,2026-03-01,6,3,0,0,222
0,4,2026-03-02,0,3,0,1,320
0,4,2026-03-03,1,3,0,0,194
0,4,2026-03-04,2,3,0,0,196
0,4,2026-03-05,3,3,0,0,205
0,4,2026-03-06,4,3,0,0,190
0,4,2026-03-07,5,3,0,0,224
0,4,2026-03-08,6,3,0,0,248
0,4,2026-03-09,0,3,0,0,193
0,4,2026-03-10,1,3,0,0,195
0,4,2026-03-11,2,3,0,0,195
0,4,2026-03-12,3,3,0,0,216
0,4,2026-03-13,4,3,0,0,204
0,4,2026-03-14,5,3,0,0,245
0,4,2026-03-15,6,3,0,0,260
0,4,2026-03-16,0,3,0,0,205
0,4,2026-03-17,1,3,0,0,203
0,4,2026-03-18,2,3,0,0,216
0,4,2026-03-19,3,3,0,0,219
0,4,2026-03-20,4,3,0,1,287
0,4,2026-03-21,5,3,0,0,250
0,4,2026-03-22,6,3,0,0,233
0,4,2026-03-23,0,3,0,0,193
0,4,2026-03-24,1,3,0,0,221
0,4,2026-03-25,2,3,0,0,215
0,4,2026-03-26,3,3,0,0,215
0,4,2026-03-27,4,3,0,0,212
0,4,2026-03-28,5,3,0,0,250
0,4,2026-03-29,6,3,0,1,350
0,4,2026-03-30,0,3,0,0,223
0,4,2026-03-31,1,3,0,0,223
0,4,2026-04-01,2,4,0,0,203
0,4,2026-04-02,3,4,0,0,228
0,4,2026-04-03,4,4,0,0,209
0,4,2026-04-04,5,4,0,0,258
0,4,2026-04-05,6,4,0,0,251
0,4,2026-04-06,0,4,0,0,209
0,4,2026-04-07,1,4,0,0,193
0,4,2026-04-08,2,4,0,0,216
0,4,2026-04-09,3,4,0,0,252
0,4,2026-04-10,4,4,0,0,199
0,4,2026-04-11,5,4,0,0,247
0,4,2026-04-12,6,4,0,0,237
0,4,2026-04-13,0,4,0,0,197
0,4,2026-04-14,1,4,0,0,230
0,4,2026-04-15,2,4,0,0,194
0,4,2026-04-16,3,4,0,0,197
0,4,2026-04-17,4,4,0,0,179
0,4,2026-04-18,5,4,0,0,231
0,4,2026-04-19,6,4,0,0,212
0,4,2026-04-20,0,4,0,0,215
0,4,2026-04-21,1,4,0,0,251
0,4,2026-04-22,2,4,0,0,199
0,4,2026-04-23,3,4,0,0,177
0,4,2026-04-24,4,4,0,0,220
0,4,2026-04-25,5,4,0,0,231
0,4,2026-04-26,6,4,0,0,271
0,4,2026-04-27,0,4,0,0,200
0,4,2026-04-28,1,4,0,0,194
0,4,2026-04-29,2,4,0,0,202
0,4,2026-04-30,3,4,0,0,217
0,4,2026-05-01,4,5,0,0,193
0,4,2026-05-02,5,5,0,0,228
0,4,2026-05-03,6,5,0,1,315
0,4,2026-05-04,0,5,0,0,177
0,4,2026-05-05,1,5,0,0,203
0,4,2026-05-06,2,5,0,0,169
0,4,2026-05-07,3,5,0,0,190
0,4,2026-05-08,4,5,0,0,209
0,4,2026-05-09,5,5,0,0,244
0,4,2026-05-10,6,5,0,0,249
0,4,2026-05-11,0,5,0,0,196
0,4,2026-05-12,1,5,0,0,215
0,4,2026-05-13,2,5,0,0,212
0,4,2026-05-14,3,5,0,0,204
0,4,2026-05-15,4,5,0,0,212
0,4,2026-05-16,5,5,0,0,252
0,4,2026-05-17,6,5,0,0,229
0,4,2026-05-18,0,5,0,0,176
0,4,2026-05-19,1,5,0,0,204
0,4,2026-05-20,2,5,0,0,206
0,4,2026-05-21,3,5,0,0,214
0,4,2026-05-22,4,5,0,0,182
0,4,2026-05-23,5,5,0,0,220
0,4,2026-05-24,6,5,0,0,247
0,4,2026-05-25,0,5,0,0,196
0,4,2026-05-26,1,5,0,0,167
0,4,2026-05-27,2,5,0,0,203
0,4,2026-05-28,3,5,0,0,168
0,4,2026-05-29,4,5,0,0,182
0,4,2026-05-30,5,5,0,0,264
0,4,2026-05-31,6,5,0,0,273
0,4,2026-06-01,0,6,0,0,168
0,4,2026-06-02,1,6,0,0,181
0,4,2026-06-03,2,6,0,0,187
0,4,2026-06-04,3,6,0,0,213
0,4,2026-06-05,4,6,0,0,179
0,4,2026-06-06,5,6,0,0,218
0,4,2026-06-07,6,6,0,0,255
0,4,2026-06-08,0,6,0,0,180
0,4,2026-06-09,1,6,0,0,197
0,4,2026-06-10,2,6,0,1,237
0,4,2026-06-11,3,6,0,0,183
0,4,2026-06-12,4,6,0,0,161
0,4,2026-06-13,5,6,0,0,208
0,4,2026-06-14,6,6,0,0,242
0,4,2026-06-15,0,6,0,0,185
0,4,2026-06-16,1,6,0,0,181
0,4,2026-06-17,2,6,0,0,175
0,4,2026-06-18,3,6,0,0,183
0,4,2026-06-19,4,6,0,0,190
0,4,2026-06-20,5,6,0,0,245
0,4,2026-06-21,6,6,0,0,179
0,4,2026-06-22,0,6,0,1,251
0,4,2026-06-23,1,6,0,0,188
0,4,2026-06-24,2,6,0,0,185
0,4,2026-06-25,3,6,0,0,192
0,4,2026-06-26,4,6,0,0,190
0,4,2026-06-27,5,6,0,0,221
0,4,2026-06-28,6,6,0,0,217
0,4,2026-06-29,0,6,0,0,182
0,4,2026-06-30,1,6,0,0,203
0,4,2026-07-01,2,7,0,0,165
0,4,2026-07-02,3,7,0,0,174
0,4,2026-07-03,4,7,0,0,178
0,4,2026-07-04,5,7,0,0,243
0,4,2026-07-05,6,7,0,0,211
0,4,2026-07-06,0,7,0,0,189
0,4,2026-07-07,1,7,0,0,192
0,4,2026-07-08,2,7,0,0,174
0,4,2026-07-09,3,7,0,0,172
0,4,2026-07-10,4,7,0,0,170
0,4,2026-07-11,5,7,0,0,212
0,4,2026-07-12,6,7,0,1,319
0,4,2026-07-13,0,7,0,0,178
0,4,2026-07-14,1,7,0,0,178
0,4,2026-07-15,2,7,0,0,159
0,4,2026-07-16,3,7,0,0,161
0,4,2026-07-17,4,7,0,0,205
0,4,2026-07-18,5,7,0,0,213
0,4,2026-07-19,6,7,0,0,203
0,4,2026-07-20,0,7,0,0,195
0,4,2026-07-21,1,7,0,0,179
0,4,2026-07-22,2,7,0,0,183
0,4,2026-07-23,3,7,0,0,173
0,4,2026-07-24,4,7,0,0,171
0,4,2026-07-25,5,7,0,0,213
0,4,2026-07-26,6,7,0,1,265
0,4,2026-07-27,0,7,0,0,174
0,4,2026-07-28,1,7,0,0,179
0,4,2026-07-29,2,7,0,0,201
0,4,2026-07-30,3,7,0,0,176
0,4,2026-07-31,4,7,0,0,142
0,4,2026-08-01,5,8,0,0,206
0,4,2026-08-02,6,8,0,0,254
0,4,2026-08-03,0,8,0,0,179
0,4,2026-08-04,1,8,0,0,156
0,4,2026-08-05,2,8,0,0,175
0,4,2026-08-06,3,8,0,0,157
0,4,2026-08-07,4,8,0,0,149
0,4,2026-08-08,5,8,0,1,282
0,4,2026-08-09,6,8,0,0,210
0,4,2026-08-10,0,8,0,0,142
0,4,2026-08-11,1,8,0,0,152
0,4,2026-08-12,2,8,0,0,167
0,4,2026-08-13,3,8,0,0,162
0,4,2026-08-14,4,8,0,0,172
0,4,2026-08-15,5,8,0,0,188
0,4,2026-08-16,6,8,0,0,220
0,4,2026-08-17,0,8,0,0,151
0,4,2026-08-18,1,8,0,0,189
0,4,2026-08-19,2,8,0,0,144
0,4,2026-08-20,3,8,0,0,152
0,4,2026-08-21,4,8,0,0,173
0,4,2026-08-22,5,8,0,0,236
0,4,2026-08-23,6,8,0,0,213
0,4,2026-08-24,0,8,0,0,175
0,4,2026-08-25,1,8,0,0,167
0,4,2026-08-26,2,8,0,0,153
0,4,2026-08-27,3,8,0,0,161
0,4,2026-08-28,4,8,0,0,151
0,4,2026-08-29,5,8,0,0,187
0,4,2026-08-30,6,8,0,0,215
0,4,2026-08-31,0,8,0,0,152
0,5,2024-09-01,6,9,0,0,80
0,5,2024-09-02,0,9,0,0,68
0,5,2024-09-03,1,9,0,0,64
0,5,2024-09-04,2,9,0,0,70
0,5,2024-09-05,3,9,0,0,69
0,5,2024-09-06,4,9,0,0,56
0,5,2024-09-07,5,9,0,1,105
0,5,2024-09-08,6,9,0,0,83
0,5,2024-09-09,0,9,0,0,58
0,5,2024-09-10,1,9,0,0,69
0,5,2024-09-11,2,9,0,0,66
0,5,2024-09-12,3,9,0,0,71
0,5,2024-09-13,4,9,0,0,67
0,5,2024-09-14,5,9,0,0,91
0,5,2024-09-15,6,9,0,0,99
0,5,2024-09-16,0,9,0,0,67
0,5,2024-09-17,1,9,0,0,65
0,5,2024-09-18,2,9,0,0,73
0,5,2024-09-19,3,9,0,0,65
0,5,2024-09-20,4,9,0,0,62
0,5,2024-09-21,5,9,0,0,82
0,5,2024-09-22,6,9,0,0,95
0,5,2024-09-23,0,9,0,0,72
0,5,2024-09-24,1,9,0,0,64
0,5,2024-09-25,2,9,0,0,72
0,5,2024-09-26,3,9,0,0,52
0,5,2024-09-27,4,9,0,0,64
0,5,2024-09-28,5,9,0,0,89
0,5,2024-09-29,6,9,0,0,83
0,5,2024-09-30,0,9,0,0,79
0,5,2024-10-01,1,10,0,0,65
0,5,2024-10-02,2,10,0,0,63
0,5,2024-10-03,3,10,0,0,66
0,5,2024-10-04,4,10,0,0,53
0,5,2024-10-05,5,10,0,0,84
0,5,2024-10-06,6,10,0,0,99
0,5,2024-10-07,0,10,0,0,61
0,5,2024-10-08,1,10,0,1,90
0,5,2024-10-09,2,10,0,1,110
0,5,2024-10-10,3,10,0,0,74
0,5,2024-10-11,4,10,0,0,69
0,5,2024-10-12,5,10,0,0,86
0,5,2024-10-13,6,10,0,0,88
0,5,2024-10-14,0,10,0,0,60
0,5,2024-10-15,1,10,0,0,59
0,5,2024-10-16,2,10,0,1,88
0,5,2024-10-17,3,10,0,0,62
0,5,2024-10-18,4,10,0,0,59
0,5,2024-10-19,5,10,0,0,77
0,5,2024-10-20,6,10,0,0,92
0,5,2024-10-21,0,10,0,0,67
0,5,2024-10-22,1,10,0,1,114
0,5,2024-10-23,2,10,0,1,92
0,5,2024-10-24,3,10,0,0,67
0,5,2024-10-25,4,10,0,0,67
0,5,2024-10-26,5,10,0,0,88
0,5,2024-10-27,6,10,0,0,97
0,5,2024-10-28,0,10,0,0,70
0,5,2024-10-29,1,10,0,1,101
0,5,2024-10-30,2,10,0,0,64
0,5,2024-10-31,3,10,0,0,63
0,5,2024-11-01,4,11,0,1,88
0,5,2024-11-02,5,11,0,0,86
0,5,2024-11-03,6,11,0,0,88
0,5,2024-11-04,0,11,0,0,61
0,5,2024-11-05,1,11,0,0,71
0,5,2024-11-06,2,11,0,0,76
0,5,2024-11-07,3,11,0,0,63
0,5,2024-11-08,4,11,0,0,70
0,5,2024-11-09,5,11,0,0,84
0,5,2024-11-10,6,11,0,0,91
0,5,2024-11-11,0,11,0,0,64
0,5,2024-11-12,1,11,0,0,73
0,5,2024-11-13,2,11,0,0,64
0,5,2024-11-14,3,11,0,0,75
0,5,2024-11-15,4,11,0,0,67
0,5,2024-11-16,5,11,0,0,88
0,5,2024-11-17,6,11,0,0,82
0,5,2024-11-18,0,11,0,0,70
0,5,2024-11-19,1,11,0,0,74
0,5,2024-11-20,2,11,0,0,70
0,5,2024-11-21,3,11,0,0,83
0,5,2024-11-22,4,11,1,0,128
0,5,2024-11-23,5,11,1,0,133
0,5,2024-11-24,6,11,1,0,133
0,5,2024-11-25,0,11,1,0,117
0,5,2024-11-26,1,11,1,0,103
0,5,2024-11-27,2,11,1,0,125
0,5,2024-11-28,3,11,1,0,116
0,5,2024-11-29,4,11,0,0,70
0,5,2024-11-30,5,11,0,0,100
0,5,2024-12-01,6,12,0,0,114
0,5,2024-12-02,0,12,0,0,74
0,5,2024-12-03,1,12,0,0,72
0,5,2024-12-04,2,12,0,0,83
0,5,2024-12-05,3,12,0,0,80
0,5,2024-12-06,4,12,0,1,103
0,5,2024-12-07,5,12,0,1,131
0,5,2024-12-08,6,12,0,0,100
0,5,2024-12-09,0,12,0,0,76
0,5,2024-12-10,1,12,0,0,64
0,5,2024-12-11,2,12,0,0,62
0,5,2024-12-12,3,12,0,0,67
0,5,2024-12-13,4,12,0,0,66
0,5,2024-12-14,5,12,0,0,92
0,5,2024-12-15,6,12,0,0,104
0,5,2024-12-16,0,12,0,0,72
0,5,2024-12-17,1,12,0,0,74
0,5,2024-12-18,2,12,0,0,65
0,5,2024-12-19,3,12,0,0,70
0,5,2024-12-20,4,12,0,0,77
0,5,2024-12-21,5,12,0,0,103
0,5,2024-12-22,6,12,0,0,91
0,5,2024-12-23,0,12,0,0,74
0,5,2024-12-24,1,12,1,0,141
0,5,2024-12-25,2,12,1,0,117
0,5,2024-12-26,3,12,0,0,68
0,5,2024-12-27,4,12,0,0,72
0,5,2024-12-28,5,12,0,0,99
0,5,2024-12-29,6,12,0,0,96
0,5,2024-12-30,0,12,0,0,73
0,5,2024-12-31,1,12,1,0,101
0,5,2025-01-01,2,1,0,0,70
0,5,2025-01-02,3,1,0,0,76
0,5,2025-01-03,4,1,0,0,76
0,5,2025-01-04,5,1,0,0,97
0,5,2025-01-05,6,1,0,0,101
0,5,2025-01-06,0,1,0,0,78
0,5,2025-01-07,1,1,0,0,84
0,5,2025-01-08,2,1,0,0,77
0,5,2025-01-09,3,1,0,0,80
0,5,2025-01-10,4,1,0,0,73
0,5,2025-01-11,5,1,0,0,108
0,5,2025-01-12,6,1,0,0,106
0,5,2025-01-13,0,1,0,0,84
0,5,2025-01-14,1,1,0,0,83
0,5,2025-01-15,2,1,0,1,116
0,5,2025-01-16,3,1,0,0,77
0,5,2025-01-17,4,1,0,0,79
0,5,2025-01-18,5,1,0,0,113
0,5,2025-01-19,6,1,0,1,127
0,5,2025-01-20,0,1,0,0,73
0,5,2025-01-21,1,1,0,0,79
0,5,2025-01-22,2,1,0,0,80
0,5,2025-01-23,3,1,0,0,71
0,5,2025-01-24,4,1,0,0,77
0,5,2025-01-25,5,1,0,0,101
0,5,2025-01-26,6,1,0,0,81
0,5,2025-01-27,0,1,0,0,76
0,5,2025-01-28,1,1,0,1,109
0,5,2025-01-29,2,1,0,0,76
0,5,2025-01-30,3,1,0,0,88
0,5,2025-01-31,4,1,0,0,69
0,5,2025-02-01,5,2,0,0,97
0,5,2025-02-02,6,2,0,0,79
0,5,2025-02-03,0,2,0,0,77
0,5,2025-02-04,1,2,0,1,109
0,5,2025-02-05,2,2,0,0,77
0,5,2025-02-06,3,2,0,1,125
0,5,2025-02-07,4,2,0,0,87
0,5,2025-02-08,5,2,0,0,106
0,5,2025-02-09,6,2,0,0,102
0,5,2025-02-10,0,2,0,0,89
0,5,2025-02-11,1,2,0,0,81
0,5,2025-02-12,2,2,0,0,74
0,5,2025-02-13,3,2,0,0,68
0,5,2025-02-14,4,2,0,1,109
0,5,2025-02-15,5,2,0,0,113
0,5,2025-02-16,6,2,0,0,128
0,5,2025-02-17,0,2,0,0,81
0,5,2025-02-18,1,2,0,0,75
0,5,2025-02-19,2,2,0,0,72
0,5,2025-02-20,3,2,0,0,85
0,5,2025-02-21,4,2,0,0,67
0,5,2025-02-22,5,2,0,0,111
0,5,2025-02-23,6,2,0,0,114
0,5,2025-02-24,0,2,0,0,84
0,5,2025-02-25,1,2,0,0,79
0,5,2025-02-26,2,2,0,0,85
0,5,2025-02-27,3,2,0,0,82
0,5,2025-02-28,4,2,0,0,75
0,5,2025-03-01,5,3,0,0,125
0,5,2025-03-02,6,3,0,0,103
0,5,2025-03-03,0,3,0,0,88
0,5,2025-03-04,1,3,0,0,63
0,5,2025-03-05,2,3,0,0,92
0,5,2025-03-06,3,3,0,0,93
0,5,2025-03-07,4,3,0,0,82
0,5,2025-03-08,5,3,0,0,112
0,5,2025-03-09,6,3,0,0,112
0,5,2025-03-10,0,3,0,0,77
0,5,2025-03-11,1,3,0,0,86
0,5,2025-03-12,2,3,0,0,76
0,5,2025-03-13,3,3,0,0,77
0,5,2025-03-14,4,3,0,0,91
0,5,2025-03-15,5,3,0,0,117
0,5,2025-03-16,6,3,0,0,100
0,5,2025-03-17,0,3,0,0,76
0,5,2025-03-18,1,3,0,0,77
0,5,2025-03-19,2,3,0,0,88
0,5,2025-03-20,3,3,0,0,74
0,5,2025-03-21,4,3,0,0,85
0,5,2025-03-22,5,3,0,0,114
0,5,2025-03-23,6,3,0,0,106
0,5,2025-03-24,0,3,0,0,90
0,5,2025-03-25,1,3,0,0,80
0,5,2025-03-26,2,3,0,0,80
0,5,2025-03-27,3,3,0,0,74
0,5,2025-03-28,4,3,0,0,90
0,5,2025-03-29,5,3,0,0,99
0,5,2025-03-30,6,3,0,0,110
0,5,2025-03-31,0,3,0,0,81
0,5,2025-04-01,1,4,0,0,73
0,5,2025-04-02,2,4,0,0,76
0,5,2025-04-03,3,4,0,0,91
0,5,2025-04-04,4,4,0,0,82
0,5,2025-04-05,5,4,0,0,96
0,5,2025-04-06,6,4,0,0,109
0,5,2025-04-07,0,4,0,0,80
0,5,2025-04-08,1,4,0,0,107
0,5,2025-04-09,2,4,0,0,83
0,5,2025-04-10,3,4,0,0,78
0,5,2025-04-11,4,4,0,0,92
0,5,2025-04-12,5,4,0,0,87
0,5,2025-04-13,6,4,0,0,107
0,5,2025-04-14,0,4,0,0,96
0,5,2025-04-15,1,4,0,0,80
0,5,2025-04-16,2,4,0,0,68
0,5,2025-04-17,3,4,0,0,78
0,5,2025-04-18,4,4,0,0,92
0,5,2025-04-19,5,4,0,0,109
0,5,2025-04-20,6,4,0,0,97
0,5,2025-04-21,0,4,0,0,76
0,5,2025-04-22,1,4,0,0,77
0,5,2025-04-23,2,4,0,0,84
0,5,2025-04-24,3,4,0,0,91
0,5,2025-04-25,4,4,0,0,89
0,5,2025-04-26,5,4,0,0,110
0,5,2025-04-27,6,4,0,0,92
0,5,2025-04-28,0,4,0,0,71
0,5,2025-04-29,1,4,0,0,85
0,5,2025-04-30,2,4,0,0,71
0,5,2025-05-01,3,5,0,0,76
0,5,2025-05-02,4,5,0,0,80
0,5,2025-05-03,5,5,0,0,91
0,5,2025-05-04,6,5,0,0,93
0,5,2025-05-05,0,5,0,0,77
0,5,2025-05-06,1,5,0,0,81
0,5,2025-05-07,2,5,0,0,85
0,5,2025-05-08,3,5,0,0,82
0,5,2025-05-09,4,5,0,0,78
0,5,2025-05-10,5,5,0,0,95
0,5,2025-05-11,6,5,0,0,92
0,5,2025-05-12,0,5,0,0,74
0,5,2025-05-13,1,5,0,0,81
0,5,2025-05-14,2,5,0,0,80
0,5,2025-05-15,3,5,0,0,62
0,5,2025-05-16,4,5,0,0,72
0,5,2025-05-17,5,5,0,0,114
0,5,2025-05-18,6,5,0,0,103
0,5,2025-05-19,0,5,0,0,67
0,5,2025-05-20,1,5,0,0,95
0,5,2025-05-21,2,5,0,1,110
0,5,2025-05-22,3,5,0,0,80
0,5,2025-05-23,4,5,0,0,81
0,5,2025-05-24,5,5,0,1,131
0,5,2025-05-25,6,5,0,0,95
0,5,2025-05-26,0,5,0,0,93
0,5,2025-05-27,1,5,0,0,85
0,5,2025-05-28,2,5,0,0,84
0,5,2025-05-29,3,5,0,0,82
0,5,2025-05-30,4,5,0,0,70
0,5,2025-05-31,5,5,0,0,115
0,5,2025-06-01,6,6,0,0,90
0,5,2025-06-02,0,6,0,0,75
0,5,2025-06-03,1,6,0,0,62
0,5,2025-06-04,2,6,0,0,59
0,5,2025-06-05,3,6,0,0,75
0,5,2025-06-06,4,6,0,0,68
0,5,2025-06-07,5,6,0,0,80
0,5,2025-06-08,6,6,0,0,103
0,5,2025-06-09,0,6,0,0,88
0,5,2025-06-10,1,6,0,0,83
0,5,2025-06-11,2,6,0,0,72
0,5,2025-06-12,3,6,0,0,73
0,5,2025-06-13,4,6,0,0,79
0,5,2025-06-14,5,6,0,0,109
0,5,2025-06-15,6,6,0,0,95
0,5,2025-06-16,0,6,0,0,74
0,5,2025-06-17,1,6,0,0,75
0,5,2025-06-18,2,6,0,0,77
0,5,2025-06-19,3,6,0,0,72
0,5,2025-06-20,4,6,0,0,72
0,5,2025-06-21,5,6,0,0,111
0,5,2025-06-22,6,6,0,0,109
0,5,2025-06-23,0,6,0,0,77
0,5,2025-06-24,1,6,0,0,85
0,5,2025-06-25,2,6,0,0,71
0,5,2025-06-26,3,6,0,0,85
0,5,2025-06-27,4,6,0,0,77
0,5,2025-06-28,5,6,0,0,128
0,5,2025-06-29,6,6,0,0,87
0,5,2025-06-30,0,6,0,0,69
0,5,2025-07-01,1,7,0,0,72
0,5,2025-07-02,2,7,0,0,72
0,5,2025-07-03,3,7,0,0,82
0,5,2025-07-04,4,7,0,0,65
0,5,2025-07-05,5,7,0,0,102
0,5,2025-07-06,6,7,0,1,140
0,5,2025-07-07,0,7,0,0,74
0,5,2025-07-08,1,7,0,0,63
0,5,2025-07-09,2,7,0,1,115
0,5,2025-07-10,3,7,0,1,114
0,5,2025-07-11,4,7,0,0,73
0,5,2025-07-12,5,7,0,0,96
0,5,2025-07-13,6,7,0,0,96
0,5,2025-07-14,0,7,0,0,68
0,5,2025-07-15,1,7,0,0,73
0,5,2025-07-16,2,7,0,0,69
0,5,2025-07-17,3,7,0,0,63
0,5,2025-07-18,4,7,0,0,62
0,5,2025-07-19,5,7,0,0,87
0,5,2025-07-20,6,7,0,0,96
0,5,2025-07-21,0,7,0,0,69
0,5,2025-07-22,1,7,0,0,70
0,5,2025-07-23,2,7,0,0,72
0,5,2025-07-24,3,7,0,0,65
0,5,2025-07-25,4,7,0,0,79
0,5,2025-07-26,5,7,0,0,91
0,5,2025-07-27,6,7,0,0,90
0,5,2025-07-28,0,7,0,0,72
0,5,2025-07-29,1,7,0,0,57
0,5,2025-07-30,2,7,0,0,64
0,5,2025-07-31,3,7,0,0,75
0,5,2025-08-01,4,8,0,0,55
0,5,2025-08-02,5,8,0,0,100
0,5,2025-08-03,6,8,0,1,141
0,5,2025-08-04,0,8,0,0,64
0,5,2025-08-05,1,8,0,0,68
0,5,2025-08-06,2,8,0,0,73
0,5,2025-08-07,3,8,0,1,94
0,5,2025-08-08,4,8,0,0,71
0,5,2025-08-09,5,8,0,0,85
0,5,2025-08-10,6,8,0,0,87
0,5,2025-08-11,0,8,0,0,61
0,5,2025-08-12,1,8,0,0,68
0,5,2025-08-13,2,8,0,1,109
0,5,2025-08-14,3,8,0,0,65
0,5,2025-08-15,4,8,0,0,58
0,5,2025-08-16,5,8,0,0,81
0,5,2025-08-17,6,8,0,0,94
0,5,2025-08-18,0,8,0,0,77
0,5,2025-08-19,1,8,0,0,68
0,5,2025-08-20,2,8,0,0,63
0,5,2025-08-21,3,8,0,0,71
0,5,2025-08-22,4,8,0,0,64
0,5,2025-08-23,5,8,0,0,87
0,5,2025-08-24,6,8,0,0,82
0,5,2025-08-25,0,8,0,0,75
0,5,2025-08-26,1,8,0,0,50
0,5,2025-08-27,2,8,0,1,106
0,5,2025-08-28,3,8,0,0,63
0,5,2025-08-29,4,8,0,0,63
0,5,2025-08-30,5,8,0,0,105
0,5,2025-08-31,6,8,0,0,85
0,5,2025-09-01,0,9,0,0,61
0,5,2025-09-02,1,9,0,0,64
0,5,2025-09-03,2,9,0,0,67
0,5,2025-09-04,3,9,0,0,62
0,5,2025-09-05,4,9,0,0,55
0,5,2025-09-06,5,9,0,0,82
0,5,2025-09-07,6,9,0,0,100
0,5,2025-09-08,0,9,0,0,65
0,5,2025-09-09,1,9,0,0,67
0,5,2025-09-10,2,9,0,0,63
0,5,2025-09-11,3,9,0,0,61
0,5,2025-09-12,4,9,0,0,75
0,5,2025-09-13,5,9,0,0,88
0,5,2025-09-14,6,9,0,0,86
0,5,2025-09-15,0,9,0,0,71
0,5,2025-09-16,1,9,0,0,60
0,5,2025-09-17,2,9,0,0,61
0,5,2025-09-18,3,9,0,0,65
0,5,2025-09-19,4,9,0,0,65
0,5,2025-09-20,5,9,0,0,92
0,5,2025-09-21,6,9,0,0,107
0,5,2025-09-22,0,9,0,0,67
0,5,2025-09-23,1,9,0,0,50
0,5,2025-09-24,2,9,0,0,67
0,5,2025-09-25,3,9,0,0,65
0,5,2025-09-26,4,9,0,0,65
0,5,2025-09-27,5,9,0,0,92
0,5,2025-09-28,6,9,0,0,89
0,5,2025-09-29,0,9,0,0,64
0,5,2025-09-30,1,9,0,1,103
0,5,2025-10-01,2,10,0,0,63
0,5,2025-10-02,3,10,0,0,60
0,5,2025-10-03,4,10,0,0,85
0,5,2025-10-04,5,10,0,0,85
0,5,2025-10-05,6,10,0,0,92
0,5,2025-10-06,0,10,0,1,85
0,5,2025-10-07,1,10,0,0,67
0,5,2025-10-08,2,10,0,0,60
0,5,2025-10-09,3,10,0,0,63
0,5,2025-10-10,4,10,0,0,72
0,5,2025-10-11,5,10,0,0,95
0,5,2025-10-12,6,10,0,0,96
0,5,2025-10-13,0,10,0,0,55
0,5,2025-10-14,1,10,0,0,77
0,5,2025-10-15,2,10,0,0,58
0,5,2025-10-16,3,10,0,0,75
0,5,2025-10-17,4,10,0,0,72
0,5,2025-10-18,5,10,0,1,130
0,5,2025-10-19,6,10,0,0,83
0,5,2025-10-20,0,10,0,0,67
0,5,2025-10-21,1,10,0,0,63
0,5,2025-10-22,2,10,0,0,66
0,5,2025-10-23,3,10,0,0,64
0,5,2025-10-24,4,10,0,0,53
0,5,2025-10-25,5,10,0,0,100
0,5,2025-10-26,6,10,0,0,90
0,5,2025-10-27,0,10,0,1,94
0,5,2025-10-28,1,10,0,0,62
0,5,2025-10-29,2,10,0,0,68
0,5,2025-10-30,3,10,0,0,60
0,5,2025-10-31,4,10,0,0,52
0,5,2025-11-01,5,11,0,0,98
0,5,2025-11-02,6,11,0,0,99
0,5,2025-11-03,0,11,0,0,68
0,5,2025-11-04,1,11,0,0,62
0,5,2025-11-05,2,11,0,0,70
0,5,2025-11-06,3,11,0,0,60
0,5,2025-11-07,4,11,0,0,62
0,5,2025-11-08,5,11,0,0,87
0,5,2025-11-09,6,11,0,1,137
0,5,2025-11-10,0,11,0,0,67
0,5,2025-11-11,1,11,0,0,66
0,5,2025-11-12,2,11,0,0,82
0,5,2025-11-13,3,11,0,0,71
0,5,2025-11-14,4,11,0,0,71
0,5,2025-11-15,5,11,0,0,91
0,5,2025-11-16,6,11,0,0,89
0,5,2025-11-17,0,11,0,0,55
0,5,2025-11-18,1,11,0,0,75
0,5,2025-11-19,2,11,0,0,72
0,5,2025-11-20,3,11,0,0,68
0,5,2025-11-21,4,11,0,0,68
0,5,2025-11-22,5,11,1,0,147
0,5,2025-11-23,6,11,1,0,117
0,5,2025-11-24,0,11,1,0,107
0,5,2025-11-25,1,11,1,0,101
0,5,2025-11-26,2,11,1,0,132
0,5,2025-11-27,3,11,1,0,122
0,5,2025-11-28,4,11,1,0,89
0,5,2025-11-29,5,11,0,0,81
0,5,2025-11-30,6,11,0,0,93
0,5,2025-12-01,0,12,0,1,102
0,5,2025-12-02,1,12,0,0,64
0,5,2025-12-03,2,12,0,1,126
0,5,2025-12-04,3,12,0,0,76
0,5,2025-12-05,4,12,0,0,77
0,5,2025-12-06,5,12,0,0,92
0,5,2025-12-07,6,12,0,0,105
0,5,2025-12-08,0,12,0,0,71
0,5,2025-12-09,1,12,0,0,72
0,5,2025-12-10,2,12,0,0,78
0,5,2025-12-11,3,12,0,0,62
0,5,2025-12-12,4,12,0,0,85
0,5,2025-12-13,5,12,0,0,100
0,5,2025-12-14,6,12,0,0,110
0,5,2025-12-15,0,12,0,0,66
0,5,2025-12-16,1,12,0,0,67
0,5,2025-12-17,2,12,0,0,66
0,5,2025-12-18,3,12,0,0,75
0,5,2025-12-19,4,12,0,0,74
0,5,2025-12-20,5,12,0,0,94
0,5,2025-12-21,6,12,0,0,89
0,5,2025-12-22,0,12,0,0,65
0,5,2025-12-23,1,12,0,0,73
0,5,2025-12-24,2,12,1,0,112
0,5,2025-12-25,3,12,1,0,110
0,5,2025-12-26,4,12,0,1,122
0,5,2025-12-27,5,12,0,0,98
0,5,2025-12-28,6,12,0,0,110
0,5,2025-12-29,0,12,0,0,70
0,5,2025-12-30,1,12,0,0,75
0,5,2025-12-31,2,12,1,0,117
0,5,2026-01-01,3,1,0,0,65
0,5,2026-01-02,4,1,0,0,89
0,5,2026-01-03,5,1,0,0,102
0,5,2026-01-04,6,1,0,0,110
0,5,2026-01-05,0,1,0,0,72
0,5,2026-01-06,1,1,0,0,77
0,5,2026-01-07,2,1,0,0,72
0,5,2026-01-08,3,1,0,0,87
0,5,2026-01-09,4,1,0,1,114
0,5,2026-01-10,5,1,0,0,106
0,5,2026-01-11,6,1,0,0,116
0,5,2026-01-12,0,1,0,0,87
0,5,2026-01-13,1,1,0,0,84
0,5,2026-01-14,2,1,0,0,68
0,5,2026-01-15,3,1,0,0,73
0,5,2026-01-16,4,1,0,0,71
0,5,2026-01-17,5,1,0,0,110
0,5,2026-01-18,6,1,0,0,104
0,5,2026-01-19,0,1,0,0,68
0,5,2026-01-20,1,1,0,0,77
0,5,2026-01-21,2,1,0,0,67
0,5,2026-01-22,3,1,0,0,78
0,5,2026-01-23,4,1,0,0,66
0,5,2026-01-24,5,1,0,0,108
0,5,2026-01-25,6,1,0,0,107
0,5,2026-01-26,0,1,0,0,92
0,5,2026-01-27,1,1,0,0,84
0,5,2026-01-28,2,1,0,0,75
0,5,2026-01-29,3,1,0,0,84
0,5,2026-01-30,4,1,0,0,68
0,5,2026-01-31,5,1,0,0,94
0,5,2026-02-01,6,2,0,0,109
0,5,2026-02-02,0,2,0,0,65
0,5,2026-02-03,1,2,0,0,81
0,5,2026-02-04,2,2,0,0,73
0,5,2026-02-05,3,2,0,0,82
0,5,2026-02-06,4,2,0,0,73
0,5,2026-02-07,5,2,0,1,144
0,5,2026-02-08,6,2,0,0,106
0,5,2026-02-09,0,2,0,0,92
0,5,2026-02-10,1,2,0,0,81
0,5,2026-02-11,2,2,0,0,75
0,5,2026-02-12,3,2,0,0,79
0,5,2026-02-13,4,2,0,0,71
0,5,2026-02-14,5,2,0,0,110
0,5,2026-02-15,6,2,0,0,112
0,5,2026-02-16,0,2,0,0,100
0,5,2026-02-17,1,2,0,0,76
0,5,2026-02-18,2,2,0,0,79
0,5,2026-02-19,3,2,0,0,77
0,5,2026-02-20,4,2,0,0,83
0,5,2026-02-21,5,2,0,0,110
0,5,2026-02-22,6,2,0,0,106
0,5,2026-02-23,0,2,0,0,90
0,5,2026-02-24,1,2,0,0,77
0,5,2026-02-25,2,2,0,0,89
0,5,2026-02-26,3,2,0,0,85
0,5,2026-02-27,4,2,0,0,81
0,5,2026-02-28,5,2,0,0,103
0,5,2026-03-01,6,3,0,0,132
0,5,2026-03-02,0,3,0,0,76
0,5,2026-03-03,1,3,0,0,85
0,5,2026-03-04,2,3,0,0,77
0,5,2026-03-05,3,3,0,0,96
0,5,2026-03-06,4,3,0,0,89
0,5,2026-03-07,5,3,0,0,100
0,5,2026-03-08,6,3,0,0,112
0,5,2026-03-09,0,3,0,0,84
0,5,2026-03-10,1,3,0,0,78
0,5,2026-03-11,2,3,0,0,88
0,5,2026-03-12,3,3,0,0,85
0,5,2026-03-13,4,3,0,1,118
0,5,2026-03-14,5,3,0,0,107
0,5,2026-03-15,6,3,0,0,112
0,5,2026-03-16,0,3,0,0,84
0,5,2026-03-17,1,3,0,0,83
0,5,2026-03-18,2,3,0,0,77
0,5,2026-03-19,3,3,0,0,96
0,5,2026-03-20,4,3,0,0,74
0,5,2026-03-21,5,3,0,0,112
0,5,2026-03-22,6,3,0,0,104
0,5,2026-03-23,0,3,0,0,96
0,5,2026-03-24,1,3,0,0,75
0,5,2026-03-25,2,3,0,0,77
0,5,2026-03-26,3,3,0,0,75
0,5,2026-03-27,4,3,0,0,85
0,5,2026-03-28,5,3,0,0,93
0,5,2026-03-29,6,3,0,0,102
0,5,2026-03-30,0,3,0,0,66
0,5,2026-03-31,1,3,0,0,84
0,5,2026-04-01,2,4,0,0,77
0,5,2026-04-02,3,4,0,0,70
0,5,2026-04-03,4,4,0,0,90
0,5,2026-04-04,5,4,0,0,93
0,5,2026-04-05,6,4,0,0,114
0,5,2026-04-06,0,4,0,0,76
0,5,2026-04-07,1,4,0,0,94
0,5,2026-04-08,2,4,0,0,87
0,5,2026-04-09,3,4,0,0,74
0,5,2026-04-10,4,4,0,0,74
0,5,2026-04-11,5,4,0,0,112
0,5,2026-04-12,6,4,0,0,104
0,5,2026-04-13,0,4,0,0,80
0,5,2026-04-14,1,4,0,0,91
0,5,2026-04-15,2,4,0,0,76
0,5,2026-04-16,3,4,0,0,82
0,5,2026-04-17,4,4,0,0,89
0,5,2026-04-18,5,4,0,0,114
0,5,2026-04-19,6,4,0,0,105
0,5,2026-04-20,0,4,0,0,79
0,5,2026-04-21,1,4,0,0,68
0,5,2026-04-22,2,4,0,0,73
0,5,2026-04-23,3,4,0,0,84
0,5,2026-04-24,4,4,0,0,80
0,5,2026-04-25,5,4,0,0,107
0,5,2026-04-26,6,4,0,0,117
0,5,2026-04-27,0,4,0,0,72
0,5,2026-04-28,1,4,0,0,80
0,5,2026-04-29,2,4,0,0,83
0,5,2026-04-30,3,4,0,0,76
0,5,2026-05-01,4,5,0,0,89
0,5,2026-05-02,5,5,0,0,112
0,5,2026-05-03,6,5,0,0,106
0,5,2026-05-04,0,5,0,0,91
0,5,2026-05-05,1,5,0,0,67
0,5,2026-05-06,2,5,0,0,78
0,5,2026-05-07,3,5,0,0,81
0,5,2026-05-08,4,5,0,0,71
0,5,2026-05-09,5,5,0,0,106
0,5,2026-05-10,6,5,0,0,92
0,5,2026-05-11,0,5,0,0,83
0,5,2026-05-12,1,5,0,0,86
0,5,2026-05-13,2,5,0,0,80
0,5,2026-05-14,3,5,0,0,64
0,5,2026-05-15,4,5,0,0,71
0,5,2026-05-16,5,5,0,0,109
0,5,2026-05-17,6,5,0,0,103
0,5,2026-05-18,0,5,0,0,58
0,5,2026-05-19,1,5,0,0,87
0,5,2026-05-20,2,5,0,0,79
0,5,2026-05-21,3,5,0,0,72
0,5,2026-05-22,4,5,0,0,86
0,5,2026-05-23,5,5,0,0,96
0,5,2026-05-24,6,5,0,0,96
0,5,2026-05-25,0,5,0,0,81
0,5,2026-05-26,1,5,0,0,91
0,5,2026-05-27,2,5,0,1,128
0,5,2026-05-28,3,5,0,0,81
0,5,2026-05-29,4,5,0,0,82
0,5,2026-05-30,5,5,0,0,111
0,5,2026-05-31,6,5,0,0,91
0,5,2026-06-01,0,6,0,1,113
0,5,2026-06-02,1,6,0,0,69
0,5,2026-06-03,2,6,0,0,76
0,5,2026-06-04,3,6,0,0,72
0,5,2026-06-05,4,6,0,0,77
0,5,2026-06-06,5,6,0,0,100
0,5,2026-06-07,6,6,0,0,70
0,5,2026-06-08,0,6,0,0,75
0,5,2026-06-09,1,6,0,0,78
0,5,2026-06-10,2,6,0,0,77
0,5,2026-06-11,3,6,0,0,73
0,5,2026-06-12,4,6,0,0,85
0,5,2026-06-13,5,6,0,0,102
0,5,2026-06-14,6,6,0,0,103
0,5,2026-06-15,0,6,0,0,81
0,5,2026-06-16,1,6,0,0,76
0,5,2026-06-17,2,6,0,0,68
0,5,2026-06-18,3,6,0,0,57
0,5,2026-06-19,4,6,0,0,71
0,5,2026-06-20,5,6,0,0,106
0,5,2026-06-21,6,6,0,0,95
0,5,2026-06-22,0,6,0,0,79
0,5,2026-06-23,1,6,0,0,75
0,5,2026-06-24,2,6,0,0,83
0,5,2026-06-25,3,6,0,0,72
0,5,2026-06-26,4,6,0,0,77
0,5,2026-06-27,5,6,0,0,103
0,5,2026-06-28,6,6,0,0,113
0,5,2026-06-29,0,6,0,0,62
0,5,2026-06-30,1,6,0,0,71
0,5,2026-07-01,2,7,0,0,75
0,5,2026-07-02,3,7,0,0,80
0,5,2026-07-03,4,7,0,0,71
0,5,2026-07-04,5,7,0,0,92
0,5,2026-07-05,6,7,0,0,101
0,5,2026-07-06,0,7,0,0,75
0,5,2026-07-07,1,7,0,0,67
0,5,2026-07-08,2,7,0,0,72
0,5,2026-07-09,3,7,0,0,77
0,5,2026-07-10,4,7,0,0,82
0,5,2026-07-11,5,7,0,0,101
0,5,2026-07-12,6,7,0,0,95
0,5,2026-07-13,0,7,0,1,102
0,5,2026-07-14,1,7,0,0,73
0,5,2026-07-15,2,7,0,1,101
0,5,2026-07-16,3,7,0,0,71
0,5,2026-07-17,4,7,0,0,63
0,5,2026-07-18,5,7,0,0,106
0,5,2026-07-19,6,7,0,0,84
0,5,2026-07-20,0,7,0,0,67
0,5,2026-07-21,1,7,0,0,70
0,5,2026-07-22,2,7,0,0,83
0,5,2026-07-23,3,7,0,0,67
0,5,2026-07-24,4,7,0,0,65
0,5,2026-07-25,5,7,0,0,89
0,5,2026-07-26,6,7,0,0,109
0,5,2026-07-27,0,7,0,0,51
0,5,2026-07-28,1,7,0,0,63
0,5,2026-07-29,2,7,0,0,87
0,5,2026-07-30,3,7,0,0,73
0,5,2026-07-31,4,7,0,0,62
0,5,2026-08-01,5,8,0,0,91
0,5,2026-08-02,6,8,0,0,92
0,5,2026-08-03,0,8,0,0,72
0,5,2026-08-04,1,8,0,0,78
0,5,2026-08-05,2,8,0,0,69
0,5,2026-08-06,3,8,0,0,63
0,5,2026-08-07,4,8,0,0,71
0,5,2026-08-08,5,8,0,0,85
0,5,2026-08-09,6,8,0,0,82
0,5,2026-08-10,0,8,0,0,55
0,5,2026-08-11,1,8,0,0,57
0,5,2026-08-12,2,8,0,0,61
0,5,2026-08-13,3,8,0,1,88
0,5,2026-08-14,4,8,0,0,68
0,5,2026-08-15,5,8,0,0,81
0,5,2026-08-16,6,8,0,0,64
0,5,2026-08-17,0,8,0,1,89
0,5,2026-08-18,1,8,0,0,63
0,5,2026-08-19,2,8,0,0,63
0,5,2026-08-20,3,8,0,0,76
0,5,2026-08-21,4,8,0,0,63
0,5,2026-08-22,5,8,0,0,99
0,5,2026-08-23,6,8,0,1,124
0,5,2026-08-24,0,8,0,0,66
0,5,2026-08-25,1,8,0,0,61
0,5,2026-08-26,2,8,0,0,66
0,5,2026-08-27,3,8,0,0,62
0,5,2026-08-28,4,8,0,0,67
0,5,2026-08-29,5,8,0,0,89
0,5,2026-08-30,6,8,0,0,83
0,5,2026-08-31,0,8,0,0,73
1,0,2024-09-01,6,9,0,0,109
1,0,2024-09-02,0,9,0,0,103
1,0,2024-09-03,1,9,0,0,88
1,0,2024-09-04,2,9,0,0,72
1,0,2024-09-05,3,9,0,1,146
1,0,2024-09-06,4,9,0,0,102
1,0,2024-09-07,5,9,0,0,117
1,0,2024-09-08,6,9,0,0,115
1,0,2024-09-09,0,9,0,0,89
1,0,2024-09-10,1,9,0,0,84
1,0,2024-09-11,2,9,0,0,100
1,0,2024-09-12,3,9,0,0,98
1,0,2024-09-13,4,9,0,1,131
1,0,2024-09-14,5,9,0,0,125
1,0,2024-09-15,6,9,0,0,97
1,0,2024-09-16,0,9,0,0,87
1,0,2024-09-17,1,9,0,0,112
1,0,2024-09-18,2,9,0,0,104
1,0,2024-09-19,3,9,0,0,89
1,0,2024-09-20,4,9,0,0,97
1,0,2024-09-21,5,9,0,0,112
1,0,2024-09-22,6,9,0,0,72
1,0,2024-09-23,0,9,0,0,83
1,0,2024-09-24,1,9,0,0,93
1,0,2024-09-25,2,9,0,0,89
1,0,2024-09-26,3,9,0,0,96
1,0,2024-09-27,4,9,0,0,107
1,0,2024-09-28,5,9,0,0,105
1,0,2024-09-29,6,9,0,0,95
1,0,2024-09-30,0,9,0,0,97
1,0,2024-10-01,1,10,0,0,91
1,0,2024-10-02,2,10,0,0,93
1,0,2024-10-03,3,10,0,0,92
1,0,2024-10-04,4,10,0,0,122
1,0,2024-10-05,5,10,0,0,80
1,0,2024-10-06,6,10,0,0,106
1,0,2024-10-07,0,10,0,0,95
1,0,2024-10-08,1,10,0,0,86
1,0,2024-10-09,2,10,0,0,106
1,0,2024-10-10,3,10,0,0,105
1,0,2024-10-11,4,10,0,0,95
1,0,2024-10-12,5,10,0,0,107
1,0,2024-10-13,6,10,0,0,110
1,0,2024-10-14,0,10,0,0,94
1,0,2024-10-15,1,10,0,0,94
1,0,2024-10-16,2,10,0,0,93
1,0,2024-10-17,3,10,0,0,98
1,0,2024-10-18,4,10,0,0,104
1,0,2024-10-19,5,10,0,0,94
1,0,2024-10-20,6,10,0,0,97
1,0,2024-10-21,0,10,0,0,74
1,0,2024-10-22,1,10,0,1,158
1,0,2024-10-23,2,10,0,0,98
1,0,2024-10-24,3,10,0,0,101
1,0,2024-10-25,4,10,0,0,78
1,0,2024-10-26,5,10,0,0,136
1,0,2024-10-27,6,10,0,1,147
1,0,2024-10-28,0,10,0,0,97
1,0,2024-10-29,1,10,0,0,105
1,0,2024-10-30,2,10,0,0,84
1,0,2024-10-31,3,10,0,0,89
1,0,2024-11-01,4,11,0,0,102
1,0,2024-11-02,5,11,0,0,157
1,0,2024-11-03,6,11,0,0,120
1,0,2024-11-04,0,11,0,0,120
1,0,2024-11-05,1,11,0,0,115
1,0,2024-11-06,2,11,0,0,105
1,0,2024-11-07,3,11,0,0,88
1,0,2024-11-08,4,11,0,0,113
1,0,2024-11-09,5,11,0,0,94
1,0,2024-11-10,6,11,0,0,139
1,0,2024-11-11,0,11,0,0,102
1,0,2024-11-12,1,11,0,0,67
1,0,2024-11-13,2,11,0,0,96
1,0,2024-11-14,3,11,0,0,108
1,0,2024-11-15,4,11,0,0,97
1,0,2024-11-16,5,11,0,0,126
1,0,2024-11-17,6,11,0,0,104
1,0,2024-11-18,0,11,0,0,84
1,0,2024-11-19,1,11,0,0,99
1,0,2024-11-20,2,11,0,0,100
1,0,2024-11-21,3,11,0,0,96
1,0,2024-11-22,4,11,1,0,189
1,0,2024-11-23,5,11,1,0,161
1,0,2024-11-24,6,11,1,0,187
1,0,2024-11-25,0,11,1,0,165
1,0,2024-11-26,1,11,1,0,132
1,0,2024-11-27,2,11,1,0,137
1,0,2024-11-28,3,11,1,0,164
1,0,2024-11-29,4,11,0,0,125
1,0,2024-11-30,5,11,0,0,124
1,0,2024-12-01,6,12,0,0,96
1,0,2024-12-02,0,12,0,0,65
1,0,2024-12-03,1,12,0,0,116
1,0,2024-12-04,2,12,0,0,105
1,0,2024-12-05,3,12,0,0,122
1,0,2024-12-06,4,12,0,0,95
1,0,2024-12-07,5,12,0,0,128
1,0,2024-12-08,6,12,0,1,188
1,0,2024-12-09,0,12,0,0,101
1,0,2024-12-10,1,12,0,0,101
1,0,2024-12-11,2,12,0,0,107
1,0,2024-12-12,3,12,0,0,114
1,0,2024-12-13,4,12,0,0,106
1,0,2024-12-14,5,12,0,0,137
1,0,2024-12-15,6,12,0,0,115
1,0,2024-12-16,0,12,0,0,89
1,0,2024-12-17,1,12,0,0,133
1,0,2024-12-18,2,12,0,0,99
1,0,2024-12-19,3,12,0,0,99
1,0,2024-12-20,4,12,0,0,106
1,0,2024-12-21,5,12,0,0,124
1,0,2024-12-22,6,12,0,0,117
1,0,2024-12-23,0,12,0,0,106
1,0,2024-12-24,1,12,1,0,169
1,0,2024-12-25,2,12,1,1,223
1,0,2024-12-26,3,12,0,0,75
1,0,2024-12-27,4,12,0,0,132
1,0,2024-12-28,5,12,0,0,120
1,0,2024-12-29,6,12,0,0,131
1,0,2024-12-30,0,12,0,0,88
1,0,2024-12-31,1,12,1,0,160
1,0,2025-01-01,2,1,0,0,103
1,0,2025-01-02,3,1,0,0,134
1,0,2025-01-03,4,1,0,0,105
1,0,2025-01-04,5,1,0,0,141
1,0,2025-01-05,6,1,0,0,119
1,0,2025-01-06,0,1,0,0,107
1,0,2025-01-07,1,1,0,0,110
1,0,2025-01-08,2,1,0,0,131
1,0,2025-01-09,3,1,0,0,86
1,0,2025-01-10,4,1,0,0,94
1,0,2025-01-11,5,1,0,0,98
1,0,2025-01-12,6,1,0,0,112
1,0,2025-01-13,0,1,0,0,102
1,0,2025-01-14,1,1,0,0,90
1,0,2025-01-15,2,1,0,0,103
1,0,2025-01-16,3,1,0,0,85
1,0,2025-01-17,4,1,0,0,99
1,0,2025-01-18,5,1,0,0,148
1,0,2025-01-19,6,1,0,0,136
1,0,2025-01-20,0,1,0,0,116
1,0,2025-01-21,1,1,0,0,99
1,0,2025-01-22,2,1,0,0,91
1,0,2025-01-23,3,1,0,0,97
1,0,2025-01-24,4,1,0,0,112
1,0,2025-01-25,5,1,0,0,143
1,0,2025-01-26,6,1,0,0,144
1,0,2025-01-27,0,1,0,0,122
1,0,2025-01-28,1,1,0,0,103
1,0,2025-01-29,2,1,0,0,113
1,0,2025-01-30,3,1,0,0,109
1,0,2025-01-31,4,1,0,0,110
1,0,2025-02-01,5,2,0,0,168
1,0,2025-02-02,6,2,0,0,104
1,0,2025-02-03,0,2,0,1,161
1,0,2025-02-04,1,2,0,0,136
1,0,2025-02-05,2,2,0,0,96
1,0,2025-02-06,3,2,0,0,108
1,0,2025-02-07,4,2,0,0,110
1,0,2025-02-08,5,2,0,0,130
1,0,2025-02-09,6,2,0,0,107
1,0,2025-02-10,0,2,0,0,127
1,0,2025-02-11,1,2,0,0,128
1,0,2025-02-12,2,2,0,0,125
1,0,2025-02-13,3,2,0,0,105
1,0,2025-02-14,4,2,0,0,119
1,0,2025-02-15,5,2,0,0,119
1,0,2025-02-16,6,2,0,0,128
1,0,2025-02-17,0,2,0,0,149
1,0,2025-02-18,1,2,0,1,168
1,0,2025-02-19,2,2,0,0,100
1,0,2025-02-20,3,2,0,0,120
1,0,2025-02-21,4,2,0,0,98
1,0,2025-02-22,5,2,0,0,114
1,0,2025-02-23,6,2,0,0,116
1,0,2025-02-24,0,2,0,0,111
1,0,2025-02-25,1,2,0,0,132
1,0,2025-02-26,2,2,0,0,126
1,0,2025-02-27,3,2,0,0,126
1,0,2025-02-28,4,2,0,0,102
1,0,2025-03-01,5,3,0,0,126
1,0,2025-03-02,6,3,0,0,140
1,0,2025-03-03,0,3,0,0,110
1,0,2025-03-04,1,3,0,0,115
1,0,2025-03-05,2,3,0,0,126
1,0,2025-03-06,3,3,0,0,114
1,0,2025-03-07,4,3,0,0,123
1,0,2025-03-08,5,3,0,0,163
1,0,2025-03-09,6,3,0,0,133
1,0,2025-03-10,0,3,0,0,137
1,0,2025-03-11,1,3,0,0,128
1,0,2025-03-12,2,3,0,1,137
1,0,2025-03-13,3,3,0,0,103
1,0,2025-03-14,4,3,0,0,107
1,0,2025-03-15,5,3,0,0,121
1,0,2025-03-16,6,3,0,0,134
1,0,2025-03-17,0,3,0,0,129
1,0,2025-03-18,1,3,0,1,194
1,0,2025-03-19,2,3,0,0,124
1,0,2025-03-20,3,3,0,0,113
1,0,2025-03-21,4,3,0,0,89
1,0,2025-03-22,5,3,0,0,137
1,0,2025-03-23,6,3,0,0,136
1,0,2025-03-24,0,3,0,0,122
1,0,2025-03-25,1,3,0,0,151
1,0,2025-03-26,2,3,0,0,138
1,0,2025-03-27,3,3,0,0,131
1,0,2025-03-28,4,3,0,0,105
1,0,2025-03-29,5,3,0,0,127
1,0,2025-03-30,6,3,0,0,134
1,0,2025-03-31,0,3,0,0,108
1,0,2025-04-01,1,4,0,0,125
1,0,2025-04-02,2,4,0,0,123
1,0,2025-04-03,3,4,0,0,102
1,0,2025-04-04,4,4,0,0,136
1,0,2025-04-05,5,4,0,1,184
1,0,2025-04-06,6,4,0,0,105
1,0,2025-04-07,0,4,0,0,117
1,0,2025-04-08,1,4,0,0,122
1,0,2025-04-09,2,4,0,0,132
1,0,2025-04-10,3,4,0,0,113
1,0,2025-04-11,4,4,0,0,130
1,0,2025-04-12,5,4,0,0,137
1,0,2025-04-13,6,4,0,0,112
1,0,2025-04-14,0,4,0,0,97
1,0,2025-04-15,1,4,0,0,135
1,0,2025-04-16,2,4,0,1,191
1,0,2025-04-17,3,4,0,0,123
1,0,2025-04-18,4,4,0,0,140
1,0,2025-04-19,5,4,0,1,206
1,0,2025-04-20,6,4,0,0,146
1,0,2025-04-21,0,4,0,0,105
1,0,2025-04-22,1,4,0,0,144
1,0,2025-04-23,2,4,0,0,126
1,0,2025-04-24,3,4,0,0,112
1,0,2025-04-25,4,4,0,0,108
1,0,2025-04-26,5,4,0,0,138
1,0,2025-04-27,6,4,0,0,106
1,0,2025-04-28,0,4,0,0,128
1,0,2025-04-29,1,4,0,0,104
1,0,2025-04-30,2,4,0,0,124
1,0,2025-05-01,3,5,0,0,106
1,0,2025-05-02,4,5,0,0,110
1,0,2025-05-03,5,5,0,0,117
1,0,2025-05-04,6,5,0,0,127
1,0,2025-05-05,0,5,0,0,140
1,0,2025-05-06,1,5,0,0,133
1,0,2025-05-07,2,5,0,0,119
1,0,2025-05-08,3,5,0,0,113
1,0,2025-05-09,4,5,0,1,178
1,0,2025-05-10,5,5,0,0,148
1,0,2025-05-11,6,5,0,0,116
1,0,2025-05-12,0,5,0,0,112
1,0,2025-05-13,1,5,0,0,88
1,0,2025-05-14,2,5,0,0,129
1,0,2025-05-15,3,5,0,0,143
1,0,2025-05-16,4,5,0,0,115
1,0,2025-05-17,5,5,0,0,95
1,0,2025-05-18,6,5,0,0,139
1,0,2025-05-19,0,5,0,0,101
1,0,2025-05-20,1,5,0,0,104
1,0,2025-05-21,2,5,0,0,122
1,0,2025-05-22,3,5,0,0,117
1,0,2025-05-23,4,5,0,0,107
1,0,2025-05-24,5,5,0,0,119
1,0,2025-05-25,6,5,0,0,132
1,0,2025-05-26,0,5,0,0,108
1,0,2025-05-27,1,5,0,0,98
1,0,2025-05-28,2,5,0,0,109
1,0,2025-05-29,3,5,0,0,118
1,0,2025-05-30,4,5,0,0,111
1,0,2025-05-31,5,5,0,0,107
1,0,2025-06-01,6,6,0,0,138
1,0,2025-06-02,0,6,0,0,71
1,0,2025-06-03,1,6,0,0,101
1,0,2025-06-04,2,6,0,0,99
1,0,2025-06-05,3,6,0,0,109
1,0,2025-06-06,4,6,0,0,115
1,0,2025-06-07,5,6,0,0,141
1,0,2025-06-08,6,6,0,0,112
1,0,2025-06-09,0,6,0,1,166
1,0,2025-06-10,1,6,0,0,110
1,0,2025-06-11,2,6,0,0,84
1,0,2025-06-12,3,6,0,0,133
1,0,2025-06-13,4,6,0,0,88
1,0,2025-06-14,5,6,0,0,130
1,0,2025-06-15,6,6,0,0,129
1,0,2025-06-16,0,6,0,0,111
1,0,2025-06-17,1,6,0,0,101
1,0,2025-06-18,2,6,0,0,118
1,0,2025-06-19,3,6,0,0,86
1,0,2025-06-20,4,6,0,0,106
1,0,2025-06-21,5,6,0,0,115
1,0,2025-06-22,6,6,0,0,113
1,0,2025-06-23,0,6,0,0,113
1,0,2025-06-24,1,6,0,0,122
1,0,2025-06-25,2,6,0,0,103
1,0,2025-06-26,3,6,0,1,170
1,0,2025-06-27,4,6,0,0,108
1,0,2025-06-28,5,6,0,0,110
1,0,2025-06-29,6,6,0,0,119
1,0,2025-06-30,0,6,0,0,103
1,0,2025-07-01,1,7,0,0,92
1,0,2025-07-02,2,7,0,0,106
1,0,2025-07-03,3,7,0,0,104
1,0,2025-07-04,4,7,0,0,81
1,0,2025-07-05,5,7,0,0,93
1,0,2025-07-06,6,7,0,0,123
1,0,2025-07-07,0,7,0,0,91
1,0,2025-07-08,1,7,0,0,105
1,0,2025-07-09,2,7,0,0,111
1,0,2025-07-10,3,7,0,0,85
1,0,2025-07-11,4,7,0,0,83
1,0,2025-07-12,5,7,0,0,142
1,0,2025-07-13,6,7,0,0,122
1,0,2025-07-14,0,7,0,0,96
1,0,2025-07-15,1,7,0,0,89
1,0,2025-07-16,2,7,0,0,95
1,0,2025-07-17,3,7,0,0,86
1,0,2025-07-18,4,7,0,0,112
1,0,2025-07-19,5,7,0,0,106
1,0,2025-07-20,6,7,0,0,133
1,0,2025-07-21,0,7,0,0,96
1,0,2025-07-22,1,7,0,1,130
1,0,2025-07-23,2,7,0,0,96
1,0,2025-07-24,3,7,0,0,68
1,0,2025-07-25,4,7,0,1,147
1,0,2025-07-26,5,7,0,0,115
1,0,2025-07-27,6,7,0,0,129
1,0,2025-07-28,0,7,0,0,77
1,0,2025-07-29,1,7,0,0,116
1,0,2025-07-30,2,7,0,0,112
1,0,2025-07-31,3,7,0,0,117
1,0,2025-08-01,4,8,0,0,96
1,0,2025-08-02,5,8,0,0,127
1,0,2025-08-03,6,8,0,0,92
1,0,2025-08-04,0,8,0,0,105
1,0,2025-08-05,1,8,0,1,130
1,0,2025-08-06,2,8,0,0,77
1,0,2025-08-07,3,8,0,0,83
1,0,2025-08-08,4,8,0,0,97
1,0,2025-08-09,5,8,0,0,101
1,0,2025-08-10,6,8,0,0,118
1,0,2025-08-11,0,8,0,0,75
1,0,2025-08-12,1,8,0,0,71
1,0,2025-08-13,2,8,0,0,113
1,0,2025-08-14,3,8,0,0,107
1,0,2025-08-15,4,8,0,0,84
1,0,2025-08-16,5,8,0,0,113
1,0,2025-08-17,6,8,0,0,127
1,0,2025-08-18,0,8,0,0,102
1,0,2025-08-19,1,8,0,0,98
1,0,2025-08-20,2,8,0,0,110
1,0,2025-08-21,3,8,0,1,131
1,0,2025-08-22,4,8,0,0,97
1,0,2025-08-23,5,8,0,0,112
1,0,2025-08-24,6,8,0,0,109
1,0,2025-08-25,0,8,0,0,92
1,0,2025-08-26,1,8,0,0,98
1,0,2025-08-27,2,8,0,0,97
1,0,2025-08-28,3,8,0,0,84
1,0,2025-08-29,4,8,0,0,106
1,0,2025-08-30,5,8,0,0,99
1,0,2025-08-31,6,8,0,0,110
1,0,2025-09-01,0,9,0,1,137
1,0,2025-09-02,1,9,0,0,99
1,0,2025-09-03,2,9,0,0,70
1,0,2025-09-04,3,9,0,0,106
1,0,2025-09-05,4,9,0,0,87
1,0,2025-09-06,5,9,0,0,128
1,0,2025-09-07,6,9,0,0,104
1,0,2025-09-08,0,9,0,0,94
1,0,2025-09-09,1,9,0,0,118
1,0,2025-09-10,2,9,0,0,92
1,0,2025-09-11,3,9,0,0,110
1,0,2025-09-12,4,9,0,0,96
1,0,2025-09-13,5,9,0,0,117
1,0,2025-09-14,6,9,0,0,112
1,0,2025-09-15,0,9,0,0,105
1,0,2025-09-16,1,9,0,0,87
1,0,2025-09-17,2,9,0,0,83
1,0,2025-09-18,3,9,0,0,87
1,0,2025-09-19,4,9,0,0,96
1,0,2025-09-20,5,9,0,0,108
1,0,2025-09-21,6,9,0,1,173
1,0,2025-09-22,0,9,0,0,111
1,0,2025-09-23,1,9,0,0,84
1,0,2025-09-24,2,9,0,0,86
1,0,2025-09-25,3,9,0,0,78
1,0,2025-09-26,4,9,0,0,119
1,0,2025-09-27,5,9,0,0,115
1,0,2025-09-28,6,9,0,0,118
1,0,2025-09-29,0,9,0,0,79
1,0,2025-09-30,1,9,0,0,95
1,0,2025-10-01,2,10,0,0,103
1,0,2025-10-02,3,10,0,0,94
1,0,2025-10-03,4,10,0,0,110
1,0,2025-10-04,5,10,0,0,145
1,0,2025-10-05,6,10,0,0,100
1,0,2025-10-06,0,10,0,0,85
1,0,2025-10-07,1,10,0,0,86
1,0,2025-10-08,2,10,0,0,116
1,0,2025-10-09,3,10,0,0,109
1,0,2025-10-10,4,10,0,0,95
1,0,2025-10-11,5,10,0,0,113
1,0,2025-10-12,6,10,0,0,101
1,0,2025-10-13,0,10,0,0,108
1,0,2025-10-14,1,10,0,0,92
1,0,2025-10-15,2,10,0,0,94
1,0,2025-10-16,3,10,0,0,104
1,0,2025-10-17,4,10,0,0,95
1,0,2025-10-18,5,10,0,0,110
1,0,2025-10-19,6,10,0,1,161
1,0,2025-10-20,0,10,0,0,107
1,0,2025-10-21,1,10,0,0,117
1,0,2025-10-22,2,10,0,0,104
1,0,2025-10-23,3,10,0,0,107
1,0,2025-10-24,4,10,0,0,95
1,0,2025-10-25,5,10,0,0,103
1,0,2025-10-26,6,10,0,0,122
1,0,2025-10-27,0,10,0,0,99
1,0,2025-10-28,1,10,0,0,80
1,0,2025-10-29,2,10,0,0,93
1,0,2025-10-30,3,10,0,0,96
1,0,2025-10-31,4,10,0,0,91
1,0,2025-11-01,5,11,0,0,139
1,0,2025-11-02,6,11,0,0,125
1,0,2025-11-03,0,11,0,0,119
1,0,2025-11-04,1,11,0,0,105
1,0,2025-11-05,2,11,0,0,103
1,0,2025-11-06,3,11,0,0,90
1,0,2025-11-07,4,11,0,0,102
1,0,2025-11-08,5,11,0,0,118
1,0,2025-11-09,6,11,0,0,98
1,0,2025-11-10,0,11,0,0,95
1,0,2025-11-11,1,11,0,0,98
1,0,2025-11-12,2,11,0,0,107
1,0,2025-11-13,3,11,0,0,108
1,0,2025-11-14,4,11,0,0,94
1,0,2025-11-15,5,11,0,0,125
1,0,2025-11-16,6,11,0,0,115
1,0,2025-11-17,0,11,0,0,65
1,0,2025-11-18,1,11,0,0,96
1,0,2025-11-19,2,11,0,0,115
1,0,2025-11-20,3,11,0,0,80
1,0,2025-11-21,4,11,0,0,103
1,0,2025-11-22,5,11,1,0,217
1,0,2025-11-23,6,11,1,0,164
1,0,2025-11-24,0,11,1,0,165
1,0,2025-11-25,1,11,1,0,138
1,0,2025-11-26,2,11,1,0,199
1,0,2025-11-27,3,11,1,0,164
1,0,2025-11-28,4,11,1,0,166
1,0,2025-11-29,5,11,0,0,138
1,0,2025-11-30,6,11,0,0,127
1,0,2025-12-01,0,12,0,0,96
1,0,2025-12-02,1,12,0,1,143
1,0,2025-12-03,2,12,0,1,165
1,0,2025-12-04,3,12,0,0,100
1,0,2025-12-05,4,12,0,0,80
1,0,2025-12-06,5,12,0,0,123
1,0,2025-12-07,6,12,0,0,101
1,0,2025-12-08,0,12,0,0,130
1,0,2025-12-09,1,12,0,0,111
1,0,2025-12-10,2,12,0,0,96
1,0,2025-12-11,3,12,0,0,99
1,0,2025-12-12,4,12,0,0,83
1,0,2025-12-13,5,12,0,0,107
1,0,2025-12-14,6,12,0,0,140
1,0,2025-12-15,0,12,0,0,138
1,0,2025-12-16,1,12,0,0,118
1,0,2025-12-17,2,12,0,0,107
1,0,2025-12-18,3,12,0,0,102
1,0,2025-12-19,4,12,0,0,95
1,0,2025-12-20,5,12,0,0,156
1,0,2025-12-21,6,12,0,0,121
1,0,2025-12-22,0,12,0,0,137
1,0,2025-12-23,1,12,0,0,127
1,0,2025-12-24,2,12,1,0,135
1,0,2025-12-25,3,12,1,0,158
1,0,2025-12-26,4,12,0,0,99
1,0,2025-12-27,5,12,0,0,123
1,0,2025-12-28,6,12,0,0,123
1,0,2025-12-29,0,12,0,0,149
1,0,2025-12-30,1,12,0,0,94
1,0,2025-12-31,2,12,1,0,177
1,0,2026-01-01,3,1,0,0,123
1,0,2026-01-02,4,1,0,0,115
1,0,2026-01-03,5,1,0,0,132
1,0,2026-01-04,6,1,0,0,114
1,0,2026-01-05,0,1,0,0,116
1,0,2026-01-06,1,1,0,1,173
1,0,2026-01-07,2,1,0,0,119
1,0,2026-01-08,3,1,0,0,123
1,0,2026-01-09,4,1,0,0,135
1,0,2026-01-10,5,1,0,0,146
1,0,2026-01-11,6,1,0,0,132
1,0,2026-01-12,0,1,0,0,98
1,0,2026-01-13,1,1,0,0,106
1,0,2026-01-14,2,1,0,0,112
1,0,2026-01-15,3,1,0,0,118
1,0,2026-01-16,4,1,0,0,108
1,0,2026-01-17,5,1,0,0,115
1,0,2026-01-18,6,1,0,0,111
1,0,2026-01-19,0,1,0,0,91
1,0,2026-01-20,1,1,0,0,111
1,0,2026-01-21,2,1,0,1,133
1,0,2026-01-22,3,1,0,0,100
1,0,2026-01-23,4,1,0,0,109
1,0,2026-01-24,5,1,0,0,109
1,0,2026-01-25,6,1,0,0,137
1,0,2026-01-26,0,1,0,0,125
1,0,2026-01-27,1,1,0,0,107
1,0,2026-01-28,2,1,0,0,109
1,0,2026-01-29,3,1,0,0,122
1,0,2026-01-30,4,1,0,0,105
1,0,2026-01-31,5,1,0,0,118
1,0,2026-02-01,6,2,0,0,156
1,0,2026-02-02,0,2,0,0,133
1,0,2026-02-03,1,2,0,0,128
1,0,2026-02-04,2,2,0,0,133
1,0,2026-02-05,3,2,0,0,90
1,0,2026-02-06,4,2,0,0,140
1,0,2026-02-07,5,2,0,1,192
1,0,2026-02-08,6,2,0,0,153
1,0,2026-02-09,0,2,0,0,125
1,0,2026-02-10,1,2,0,0,120
1,0,2026-02-11,2,2,0,0,115
1,0,2026-02-12,3,2,0,0,125
1,0,2026-02-13,4,2,0,0,115
1,0,2026-02-14,5,2,0,0,150
1,0,2026-02-15,6,2,0,0,109
1,0,2026-02-16,0,2,0,0,111
1,0,2026-02-17,1,2,0,0,150
1,0,2026-02-18,2,2,0,1,154
1,0,2026-02-19,3,2,0,0,116
1,0,2026-02-20,4,2,0,0,106
1,0,2026-02-21,5,2,0,1,191
1,0,2026-02-22,6,2,0,0,123
1,0,2026-02-23,0,2,0,0,117
1,0,2026-02-24,1,2,0,0,132
1,0,2026-02-25,2,2,0,0,109
1,0,2026-02-26,3,2,0,0,131
1,0,2026-02-27,4,2,0,1,184
1,0,2026-02-28,5,2,0,0,153
1,0,2026-03-01,6,3,0,1,188
1,0,2026-03-02,0,3,0,0,170
1,0,2026-03-03,1,3,0,0,137
1,0,2026-03-04,2,3,0,0,126
1,0,2026-03-05,3,3,0,0,108
1,0,2026-03-06,4,3,0,0,120
1,0,2026-03-07,5,3,0,0,162
1,0,2026-03-08,6,3,0,0,167
1,0,2026-03-09,0,3,0,0,144
1,0,2026-03-10,1,3,0,0,133
1,0,2026-03-11,2,3,0,0,102
1,0,2026-03-12,3,3,0,0,129
1,0,2026-03-13,4,3,0,0,103
1,0,2026-03-14,5,3,0,0,112
1,0,2026-03-15,6,3,0,0,141
1,0,2026-03-16,0,3,0,0,129
1,0,2026-03-17,1,3,0,0,135
1,0,2026-03-18,2,3,0,0,129
1,0,2026-03-19,3,3,0,0,129
1,0,2026-03-20,4,3,0,0,106
1,0,2026-03-21,5,3,0,0,136
1,0,2026-03-22,6,3,0,0,112
1,0,2026-03-23,0,3,0,0,91
1,0,2026-03-24,1,3,0,0,133
1,0,2026-03-25,2,3,0,0,110
1,0,2026-03-26,3,3,0,0,135
1,0,2026-03-27,4,3,0,0,138
1,0,2026-03-28,5,3,0,0,127
1,0,2026-03-29,6,3,0,0,148
1,0,2026-03-30,0,3,0,0,111
1,0,2026-03-31,1,3,0,0,93
1,0,2026-04-01,2,4,0,0,122
1,0,2026-04-02,3,4,0,0,113
1,0,2026-04-03,4,4,0,0,113
1,0,2026-04-04,5,4,0,0,169
1,0,2026-04-05,6,4,0,0,110
1,0,2026-04-06,0,4,0,0,125
1,0,2026-04-07,1,4,0,0,105
1,0,2026-04-08,2,4,0,0,133
1,0,2026-04-09,3,4,0,0,124
1,0,2026-04-10,4,4,0,0,125
1,0,2026-04-11,5,4,0,0,120
1,0,2026-04-12,6,4,0,1,166
1,0,2026-04-13,0,4,0,0,134
1,0,2026-04-14,1,4,0,0,146
1,0,2026-04-15,2,4,0,0,127
1,0,2026-04-16,3,4,0,0,106
1,0,2026-04-17,4,4,0,0,125
1,0,2026-04-18,5,4,0,0,177
1,0,2026-04-19,6,4,0,0,138
1,0,2026-04-20,0,4,0,0,142
1,0,2026-04-21,1,4,0,0,109
1,0,2026-04-22,2,4,0,0,119
1,0,2026-04-23,3,4,0,0,129
1,0,2026-04-24,4,4,0,0,126
1,0,2026-04-25,5,4,0,0,123
1,0,2026-04-26,6,4,0,0,122
1,0,2026-04-27,0,4,0,0,135
1,0,2026-04-28,1,4,0,0,138
1,0,2026-04-29,2,4,0,0,142
1,0,2026-04-30,3,4,0,0,147
1,0,2026-05-01,4,5,0,0,117
1,0,2026-05-02,5,5,0,0,126
1,0,2026-05-03,6,5,0,0,153
1,0,2026-05-04,0,5,0,0,125
1,0,2026-05-05,1,5,0,0,101
1,0,2026-05-06,2,5,0,0,100
1,0,2026-05-07,3,5,0,0,122
1,0,2026-05-08,4,5,0,0,113
1,0,2026-05-09,5,5,0,0,131
1,0,2026-05-10,6,5,0,0,149
1,0,2026-05-11,0,5,0,1,178
1,0,2026-05-12,1,5,0,0,134
1,0,2026-05-13,2,5,0,0,87
1,0,2026-05-14,3,5,0,0,119
1,0,2026-05-15,4,5,0,0,125
1,0,2026-05-16,5,5,0,0,106
1,0,2026-05-17,6,5,0,0,121
1,0,2026-05-18,0,5,0,0,103
1,0,2026-05-19,1,5,0,0,116
1,0,2026-05-20,2,5,0,0,139
1,0,2026-05-21,3,5,0,0,144
1,0,2026-05-22,4,5,0,0,104
1,0,2026-05-23,5,5,0,0,140
1,0,2026-05-24,6,5,0,0,140
1,0,2026-05-25,0,5,0,0,121
1,0,2026-05-26,1,5,0,0,121
1,0,2026-05-27,2,5,0,0,120
1,0,2026-05-28,3,5,0,0,140
1,0,2026-05-29,4,5,0,0,131
1,0,2026-05-30,5,5,0,0,114
1,0,2026-05-31,6,5,0,0,144
1,0,2026-06-01,0,6,0,0,121
1,0,2026-06-02,1,6,0,0,113
1,0,2026-06-03,2,6,0,0,124
1,0,2026-06-04,3,6,0,0,112
1,0,2026-06-05,4,6,0,0,112
1,0,2026-06-06,5,6,0,0,127
1,0,2026-06-07,6,6,0,0,94
1,0,2026-06-08,0,6,0,1,155
1,0,2026-06-09,1,6,0,0,100
1,0,2026-06-10,2,6,0,0,93
1,0,2026-06-11,3,6,0,0,128
1,0,2026-06-12,4,6,0,1,167
1,0,2026-06-13,5,6,0,0,125
1,0,2026-06-14,6,6,0,0,116
1,0,2026-06-15,0,6,0,0,113
1,0,2026-06-16,1,6,0,1,176
1,0,2026-06-17,2,6,0,0,98
1,0,2026-06-18,3,6,0,0,109
1,0,2026-06-19,4,6,0,0,121
1,0,2026-06-20,5,6,0,0,95
1,0,2026-06-21,6,6,0,0,124
1,0,2026-06-22,0,6,0,0,103
1,0,2026-06-23,1,6,0,0,107
1,0,2026-06-24,2,6,0,0,102
1,0,2026-06-25,3,6,0,0,111
1,0,2026-06-26,4,6,0,0,135
1,0,2026-06-27,5,6,0,0,120
1,0,2026-06-28,6,6,0,0,130
1,0,2026-06-29,0,6,0,0,136
1,0,2026-06-30,1,6,0,0,102
1,0,2026-07-01,2,7,0,0,126
1,0,2026-07-02,3,7,0,0,103
1,0,2026-07-03,4,7,0,0,126
1,0,2026-07-04,5,7,0,0,130
1,0,2026-07-05,6,7,0,0,123
1,0,2026-07-06,0,7,0,0,102
1,0,2026-07-07,1,7,0,1,139
1,0,2026-07-08,2,7,0,0,104
1,0,2026-07-09,3,7,0,1,167
1,0,2026-07-10,4,7,0,0,103
1,0,2026-07-11,5,7,0,0,114
1,0,2026-07-12,6,7,0,0,115
1,0,2026-07-13,0,7,0,0,116
1,0,2026-07-14,1,7,0,0,118
1,0,2026-07-15,2,7,0,0,94
1,0,2026-07-16,3,7,0,0,94
1,0,2026-07-17,4,7,0,0,108
1,0,2026-07-18,5,7,0,1,198
1,0,2026-07-19,6,7,0,0,136
1,0,2026-07-20,0,7,0,0,87
1,0,2026-07-21,1,7,0,0,99
1,0,2026-07-22,2,7,0,0,91
1,0,2026-07-23,3,7,0,0,99
1,0,2026-07-24,4,7,0,0,123
1,0,2026-07-25,5,7,0,0,98
1,0,2026-07-26,6,7,0,0,95
1,0,2026-07-27,0,7,0,1,135
1,0,2026-07-28,1,7,0,0,107
1,0,2026-07-29,2,7,0,0,111
1,0,2026-07-30,3,7,0,0,108
1,0,2026-07-31,4,7,0,0,118
1,0,2026-08-01,5,8,0,0,89
1,0,2026-08-02,6,8,0,0,131
1,0,2026-08-03,0,8,0,1,140
1,0,2026-08-04,1,8,0,0,107
1,0,2026-08-05,2,8,0,0,82
1,0,2026-08-06,3,8,0,0,98
1,0,2026-08-07,4,8,0,0,101
1,0,2026-08-08,5,8,0,0,131
1,0,2026-08-09,6,8,0,0,92
1,0,2026-08-10,0,8,0,0,99
1,0,2026-08-11,1,8,0,0,85
1,0,2026-08-12,2,8,0,0,104
1,0,2026-08-13,3,8,0,0,108
1,0,2026-08-14,4,8,0,0,114
1,0,2026-08-15,5,8,0,0,107
1,0,2026-08-16,6,8,0,0,128
1,0,2026-08-17,0,8,0,0,115
1,0,2026-08-18,1,8,0,0,78
1,0,2026-08-19,2,8,0,1,157
1,0,2026-08-20,3,8,0,0,110
1,0,2026-08-21,4,8,0,0,95
1,0,2026-08-22,5,8,0,0,97
1,0,2026-08-23,6,8,0,0,128
1,0,2026-08-24,0,8,0,0,84
1,0,2026-08-25,1,8,0,0,96
1,0,2026-08-26,2,8,0,0,98
1,0,2026-08-27,3,8,0,0,107
1,0,2026-08-28,4,8,0,0,91
1,0,2026-08-29,5,8,0,0,105
1,0,2026-08-30,6,8,0,0,116
1,0,2026-08-31,0,8,0,0,111
1,1,2024-09-01,6,9,0,0,109
1,1,2024-09-02,0,9,0,0,80
1,1,2024-09-03,1,9,0,0,81
1,1,2024-09-04,2,9,0,1,143
1,1,2024-09-05,3,9,0,0,97
1,1,2024-09-06,4,9,0,0,81
1,1,2024-09-07,5,9,0,0,113
1,1,2024-09-08,6,9,0,0,101
1,1,2024-09-09,0,9,0,0,89
1,1,2024-09-10,1,9,0,0,101
1,1,2024-09-11,2,9,0,0,96
1,1,2024-09-12,3,9,0,0,96
1,1,2024-09-13,4,9,0,0,106
1,1,2024-09-14,5,9,0,1,141
1,1,2024-09-15,6,9,0,0,96
1,1,2024-09-16,0,9,0,0,83
1,1,2024-09-17,1,9,0,0,87
1,1,2024-09-18,2,9,0,0,69
1,1,2024-09-19,3,9,0,0,87
1,1,2024-09-20,4,9,0,0,84
1,1,2024-09-21,5,9,0,0,114
1,1,2024-09-22,6,9,0,0,110
1,1,2024-09-23,0,9,0,0,84
1,1,2024-09-24,1,9,0,0,94
1,1,2024-09-25,2,9,0,0,95
1,1,2024-09-26,3,9,0,0,82
1,1,2024-09-27,4,9,0,0,85
1,1,2024-09-28,5,9,0,0,83
1,1,2024-09-29,6,9,0,0,95
1,1,2024-09-30,0,9,0,0,83
1,1,2024-10-01,1,10,0,0,91
1,1,2024-10-02,2,10,0,0,82
1,1,2024-10-03,3,10,0,0,86
1,1,2024-10-04,4,10,0,0,80
1,1,2024-10-05,5,10,0,0,110
1,1,2024-10-06,6,10,0,0,113
1,1,2024-10-07,0,10,0,0,94
1,1,2024-10-08,1,10,0,0,91
1,1,2024-10-09,2,10,0,0,77
1,1,2024-10-10,3,10,0,0,85
1,1,2024-10-11,4,10,0,0,87
1,1,2024-10-12,5,10,0,0,104
1,1,2024-10-13,6,10,0,0,109
1,1,2024-10-14,0,10,0,1,155
1,1,2024-10-15,1,10,0,0,98
1,1,2024-10-16,2,10,0,0,82
1,1,2024-10-17,3,10,0,0,97
1,1,2024-10-18,4,10,0,0,97
1,1,2024-10-19,5,10,0,0,100
1,1,2024-10-20,6,10,0,0,117
1,1,2024-10-21,0,10,0,0,89
1,1,2024-10-22,1,10,0,0,78
1,1,2024-10-23,2,10,0,0,95
1,1,2024-10-24,3,10,0,0,93
1,1,2024-10-25,4,10,0,0,89
1,1,2024-10-26,5,10,0,0,108
1,1,2024-10-27,6,10,0,0,101
1,1,2024-10-28,0,10,0,0,96
1,1,2024-10-29,1,10,0,0,91
1,1,2024-10-30,2,10,0,0,92
1,1,2024-10-31,3,10,0,0,94
1,1,2024-11-01,4,11,0,0,85
1,1,2024-11-02,5,11,0,0,103
1,1,2024-11-03,6,11,0,0,88
1,1,2024-11-04,0,11,0,0,101
1,1,2024-11-05,1,11,0,0,84
1,1,2024-11-06,2,11,0,0,97
1,1,2024-11-07,3,11,0,0,99
1,1,2024-11-08,4,11,0,0,101
1,1,2024-11-09,5,11,0,0,99
1,1,2024-11-10,6,11,0,0,112
1,1,2024-11-11,0,11,0,0,111
1,1,2024-11-12,1,11,0,0,111
1,1,2024-11-13,2,11,0,0,105
1,1,2024-11-14,3,11,0,0,99
1,1,2024-11-15,4,11,0,0,86
1,1,2024-11-16,5,11,0,1,169
1,1,2024-11-17,6,11,0,0,111
1,1,2024-11-18,0,11,0,0,101
1,1,2024-11-19,1,11,0,0,90
1,1,2024-11-20,2,11,0,0,94
1,1,2024-11-21,3,11,0,0,97
1,1,2024-11-22,4,11,1,0,160
1,1,2024-11-23,5,11,1,0,182
1,1,2024-11-24,6,11,1,0,164
1,1,2024-11-25,0,11,1,0,136
1,1,2024-11-26,1,11,1,0,181
1,1,2024-11-27,2,11,1,0,194
1,1,2024-11-28,3,11,1,0,163
1,1,2024-11-29,4,11,0,0,83
1,1,2024-11-30,5,11,0,0,104
1,1,2024-12-01,6,12,0,1,172
1,1,2024-12-02,0,12,0,0,115
1,1,2024-12-03,1,12,0,0,90
1,1,2024-12-04,2,12,0,0,100
1,1,2024-12-05,3,12,0,0,104
1,1,2024-12-06,4,12,0,0,110
1,1,2024-12-07,5,12,0,0,115
1,1,2024-12-08,6,12,0,0,101
1,1,2024-12-09,0,12,0,0,108
1,1,2024-12-10,1,12,0,0,113
1,1,2024-12-11,2,12,0,0,101
1,1,2024-12-12,3,12,0,0,106
1,1,2024-12-13,4,12,0,1,140
1,1,2024-12-14,5,12,0,0,109
1,1,2024-12-15,6,12,0,0,131
1,1,2024-12-16,0,12,0,0,105
1,1,2024-12-17,1,12,0,0,107
1,1,2024-12-18,2,12,0,1,169
1,1,2024-12-19,3,12,0,0,91
1,1,2024-12-20,4,12,0,0,96
1,1,2024-12-21,5,12,0,0,121
1,1,2024-12-22,6,12,0,0,112
1,1,2024-12-23,0,12,0,0,109
1,1,2024-12-24,1,12,1,0,159
1,1,2024-12-25,2,12,1,0,147
1,1,2024-12-26,3,12,0,0,102
1,1,2024-12-27,4,12,0,0,103
1,1,2024-12-28,5,12,0,0,130
1,1,2024-12-29,6,12,0,0,123
1,1,2024-12-30,0,12,0,0,106
1,1,2024-12-31,1,12,1,0,167
1,1,2025-01-01,2,1,0,0,106
1,1,2025-01-02,3,1,0,0,100
1,1,2025-01-03,4,1,0,0,111
1,1,2025-01-04,5,1,0,0,121
1,1,2025-01-05,6,1,0,0,146
1,1,2025-01-06,0,1,0,0,122
1,1,2025-01-07,1,1,0,0,114
1,1,2025-01-08,2,1,0,0,112
1,1,2025-01-09,3,1,0,0,107
1,1,2025-01-10,4,1,0,0,95
1,1,2025-01-11,5,1,0,0,122
1,1,2025-01-12,6,1,0,0,126
1,1,2025-01-13,0,1,0,0,110
1,1,2025-01-14,1,1,0,1,160
1,1,2025-01-15,2,1,0,0,118
1,1,2025-01-16,3,1,0,0,101
1,1,2025-01-17,4,1,0,0,101
1,1,2025-01-18,5,1,0,0,143
1,1,2025-01-19,6,1,0,0,134
1,1,2025-01-20,0,1,0,0,104
1,1,2025-01-21,1,1,0,0,107
1,1,2025-01-22,2,1,0,0,107
1,1,2025-01-23,3,1,0,0,108
1,1,2025-01-24,4,1,0,0,113
1,1,2025-01-25,5,1,0,0,156
1,1,2025-01-26,6,1,0,0,127
1,1,2025-01-27,0,1,0,0,115
1,1,2025-01-28,1,1,0,0,90
1,1,2025-01-29,2,1,0,0,103
1,1,2025-01-30,3,1,0,0,121
1,1,2025-01-31,4,1,0,0,112
1,1,2025-02-01,5,2,0,0,74
1,1,2025-02-02,6,2,0,0,138
1,1,2025-02-03,0,2,0,0,133
1,1,2025-02-04,1,2,0,0,91
1,1,2025-02-05,2,2,0,0,129
1,1,2025-02-06,3,2,0,0,82
1,1,2025-02-07,4,2,0,0,123
1,1,2025-02-08,5,2,0,0,130
1,1,2025-02-09,6,2,0,0,100
1,1,2025-02-10,0,2,0,1,165
1,1,2025-02-11,1,2,0,0,125
1,1,2025-02-12,2,2,0,0,116
1,1,2025-02-13,3,2,0,1,167
1,1,2025-02-14,4,2,0,0,108
1,1,2025-02-15,5,2,0,0,106
1,1,2025-02-16,6,2,0,0,138
1,1,2025-02-17,0,2,0,0,132
1,1,2025-02-18,1,2,0,0,125
1,1,2025-02-19,2,2,0,1,127
1,1,2025-02-20,3,2,0,0,96
1,1,2025-02-21,4,2,0,0,103
1,1,2025-02-22,5,2,0,0,110
1,1,2025-02-23,6,2,0,0,130
1,1,2025-02-24,0,2,0,0,117
1,1,2025-02-25,1,2,0,0,97
1,1,2025-02-26,2,2,0,0,121
1,1,2025-02-27,3,2,0,0,119
1,1,2025-02-28,4,2,0,0,106
1,1,2025-03-01,5,3,0,0,129
1,1,2025-03-02,6,3,0,0,106
1,1,2025-03-03,0,3,0,0,110
1,1,2025-03-04,1,3,0,0,114
1,1,2025-03-05,2,3,0,0,116
1,1,2025-03-06,3,3,0,0,118
1,1,2025-03-07,4,3,0,0,117
1,1,2025-03-08,5,3,0,0,128
1,1,2025-03-09,6,3,0,0,135
1,1,2025-03-10,0,3,0,0,125
1,1,2025-03-11,1,3,0,0,113
1,1,2025-03-12,2,3,0,0,118
1,1,2025-03-13,3,3,0,0,112
1,1,2025-03-14,4,3,0,0,107
1,1,2025-03-15,5,3,0,0,138
1,1,2025-03-16,6,3,0,0,124
1,1,2025-03-17,0,3,0,0,118
1,1,2025-03-18,1,3,0,0,115
1,1,2025-03-19,2,3,0,0,111
1,1,2025-03-20,3,3,0,0,111
1,1,2025-03-21,4,3,0,0,109
1,1,2025-03-22,5,3,0,0,110
1,1,2025-03-23,6,3,0,0,136
1,1,2025-03-24,0,3,0,0,117
1,1,2025-03-25,1,3,0,0,124
1,1,2025-03-26,2,3,0,0,108
1,1,2025-03-27,3,3,0,0,135
1,1,2025-03-28,4,3,0,0,110
1,1,2025-03-29,5,3,0,0,120
1,1,2025-03-30,6,3,0,0,119
1,1,2025-03-31,0,3,0,0,95
1,1,2025-04-01,1,4,0,0,129
1,1,2025-04-02,2,4,0,0,128
1,1,2025-04-03,3,4,0,0,119
1,1,2025-04-04,4,4,0,0,103
1,1,2025-04-05,5,4,0,0,153
1,1,2025-04-06,6,4,0,0,125
1,1,2025-04-07,0,4,0,0,110
1,1,2025-04-08,1,4,0,0,128
1,1,2025-04-09,2,4,0,0,120
1,1,2025-04-10,3,4,0,0,137
1,1,2025-04-11,4,4,0,0,115
1,1,2025-04-12,5,4,0,0,125
1,1,2025-04-13,6,4,0,0,122
1,1,2025-04-14,0,4,0,0,92
1,1,2025-04-15,1,4,0,0,110
1,1,2025-04-16,2,4,0,0,125
1,1,2025-04-17,3,4,0,0,119
1,1,2025-04-18,4,4,0,0,113
1,1,2025-04-19,5,4,0,0,117
1,1,2025-04-20,6,4,0,1,179
1,1,2025-04-21,0,4,0,0,124
1,1,2025-04-22,1,4,0,0,117
1,1,2025-04-23,2,4,0,0,115
1,1,2025-04-24,3,4,0,1,146
1,1,2025-04-25,4,4,0,0,122
1,1,2025-04-26,5,4,0,0,90
1,1,2025-04-27,6,4,0,0,135
1,1,2025-04-28,0,4,0,0,141
1,1,2025-04-29,1,4,0,0,96
1,1,2025-04-30,2,4,0,0,110
1,1,2025-05-01,3,5,0,0,108
1,1,2025-05-02,4,5,0,0,103
1,1,2025-05-03,5,5,0,0,138
1,1,2025-05-04,6,5,0,1,179
1,1,2025-05-05,0,5,0,0,110
1,1,2025-05-06,1,5,0,0,117
1,1,2025-05-07,2,5,0,0,109
1,1,2025-05-08,3,5,0,0,142
1,1,2025-05-09,4,5,0,0,110
1,1,2025-05-10,5,5,0,0,128
1,1,2025-05-11,6,5,0,0,105
1,1,2025-05-12,0,5,0,0,103
1,1,2025-05-13,1,5,0,0,120
1,1,2025-05-14,2,5,0,0,94
1,1,2025-05-15,3,5,0,0,86
1,1,2025-05-16,4,5,0,0,109
1,1,2025-05-17,5,5,0,0,142
1,1,2025-05-18,6,5,0,0,126
1,1,2025-05-19,0,5,0,0,105
1,1,2025-05-20,1,5,0,0,89
1,1,2025-05-21,2,5,0,0,113
1,1,2025-05-22,3,5,0,0,115
1,1,2025-05-23,4,5,0,0,90
1,1,2025-05-24,5,5,0,0,140
1,1,2025-05-25,6,5,0,0,135
1,1,2025-05-26,0,5,0,0,120
1,1,2025-05-27,1,5,0,0,115
1,1,2025-05-28,2,5,0,0,115
1,1,2025-05-29,3,5,0,0,114
1,1,2025-05-30,4,5,0,0,118
1,1,2025-05-31,5,5,0,0,103
1,1,2025-06-01,6,6,0,0,102
1,1,2025-06-02,0,6,0,0,95
1,1,2025-06-03,1,6,0,0,101
1,1,2025-06-04,2,6,0,0,106
1,1,2025-06-05,3,6,0,0,106
1,1,2025-06-06,4,6,0,1,164
1,1,2025-06-07,5,6,0,0,133
1,1,2025-06-08,6,6,0,0,109
1,1,2025-06-09,0,6,0,0,105
1,1,2025-06-10,1,6,0,0,94
1,1,2025-06-11,2,6,0,0,101
1,1,2025-06-12,3,6,0,0,106
1,1,2025-06-13,4,6,0,0,68
1,1,2025-06-14,5,6,0,0,148
1,1,2025-06-15,6,6,0,0,126
1,1,2025-06-16,0,6,0,0,96
1,1,2025-06-17,1,6,0,0,122
1,1,2025-06-18,2,6,0,0,99
1,1,2025-06-19,3,6,0,0,104
1,1,2025-06-20,4,6,0,0,98
1,1,2025-06-21,5,6,0,0,139
1,1,2025-06-22,6,6,0,0,118
1,1,2025-06-23,0,6,0,0,104
1,1,2025-06-24,1,6,0,0,114
1,1,2025-06-25,2,6,0,0,108
1,1,2025-06-26,3,6,0,0,102
1,1,2025-06-27,4,6,0,0,114
1,1,2025-06-28,5,6,0,0,149
1,1,2025-06-29,6,6,0,0,123
1,1,2025-06-30,0,6,0,0,104
1,1,2025-07-01,1,7,0,0,98
1,1,2025-07-02,2,7,0,0,109
1,1,2025-07-03,3,7,0,0,91
1,1,2025-07-04,4,7,0,0,94
1,1,2025-07-05,5,7,0,0,97
1,1,2025-07-06,6,7,0,0,101
1,1,2025-07-07,0,7,0,0,92
1,1,2025-07-08,1,7,0,0,96
1,1,2025-07-09,2,7,0,0,113
1,1,2025-07-10,3,7,0,0,102
1,1,2025-07-11,4,7,0,0,88
1,1,2025-07-12,5,7,0,0,106
1,1,2025-07-13,6,7,0,0,129
1,1,2025-07-14,0,7,0,0,107
1,1,2025-07-15,1,7,0,0,97
1,1,2025-07-16,2,7,0,0,92
1,1,2025-07-17,3,7,0,0,107
1,1,2025-07-18,4,7,0,0,87
1,1,2025-07-19,5,7,0,0,118
1,1,2025-07-20,6,7,0,0,139
1,1,2025-07-21,0,7,0,0,98
1,1,2025-07-22,1,7,0,0,89
1,1,2025-07-23,2,7,0,0,100
1,1,2025-07-24,3,7,0,0,92
1,1,2025-07-25,4,7,0,0,83
1,1,2025-07-26,5,7,0,0,122
1,1,2025-07-27,6,7,0,0,126
1,1,2025-07-28,0,7,0,0,94
1,1,2025-07-29,1,7,0,0,93
1,1,2025-07-30,2,7,0,0,88
1,1,2025-07-31,3,7,0,0,95
1,1,2025-08-01,4,8,0,0,87
1,1,2025-08-02,5,8,0,0,99
1,1,2025-08-03,6,8,0,0,130
1,1,2025-08-04,0,8,0,1,144
1,1,2025-08-05,1,8,0,0,97
1,1,2025-08-06,2,8,0,0,100
1,1,2025-08-07,3,8,0,0,99
1,1,2025-08-08,4,8,0,0,88
1,1,2025-08-09,5,8,0,0,112
1,1,2025-08-10,6,8,0,0,107
1,1,2025-08-11,0,8,0,0,96
1,1,2025-08-12,1,8,0,0,95
1,1,2025-08-13,2,8,0,0,89
1,1,2025-08-14,3,8,0,0,80
1,1,2025-08-15,4,8,0,0,94
1,1,2025-08-16,5,8,0,0,107
1,1,2025-08-17,6,8,0,0,89
1,1,2025-08-18,0,8,0,0,97
1,1,2025-08-19,1,8,0,0,101
1,1,2025-08-20,2,8,0,1,172
1,1,2025-08-21,3,8,0,0,89
1,1,2025-08-22,4,8,0,0,87
1,1,2025-08-23,5,8,0,0,98
1,1,2025-08-24,6,8,0,0,112
1,1,2025-08-25,0,8,0,0,94
1,1,2025-08-26,1,8,0,0,85
1,1,2025-08-27,2,8,0,0,91
1,1,2025-08-28,3,8,0,0,74
1,1,2025-08-29,4,8,0,0,101
1,1,2025-08-30,5,8,0,0,101
1,1,2025-08-31,6,8,0,0,109
1,1,2025-09-01,0,9,0,0,78
1,1,2025-09-02,1,9,0,0,85
1,1,2025-09-03,2,9,0,0,88
1,1,2025-09-04,3,9,0,0,91
1,1,2025-09-05,4,9,0,0,95
1,1,2025-09-06,5,9,0,0,123
1,1,2025-09-07,6,9,0,0,116
1,1,2025-09-08,0,9,0,0,99
1,1,2025-09-09,1,9,0,0,103
1,1,2025-09-10,2,9,0,0,96
1,1,2025-09-11,3,9,0,0,90
1,1,2025-09-12,4,9,0,0,100
1,1,2025-09-13,5,9,0,0,119
1,1,2025-09-14,6,9,0,0,115
1,1,2025-09-15,0,9,0,0,78
1,1,2025-09-16,1,9,0,0,83
1,1,2025-09-17,2,9,0,0,88
1,1,2025-09-18,3,9,0,0,98
1,1,2025-09-19,4,9,0,0,91
1,1,2025-09-20,5,9,0,0,120
1,1,2025-09-21,6,9,0,0,122
1,1,2025-09-22,0,9,0,0,101
1,1,2025-09-23,1,9,0,0,101
1,1,2025-09-24,2,9,0,0,82
1,1,2025-09-25,3,9,0,0,95
1,1,2025-09-26,4,9,0,0,85
1,1,2025-09-27,5,9,0,0,91
1,1,2025-09-28,6,9,0,0,105
1,1,2025-09-29,0,9,0,1,154
1,1,2025-09-30,1,9,0,0,95
1,1,2025-10-01,2,10,0,0,111
1,1,2025-10-02,3,10,0,0,94
1,1,2025-10-03,4,10,0,1,171
1,1,2025-10-04,5,10,0,0,112
1,1,2025-10-05,6,10,0,0,110
1,1,2025-10-06,0,10,0,0,81
1,1,2025-10-07,1,10,0,0,102
1,1,2025-10-08,2,10,0,0,88
1,1,2025-10-09,3,10,0,0,87
1,1,2025-10-10,4,10,0,0,104
1,1,2025-10-11,5,10,0,0,122
1,1,2025-10-12,6,10,0,0,122
1,1,2025-10-13,0,10,0,0,89
1,1,2025-10-14,1,10,0,0,92
1,1,2025-10-15,2,10,0,0,92
1,1,2025-10-16,3,10,0,0,100
1,1,2025-10-17,4,10,0,0,106
1,1,2025-10-18,5,10,0,0,114
1,1,2025-10-19,6,10,0,0,131
1,1,2025-10-20,0,10,0,0,101
1,1,2025-10-21,1,10,0,0,90
1,1,2025-10-22,2,10,0,0,100
1,1,2025-10-23,3,10,0,0,108
1,1,2025-10-24,4,10,0,0,111
1,1,2025-10-25,5,10,0,0,122
1,1,2025-10-26,6,10,0,0,110
1,1,2025-10-27,0,10,0,0,91
1,1,2025-10-28,1,10,0,0,98
1,1,2025-10-29,2,10,0,0,108
1,1,2025-10-30,3,10,0,0,96
1,1,2025-10-31,4,10,0,0,97
1,1,2025-11-01,5,11,0,1,161
1,1,2025-11-02,6,11,0,1,155
1,1,2025-11-03,0,11,0,0,95
1,1,2025-11-04,1,11,0,0,98
1,1,2025-11-05,2,11,0,0,113
1,1,2025-11-06,3,11,0,1,139
1,1,2025-11-07,4,11,0,0,97
1,1,2025-11-08,5,11,0,0,105
1,1,2025-11-09,6,11,0,0,122
1,1,2025-11-10,0,11,0,0,110
1,1,2025-11-11,1,11,0,0,112
1,1,2025-11-12,2,11,0,0,99
1,1,2025-11-13,3,11,0,0,102
1,1,2025-11-14,4,11,0,0,96
1,1,2025-11-15,5,11,0,0,120
1,1,2025-11-16,6,11,0,0,118
1,1,2025-11-17,0,11,0,0,98
1,1,2025-11-18,1,11,0,0,98
1,1,2025-11-19,2,11,0,0,101
1,1,2025-11-20,3,11,0,0,94
1,1,2025-11-21,4,11,0,0,95
1,1,2025-11-22,5,11,1,0,204
1,1,2025-11-23,6,11,1,0,221
1,1,2025-11-24,0,11,1,0,139
1,1,2025-11-25,1,11,1,0,138
1,1,2025-11-26,2,11,1,0,143
1,1,2025-11-27,3,11,1,0,156
1,1,2025-11-28,4,11,1,0,172
1,1,2025-11-29,5,11,0,0,121
1,1,2025-11-30,6,11,0,0,116
1,1,2025-12-01,0,12,0,0,108
1,1,2025-12-02,1,12,0,0,96
1,1,2025-12-03,2,12,0,0,101
1,1,2025-12-04,3,12,0,1,148
1,1,2025-12-05,4,12,0,0,87
1,1,2025-12-06,5,12,0,0,107
1,1,2025-12-07,6,12,0,0,107
1,1,2025-12-08,0,12,0,0,111
1,1,2025-12-09,1,12,0,0,106
1,1,2025-12-10,2,12,0,0,109
1,1,2025-12-11,3,12,0,0,85
1,1,2025-12-12,4,12,0,0,88
1,1,2025-12-13,5,12,0,0,128
1,1,2025-12-14,6,12,0,0,88
1,1,2025-12-15,0,12,0,0,116
1,1,2025-12-16,1,12,0,0,85
1,1,2025-12-17,2,12,0,0,112
1,1,2025-12-18,3,12,0,0,94
1,1,2025-12-19,4,12,0,0,114
1,1,2025-12-20,5,12,0,0,158
1,1,2025-12-21,6,12,0,0,94
1,1,2025-12-22,0,12,0,0,110
1,1,2025-12-23,1,12,0,0,85
1,1,2025-12-24,2,12,1,0,171
1,1,2025-12-25,3,12,1,0,161
1,1,2025-12-26,4,12,0,0,105
1,1,2025-12-27,5,12,0,0,110
1,1,2025-12-28,6,12,0,1,179
1,1,2025-12-29,0,12,0,1,128
1,1,2025-12-30,1,12,0,0,116
1,1,2025-12-31,2,12,1,0,157
1,1,2026-01-01,3,1,0,0,94
1,1,2026-01-02,4,1,0,0,126
1,1,2026-01-03,5,1,0,0,126
1,1,2026-01-04,6,1,0,0,150
1,1,2026-01-05,0,1,0,0,122
1,1,2026-01-06,1,1,0,0,101
1,1,2026-01-07,2,1,0,0,109
1,1,2026-01-08,3,1,0,0,111
1,1,2026-01-09,4,1,0,0,126
1,1,2026-01-10,5,1,0,0,132
1,1,2026-01-11,6,1,0,0,129
1,1,2026-01-12,0,1,0,0,107
1,1,2026-01-13,1,1,0,0,109
1,1,2026-01-14,2,1,0,0,123
1,1,2026-01-15,3,1,0,0,109
1,1,2026-01-16,4,1,0,0,105
1,1,2026-01-17,5,1,0,0,120
1,1,2026-01-18,6,1,0,1,163
1,1,2026-01-19,0,1,0,0,95
1,1,2026-01-20,1,1,0,0,101
1,1,2026-01-21,2,1,0,0,125
1,1,2026-01-22,3,1,0,0,107
1,1,2026-01-23,4,1,0,0,117
1,1,2026-01-24,5,1,0,0,96
1,1,2026-01-25,6,1,0,0,134
1,1,2026-01-26,0,1,0,0,108
1,1,2026-01-27,1,1,0,1,148
1,1,2026-01-28,2,1,0,0,111
1,1,2026-01-29,3,1,0,0,104
1,1,2026-01-30,4,1,0,0,87
1,1,2026-01-31,5,1,0,0,138
1,1,2026-02-01,6,2,0,0,134
1,1,2026-02-02,0,2,0,1,155
1,1,2026-02-03,1,2,0,0,103
1,1,2026-02-04,2,2,0,1,137
1,1,2026-02-05,3,2,0,1,163
1,1,2026-02-06,4,2,0,1,185
1,1,2026-02-07,5,2,0,0,134
1,1,2026-02-08,6,2,0,0,114
1,1,2026-02-09,0,2,0,0,116
1,1,2026-02-10,1,2,0,0,113
1,1,2026-02-11,2,2,0,0,124
1,1,2026-02-12,3,2,0,0,121
1,1,2026-02-13,4,2,0,0,81
1,1,2026-02-14,5,2,0,0,138
1,1,2026-02-15,6,2,0,0,118
1,1,2026-02-16,0,2,0,0,98
1,1,2026-02-17,1,2,0,0,112
1,1,2026-02-18,2,2,0,0,119
1,1,2026-02-19,3,2,0,0,96
1,1,2026-02-20,4,2,0,0,122
1,1,2026-02-21,5,2,0,1,190
1,1,2026-02-22,6,2,0,0,132
1,1,2026-02-23,0,2,0,0,104
1,1,2026-02-24,1,2,0,1,144
1,1,2026-02-25,2,2,0,0,125
1,1,2026-02-26,3,2,0,0,97
1,1,2026-02-27,4,2,0,0,126
1,1,2026-02-28,5,2,0,0,129
1,1,2026-03-01,6,3,0,0,132
1,1,2026-03-02,0,3,0,0,96
1,1,2026-03-03,1,3,0,0,114
1,1,2026-03-04,2,3,0,0,123
1,1,2026-03-05,3,3,0,0,101
1,1,2026-03-06,4,3,0,0,121
1,1,2026-03-07,5,3,0,0,134
1,1,2026-03-08,6,3,0,0,125
1,1,2026-03-09,0,3,0,0,125
1,1,2026-03-10,1,3,0,0,91
1,1,2026-03-11,2,3,0,0,120
1,1,2026-03-12,3,3,0,0,134
1,1,2026-03-13,4,3,0,0,132
1,1,2026-03-14,5,3,0,0,138
1,1,2026-03-15,6,3,0,0,129
1,1,2026-03-16,0,3,0,0,109
1,1,2026-03-17,1,3,0,0,112
1,1,2026-03-18,2,3,0,0,122
1,1,2026-03-19,3,3,0,0,107
1,1,2026-03-20,4,3,0,0,124
1,1,2026-03-21,5,3,0,0,161
1,1,2026-03-22,6,3,0,0,132
1,1,2026-03-23,0,3,0,0,101
1,1,2026-03-24,1,3,0,0,101
1,1,2026-03-25,2,3,0,0,125
1,1,2026-03-26,3,3,0,1,160
1,1,2026-03-27,4,3,0,0,126
1,1,2026-03-28,5,3,0,0,126
1,1,2026-03-29,6,3,0,0,144
1,1,2026-03-30,0,3,0,0,114
1,1,2026-03-31,1,3,0,0,108
1,1,2026-04-01,2,4,0,0,110
1,1,2026-04-02,3,4,0,0,101
1,1,2026-04-03,4,4,0,0,136
1,1,2026-04-04,5,4,0,0,130
1,1,2026-04-05,6,4,0,0,140
1,1,2026-04-06,0,4,0,0,108
1,1,2026-04-07,1,4,0,0,103
1,1,2026-04-08,2,4,0,0,112
1,1,2026-04-09,3,4,0,0,127
1,1,2026-04-10,4,4,0,0,108
1,1,2026-04-11,5,4,0,0,120
1,1,2026-04-12,6,4,0,0,133
1,1,2026-04-13,0,4,0,0,120
1,1,2026-04-14,1,4,0,0,133
1,1,2026-04-15,2,4,0,0,118
1,1,2026-04-16,3,4,0,0,121
1,1,2026-04-17,4,4,0,0,122
1,1,2026-04-18,5,4,0,0,117
1,1,2026-04-19,6,4,0,0,119
1,1,2026-04-20,0,4,0,0,102
1,1,2026-04-21,1,4,0,0,99
1,1,2026-04-22,2,4,0,0,123
1,1,2026-04-23,3,4,0,0,118
1,1,2026-04-24,4,4,0,0,115
1,1,2026-04-25,5,4,0,1,132
1,1,2026-04-26,6,4,0,0,158
1,1,2026-04-27,0,4,0,0,104
1,1,2026-04-28,1,4,0,1,192
1,1,2026-04-29,2,4,0,0,98
1,1,2026-04-30,3,4,0,0,105
1,1,2026-05-01,4,5,0,0,86
1,1,2026-05-02,5,5,0,0,132
1,1,2026-05-03,6,5,0,0,113
1,1,2026-05-04,0,5,0,1,139
1,1,2026-05-05,1,5,0,0,95
1,1,2026-05-06,2,5,0,0,118
1,1,2026-05-07,3,5,0,0,118
1,1,2026-05-08,4,5,0,0,129
1,1,2026-05-09,5,5,0,1,161
1,1,2026-05-10,6,5,0,0,130
1,1,2026-05-11,0,5,0,0,96
1,1,2026-05-12,1,5,0,0,106
1,1,2026-05-13,2,5,0,0,104
1,1,2026-05-14,3,5,0,0,115
1,1,2026-05-15,4,5,0,0,121
1,1,2026-05-16,5,5,0,0,139
1,1,2026-05-17,6,5,0,0,117
1,1,2026-05-18,0,5,0,0,121
1,1,2026-05-19,1,5,0,0,110
1,1,2026-05-20,2,5,0,0,107
1,1,2026-05-21,3,5,0,0,102
1,1,2026-05-22,4,5,0,0,104
1,1,2026-05-23,5,5,0,0,149
1,1,2026-05-24,6,5,0,0,131
1,1,2026-05-25,0,5,0,0,112
1,1,2026-05-26,1,5,0,0,107
1,1,2026-05-27,2,5,0,0,136
1,1,2026-05-28,3,5,0,0,124
1,1,2026-05-29,4,5,0,0,102
1,1,2026-05-30,5,5,0,1,168
1,1,2026-05-31,6,5,0,0,125
1,1,2026-06-01,0,6,0,0,105
1,1,2026-06-02,1,6,0,0,97
1,1,2026-06-03,2,6,0,0,108
1,1,2026-06-04,3,6,0,0,119
1,1,2026-06-05,4,6,0,0,91
1,1,2026-06-06,5,6,0,1,148
1,1,2026-06-07,6,6,0,0,116
1,1,2026-06-08,0,6,0,0,100
1,1,2026-06-09,1,6,0,0,124
1,1,2026-06-10,2,6,0,0,114
1,1,2026-06-11,3,6,0,0,114
1,1,2026-06-12,4,6,0,0,101
1,1,2026-06-13,5,6,0,0,118
1,1,2026-06-14,6,6,0,0,104
1,1,2026-06-15,0,6,0,0,112
1,1,2026-06-16,1,6,0,0,109
1,1,2026-06-17,2,6,0,0,117
1,1,2026-06-18,3,6,0,0,102
1,1,2026-06-19,4,6,0,0,103
1,1,2026-06-20,5,6,0,0,123
1,1,2026-06-21,6,6,0,0,132
1,1,2026-06-22,0,6,0,0,89
1,1,2026-06-23,1,6,0,0,112
1,1,2026-06-24,2,6,0,0,104
1,1,2026-06-25,3,6,0,0,93
1,1,2026-06-26,4,6,0,0,83
1,1,2026-06-27,5,6,0,0,120
1,1,2026-06-28,6,6,0,0,138
1,1,2026-06-29,0,6,0,0,121
1,1,2026-06-30,1,6,0,0,108
1,1,2026-07-01,2,7,0,0,117
1,1,2026-07-02,3,7,0,0,98
1,1,2026-07-03,4,7,0,0,107
1,1,2026-07-04,5,7,0,0,110
1,1,2026-07-05,6,7,0,0,109
1,1,2026-07-06,0,7,0,0,92
1,1,2026-07-07,1,7,0,0,78
1,1,2026-07-08,2,7,0,0,110
1,1,2026-07-09,3,7,0,0,92
1,1,2026-07-10,4,7,0,0,90
1,1,2026-07-11,5,7,0,0,102
1,1,2026-07-12,6,7,0,0,113
1,1,2026-07-13,0,7,0,0,115
1,1,2026-07-14,1,7,0,0,118
1,1,2026-07-15,2,7,0,0,82
1,1,2026-07-16,3,7,0,0,95
1,1,2026-07-17,4,7,0,0,88
1,1,2026-07-18,5,7,0,0,126
1,1,2026-07-19,6,7,0,0,119
1,1,2026-07-20,0,7,0,0,92
1,1,2026-07-21,1,7,0,0,99
1,1,2026-07-22,2,7,0,0,94
1,1,2026-07-23,3,7,0,0,114
1,1,2026-07-24,4,7,0,0,103
1,1,2026-07-25,5,7,0,1,171
1,1,2026-07-26,6,7,0,0,85
1,1,2026-07-27,0,7,0,0,98
1,1,2026-07-28,1,7,0,0,118
1,1,2026-07-29,2,7,0,0,111
1,1,2026-07-30,3,7,0,0,80
1,1,2026-07-31,4,7,0,0,95
1,1,2026-08-01,5,8,0,0,98
1,1,2026-08-02,6,8,0,0,129
1,1,2026-08-03,0,8,0,1,143
1,1,2026-08-04,1,8,0,0,87
1,1,2026-08-05,2,8,0,0,94
1,1,2026-08-06,3,8,0,0,70
1,1,2026-08-07,4,8,0,0,84
1,1,2026-08-08,5,8,0,0,111
1,1,2026-08-09,6,8,0,0,120
1,1,2026-08-10,0,8,0,0,76
1,1,2026-08-11,1,8,0,0,90
1,1,2026-08-12,2,8,0,0,103
1,1,2026-08-13,3,8,0,0,81
1,1,2026-08-14,4,8,0,0,96
1,1,2026-08-15,5,8,0,0,112
1,1,2026-08-16,6,8,0,0,130
1,1,2026-08-17,0,8,0,0,92
1,1,2026-08-18,1,8,0,0,92
1,1,2026-08-19,2,8,0,1,151
1,1,2026-08-20,3,8,0,0,82
1,1,2026-08-21,4,8,0,0,92
1,1,2026-08-22,5,8,0,0,106
1,1,2026-08-23,6,8,0,0,110
1,1,2026-08-24,0,8,0,0,102
1,1,2026-08-25,1,8,0,0,99
1,1,2026-08-26,2,8,0,0,87
1,1,2026-08-27,3,8,0,0,95
1,1,2026-08-28,4,8,0,0,107
1,1,2026-08-29,5,8,0,0,102
1,1,2026-08-30,6,8,0,0,113
1,1,2026-08-31,0,8,0,0,92
1,2,2024-09-01,6,9,0,0,98
1,2,2024-09-02,0,9,0,0,61
1,2,2024-09-03,1,9,0,0,57
1,2,2024-09-04,2,9,0,0,64
1,2,2024-09-05,3,9,0,0,66
1,2,2024-09-06,4,9,0,0,55
1,2,2024-09-07,5,9,0,0,83
1,2,2024-09-08,6,9,0,0,89
1,2,2024-09-09,0,9,0,0,51
1,2,2024-09-10,1,9,0,0,59
1,2,2024-09-11,2,9,0,0,51
1,2,2024-09-12,3,9,0,0,52
1,2,2024-09-13,4,9,0,0,55
1,2,2024-09-14,5,9,0,0,85
1,2,2024-09-15,6,9,0,0,78
1,2,2024-09-16,0,9,0,0,55
1,2,2024-09-17,1,9,0,0,59
1,2,2024-09-18,2,9,0,0,51
1,2,2024-09-19,3,9,0,0,62
1,2,2024-09-20,4,9,0,0,67
1,2,2024-09-21,5,9,0,0,80
1,2,2024-09-22,6,9,0,0,79
1,2,2024-09-23,0,9,0,0,62
1,2,2024-09-24,1,9,0,0,45
1,2,2024-09-25,2,9,0,0,63
1,2,2024-09-26,3,9,0,0,80
1,2,2024-09-27,4,9,0,0,58
1,2,2024-09-28,5,9,0,0,80
1,2,2024-09-29,6,9,0,0,88
1,2,2024-09-30,0,9,0,0,70
1,2,2024-10-01,1,10,0,0,67
1,2,2024-10-02,2,10,0,0,45
1,2,2024-10-03,3,10,0,0,64
1,2,2024-10-04,4,10,0,0,78
1,2,2024-10-05,5,10,0,0,88
1,2,2024-10-06,6,10,0,0,71
1,2,2024-10-07,0,10,0,1,93
1,2,2024-10-08,1,10,0,0,51
1,2,2024-10-09,2,10,0,0,69
1,2,2024-10-10,3,10,0,0,54
1,2,2024-10-11,4,10,0,0,61
1,2,2024-10-12,5,10,0,0,74
1,2,2024-10-13,6,10,0,0,77
1,2,2024-10-14,0,10,0,0,71
1,2,2024-10-15,1,10,0,0,61
1,2,2024-10-16,2,10,0,0,56
1,2,2024-10-17,3,10,0,0,52
1,2,2024-10-18,4,10,0,0,47
1,2,2024-10-19,5,10,0,0,70
1,2,2024-10-20,6,10,0,0,83
1,2,2024-10-21,0,10,0,0,67
1,2,2024-10-22,1,10,0,0,56
1,2,2024-10-23,2,10,0,0,71
1,2,2024-10-24,3,10,0,0,55
1,2,2024-10-25,4,10,0,0,59
1,2,2024-10-26,5,10,0,0,72
1,2,2024-10-27,6,10,0,0,91
1,2,2024-10-28,0,10,0,0,75
1,2,2024-10-29,1,10,0,0,48
1,2,2024-10-30,2,10,0,0,58
1,2,2024-10-31,3,10,0,0,69
1,2,2024-11-01,4,11,0,0,53
1,2,2024-11-02,5,11,0,0,91
1,2,2024-11-03,6,11,0,0,97
1,2,2024-11-04,0,11,0,0,64
1,2,2024-11-05,1,11,0,0,67
1,2,2024-11-06,2,11,0,0,76
1,2,2024-11-07,3,11,0,0,78
1,2,2024-11-08,4,11,0,0,63
1,2,2024-11-09,5,11,0,0,80
1,2,2024-11-10,6,11,0,0,76
1,2,2024-11-11,0,11,0,0,70
1,2,2024-11-12,1,11,0,0,53
1,2,2024-11-13,2,11,0,0,61
1,2,2024-11-14,3,11,0,0,64
1,2,2024-11-15,4,11,0,0,60
1,2,2024-11-16,5,11,0,0,88
1,2,2024-11-17,6,11,0,0,110
1,2,2024-11-18,0,11,0,0,62
1,2,2024-11-19,1,11,0,0,60
1,2,2024-11-20,2,11,0,0,71
1,2,2024-11-21,3,11,0,0,65
1,2,2024-11-22,4,11,1,0,121
1,2,2024-11-23,5,11,1,0,128
1,2,2024-11-24,6,11,1,1,151
1,2,2024-11-25,0,11,1,0,82
1,2,2024-11-26,1,11,1,0,84
1,2,2024-11-27,2,11,1,0,82
1,2,2024-11-28,3,11,1,0,108
1,2,2024-11-29,4,11,0,0,53
1,2,2024-11-30,5,11,0,0,97
1,2,2024-12-01,6,12,0,0,89
1,2,2024-12-02,0,12,0,0,65
1,2,2024-12-03,1,12,0,0,61
1,2,2024-12-04,2,12,0,0,72
1,2,2024-12-05,3,12,0,0,61
1,2,2024-12-06,4,12,0,0,60
1,2,2024-12-07,5,12,0,0,101
1,2,2024-12-08,6,12,0,1,124
1,2,2024-12-09,0,12,0,0,66
1,2,2024-12-10,1,12,0,0,72
1,2,2024-12-11,2,12,0,0,67
1,2,2024-12-12,3,12,0,0,70
1,2,2024-12-13,4,12,0,0,61
1,2,2024-12-14,5,12,0,1,148
1,2,2024-12-15,6,12,0,0,83
1,2,2024-12-16,0,12,0,0,80
1,2,2024-12-17,1,12,0,0,66
1,2,2024-12-18,2,12,0,0,74
1,2,2024-12-19,3,12,0,0,73
1,2,2024-12-20,4,12,0,0,76
1,2,2024-12-21,5,12,0,0,80
1,2,2024-12-22,6,12,0,0,100
1,2,2024-12-23,0,12,0,0,82
1,2,2024-12-24,1,12,1,0,104
1,2,2024-12-25,2,12,1,0,108
1,2,2024-12-26,3,12,0,0,63
1,2,2024-12-27,4,12,0,0,65
1,2,2024-12-28,5,12,0,0,107
1,2,2024-12-29,6,12,0,0,79
1,2,2024-12-30,0,12,0,0,60
1,2,2024-12-31,1,12,1,0,128
1,2,2025-01-01,2,1,0,0,77
1,2,2025-01-02,3,1,0,0,89
1,2,2025-01-03,4,1,0,0,68
1,2,2025-01-04,5,1,0,1,125
1,2,2025-01-05,6,1,0,0,86
1,2,2025-01-06,0,1,0,0,73
1,2,2025-01-07,1,1,0,0,57
1,2,2025-01-08,2,1,0,0,77
1,2,2025-01-09,3,1,0,0,74
1,2,2025-01-10,4,1,0,0,71
1,2,2025-01-11,5,1,0,0,89
1,2,2025-01-12,6,1,0,0,84
1,2,2025-01-13,0,1,0,0,78
1,2,2025-01-14,1,1,0,0,62
1,2,2025-01-15,2,1,0,1,108
1,2,2025-01-16,3,1,0,0,89
1,2,2025-01-17,4,1,0,0,84
1,2,2025-01-18,5,1,0,0,77
1,2,2025-01-19,6,1,0,0,87
1,2,2025-01-20,0,1,0,0,75
1,2,2025-01-21,1,1,0,1,101
1,2,2025-01-22,2,1,0,0,60
1,2,2025-01-23,3,1,0,1,106
1,2,2025-01-24,4,1,0,0,71
1,2,2025-01-25,5,1,0,0,114
1,2,2025-01-26,6,1,0,0,91
1,2,2025-01-27,0,1,0,0,81
1,2,2025-01-28,1,1,0,0,61
1,2,2025-01-29,2,1,0,0,63
1,2,2025-01-30,3,1,0,0,78
1,2,2025-01-31,4,1,0,0,81
1,2,2025-02-01,5,2,0,0,86
1,2,2025-02-02,6,2,0,0,97
1,2,2025-02-03,0,2,0,0,63
1,2,2025-02-04,1,2,0,0,73
1,2,2025-02-05,2,2,0,0,82
1,2,2025-02-06,3,2,0,0,71
1,2,2025-02-07,4,2,0,0,72
1,2,2025-02-08,5,2,0,0,84
1,2,2025-02-09,6,2,0,1,117
1,2,2025-02-10,0,2,0,0,90
1,2,2025-02-11,1,2,0,0,75
1,2,2025-02-12,2,2,0,0,66
1,2,2025-02-13,3,2,0,0,72
1,2,2025-02-14,4,2,0,0,61
1,2,2025-02-15,5,2,0,0,85
1,2,2025-02-16,6,2,0,0,111
1,2,2025-02-17,0,2,0,0,73
1,2,2025-02-18,1,2,0,0,91
1,2,2025-02-19,2,2,0,0,74
1,2,2025-02-20,3,2,0,0,74
1,2,2025-02-21,4,2,0,0,80
1,2,2025-02-22,5,2,0,0,66
1,2,2025-02-23,6,2,0,0,99
1,2,2025-02-24,0,2,0,0,74
1,2,2025-02-25,1,2,0,0,87
1,2,2025-02-26,2,2,0,0,83
1,2,2025-02-27,3,2,0,1,91
1,2,2025-02-28,4,2,0,0,85
1,2,2025-03-01,5,3,0,0,94
1,2,2025-03-02,6,3,0,0,87
1,2,2025-03-03,0,3,0,0,77
1,2,2025-03-04,1,3,0,0,74
1,2,2025-03-05,2,3,0,0,89
1,2,2025-03-06,3,3,0,0,79
1,2,2025-03-07,4,3,0,0,78
1,2,2025-03-08,5,3,0,0,108
1,2,2025-03-09,6,3,0,0,110
1,2,2025-03-10,0,3,0,0,83
1,2,2025-03-11,1,3,0,0,88
1,2,2025-03-12,2,3,0,0,81
1,2,2025-03-13,3,3,0,0,77
1,2,2025-03-14,4,3,0,1,121
1,2,2025-03-15,5,3,0,0,96
1,2,2025-03-16,6,3,0,0,98
1,2,2025-03-17,0,3,0,0,91
1,2,2025-03-18,1,3,0,0,90
1,2,2025-03-19,2,3,0,0,76
1,2,2025-03-20,3,3,0,1,100
1,2,2025-03-21,4,3,0,0,89
1,2,2025-03-22,5,3,0,0,107
1,2,2025-03-23,6,3,0,0,101
1,2,2025-03-24,0,3,0,0,73
1,2,2025-03-25,1,3,0,0,79
1,2,2025-03-26,2,3,0,0,76
1,2,2025-03-27,3,3,0,1,98
1,2,2025-03-28,4,3,0,0,77
1,2,2025-03-29,5,3,0,1,132
1,2,2025-03-30,6,3,0,0,93
1,2,2025-03-31,0,3,0,0,84
1,2,2025-04-01,1,4,0,0,86
1,2,2025-04-02,2,4,0,0,83
1,2,2025-04-03,3,4,0,0,72
1,2,2025-04-04,4,4,0,0,81
1,2,2025-04-05,5,4,0,0,97
1,2,2025-04-06,6,4,0,0,83
1,2,2025-04-07,0,4,0,1,113
1,2,2025-04-08,1,4,0,0,76
1,2,2025-04-09,2,4,0,0,97
1,2,2025-04-10,3,4,0,0,87
1,2,2025-04-11,4,4,0,0,81
1,2,2025-04-12,5,4,0,0,99
1,2,2025-04-13,6,4,0,0,98
1,2,2025-04-14,0,4,0,0,66
1,2,2025-04-15,1,4,0,1,84
1,2,2025-04-16,2,4,0,0,67
1,2,2025-04-17,3,4,0,0,74
1,2,2025-04-18,4,4,0,0,57
1,2,2025-04-19,5,4,0,0,90
1,2,2025-04-20,6,4,0,0,94
1,2,2025-04-21,0,4,0,0,73
1,2,2025-04-22,1,4,0,0,69
1,2,2025-04-23,2,4,0,0,72
1,2,2025-04-24,3,4,0,0,90
1,2,2025-04-25,4,4,0,0,81
1,2,2025-04-26,5,4,0,0,90
1,2,2025-04-27,6,4,0,0,96
1,2,2025-04-28,0,4,0,0,75
1,2,2025-04-29,1,4,0,0,68
1,2,2025-04-30,2,4,0,0,68
1,2,2025-05-01,3,5,0,0,80
1,2,2025-05-02,4,5,0,0,68
1,2,2025-05-03,5,5,0,0,82
1,2,2025-05-04,6,5,0,0,93
1,2,2025-05-05,0,5,0,0,73
1,2,2025-05-06,1,5,0,0,55
1,2,2025-05-07,2,5,0,0,72
1,2,2025-05-08,3,5,0,0,79
1,2,2025-05-09,4,5,0,0,76
1,2,2025-05-10,5,5,0,0,118
1,2,2025-05-11,6,5,0,0,107
1,2,2025-05-12,0,5,0,0,84
1,2,2025-05-13,1,5,0,0,95
1,2,2025-05-14,2,5,0,0,78
1,2,2025-05-15,3,5,0,1,104
1,2,2025-05-16,4,5,0,0,80
1,2,2025-05-17,5,5,0,0,88
1,2,2025-05-18,6,5,0,0,95
1,2,2025-05-19,0,5,0,0,66
1,2,2025-05-20,1,5,0,0,75
1,2,2025-05-21,2,5,0,1,94
1,2,2025-05-22,3,5,0,0,66
1,2,2025-05-23,4,5,0,0,75
1,2,2025-05-24,5,5,0,1,122
1,2,2025-05-25,6,5,0,0,73
1,2,2025-05-26,0,5,0,0,60
1,2,2025-05-27,1,5,0,0,62
1,2,2025-05-28,2,5,0,0,65
1,2,2025-05-29,3,5,0,0,75
1,2,2025-05-30,4,5,0,0,74
1,2,2025-05-31,5,5,0,0,105
1,2,2025-06-01,6,6,0,0,97
1,2,2025-06-02,0,6,0,0,76
1,2,2025-06-03,1,6,0,0,73
1,2,2025-06-04,2,6,0,0,70
1,2,2025-06-05,3,6,0,0,77
1,2,2025-06-06,4,6,0,0,75
1,2,2025-06-07,5,6,0,0,94
1,2,2025-06-08,6,6,0,0,103
1,2,2025-06-09,0,6,0,0,49
1,2,2025-06-10,1,6,0,0,66
1,2,2025-06-11,2,6,0,0,66
1,2,2025-06-12,3,6,0,0,77
1,2,2025-06-13,4,6,0,0,80
1,2,2025-06-14,5,6,0,0,75
1,2,2025-06-15,6,6,0,0,104
1,2,2025-06-16,0,6,0,0,59
1,2,2025-06-17,1,6,0,0,59
1,2,2025-06-18,2,6,0,0,66
1,2,2025-06-19,3,6,0,0,65
1,2,2025-06-20,4,6,0,0,56
1,2,2025-06-21,5,6,0,0,96
1,2,2025-06-22,6,6,0,0,97
1,2,2025-06-23,0,6,0,0,76
1,2,2025-06-24,1,6,0,0,65
1,2,2025-06-25,2,6,0,0,68
1,2,2025-06-26,3,6,0,1,98
1,2,2025-06-27,4,6,0,0,81
1,2,2025-06-28,5,6,0,0,60
1,2,2025-06-29,6,6,0,0,80
1,2,2025-06-30,0,6,0,0,68
1,2,2025-07-01,1,7,0,0,56
1,2,2025-07-02,2,7,0,0,62
1,2,2025-07-03,3,7,0,0,63
1,2,2025-07-04,4,7,0,0,59
1,2,2025-07-05,5,7,0,0,86
1,2,2025-07-06,6,7,0,0,92
1,2,2025-07-07,0,7,0,0,62
1,2,2025-07-08,1,7,0,0,61
1,2,2025-07-09,2,7,0,0,63
1,2,2025-07-10,3,7,0,1,94
1,2,2025-07-11,4,7,0,0,51
1,2,2025-07-12,5,7,0,0,90
1,2,2025-07-13,6,7,0,0,81
1,2,2025-07-14,0,7,0,0,73
1,2,2025-07-15,1,7,0,0,68
1,2,2025-07-16,2,7,0,1,107
1,2,2025-07-17,3,7,0,0,57
1,2,2025-07-18,4,7,0,0,61
1,2,2025-07-19,5,7,0,0,73
1,2,2025-07-20,6,7,0,0,79
1,2,2025-07-21,0,7,0,0,73
1,2,2025-07-22,1,7,0,0,75
1,2,2025-07-23,2,7,0,0,56
1,2,2025-07-24,3,7,0,0,61
1,2,2025-07-25,4,7,0,0,63
1,2,2025-07-26,5,7,0,0,92
1,2,2025-07-27,6,7,0,0,68
1,2,2025-07-28,0,7,0,1,77
1,2,2025-07-29,1,7,0,0,68
1,2,2025-07-30,2,7,0,0,50
1,2,2025-07-31,3,7,0,0,61
1,2,2025-08-01,4,8,0,0,62
1,2,2025-08-02,5,8,0,0,87
1,2,2025-08-03,6,8,0,0,81
1,2,2025-08-04,0,8,0,0,59
1,2,2025-08-05,1,8,0,0,67
1,2,2025-08-06,2,8,0,0,63
1,2,2025-08-07,3,8,0,0,57
1,2,2025-08-08,4,8,0,0,61
1,2,2025-08-09,5,8,0,0,87
1,2,2025-08-10,6,8,0,0,99
1,2,2025-08-11,0,8,0,0,67
1,2,2025-08-12,1,8,0,0,70
1,2,2025-08-13,2,8,0,0,57
1,2,2025-08-14,3,8,0,0,57
1,2,2025-08-15,4,8,0,0,59
1,2,2025-08-16,5,8,0,0,81
1,2,2025-08-17,6,8,0,0,73
1,2,2025-08-18,0,8,0,0,70
1,2,2025-08-19,1,8,0,0,67
1,2,2025-08-20,2,8,0,0,59
1,2,2025-08-21,3,8,0,0,66
1,2,2025-08-22,4,8,0,0,63
1,2,2025-08-23,5,8,0,0,90
1,2,2025-08-24,6,8,0,0,70
1,2,2025-08-25,0,8,0,0,60
1,2,2025-08-26,1,8,0,0,61
1,2,2025-08-27,2,8,0,0,66
1,2,2025-08-28,3,8,0,0,57
1,2,2025-08-29,4,8,0,0,43
1,2,2025-08-30,5,8,0,0,73
1,2,2025-08-31,6,8,0,0,82
1,2,2025-09-01,0,9,0,0,61
1,2,2025-09-02,1,9,0,0,72
1,2,2025-09-03,2,9,0,1,96
1,2,2025-09-04,3,9,0,0,61
1,2,2025-09-05,4,9,0,0,60
1,2,2025-09-06,5,9,0,0,92
1,2,2025-09-07,6,9,0,0,76
1,2,2025-09-08,0,9,0,0,59
1,2,2025-09-09,1,9,0,0,53
1,2,2025-09-10,2,9,0,0,70
1,2,2025-09-11,3,9,0,0,63
1,2,2025-09-12,4,9,0,0,55
1,2,2025-09-13,5,9,0,0,81
1,2,2025-09-14,6,9,0,1,119
1,2,2025-09-15,0,9,0,0,58
1,2,2025-09-16,1,9,0,0,56
1,2,2025-09-17,2,9,0,0,56
1,2,2025-09-18,3,9,0,0,63
1,2,2025-09-19,4,9,0,1,87
1,2,2025-09-20,5,9,0,0,78
1,2,2025-09-21,6,9,0,0,69
1,2,2025-09-22,0,9,0,0,61
1,2,2025-09-23,1,9,0,0,59
1,2,2025-09-24,2,9,0,0,58
1,2,2025-09-25,3,9,0,0,62
1,2,2025-09-26,4,9,0,0,65
1,2,2025-09-27,5,9,0,0,89
1,2,2025-09-28,6,9,0,0,87
1,2,2025-09-29,0,9,0,0,59
1,2,2025-09-30,1,9,0,0,56
1,2,2025-10-01,2,10,0,0,54
1,2,2025-10-02,3,10,0,0,57
1,2,2025-10-03,4,10,0,0,61
1,2,2025-10-04,5,10,0,0,75
1,2,2025-10-05,6,10,0,0,84
1,2,2025-10-06,0,10,0,0,54
1,2,2025-10-07,1,10,0,0,49
1,2,2025-10-08,2,10,0,0,67
1,2,2025-10-09,3,10,0,0,58
1,2,2025-10-10,4,10,0,0,55
1,2,2025-10-11,5,10,0,0,73
1,2,2025-10-12,6,10,0,0,87
1,2,2025-10-13,0,10,0,0,71
1,2,2025-10-14,1,10,0,0,58
1,2,2025-10-15,2,10,0,0,60
1,2,2025-10-16,3,10,0,0,69
1,2,2025-10-17,4,10,0,0,48
1,2,2025-10-18,5,10,0,0,102
1,2,2025-10-19,6,10,0,0,107
1,2,2025-10-20,0,10,0,0,42
1,2,2025-10-21,1,10,0,0,61
1,2,2025-10-22,2,10,0,0,56
1,2,2025-10-23,3,10,0,0,59
1,2,2025-10-24,4,10,0,0,58
1,2,2025-10-25,5,10,0,0,91
1,2,2025-10-26,6,10,0,0,82
1,2,2025-10-27,0,10,0,0,55
1,2,2025-10-28,1,10,0,0,60
1,2,2025-10-29,2,10,0,0,65
1,2,2025-10-30,3,10,0,0,53
1,2,2025-10-31,4,10,0,0,50
1,2,2025-11-01,5,11,0,0,106
1,2,2025-11-02,6,11,0,0,80
1,2,2025-11-03,0,11,0,0,63
1,2,2025-11-04,1,11,0,0,61
1,2,2025-11-05,2,11,0,1,101
1,2,2025-11-06,3,11,0,0,78
1,2,2025-11-07,4,11,0,0,69
1,2,2025-11-08,5,11,0,0,71
1,2,2025-11-09,6,11,0,0,72
1,2,2025-11-10,0,11,0,0,61
1,2,2025-11-11,1,11,0,0,62
1,2,2025-11-12,2,11,0,0,52
1,2,2025-11-13,3,11,0,0,70
1,2,2025-11-14,4,11,0,0,56
1,2,2025-11-15,5,11,0,0,101
1,2,2025-11-16,6,11,0,0,104
1,2,2025-11-17,0,11,0,1,92
1,2,2025-11-18,1,11,0,0,68
1,2,2025-11-19,2,11,0,0,55
1,2,2025-11-20,3,11,0,0,69
1,2,2025-11-21,4,11,0,0,61
1,2,2025-11-22,5,11,1,0,110
1,2,2025-11-23,6,11,1,0,122
1,2,2025-11-24,0,11,1,0,99
1,2,2025-11-25,1,11,1,0,101
1,2,2025-11-26,2,11,1,0,116
1,2,2025-11-27,3,11,1,0,95
1,2,2025-11-28,4,11,1,1,162
1,2,2025-11-29,5,11,0,0,73
1,2,2025-11-30,6,11,0,0,102
1,2,2025-12-01,0,12,0,0,60
1,2,2025-12-02,1,12,0,0,68
1,2,2025-12-03,2,12,0,0,65
1,2,2025-12-04,3,12,0,0,66
1,2,2025-12-05,4,12,0,0,75
1,2,2025-12-06,5,12,0,0,106
1,2,2025-12-07,6,12,0,0,103
1,2,2025-12-08,0,12,0,0,65
1,2,2025-12-09,1,12,0,0,70
1,2,2025-12-10,2,12,0,0,62
1,2,2025-12-11,3,12,0,0,61
1,2,2025-12-12,4,12,0,0,59
1,2,2025-12-13,5,12,0,0,86
1,2,2025-12-14,6,12,0,0,93
1,2,2025-12-15,0,12,0,0,53
1,2,2025-12-16,1,12,0,0,68
1,2,2025-12-17,2,12,0,0,81
1,2,2025-12-18,3,12,0,0,77
1,2,2025-12-19,4,12,0,1,92
1,2,2025-12-20,5,12,0,0,76
1,2,2025-12-21,6,12,0,0,95
1,2,2025-12-22,0,12,0,1,72
1,2,2025-12-23,1,12,0,0,77
1,2,2025-12-24,2,12,1,0,106
1,2,2025-12-25,3,12,1,0,132
1,2,2025-12-26,4,12,0,0,55
1,2,2025-12-27,5,12,0,0,100
1,2,2025-12-28,6,12,0,0,89
1,2,2025-12-29,0,12,0,0,66
1,2,2025-12-30,1,12,0,0,58
1,2,2025-12-31,2,12,1,0,116
1,2,2026-01-01,3,1,0,1,111
1,2,2026-01-02,4,1,0,0,88
1,2,2026-01-03,5,1,0,0,105
1,2,2026-01-04,6,1,0,0,88
1,2,2026-01-05,0,1,0,0,64
1,2,2026-01-06,1,1,0,0,61
1,2,2026-01-07,2,1,0,0,85
1,2,2026-01-08,3,1,0,1,93
1,2,2026-01-09,4,1,0,0,85
1,2,2026-01-10,5,1,0,0,100
1,2,2026-01-11,6,1,0,0,98
1,2,2026-01-12,0,1,0,0,70
1,2,2026-01-13,1,1,0,0,78
1,2,2026-01-14,2,1,0,0,72
1,2,2026-01-15,3,1,0,0,69
1,2,2026-01-16,4,1,0,0,78
1,2,2026-01-17,5,1,0,0,93
1,2,2026-01-18,6,1,0,0,86
1,2,2026-01-19,0,1,0,0,78
1,2,2026-01-20,1,1,0,1,102
1,2,2026-01-21,2,1,0,0,77
1,2,2026-01-22,3,1,0,0,69
1,2,2026-01-23,4,1,0,0,62
1,2,2026-01-24,5,1,0,0,113
1,2,2026-01-25,6,1,0,0,111
1,2,2026-01-26,0,1,0,0,80
1,2,2026-01-27,1,1,0,0,69
1,2,2026-01-28,2,1,0,0,70
1,2,2026-01-29,3,1,0,0,84
1,2,2026-01-30,4,1,0,0,70
1,2,2026-01-31,5,1,0,0,87
1,2,2026-02-01,6,2,0,0,118
1,2,2026-02-02,0,2,0,0,75
1,2,2026-02-03,1,2,0,0,91
1,2,2026-02-04,2,2,0,0,63
1,2,2026-02-05,3,2,0,0,80
1,2,2026-02-06,4,2,0,0,94
1,2,2026-02-07,5,2,0,0,98
1,2,2026-02-08,6,2,0,0,94
1,2,2026-02-09,0,2,0,0,65
1,2,2026-02-10,1,2,0,0,85
1,2,2026-02-11,2,2,0,0,69
1,2,2026-02-12,3,2,0,0,75
1,2,2026-02-13,4,2,0,0,65
1,2,2026-02-14,5,2,0,0,115
1,2,2026-02-15,6,2,0,0,110
1,2,2026-02-16,0,2,0,0,75
1,2,2026-02-17,1,2,0,0,66
1,2,2026-02-18,2,2,0,0,89
1,2,2026-02-19,3,2,0,0,72
1,2,2026-02-20,4,2,0,0,66
1,2,2026-02-21,5,2,0,0,77
1,2,2026-02-22,6,2,0,0,90
1,2,2026-02-23,0,2,0,0,63
1,2,2026-02-24,1,2,0,0,70
1,2,2026-02-25,2,2,0,0,82
1,2,2026-02-26,3,2,0,0,72
1,2,2026-02-27,4,2,0,1,110
1,2,2026-02-28,5,2,0,0,89
1,2,2026-03-01,6,3,0,0,99
1,2,2026-03-02,0,3,0,0,94
1,2,2026-03-03,1,3,0,0,74
1,2,2026-03-04,2,3,0,0,80
1,2,2026-03-05,3,3,0,0,63
1,2,2026-03-06,4,3,0,0,90
1,2,2026-03-07,5,3,0,0,93
1,2,2026-03-08,6,3,0,0,110
1,2,2026-03-09,0,3,0,0,76
1,2,2026-03-10,1,3,0,0,82
1,2,2026-03-11,2,3,0,0,83
1,2,2026-03-12,3,3,0,0,73
1,2,2026-03-13,4,3,0,0,86
1,2,2026-03-14,5,3,0,0,90
1,2,2026-03-15,6,3,0,0,107
1,2,2026-03-16,0,3,0,0,73
1,2,2026-03-17,1,3,0,0,80
1,2,2026-03-18,2,3,0,0,73
1,2,2026-03-19,3,3,0,0,77
1,2,2026-03-20,4,3,0,0,67
1,2,2026-03-21,5,3,0,0,101
1,2,2026-03-22,6,3,0,0,99
1,2,2026-03-23,0,3,0,0,72
1,2,2026-03-24,1,3,0,0,76
1,2,2026-03-25,2,3,0,0,78
1,2,2026-03-26,3,3,0,0,71
1,2,2026-03-27,4,3,0,0,76
1,2,2026-03-28,5,3,0,0,87
1,2,2026-03-29,6,3,0,0,125
1,2,2026-03-30,0,3,0,0,86
1,2,2026-03-31,1,3,0,0,79
1,2,2026-04-01,2,4,0,0,86
1,2,2026-04-02,3,4,0,0,58
1,2,2026-04-03,4,4,0,0,53
1,2,2026-04-04,5,4,0,0,93
1,2,2026-04-05,6,4,0,0,82
1,2,2026-04-06,0,4,0,0,74
1,2,2026-04-07,1,4,0,0,78
1,2,2026-04-08,2,4,0,0,84
1,2,2026-04-09,3,4,0,0,66
1,2,2026-04-10,4,4,0,1,111
1,2,2026-04-11,5,4,0,0,98
1,2,2026-04-12,6,4,0,0,101
1,2,2026-04-13,0,4,0,0,71
1,2,2026-04-14,1,4,0,0,88
1,2,2026-04-15,2,4,0,0,75
1,2,2026-04-16,3,4,0,0,91
1,2,2026-04-17,4,4,0,1,96
1,2,2026-04-18,5,4,0,0,106
1,2,2026-04-19,6,4,0,0,97
1,2,2026-04-20,0,4,0,0,73
1,2,2026-04-21,1,4,0,0,81
1,2,2026-04-22,2,4,0,0,73
1,2,2026-04-23,3,4,0,0,52
1,2,2026-04-24,4,4,0,0,49
1,2,2026-04-25,5,4,0,0,112
1,2,2026-04-26,6,4,0,0,111
1,2,2026-04-27,0,4,0,0,92
1,2,2026-04-28,1,4,0,0,76
1,2,2026-04-29,2,4,0,0,64
1,2,2026-04-30,3,4,0,0,72
1,2,2026-05-01,4,5,0,0,73
1,2,2026-05-02,5,5,0,0,84
1,2,2026-05-03,6,5,0,0,113
1,2,2026-05-04,0,5,0,0,92
1,2,2026-05-05,1,5,0,0,77
1,2,2026-05-06,2,5,0,0,73
1,2,2026-05-07,3,5,0,0,62
1,2,2026-05-08,4,5,0,1,122
1,2,2026-05-09,5,5,0,0,95
1,2,2026-05-10,6,5,0,0,91
1,2,2026-05-11,0,5,0,0,77
1,2,2026-05-12,1,5,0,0,68
1,2,2026-05-13,2,5,0,0,74
1,2,2026-05-14,3,5,0,0,61
1,2,2026-05-15,4,5,0,0,82
1,2,2026-05-16,5,5,0,1,123
1,2,2026-05-17,6,5,0,0,107
1,2,2026-05-18,0,5,0,0,71
1,2,2026-05-19,1,5,0,0,72
1,2,2026-05-20,2,5,0,1,89
1,2,2026-05-21,3,5,0,0,79
1,2,2026-05-22,4,5,0,0,66
1,2,2026-05-23,5,5,0,0,89
1,2,2026-05-24,6,5,0,0,95
1,2,2026-05-25,0,5,0,0,74
1,2,2026-05-26,1,5,0,0,59
1,2,2026-05-27,2,5,0,0,71
1,2,2026-05-28,3,5,0,0,80
1,2,2026-05-29,4,5,0,0,70
1,2,2026-05-30,5,5,0,0,92
1,2,2026-05-31,6,5,0,1,127
1,2,2026-06-01,0,6,0,0,68
1,2,2026-06-02,1,6,0,0,61
1,2,2026-06-03,2,6,0,0,69
1,2,2026-06-04,3,6,0,0,77
1,2,2026-06-05,4,6,0,0,61
1,2,2026-06-06,5,6,0,0,87
1,2,2026-06-07,6,6,0,0,76
1,2,2026-06-08,0,6,0,0,77
1,2,2026-06-09,1,6,0,0,68
1,2,2026-06-10,2,6,0,0,62
1,2,2026-06-11,3,6,0,0,70
1,2,2026-06-12,4,6,0,0,59
1,2,2026-06-13,5,6,0,0,80
1,2,2026-06-14,6,6,0,0,75
1,2,2026-06-15,0,6,0,0,60
1,2,2026-06-16,1,6,0,0,80
1,2,2026-06-17,2,6,0,0,63
1,2,2026-06-18,3,6,0,0,73
1,2,2026-06-19,4,6,0,0,62
1,2,2026-06-20,5,6,0,0,99
1,2,2026-06-21,6,6,0,0,80
1,2,2026-06-22,0,6,0,0,69
1,2,2026-06-23,1,6,0,0,69
1,2,2026-06-24,2,6,0,0,88
1,2,2026-06-25,3,6,0,0,74
1,2,2026-06-26,4,6,0,0,64
1,2,2026-06-27,5,6,0,0,98
1,2,2026-06-28,6,6,0,0,113
1,2,2026-06-29,0,6,0,0,56
1,2,2026-06-30,1,6,0,0,62
1,2,2026-07-01,2,7,0,0,63
1,2,2026-07-02,3,7,0,0,62
1,2,2026-07-03,4,7,0,0,63
1,2,2026-07-04,5,7,0,0,74
1,2,2026-07-05,6,7,0,0,101
1,2,2026-07-06,0,7,0,0,54
1,2,2026-07-07,1,7,0,0,64
1,2,2026-07-08,2,7,0,0,73
1,2,2026-07-09,3,7,0,0,65
1,2,2026-07-10,4,7,0,0,58
1,2,2026-07-11,5,7,0,0,73
1,2,2026-07-12,6,7,0,0,84
1,2,2026-07-13,0,7,0,0,59
1,2,2026-07-14,1,7,0,0,67
1,2,2026-07-15,2,7,0,1,80
1,2,2026-07-16,3,7,0,0,71
1,2,2026-07-17,4,7,0,0,66
1,2,2026-07-18,5,7,0,0,89
1,2,2026-07-19,6,7,0,0,101
1,2,2026-07-20,0,7,0,0,62
1,2,2026-07-21,1,7,0,0,60
1,2,2026-07-22,2,7,0,0,61
1,2,2026-07-23,3,7,0,0,64
1,2,2026-07-24,4,7,0,0,64
1,2,2026-07-25,5,7,0,0,78
1,2,2026-07-26,6,7,0,0,66
1,2,2026-07-27,0,7,0,0,61
1,2,2026-07-28,1,7,0,0,68
1,2,2026-07-29,2,7,0,0,66
1,2,2026-07-30,3,7,0,0,74
1,2,2026-07-31,4,7,0,0,80
1,2,2026-08-01,5,8,0,0,91
1,2,2026-08-02,6,8,0,0,97
1,2,2026-08-03,0,8,0,0,68
1,2,2026-08-04,1,8,0,0,74
1,2,2026-08-05,2,8,0,0,76
1,2,2026-08-06,3,8,0,0,69
1,2,2026-08-07,4,8,0,0,67
1,2,2026-08-08,5,8,0,0,82
1,2,2026-08-09,6,8,0,0,84
1,2,2026-08-10,0,8,0,0,60
1,2,2026-08-11,1,8,0,0,67
1,2,2026-08-12,2,8,0,0,57
1,2,2026-08-13,3,8,0,0,61
1,2,2026-08-14,4,8,0,0,45
1,2,2026-08-15,5,8,0,0,101
1,2,2026-08-16,6,8,0,0,82
1,2,2026-08-17,0,8,0,0,65
1,2,2026-08-18,1,8,0,0,73
1,2,2026-08-19,2,8,0,0,64
1,2,2026-08-20,3,8,0,0,73
1,2,2026-08-21,4,8,0,0,53
1,2,2026-08-22,5,8,0,0,107
1,2,2026-08-23,6,8,0,0,95
1,2,2026-08-24,0,8,0,0,64
1,2,2026-08-25,1,8,0,0,73
1,2,2026-08-26,2,8,0,0,54
1,2,2026-08-27,3,8,0,0,60
1,2,2026-08-28,4,8,0,0,73
1,2,2026-08-29,5,8,0,0,66
1,2,2026-08-30,6,8,0,1,122
1,2,2026-08-31,0,8,0,0,66
1,3,2024-09-01,6,9,0,0,213
1,3,2024-09-02,0,9,0,0,139
1,3,2024-09-03,1,9,0,0,174
1,3,2024-09-04,2,9,0,0,169
1,3,2024-09-05,3,9,0,1,215
1,3,2024-09-06,4,9,0,0,131
1,3,2024-09-07,5,9,0,0,205
1,3,2024-09-08,6,9,0,0,182
1,3,2024-09-09,0,9,0,0,178
1,3,2024-09-10,1,9,0,0,140
1,3,2024-09-11,2,9,0,0,128
1,3,2024-09-12,3,9,0,0,127
1,3,2024-09-13,4,9,0,0,108
1,3,2024-09-14,5,9,0,0,206
1,3,2024-09-15,6,9,0,1,221
1,3,2024-09-16,0,9,0,1,248
1,3,2024-09-17,1,9,0,0,106
1,3,2024-09-18,2,9,0,0,141
1,3,2024-09-19,3,9,0,0,166
1,3,2024-09-20,4,9,0,0,86
1,3,2024-09-21,5,9,0,0,255
1,3,2024-09-22,6,9,0,0,174
1,3,2024-09-23,0,9,0,0,141
1,3,2024-09-24,1,9,0,0,152
1,3,2024-09-25,2,9,0,0,155
1,3,2024-09-26,3,9,0,0,144
1,3,2024-09-27,4,9,0,0,162
1,3,2024-09-28,5,9,0,0,205
1,3,2024-09-29,6,9,0,0,246
1,3,2024-09-30,0,9,0,0,150
1,3,2024-10-01,1,10,0,0,189
1,3,2024-10-02,2,10,0,0,163
1,3,2024-10-03,3,10,0,0,96
1,3,2024-10-04,4,10,0,0,205
1,3,2024-10-05,5,10,0,0,171
1,3,2024-10-06,6,10,0,0,241
1,3,2024-10-07,0,10,0,0,141
1,3,2024-10-08,1,10,0,0,167
1,3,2024-10-09,2,10,0,0,123
1,3,2024-10-10,3,10,0,0,156
1,3,2024-10-11,4,10,0,0,134
1,3,2024-10-12,5,10,0,0,243
1,3,2024-10-13,6,10,0,1,281
1,3,2024-10-14,0,10,0,0,163
1,3,2024-10-15,1,10,0,0,87
1,3,2024-10-16,2,10,0,0,138
1,3,2024-10-17,3,10,0,0,151
1,3,2024-10-18,4,10,0,0,146
1,3,2024-10-19,5,10,0,0,223
1,3,2024-10-20,6,10,0,0,178
1,3,2024-10-21,0,10,0,0,142
1,3,2024-10-22,1,10,0,0,170
1,3,2024-10-23,2,10,0,0,84
1,3,2024-10-24,3,10,0,0,155
1,3,2024-10-25,4,10,0,0,132
1,3,2024-10-26,5,10,0,0,160
1,3,2024-10-27,6,10,0,0,202
1,3,2024-10-28,0,10,0,0,171
1,3,2024-10-29,1,10,0,0,166
1,3,2024-10-30,2,10,0,0,137
1,3,2024-10-31,3,10,0,0,162
1,3,2024-11-01,4,11,0,0,170
1,3,2024-11-02,5,11,0,0,195
1,3,2024-11-03,6,11,0,0,174
1,3,2024-11-04,0,11,0,0,131
1,3,2024-11-05,1,11,0,0,169
1,3,2024-11-06,2,11,0,0,146
1,3,2024-11-07,3,11,0,0,120
1,3,2024-11-08,4,11,0,0,104
1,3,2024-11-09,5,11,0,0,227
1,3,2024-11-10,6,11,0,0,179
1,3,2024-11-11,0,11,0,0,156
1,3,2024-11-12,1,11,0,0,180
1,3,2024-11-13,2,11,0,0,114
1,3,2024-11-14,3,11,0,0,146
1,3,2024-11-15,4,11,0,0,143
1,3,2024-11-16,5,11,0,0,211
1,3,2024-11-17,6,11,0,0,241
1,3,2024-11-18,0,11,0,0,113
1,3,2024-11-19,1,11,0,0,162
1,3,2024-11-20,2,11,0,0,174
1,3,2024-11-21,3,11,0,0,143
1,3,2024-11-22,4,11,1,0,236
1,3,2024-11-23,5,11,1,1,389
1,3,2024-11-24,6,11,1,0,309
1,3,2024-11-25,0,11,1,0,266
1,3,2024-11-26,1,11,1,1,343
1,3,2024-11-27,2,11,1,0,200
1,3,2024-11-28,3,11,1,0,283
1,3,2024-11-29,4,11,0,0,178
1,3,2024-11-30,5,11,0,0,204
1,3,2024-12-01,6,12,0,0,153
1,3,2024-12-02,0,12,0,0,154
1,3,2024-12-03,1,12,0,0,162
1,3,2024-12-04,2,12,0,0,125
1,3,2024-12-05,3,12,0,0,147
1,3,2024-12-06,4,12,0,0,118
1,3,2024-12-07,5,12,0,0,229
1,3,2024-12-08,6,12,0,0,213
1,3,2024-12-09,0,12,0,0,112
1,3,2024-12-10,1,12,0,1,241
1,3,2024-12-11,2,12,0,0,156
1,3,2024-12-12,3,12,0,0,171
1,3,2024-12-13,4,12,0,0,146
1,3,2024-12-14,5,12,0,0,178
1,3,2024-12-15,6,12,0,0,179
1,3,2024-12-16,0,12,0,0,142
1,3,2024-12-17,1,12,0,0,158
1,3,2024-12-18,2,12,0,0,161
1,3,2024-12-19,3,12,0,0,152
1,3,2024-12-20,4,12,0,0,145
1,3,2024-12-21,5,12,0,0,195
1,3,2024-12-22,6,12,0,0,299
1,3,2024-12-23,0,12,0,0,136
1,3,2024-12-24,1,12,1,1,290
1,3,2024-12-25,2,12,1,0,396
1,3,2024-12-26,3,12,0,0,169
1,3,2024-12-27,4,12,0,1,172
1,3,2024-12-28,5,12,0,0,238
1,3,2024-12-29,6,12,0,0,174
1,3,2024-12-30,0,12,0,1,264
1,3,2024-12-31,1,12,1,0,242
1,3,2025-01-01,2,1,0,0,154
1,3,2025-01-02,3,1,0,0,214
1,3,2025-01-03,4,1,0,0,183
1,3,2025-01-04,5,1,0,0,254
1,3,2025-01-05,6,1,0,1,309
1,3,2025-01-06,0,1,0,0,154
1,3,2025-01-07,1,1,0,0,185
1,3,2025-01-08,2,1,0,0,202
1,3,2025-01-09,3,1,0,0,171
1,3,2025-01-10,4,1,0,0,219
1,3,2025-01-11,5,1,0,0,249
1,3,2025-01-12,6,1,0,1,298
1,3,2025-01-13,0,1,0,0,174
1,3,2025-01-14,1,1,0,1,243
1,3,2025-01-15,2,1,0,0,130
1,3,2025-01-16,3,1,0,0,164
1,3,2025-01-17,4,1,0,0,173
1,3,2025-01-18,5,1,0,1,266
1,3,2025-01-19,6,1,0,0,230
1,3,2025-01-20,0,1,0,0,167
1,3,2025-01-21,1,1,0,0,189
1,3,2025-01-22,2,1,0,0,186
1,3,2025-01-23,3,1,0,0,172
1,3,2025-01-24,4,1,0,0,127
1,3,2025-01-25,5,1,0,0,285
1,3,2025-01-26,6,1,0,0,212
1,3,2025-01-27,0,1,0,0,164
1,3,2025-01-28,1,1,0,0,157
1,3,2025-01-29,2,1,0,0,152
1,3,2025-01-30,3,1,0,0,212
1,3,2025-01-31,4,1,0,0,207
1,3,2025-02-01,5,2,0,0,241
1,3,2025-02-02,6,2,0,0,220
1,3,2025-02-03,0,2,0,0,193
1,3,2025-02-04,1,2,0,0,176
1,3,2025-02-05,2,2,0,0,168
1,3,2025-02-06,3,2,0,0,184
1,3,2025-02-07,4,2,0,0,160
1,3,2025-02-08,5,2,0,0,234
1,3,2025-02-09,6,2,0,0,232
1,3,2025-02-10,0,2,0,0,192
1,3,2025-02-11,1,2,0,0,155
1,3,2025-02-12,2,2,0,0,195
1,3,2025-02-13,3,2,0,0,146
1,3,2025-02-14,4,2,0,0,156
1,3,2025-02-15,5,2,0,0,203
1,3,2025-02-16,6,2,0,0,182
1,3,2025-02-17,0,2,0,0,205
1,3,2025-02-18,1,2,0,0,144
1,3,2025-02-19,2,2,0,0,152
1,3,2025-02-20,3,2,0,0,212
1,3,2025-02-21,4,2,0,0,156
1,3,2025-02-22,5,2,0,0,217
1,3,2025-02-23,6,2,0,0,184
1,3,2025-02-24,0,2,0,0,199
1,3,2025-02-25,1,2,0,0,200
1,3,2025-02-26,2,2,0,0,196
1,3,2025-02-27,3,2,0,0,190
1,3,2025-02-28,4,2,0,0,176
1,3,2025-03-01,5,3,0,0,206
1,3,2025-03-02,6,3,0,0,194
1,3,2025-03-03,0,3,0,0,216
1,3,2025-03-04,1,3,0,0,200
1,3,2025-03-05,2,3,0,0,155
1,3,2025-03-06,3,3,0,1,249
1,3,2025-03-07,4,3,0,0,167
1,3,2025-03-08,5,3,0,0,182
1,3,2025-03-09,6,3,0,0,234
1,3,2025-03-10,0,3,0,0,164
1,3,2025-03-11,1,3,0,0,147
1,3,2025-03-12,2,3,0,0,131
1,3,2025-03-13,3,3,0,0,128
1,3,2025-03-14,4,3,0,0,165
1,3,2025-03-15,5,3,0,0,223
1,3,2025-03-16,6,3,0,0,192
1,3,2025-03-17,0,3,0,0,197
1,3,2025-03-18,1,3,0,0,174
1,3,2025-03-19,2,3,0,0,194
1,3,2025-03-20,3,3,0,0,171
1,3,2025-03-21,4,3,0,0,152
1,3,2025-03-22,5,3,0,0,231
1,3,2025-03-23,6,3,0,0,177
1,3,2025-03-24,0,3,0,0,193
1,3,2025-03-25,1,3,0,0,148
1,3,2025-03-26,2,3,0,0,205
1,3,2025-03-27,3,3,0,0,166
1,3,2025-03-28,4,3,0,0,209
1,3,2025-03-29,5,3,0,0,182
1,3,2025-03-30,6,3,0,0,200
1,3,2025-03-31,0,3,0,0,188
1,3,2025-04-01,1,4,0,0,210
1,3,2025-04-02,2,4,0,0,225
1,3,2025-04-03,3,4,0,0,175
1,3,2025-04-04,4,4,0,0,230
1,3,2025-04-05,5,4,0,0,213
1,3,2025-04-06,6,4,0,0,268
1,3,2025-04-07,0,4,0,0,145
1,3,2025-04-08,1,4,0,0,187
1,3,2025-04-09,2,4,0,0,103
1,3,2025-04-10,3,4,0,0,140
1,3,2025-04-11,4,4,0,0,188
1,3,2025-04-12,5,4,0,0,173
1,3,2025-04-13,6,4,0,0,241
1,3,2025-04-14,0,4,0,0,202
1,3,2025-04-15,1,4,0,0,159
1,3,2025-04-16,2,4,0,0,145
1,3,2025-04-17,3,4,0,0,160
1,3,2025-04-18,4,4,0,0,145
1,3,2025-04-19,5,4,0,0,220
1,3,2025-04-20,6,4,0,0,228
1,3,2025-04-21,0,4,0,0,165
1,3,2025-04-22,1,4,0,0,225
1,3,2025-04-23,2,4,0,0,152
1,3,2025-04-24,3,4,0,0,217
1,3,2025-04-25,4,4,0,0,142
1,3,2025-04-26,5,4,0,0,227
1,3,2025-04-27,6,4,0,0,271
1,3,2025-04-28,0,4,0,0,209
1,3,2025-04-29,1,4,0,1,227
1,3,2025-04-30,2,4,0,0,191
1,3,2025-05-01,3,5,0,0,180
1,3,2025-05-02,4,5,0,0,152
1,3,2025-05-03,5,5,0,1,319
1,3,2025-05-04,6,5,0,0,289
1,3,2025-05-05,0,5,0,0,181
1,3,2025-05-06,1,5,0,0,184
1,3,2025-05-07,2,5,0,0,187
1,3,2025-05-08,3,5,0,0,125
1,3,2025-05-09,4,5,0,0,181
1,3,2025-05-10,5,5,0,0,179
1,3,2025-05-11,6,5,0,0,195
1,3,2025-05-12,0,5,0,0,231
1,3,2025-05-13,1,5,0,0,160
1,3,2025-05-14,2,5,0,0,146
1,3,2025-05-15,3,5,0,0,201
1,3,2025-05-16,4,5,0,0,140
1,3,2025-05-17,5,5,0,1,266
1,3,2025-05-18,6,5,0,0,265
1,3,2025-05-19,0,5,0,0,169
1,3,2025-05-20,1,5,0,1,173
1,3,2025-05-21,2,5,0,0,184
1,3,2025-05-22,3,5,0,0,156
1,3,2025-05-23,4,5,0,0,213
1,3,2025-05-24,5,5,0,0,195
1,3,2025-05-25,6,5,0,0,258
1,3,2025-05-26,0,5,0,0,220
1,3,2025-05-27,1,5,0,0,143
1,3,2025-05-28,2,5,0,0,162
1,3,2025-05-29,3,5,0,0,179
1,3,2025-05-30,4,5,0,0,142
1,3,2025-05-31,5,5,0,0,228
1,3,2025-06-01,6,6,0,0,200
1,3,2025-06-02,0,6,0,0,151
1,3,2025-06-03,1,6,0,0,160
1,3,2025-06-04,2,6,0,0,160
1,3,2025-06-05,3,6,0,0,163
1,3,2025-06-06,4,6,0,0,142
1,3,2025-06-07,5,6,0,0,188
1,3,2025-06-08,6,6,0,0,204
1,3,2025-06-09,0,6,0,0,157
1,3,2025-06-10,1,6,0,0,146
1,3,2025-06-11,2,6,0,0,167
1,3,2025-06-12,3,6,0,0,108
1,3,2025-06-13,4,6,0,0,138
1,3,2025-06-14,5,6,0,0,198
1,3,2025-06-15,6,6,0,0,177
1,3,2025-06-16,0,6,0,0,204
1,3,2025-06-17,1,6,0,0,159
1,3,2025-06-18,2,6,0,0,163
1,3,2025-06-19,3,6,0,0,145
1,3,2025-06-20,4,6,0,0,158
1,3,2025-06-21,5,6,0,1,219
1,3,2025-06-22,6,6,0,0,202
1,3,2025-06-23,0,6,0,0,132
1,3,2025-06-24,1,6,0,0,151
1,3,2025-06-25,2,6,0,1,126
1,3,2025-06-26,3,6,0,0,127
1,3,2025-06-27,4,6,0,0,199
1,3,2025-06-28,5,6,0,0,239
1,3,2025-06-29,6,6,0,0,257
1,3,2025-06-30,0,6,0,0,197
1,3,2025-07-01,1,7,0,0,167
1,3,2025-07-02,2,7,0,0,137
1,3,2025-07-03,3,7,0,0,122
1,3,2025-07-04,4,7,0,0,179
1,3,2025-07-05,5,7,0,0,202
1,3,2025-07-06,6,7,0,0,287
1,3,2025-07-07,0,7,0,0,140
1,3,2025-07-08,1,7,0,1,295
1,3,2025-07-09,2,7,0,0,145
1,3,2025-07-10,3,7,0,1,271
1,3,2025-07-11,4,7,0,0,194
1,3,2025-07-12,5,7,0,0,164
1,3,2025-07-13,6,7,0,0,182
1,3,2025-07-14,0,7,0,0,122
1,3,2025-07-15,1,7,0,0,117
1,3,2025-07-16,2,7,0,0,167
1,3,2025-07-17,3,7,0,0,144
1,3,2025-07-18,4,7,0,0,151
1,3,2025-07-19,5,7,0,0,219
1,3,2025-07-20,6,7,0,0,134
1,3,2025-07-21,0,7,0,0,183
1,3,2025-07-22,1,7,0,0,140
1,3,2025-07-23,2,7,0,0,163
1,3,2025-07-24,3,7,0,0,165
1,3,2025-07-25,4,7,0,0,185
1,3,2025-07-26,5,7,0,0,196
1,3,2025-07-27,6,7,0,1,169
1,3,2025-07-28,0,7,0,0,151
1,3,2025-07-29,1,7,0,0,155
1,3,2025-07-30,2,7,0,0,122
1,3,2025-07-31,3,7,0,0,153
1,3,2025-08-01,4,8,0,0,133
1,3,2025-08-02,5,8,0,0,147
1,3,2025-08-03,6,8,0,0,215
1,3,2025-08-04,0,8,0,0,128
1,3,2025-08-05,1,8,0,0,132
1,3,2025-08-06,2,8,0,0,131
1,3,2025-08-07,3,8,0,0,173
1,3,2025-08-08,4,8,0,0,141
1,3,2025-08-09,5,8,0,0,195
1,3,2025-08-10,6,8,0,0,178
1,3,2025-08-11,0,8,0,0,154
1,3,2025-08-12,1,8,0,0,176
1,3,2025-08-13,2,8,0,0,159
1,3,2025-08-14,3,8,0,1,239
1,3,2025-08-15,4,8,0,0,158
1,3,2025-08-16,5,8,0,0,146
1,3,2025-08-17,6,8,0,0,163
1,3,2025-08-18,0,8,0,0,137
1,3,2025-08-19,1,8,0,0,124
1,3,2025-08-20,2,8,0,0,116
1,3,2025-08-21,3,8,0,0,96
1,3,2025-08-22,4,8,0,0,109
1,3,2025-08-23,5,8,0,0,184
1,3,2025-08-24,6,8,0,0,190
1,3,2025-08-25,0,8,0,0,123
1,3,2025-08-26,1,8,0,1,216
1,3,2025-08-27,2,8,0,0,132
1,3,2025-08-28,3,8,0,0,170
1,3,2025-08-29,4,8,0,0,139
1,3,2025-08-30,5,8,0,0,216
1,3,2025-08-31,6,8,0,0,200
1,3,2025-09-01,0,9,0,0,106
1,3,2025-09-02,1,9,0,0,138
1,3,2025-09-03,2,9,0,0,110
1,3,2025-09-04,3,9,0,0,137
1,3,2025-09-05,4,9,0,0,122
1,3,2025-09-06,5,9,0,0,203
1,3,2025-09-07,6,9,0,0,146
1,3,2025-09-08,0,9,0,0,140
1,3,2025-09-09,1,9,0,0,154
1,3,2025-09-10,2,9,0,0,162
1,3,2025-09-11,3,9,0,0,121
1,3,2025-09-12,4,9,0,0,141
1,3,2025-09-13,5,9,0,0,197
1,3,2025-09-14,6,9,0,0,242
1,3,2025-09-15,0,9,0,1,156
1,3,2025-09-16,1,9,0,0,118
1,3,2025-09-17,2,9,0,0,209
1,3,2025-09-18,3,9,0,0,133
1,3,2025-09-19,4,9,0,0,94
1,3,2025-09-20,5,9,0,0,171
1,3,2025-09-21,6,9,0,0,98
1,3,2025-09-22,0,9,0,0,146
1,3,2025-09-23,1,9,0,0,160
1,3,2025-09-24,2,9,0,0,118
1,3,2025-09-25,3,9,0,0,129
1,3,2025-09-26,4,9,0,1,245
1,3,2025-09-27,5,9,0,0,132
1,3,2025-09-28,6,9,0,0,146
1,3,2025-09-29,0,9,0,0,135
1,3,2025-09-30,1,9,0,0,122
1,3,2025-10-01,2,10,0,0,135
1,3,2025-10-02,3,10,0,0,111
1,3,2025-10-03,4,10,0,0,148
1,3,2025-10-04,5,10,0,1,257
1,3,2025-10-05,6,10,0,0,212
1,3,2025-10-06,0,10,0,0,148
1,3,2025-10-07,1,10,0,0,148
1,3,2025-10-08,2,10,0,0,107
1,3,2025-10-09,3,10,0,0,155
1,3,2025-10-10,4,10,0,0,135
1,3,2025-10-11,5,10,0,0,187
1,3,2025-10-12,6,10,0,1,312
1,3,2025-10-13,0,10,0,0,125
1,3,2025-10-14,1,10,0,0,177
1,3,2025-10-15,2,10,0,0,179
1,3,2025-10-16,3,10,0,0,162
1,3,2025-10-17,4,10,0,0,118
1,3,2025-10-18,5,10,0,0,119
1,3,2025-10-19,6,10,0,0,230
1,3,2025-10-20,0,10,0,0,146
1,3,2025-10-21,1,10,0,0,124
1,3,2025-10-22,2,10,0,0,172
1,3,2025-10-23,3,10,0,0,121
1,3,2025-10-24,4,10,0,0,132
1,3,2025-10-25,5,10,0,0,211
1,3,2025-10-26,6,10,0,0,155
1,3,2025-10-27,0,10,0,0,140
1,3,2025-10-28,1,10,0,0,170
1,3,2025-10-29,2,10,0,0,148
1,3,2025-10-30,3,10,0,0,174
1,3,2025-10-31,4,10,0,0,171
1,3,2025-11-01,5,11,0,0,200
1,3,2025-11-02,6,11,0,0,118
1,3,2025-11-03,0,11,0,0,121
1,3,2025-11-04,1,11,0,0,170
1,3,2025-11-05,2,11,0,0,109
1,3,2025-11-06,3,11,0,0,141
1,3,2025-11-07,4,11,0,0,159
1,3,2025-11-08,5,11,0,0,252
1,3,2025-11-09,6,11,0,0,180
1,3,2025-11-10,0,11,0,0,133
1,3,2025-11-11,1,11,0,0,149
1,3,2025-11-12,2,11,0,0,159
1,3,2025-11-13,3,11,0,0,146
1,3,2025-11-14,4,11,0,0,178
1,3,2025-11-15,5,11,0,0,172
1,3,2025-11-16,6,11,0,0,204
1,3,2025-11-17,0,11,0,0,162
1,3,2025-11-18,1,11,0,0,139
1,3,2025-11-19,2,11,0,0,172
1,3,2025-11-20,3,11,0,0,154
1,3,2025-11-21,4,11,0,1,251
1,3,2025-11-22,5,11,1,0,304
1,3,2025-11-23,6,11,1,0,314
1,3,2025-11-24,0,11,1,0,217
1,3,2025-11-25,1,11,1,0,217
1,3,2025-11-26,2,11,1,0,296
1,3,2025-11-27,3,11,1,0,271
1,3,2025-11-28,4,11,1,0,200
1,3,2025-11-29,5,11,0,0,207
1,3,2025-11-30,6,11,0,0,117
1,3,2025-12-01,0,12,0,0,143
1,3,2025-12-02,1,12,0,0,186
1,3,2025-12-03,2,12,0,0,156
1,3,2025-12-04,3,12,0,0,163
1,3,2025-12-05,4,12,0,0,75
1,3,2025-12-06,5,12,0,0,195
1,3,2025-12-07,6,12,0,0,222
1,3,2025-12-08,0,12,0,0,173
1,3,2025-12-09,1,12,0,0,186
1,3,2025-12-10,2,12,0,1,221
1,3,2025-12-11,3,12,0,0,155
1,3,2025-12-12,4,12,0,1,176
1,3,2025-12-13,5,12,0,0,202
1,3,2025-12-14,6,12,0,0,163
1,3,2025-12-15,0,12,0,0,108
1,3,2025-12-16,1,12,0,0,129
1,3,2025-12-17,2,12,0,0,202
1,3,2025-12-18,3,12,0,0,152
1,3,2025-12-19,4,12,0,0,166
1,3,2025-12-20,5,12,0,0,191
1,3,2025-12-21,6,12,0,0,144
1,3,2025-12-22,0,12,0,0,186
1,3,2025-12-23,1,12,0,0,99
1,3,2025-12-24,2,12,1,0,229
1,3,2025-12-25,3,12,1,0,251
1,3,2025-12-26,4,12,0,0,166
1,3,2025-12-27,5,12,0,0,183
1,3,2025-12-28,6,12,0,0,142
1,3,2025-12-29,0,12,0,0,137
1,3,2025-12-30,1,12,0,0,139
1,3,2025-12-31,2,12,1,0,219
1,3,2026-01-01,3,1,0,0,198
1,3,2026-01-02,4,1,0,0,133
1,3,2026-01-03,5,1,0,0,231
1,3,2026-01-04,6,1,0,0,225
1,3,2026-01-05,0,1,0,0,198
1,3,2026-01-06,1,1,0,0,165
1,3,2026-01-07,2,1,0,0,193
1,3,2026-01-08,3,1,0,0,164
1,3,2026-01-09,4,1,0,0,182
1,3,2026-01-10,5,1,0,0,162
1,3,2026-01-11,6,1,0,0,118
1,3,2026-01-12,0,1,0,0,180
1,3,2026-01-13,1,1,0,0,182
1,3,2026-01-14,2,1,0,0,183
1,3,2026-01-15,3,1,0,0,154
1,3,2026-01-16,4,1,0,0,213
1,3,2026-01-17,5,1,0,0,202
1,3,2026-01-18,6,1,0,0,236
1,3,2026-01-19,0,1,0,0,187
1,3,2026-01-20,1,1,0,1,312
1,3,2026-01-21,2,1,0,0,160
1,3,2026-01-22,3,1,0,0,150
1,3,2026-01-23,4,1,0,0,125
1,3,2026-01-24,5,1,0,0,279
1,3,2026-01-25,6,1,0,0,236
1,3,2026-01-26,0,1,0,0,183
1,3,2026-01-27,1,1,0,0,262
1,3,2026-01-28,2,1,0,0,179
1,3,2026-01-29,3,1,0,0,131
1,3,2026-01-30,4,1,0,0,163
1,3,2026-01-31,5,1,0,0,182
1,3,2026-02-01,6,2,0,0,211
1,3,2026-02-02,0,2,0,0,164
1,3,2026-02-03,1,2,0,0,158
1,3,2026-02-04,2,2,0,0,133
1,3,2026-02-05,3,2,0,0,225
1,3,2026-02-06,4,2,0,0,185
1,3,2026-02-07,5,2,0,0,217
1,3,2026-02-08,6,2,0,0,257
1,3,2026-02-09,0,2,0,0,191
1,3,2026-02-10,1,2,0,0,185
1,3,2026-02-11,2,2,0,1,276
1,3,2026-02-12,3,2,0,0,180
1,3,2026-02-13,4,2,0,0,197
1,3,2026-02-14,5,2,0,0,256
1,3,2026-02-15,6,2,0,0,233
1,3,2026-02-16,0,2,0,0,169
1,3,2026-02-17,1,2,0,0,224
1,3,2026-02-18,2,2,0,0,161
1,3,2026-02-19,3,2,0,0,188
1,3,2026-02-20,4,2,0,0,189
1,3,2026-02-21,5,2,0,0,202
1,3,2026-02-22,6,2,0,0,194
1,3,2026-02-23,0,2,0,0,165
1,3,2026-02-24,1,2,0,0,161
1,3,2026-02-25,2,2,0,0,131
1,3,2026-02-26,3,2,0,0,156
1,3,2026-02-27,4,2,0,0,185
1,3,2026-02-28,5,2,0,0,277
1,3,2026-03-01,6,3,0,0,251
1,3,2026-03-02,0,3,0,0,97
1,3,2026-03-03,1,3,0,0,199
1,3,2026-03-04,2,3,0,0,161
1,3,2026-03-05,3,3,0,0,193
1,3,2026-03-06,4,3,0,0,178
1,3,2026-03-07,5,3,0,0,221
1,3,2026-03-08,6,3,0,0,225
1,3,2026-03-09,0,3,0,0,178
1,3,2026-03-10,1,3,0,0,221
1,3,2026-03-11,2,3,0,0,178
1,3,2026-03-12,3,3,0,0,213
1,3,2026-03-13,4,3,0,1,290
1,3,2026-03-14,5,3,0,0,256
1,3,2026-03-15,6,3,0,0,157
1,3,2026-03-16,0,3,0,0,214
1,3,2026-03-17,1,3,0,0,165
1,3,2026-03-18,2,3,0,0,201
1,3,2026-03-19,3,3,0,0,148
1,3,2026-03-20,4,3,0,0,142
1,3,2026-03-21,5,3,0,0,309
1,3,2026-03-22,6,3,0,0,191
1,3,2026-03-23,0,3,0,0,215
1,3,2026-03-24,1,3,0,0,183
1,3,2026-03-25,2,3,0,0,166
1,3,2026-03-26,3,3,0,0,178
1,3,2026-03-27,4,3,0,0,138
1,3,2026-03-28,5,3,0,0,229
1,3,2026-03-29,6,3,0,0,186
1,3,2026-03-30,0,3,0,0,167
1,3,2026-03-31,1,3,0,0,208
1,3,2026-04-01,2,4,0,0,184
1,3,2026-04-02,3,4,0,0,131
1,3,2026-04-03,4,4,0,0,203
1,3,2026-04-04,5,4,0,0,227
1,3,2026-04-05,6,4,0,0,205
1,3,2026-04-06,0,4,0,0,200
1,3,2026-04-07,1,4,0,0,171
1,3,2026-04-08,2,4,0,0,140
1,3,2026-04-09,3,4,0,0,234
1,3,2026-04-10,4,4,0,0,176
1,3,2026-04-11,5,4,0,0,224
1,3,2026-04-12,6,4,0,0,211
1,3,2026-04-13,0,4,0,0,213
1,3,2026-04-14,1,4,0,0,160
1,3,2026-04-15,2,4,0,0,129
1,3,2026-04-16,3,4,0,0,156
1,3,2026-04-17,4,4,0,0,218
1,3,2026-04-18,5,4,0,0,260
1,3,2026-04-19,6,4,0,0,217
1,3,2026-04-20,0,4,0,0,219
1,3,2026-04-21,1,4,0,0,200
1,3,2026-04-22,2,4,0,0,168
1,3,2026-04-23,3,4,0,0,172
1,3,2026-04-24,4,4,0,0,187
1,3,2026-04-25,5,4,0,0,194
1,3,2026-04-26,6,4,0,0,227
1,3,2026-04-27,0,4,0,1,260
1,3,2026-04-28,1,4,0,0,124
1,3,2026-04-29,2,4,0,0,171
1,3,2026-04-30,3,4,0,0,167
1,3,2026-05-01,4,5,0,0,201
1,3,2026-05-02,5,5,0,0,149
1,3,2026-05-03,6,5,0,0,205
1,3,2026-05-04,0,5,0,0,156
1,3,2026-05-05,1,5,0,0,199
1,3,2026-05-06,2,5,0,0,169
1,3,2026-05-07,3,5,0,0,223
1,3,2026-05-08,4,5,0,0,190
1,3,2026-05-09,5,5,0,0,204
1,3,2026-05-10,6,5,0,0,229
1,3,2026-05-11,0,5,0,0,159
1,3,2026-05-12,1,5,0,0,196
1,3,2026-05-13,2,5,0,0,130
1,3,2026-05-14,3,5,0,0,145
1,3,2026-05-15,4,5,0,0,184
1,3,2026-05-16,5,5,0,0,268
1,3,2026-05-17,6,5,0,0,135
1,3,2026-05-18,0,5,0,0,211
1,3,2026-05-19,1,5,0,0,166
1,3,2026-05-20,2,5,0,0,114
1,3,2026-05-21,3,5,0,0,80
1,3,2026-05-22,4,5,0,0,124
1,3,2026-05-23,5,5,0,0,219
1,3,2026-05-24,6,5,0,0,218
1,3,2026-05-25,0,5,0,0,189
1,3,2026-05-26,1,5,0,0,154
1,3,2026-05-27,2,5,0,0,137
1,3,2026-05-28,3,5,0,0,158
1,3,2026-05-29,4,5,0,0,171
1,3,2026-05-30,5,5,0,0,229
1,3,2026-05-31,6,5,0,0,190
1,3,2026-06-01,0,6,0,0,186
1,3,2026-06-02,1,6,0,0,143
1,3,2026-06-03,2,6,0,0,136
1,3,2026-06-04,3,6,0,1,209
1,3,2026-06-05,4,6,0,0,191
1,3,2026-06-06,5,6,0,0,206
1,3,2026-06-07,6,6,0,0,185
1,3,2026-06-08,0,6,0,0,187
1,3,2026-06-09,1,6,0,0,221
1,3,2026-06-10,2,6,0,0,167
1,3,2026-06-11,3,6,0,0,196
1,3,2026-06-12,4,6,0,0,190
1,3,2026-06-13,5,6,0,0,189
1,3,2026-06-14,6,6,0,0,212
1,3,2026-06-15,0,6,0,0,125
1,3,2026-06-16,1,6,0,0,155
1,3,2026-06-17,2,6,0,1,206
1,3,2026-06-18,3,6,0,0,149
1,3,2026-06-19,4,6,0,0,140
1,3,2026-06-20,5,6,0,0,200
1,3,2026-06-21,6,6,0,0,231
1,3,2026-06-22,0,6,0,0,157
1,3,2026-06-23,1,6,0,0,108
1,3,2026-06-24,2,6,0,0,140
1,3,2026-06-25,3,6,0,0,118
1,3,2026-06-26,4,6,0,0,168
1,3,2026-06-27,5,6,0,0,230
1,3,2026-06-28,6,6,0,0,221
1,3,2026-06-29,0,6,0,0,139
1,3,2026-06-30,1,6,0,0,168
1,3,2026-07-01,2,7,0,0,139
1,3,2026-07-02,3,7,0,0,121
1,3,2026-07-03,4,7,0,0,171
1,3,2026-07-04,5,7,0,0,231
1,3,2026-07-05,6,7,0,0,235
1,3,2026-07-06,0,7,0,1,198
1,3,2026-07-07,1,7,0,0,183
1,3,2026-07-08,2,7,0,0,138
1,3,2026-07-09,3,7,0,0,169
1,3,2026-07-10,4,7,0,0,138
1,3,2026-07-11,5,7,0,0,194
1,3,2026-07-12,6,7,0,0,116
1,3,2026-07-13,0,7,0,0,144
1,3,2026-07-14,1,7,0,0,154
1,3,2026-07-15,2,7,0,0,141
1,3,2026-07-16,3,7,0,0,198
1,3,2026-07-17,4,7,0,0,121
1,3,2026-07-18,5,7,0,0,182
1,3,2026-07-19,6,7,0,0,170
1,3,2026-07-20,0,7,0,1,200
1,3,2026-07-21,1,7,0,0,179
1,3,2026-07-22,2,7,0,0,191
1,3,2026-07-23,3,7,0,0,133
1,3,2026-07-24,4,7,0,0,132
1,3,2026-07-25,5,7,0,0,161
1,3,2026-07-26,6,7,0,0,248
1,3,2026-07-27,0,7,0,0,182
1,3,2026-07-28,1,7,0,0,149
1,3,2026-07-29,2,7,0,0,115
1,3,2026-07-30,3,7,0,0,117
1,3,2026-07-31,4,7,0,0,156
1,3,2026-08-01,5,8,0,0,214
1,3,2026-08-02,6,8,0,0,124
1,3,2026-08-03,0,8,0,0,137
1,3,2026-08-04,1,8,0,0,186
1,3,2026-08-05,2,8,0,0,139
1,3,2026-08-06,3,8,0,0,183
1,3,2026-08-07,4,8,0,0,161
1,3,2026-08-08,5,8,0,0,158
1,3,2026-08-09,6,8,0,0,185
1,3,2026-08-10,0,8,0,1,210
1,3,2026-08-11,1,8,0,0,121
1,3,2026-08-12,2,8,0,0,120
1,3,2026-08-13,3,8,0,0,183
1,3,2026-08-14,4,8,0,0,120
1,3,2026-08-15,5,8,0,0,232
1,3,2026-08-16,6,8,0,1,245
1,3,2026-08-17,0,8,0,0,144
1,3,2026-08-18,1,8,0,0,159
1,3,2026-08-19,2,8,0,0,130
1,3,2026-08-20,3,8,0,0,159
1,3,2026-08-21,4,8,0,0,93
1,3,2026-08-22,5,8,0,0,210
1,3,2026-08-23,6,8,0,0,111
1,3,2026-08-24,0,8,0,0,139
1,3,2026-08-25,1,8,0,0,167
1,3,2026-08-26,2,8,0,0,161
1,3,2026-08-27,3,8,0,0,112
1,3,2026-08-28,4,8,0,0,115
1,3,2026-08-29,5,8,0,0,172
1,3,2026-08-30,6,8,0,0,202
1,3,2026-08-31,0,8,0,0,93
1,4,2024-09-01,6,9,0,0,92
1,4,2024-09-02,0,9,0,0,88
1,4,2024-09-03,1,9,0,0,67
1,4,2024-09-04,2,9,0,0,80
1,4,2024-09-05,3,9,0,0,83
1,4,2024-09-06,4,9,0,0,73
1,4,2024-09-07,5,9,0,0,86
1,4,2024-09-08,6,9,0,0,86
1,4,2024-09-09,0,9,0,0,82
1,4,2024-09-10,1,9,0,0,63
1,4,2024-09-11,2,9,0,0,78
1,4,2024-09-12,3,9,0,0,76
1,4,2024-09-13,4,9,0,0,78
1,4,2024-09-14,5,9,0,0,109
1,4,2024-09-15,6,9,0,0,92
1,4,2024-09-16,0,9,0,0,66
1,4,2024-09-17,1,9,0,0,81
1,4,2024-09-18,2,9,0,0,69
1,4,2024-09-19,3,9,0,0,50
1,4,2024-09-20,4,9,0,0,81
1,4,2024-09-21,5,9,0,0,90
1,4,2024-09-22,6,9,0,0,109
1,4,2024-09-23,0,9,0,0,87
1,4,2024-09-24,1,9,0,1,113
1,4,2024-09-25,2,9,0,0,84
1,4,2024-09-26,3,9,0,0,76
1,4,2024-09-27,4,9,0,0,89
1,4,2024-09-28,5,9,0,0,90
1,4,2024-09-29,6,9,0,0,103
1,4,2024-09-30,0,9,0,0,81
1,4,2024-10-01,1,10,0,0,74
1,4,2024-10-02,2,10,0,0,87
1,4,2024-10-03,3,10,0,0,72
1,4,2024-10-04,4,10,0,0,95
1,4,2024-10-05,5,10,0,0,132
1,4,2024-10-06,6,10,0,0,108
1,4,2024-10-07,0,10,0,0,81
1,4,2024-10-08,1,10,0,0,87
1,4,2024-10-09,2,10,0,0,65
1,4,2024-10-10,3,10,0,0,64
1,4,2024-10-11,4,10,0,1,132
1,4,2024-10-12,5,10,0,0,108
1,4,2024-10-13,6,10,0,0,102
1,4,2024-10-14,0,10,0,0,76
1,4,2024-10-15,1,10,0,0,54
1,4,2024-10-16,2,10,0,0,74
1,4,2024-10-17,3,10,0,0,69
1,4,2024-10-18,4,10,0,0,85
1,4,2024-10-19,5,10,0,0,117
1,4,2024-10-20,6,10,0,0,112
1,4,2024-10-21,0,10,0,0,80
1,4,2024-10-22,1,10,0,0,62
1,4,2024-10-23,2,10,0,0,82
1,4,2024-10-24,3,10,0,0,82
1,4,2024-10-25,4,10,0,0,88
1,4,2024-10-26,5,10,0,0,132
1,4,2024-10-27,6,10,0,0,83
1,4,2024-10-28,0,10,0,0,73
1,4,2024-10-29,1,10,0,0,69
1,4,2024-10-30,2,10,0,0,78
1,4,2024-10-31,3,10,0,0,76
1,4,2024-11-01,4,11,0,0,78
1,4,2024-11-02,5,11,0,0,122
1,4,2024-11-03,6,11,0,1,127
1,4,2024-11-04,0,11,0,0,70
1,4,2024-11-05,1,11,0,0,70
1,4,2024-11-06,2,11,0,0,76
1,4,2024-11-07,3,11,0,0,68
1,4,2024-11-08,4,11,0,0,79
1,4,2024-11-09,5,11,0,0,106
1,4,2024-11-10,6,11,0,0,98
1,4,2024-11-11,0,11,0,0,88
1,4,2024-11-12,1,11,0,0,79
1,4,2024-11-13,2,11,0,0,90
1,4,2024-11-14,3,11,0,1,115
1,4,2024-11-15,4,11,0,0,80
1,4,2024-11-16,5,11,0,0,101
1,4,2024-11-17,6,11,0,0,108
1,4,2024-11-18,0,11,0,0,87
1,4,2024-11-19,1,11,0,0,76
1,4,2024-11-20,2,11,0,0,85
1,4,2024-11-21,3,11,0,0,72
1,4,2024-11-22,4,11,1,0,143
1,4,2024-11-23,5,11,1,0,148
1,4,2024-11-24,6,11,1,0,176
1,4,2024-11-25,0,11,1,0,132
1,4,2024-11-26,1,11,1,0,155
1,4,2024-11-27,2,11,1,0,113
1,4,2024-11-28,3,11,1,0,107
1,4,2024-11-29,4,11,0,0,74
1,4,2024-11-30,5,11,0,0,90
1,4,2024-12-01,6,12,0,0,95
1,4,2024-12-02,0,12,0,0,92
1,4,2024-12-03,1,12,0,0,85
1,4,2024-12-04,2,12,0,0,80
1,4,2024-12-05,3,12,0,0,81
1,4,2024-12-06,4,12,0,0,79
1,4,2024-12-07,5,12,0,0,136
1,4,2024-12-08,6,12,0,0,104
1,4,2024-12-09,0,12,0,0,71
1,4,2024-12-10,1,12,0,0,93
1,4,2024-12-11,2,12,0,1,120
1,4,2024-12-12,3,12,0,0,106
1,4,2024-12-13,4,12,0,1,115
1,4,2024-12-14,5,12,0,0,125
1,4,2024-12-15,6,12,0,0,129
1,4,2024-12-16,0,12,0,0,80
1,4,2024-12-17,1,12,0,0,78
1,4,2024-12-18,2,12,0,0,93
1,4,2024-12-19,3,12,0,0,91
1,4,2024-12-20,4,12,0,0,71
1,4,2024-12-21,5,12,0,0,98
1,4,2024-12-22,6,12,0,0,79
1,4,2024-12-23,0,12,0,0,91
1,4,2024-12-24,1,12,1,0,132
1,4,2024-12-25,2,12,1,1,171
1,4,2024-12-26,3,12,0,0,68
1,4,2024-12-27,4,12,0,0,74
1,4,2024-12-28,5,12,0,0,107
1,4,2024-12-29,6,12,0,0,104
1,4,2024-12-30,0,12,0,0,86
1,4,2024-12-31,1,12,1,0,146
1,4,2025-01-01,2,1,0,0,115
1,4,2025-01-02,3,1,0,0,90
1,4,2025-01-03,4,1,0,0,103
1,4,2025-01-04,5,1,0,0,107
1,4,2025-01-05,6,1,0,0,95
1,4,2025-01-06,0,1,0,0,86
1,4,2025-01-07,1,1,0,0,73
1,4,2025-01-08,2,1,0,0,91
1,4,2025-01-09,3,1,0,0,82
1,4,2025-01-10,4,1,0,0,69
1,4,2025-01-11,5,1,0,0,144
1,4,2025-01-12,6,1,0,0,111
1,4,2025-01-13,0,1,0,0,72
1,4,2025-01-14,1,1,0,0,100
1,4,2025-01-15,2,1,0,0,82
1,4,2025-01-16,3,1,0,0,102
1,4,2025-01-17,4,1,0,0,82
1,4,2025-01-18,5,1,0,0,111
1,4,2025-01-19,6,1,0,0,124
1,4,2025-01-20,0,1,0,0,97
1,4,2025-01-21,1,1,0,0,99
1,4,2025-01-22,2,1,0,0,89
1,4,2025-01-23,3,1,0,0,96
1,4,2025-01-24,4,1,0,0,99
1,4,2025-01-25,5,1,0,0,122
1,4,2025-01-26,6,1,0,0,117
1,4,2025-01-27,0,1,0,0,75
1,4,2025-01-28,1,1,0,0,97
1,4,2025-01-29,2,1,0,0,91
1,4,2025-01-30,3,1,0,0,86
1,4,2025-01-31,4,1,0,0,104
1,4,2025-02-01,5,2,0,0,101
1,4,2025-02-02,6,2,0,0,147
1,4,2025-02-03,0,2,0,0,94
1,4,2025-02-04,1,2,0,0,98
1,4,2025-02-05,2,2,0,0,90
1,4,2025-02-06,3,2,0,0,75
1,4,2025-02-07,4,2,0,0,93
1,4,2025-02-08,5,2,0,0,128
1,4,2025-02-09,6,2,0,0,133
1,4,2025-02-10,0,2,0,0,92
1,4,2025-02-11,1,2,0,0,69
1,4,2025-02-12,2,2,0,0,77
1,4,2025-02-13,3,2,0,0,118
1,4,2025-02-14,4,2,0,0,82
1,4,2025-02-15,5,2,0,0,144
1,4,2025-02-16,6,2,0,0,109
1,4,2025-02-17,0,2,0,0,92
1,4,2025-02-18,1,2,0,0,101
1,4,2025-02-19,2,2,0,0,85
1,4,2025-02-20,3,2,0,0,112
1,4,2025-02-21,4,2,0,0,95
1,4,2025-02-22,5,2,0,0,130
1,4,2025-02-23,6,2,0,0,119
1,4,2025-02-24,0,2,0,0,102
1,4,2025-02-25,1,2,0,0,112
1,4,2025-02-26,2,2,0,0,93
1,4,2025-02-27,3,2,0,0,114
1,4,2025-02-28,4,2,0,0,87
1,4,2025-03-01,5,3,0,1,177
1,4,2025-03-02,6,3,0,0,132
1,4,2025-03-03,0,3,0,0,83
1,4,2025-03-04,1,3,0,0,98
1,4,2025-03-05,2,3,0,1,134
1,4,2025-03-06,3,3,0,0,86
1,4,2025-03-07,4,3,0,0,100
1,4,2025-03-08,5,3,0,0,126
1,4,2025-03-09,6,3,0,0,123
1,4,2025-03-10,0,3,0,0,95
1,4,2025-03-11,1,3,0,0,95
1,4,2025-03-12,2,3,0,0,91
1,4,2025-03-13,3,3,0,0,97
1,4,2025-03-14,4,3,0,0,88
1,4,2025-03-15,5,3,0,0,164
1,4,2025-03-16,6,3,0,0,103
1,4,2025-03-17,0,3,0,1,124
1,4,2025-03-18,1,3,0,0,90
1,4,2025-03-19,2,3,0,0,119
1,4,2025-03-20,3,3,0,0,80
1,4,2025-03-21,4,3,0,1,141
1,4,2025-03-22,5,3,0,0,128
1,4,2025-03-23,6,3,0,0,129
1,4,2025-03-24,0,3,0,1,154
1,4,2025-03-25,1,3,0,0,110
1,4,2025-03-26,2,3,0,0,90
1,4,2025-03-27,3,3,0,0,98
1,4,2025-03-28,4,3,0,0,74
1,4,2025-03-29,5,3,0,0,126
1,4,2025-03-30,6,3,0,0,112
1,4,2025-03-31,0,3,0,0,94
1,4,2025-04-01,1,4,0,0,75
1,4,2025-04-02,2,4,0,0,99
1,4,2025-04-03,3,4,0,0,75
1,4,2025-04-04,4,4,0,0,96
1,4,2025-04-05,5,4,0,0,105
1,4,2025-04-06,6,4,0,0,110
1,4,2025-04-07,0,4,0,0,108
1,4,2025-04-08,1,4,0,0,101
1,4,2025-04-09,2,4,0,0,108
1,4,2025-04-10,3,4,0,0,112
1,4,2025-04-11,4,4,0,0,86
1,4,2025-04-12,5,4,0,0,145
1,4,2025-04-13,6,4,0,0,101
1,4,2025-04-14,0,4,0,0,103
1,4,2025-04-15,1,4,0,0,89
1,4,2025-04-16,2,4,0,1,118
1,4,2025-04-17,3,4,0,0,101
1,4,2025-04-18,4,4,0,0,105
1,4,2025-04-19,5,4,0,0,137
1,4,2025-04-20,6,4,0,0,126
1,4,2025-04-21,0,4,0,0,96
1,4,2025-04-22,1,4,0,0,100
1,4,2025-04-23,2,4,0,0,98
1,4,2025-04-24,3,4,0,0,101
1,4,2025-04-25,4,4,0,0,97
1,4,2025-04-26,5,4,0,0,136
1,4,2025-04-27,6,4,0,0,99
1,4,2025-04-28,0,4,0,0,93
1,4,2025-04-29,1,4,0,0,79
1,4,2025-04-30,2,4,0,0,98
1,4,2025-05-01,3,5,0,0,109
1,4,2025-05-02,4,5,0,0,86
1,4,2025-05-03,5,5,0,0,121
1,4,2025-05-04,6,5,0,0,130
1,4,2025-05-05,0,5,0,0,68
1,4,2025-05-06,1,5,0,0,85
1,4,2025-05-07,2,5,0,0,95
1,4,2025-05-08,3,5,0,0,59
1,4,2025-05-09,4,5,0,0,80
1,4,2025-05-10,5,5,0,0,135
1,4,2025-05-11,6,5,0,0,134
1,4,2025-05-12,0,5,0,1,135
1,4,2025-05-13,1,5,0,0,101
1,4,2025-05-14,2,5,0,0,93
1,4,2025-05-15,3,5,0,0,97
1,4,2025-05-16,4,5,0,0,87
1,4,2025-05-17,5,5,0,0,121
1,4,2025-05-18,6,5,0,0,110
1,4,2025-05-19,0,5,0,0,105
1,4,2025-05-20,1,5,0,0,108
1,4,2025-05-21,2,5,0,0,106
1,4,2025-05-22,3,5,0,0,86
1,4,2025-05-23,4,5,0,1,114
1,4,2025-05-24,5,5,0,0,138
1,4,2025-05-25,6,5,0,0,127
1,4,2025-05-26,0,5,0,0,94
1,4,2025-05-27,1,5,0,0,84
1,4,2025-05-28,2,5,0,0,96
1,4,2025-05-29,3,5,0,0,79
1,4,2025-05-30,4,5,0,0,98
1,4,2025-05-31,5,5,0,0,139
1,4,2025-06-01,6,6,0,0,137
1,4,2025-06-02,0,6,0,0,93
1,4,2025-06-03,1,6,0,0,71
1,4,2025-06-04,2,6,0,0,88
1,4,2025-06-05,3,6,0,0,108
1,4,2025-06-06,4,6,0,0,77
1,4,2025-06-07,5,6,0,0,114
1,4,2025-06-08,6,6,0,0,134
1,4,2025-06-09,0,6,0,0,92
1,4,2025-06-10,1,6,0,0,112
1,4,2025-06-11,2,6,0,0,78
1,4,2025-06-12,3,6,0,0,76
1,4,2025-06-13,4,6,0,0,99
1,4,2025-06-14,5,6,0,0,98
1,4,2025-06-15,6,6,0,0,112
1,4,2025-06-16,0,6,0,1,123
1,4,2025-06-17,1,6,0,0,97
1,4,2025-06-18,2,6,0,0,92
1,4,2025-06-19,3,6,0,0,91
1,4,2025-06-20,4,6,0,0,82
1,4,2025-06-21,5,6,0,0,131
1,4,2025-06-22,6,6,0,0,170
1,4,2025-06-23,0,6,0,0,93
1,4,2025-06-24,1,6,0,1,126
1,4,2025-06-25,2,6,0,0,72
1,4,2025-06-26,3,6,0,0,79
1,4,2025-06-27,4,6,0,0,84
1,4,2025-06-28,5,6,0,1,143
1,4,2025-06-29,6,6,0,0,114
1,4,2025-06-30,0,6,0,0,104
1,4,2025-07-01,1,7,0,0,93
1,4,2025-07-02,2,7,0,0,79
1,4,2025-07-03,3,7,0,0,69
1,4,2025-07-04,4,7,0,0,94
1,4,2025-07-05,5,7,0,0,109
1,4,2025-07-06,6,7,0,1,117
1,4,2025-07-07,0,7,0,0,88
1,4,2025-07-08,1,7,0,0,91
1,4,2025-07-09,2,7,0,0,57
1,4,2025-07-10,3,7,0,0,73
1,4,2025-07-11,4,7,0,0,80
1,4,2025-07-12,5,7,0,0,119
1,4,2025-07-13,6,7,0,0,103
1,4,2025-07-14,0,7,0,0,73
1,4,2025-07-15,1,7,0,0,88
1,4,2025-07-16,2,7,0,0,76
1,4,2025-07-17,3,7,0,0,86
1,4,2025-07-18,4,7,0,0,70
1,4,2025-07-19,5,7,0,0,91
1,4,2025-07-20,6,7,0,0,119
1,4,2025-07-21,0,7,0,0,83
1,4,2025-07-22,1,7,0,0,90
1,4,2025-07-23,2,7,0,0,76
1,4,2025-07-24,3,7,0,0,73
1,4,2025-07-25,4,7,0,0,94
1,4,2025-07-26,5,7,0,0,89
1,4,2025-07-27,6,7,0,0,126
1,4,2025-07-28,0,7,0,0,94
1,4,2025-07-29,1,7,0,0,89
1,4,2025-07-30,2,7,0,0,74
1,4,2025-07-31,3,7,0,0,73
1,4,2025-08-01,4,8,0,0,75
1,4,2025-08-02,5,8,0,0,89
1,4,2025-08-03,6,8,0,0,93
1,4,2025-08-04,0,8,0,0,83
1,4,2025-08-05,1,8,0,0,83
1,4,2025-08-06,2,8,0,0,67
1,4,2025-08-07,3,8,0,0,84
1,4,2025-08-08,4,8,0,0,81
1,4,2025-08-09,5,8,0,0,125
1,4,2025-08-10,6,8,0,0,113
1,4,2025-08-11,0,8,0,0,87
1,4,2025-08-12,1,8,0,0,82
1,4,2025-08-13,2,8,0,0,86
1,4,2025-08-14,3,8,0,0,65
1,4,2025-08-15,4,8,0,0,76
1,4,2025-08-16,5,8,0,0,105
1,4,2025-08-17,6,8,0,0,103
1,4,2025-08-18,0,8,0,1,122
1,4,2025-08-19,1,8,0,0,83
1,4,2025-08-20,2,8,0,0,81
1,4,2025-08-21,3,8,0,0,76
1,4,2025-08-22,4,8,0,0,70
1,4,2025-08-23,5,8,0,0,120
1,4,2025-08-24,6,8,0,0,110
1,4,2025-08-25,0,8,0,0,68
1,4,2025-08-26,1,8,0,0,75
1,4,2025-08-27,2,8,0,0,61
1,4,2025-08-28,3,8,0,0,78
1,4,2025-08-29,4,8,0,0,75
1,4,2025-08-30,5,8,0,0,98
1,4,2025-08-31,6,8,0,0,126
1,4,2025-09-01,0,9,0,0,65
1,4,2025-09-02,1,9,0,0,82
1,4,2025-09-03,2,9,0,0,96
1,4,2025-09-04,3,9,0,0,86
1,4,2025-09-05,4,9,0,1,114
1,4,2025-09-06,5,9,0,0,90
1,4,2025-09-07,6,9,0,0,87
1,4,2025-09-08,0,9,0,0,72
1,4,2025-09-09,1,9,0,0,70
1,4,2025-09-10,2,9,0,0,69
1,4,2025-09-11,3,9,0,0,73
1,4,2025-09-12,4,9,0,0,75
1,4,2025-09-13,5,9,0,0,111
1,4,2025-09-14,6,9,0,0,89
1,4,2025-09-15,0,9,0,0,70
1,4,2025-09-16,1,9,0,0,75
1,4,2025-09-17,2,9,0,0,74
1,4,2025-09-18,3,9,0,0,93
1,4,2025-09-19,4,9,0,0,78
1,4,2025-09-20,5,9,0,0,84
1,4,2025-09-21,6,9,0,0,110
1,4,2025-09-22,0,9,0,0,81
1,4,2025-09-23,1,9,0,0,75
1,4,2025-09-24,2,9,0,0,65
1,4,2025-09-25,3,9,0,0,92
1,4,2025-09-26,4,9,0,0,66
1,4,2025-09-27,5,9,0,0,113
1,4,2025-09-28,6,9,0,0,107
1,4,2025-09-29,0,9,0,0,82
1,4,2025-09-30,1,9,0,0,92
1,4,2025-10-01,2,10,0,0,83
1,4,2025-10-02,3,10,0,0,72
1,4,2025-10-03,4,10,0,0,88
1,4,2025-10-04,5,10,0,0,98
1,4,2025-10-05,6,10,0,0,108
1,4,2025-10-06,0,10,0,0,65
1,4,2025-10-07,1,10,0,0,68
1,4,2025-10-08,2,10,0,0,78
1,4,2025-10-09,3,10,0,0,81
1,4,2025-10-10,4,10,0,0,61
1,4,2025-10-11,5,10,0,0,112
1,4,2025-10-12,6,10,0,0,95
1,4,2025-10-13,0,10,0,0,90
1,4,2025-10-14,1,10,0,0,74
1,4,2025-10-15,2,10,0,0,67
1,4,2025-10-16,3,10,0,0,78
1,4,2025-10-17,4,10,0,0,69
1,4,2025-10-18,5,10,0,0,122
1,4,2025-10-19,6,10,0,0,106
1,4,2025-10-20,0,10,0,0,76
1,4,2025-10-21,1,10,0,0,83
1,4,2025-10-22,2,10,0,0,68
1,4,2025-10-23,3,10,0,0,65
1,4,2025-10-24,4,10,0,0,81
1,4,2025-10-25,5,10,0,1,125
1,4,2025-10-26,6,10,0,0,92
1,4,2025-10-27,0,10,0,1,127
1,4,2025-10-28,1,10,0,0,82
1,4,2025-10-29,2,10,0,0,66
1,4,2025-10-30,3,10,0,0,72
1,4,2025-10-31,4,10,0,0,69
1,4,2025-11-01,5,11,0,1,180
1,4,2025-11-02,6,11,0,0,122
1,4,2025-11-03,0,11,0,0,77
1,4,2025-11-04,1,11,0,0,87
1,4,2025-11-05,2,11,0,0,68
1,4,2025-11-06,3,11,0,0,75
1,4,2025-11-07,4,11,0,0,82
1,4,2025-11-08,5,11,0,0,116
1,4,2025-11-09,6,11,0,0,109
1,4,2025-11-10,0,11,0,0,84
1,4,2025-11-11,1,11,0,0,82
1,4,2025-11-12,2,11,0,0,80
1,4,2025-11-13,3,11,0,0,78
1,4,2025-11-14,4,11,0,0,77
1,4,2025-11-15,5,11,0,0,113
1,4,2025-11-16,6,11,0,0,115
1,4,2025-11-17,0,11,0,0,83
1,4,2025-11-18,1,11,0,0,70
1,4,2025-11-19,2,11,0,0,71
1,4,2025-11-20,3,11,0,0,85
1,4,2025-11-21,4,11,0,0,96
1,4,2025-11-22,5,11,1,0,164
1,4,2025-11-23,6,11,1,0,153
1,4,2025-11-24,0,11,1,0,136
1,4,2025-11-25,1,11,1,0,114
1,4,2025-11-26,2,11,1,0,153
1,4,2025-11-27,3,11,1,0,135
1,4,2025-11-28,4,11,1,0,121
1,4,2025-11-29,5,11,0,1,145
1,4,2025-11-30,6,11,0,0,103
1,4,2025-12-01,0,12,0,0,100
1,4,2025-12-02,1,12,0,0,84
1,4,2025-12-03,2,12,0,0,88
1,4,2025-12-04,3,12,0,0,92
1,4,2025-12-05,4,12,0,0,79
1,4,2025-12-06,5,12,0,0,118
1,4,2025-12-07,6,12,0,0,119
1,4,2025-12-08,0,12,0,0,70
1,4,2025-12-09,1,12,0,0,89
1,4,2025-12-10,2,12,0,0,86
1,4,2025-12-11,3,12,0,0,88
1,4,2025-12-12,4,12,0,0,87
1,4,2025-12-13,5,12,0,0,119
1,4,2025-12-14,6,12,0,0,134
1,4,2025-12-15,0,12,0,0,74
1,4,2025-12-16,1,12,0,0,83
1,4,2025-12-17,2,12,0,0,94
1,4,2025-12-18,3,12,0,0,92
1,4,2025-12-19,4,12,0,0,91
1,4,2025-12-20,5,12,0,0,154
1,4,2025-12-21,6,12,0,1,165
1,4,2025-12-22,0,12,0,0,98
1,4,2025-12-23,1,12,0,0,83
1,4,2025-12-24,2,12,1,0,121
1,4,2025-12-25,3,12,1,0,132
1,4,2025-12-26,4,12,0,1,135
1,4,2025-12-27,5,12,0,0,121
1,4,2025-12-28,6,12,0,0,121
1,4,2025-12-29,0,12,0,0,84
1,4,2025-12-30,1,12,0,0,83
1,4,2025-12-31,2,12,1,0,134
1,4,2026-01-01,3,1,0,0,100
1,4,2026-01-02,4,1,0,0,101
1,4,2026-01-03,5,1,0,0,106
1,4,2026-01-04,6,1,0,1,173
1,4,2026-01-05,0,1,0,0,84
1,4,2026-01-06,1,1,0,0,97
1,4,2026-01-07,2,1,0,0,90
1,4,2026-01-08,3,1,0,0,109
1,4,2026-01-09,4,1,0,1,123
1,4,2026-01-10,5,1,0,0,123
1,4,2026-01-11,6,1,0,0,129
1,4,2026-01-12,0,1,0,0,82
1,4,2026-01-13,1,1,0,0,91
1,4,2026-01-14,2,1,0,0,89
1,4,2026-01-15,3,1,0,0,86
1,4,2026-01-16,4,1,0,0,87
1,4,2026-01-17,5,1,0,1,180
1,4,2026-01-18,6,1,0,0,112
1,4,2026-01-19,0,1,0,0,98
1,4,2026-01-20,1,1,0,0,95
1,4,2026-01-21,2,1,0,0,76
1,4,2026-01-22,3,1,0,0,98
1,4,2026-01-23,4,1,0,0,76
1,4,2026-01-24,5,1,0,1,171
1,4,2026-01-25,6,1,0,0,113
1,4,2026-01-26,0,1,0,0,92
1,4,2026-01-27,1,1,0,0,77
1,4,2026-01-28,2,1,0,0,93
1,4,2026-01-29,3,1,0,0,102
1,4,2026-01-30,4,1,0,0,83
1,4,2026-01-31,5,1,0,0,111
1,4,2026-02-01,6,2,0,0,131
1,4,2026-02-02,0,2,0,0,101
1,4,2026-02-03,1,2,0,0,67
1,4,2026-02-04,2,2,0,0,119
1,4,2026-02-05,3,2,0,0,102
1,4,2026-02-06,4,2,0,0,104
1,4,2026-02-07,5,2,0,0,122
1,4,2026-02-08,6,2,0,0,96
1,4,2026-02-09,0,2,0,0,103
1,4,2026-02-10,1,2,0,0,89
1,4,2026-02-11,2,2,0,0,102
1,4,2026-02-12,3,2,0,0,93
1,4,2026-02-13,4,2,0,0,98
1,4,2026-02-14,5,2,0,0,112
1,4,2026-02-15,6,2,0,0,137
1,4,2026-02-16,0,2,0,0,82
1,4,2026-02-17,1,2,0,0,122
1,4,2026-02-18,2,2,0,0,122
1,4,2026-02-19,3,2,0,0,115
1,4,2026-02-20,4,2,0,0,110
1,4,2026-02-21,5,2,0,0,123
1,4,2026-02-22,6,2,0,0,142
1,4,2026-02-23,0,2,0,0,94
1,4,2026-02-24,1,2,0,0,78
1,4,2026-02-25,2,2,0,0,113
1,4,2026-02-26,3,2,0,0,109
1,4,2026-02-27,4,2,0,0,95
1,4,2026-02-28,5,2,0,0,106
1,4,2026-03-01,6,3,0,0,117
1,4,2026-03-02,0,3,0,0,76
1,4,2026-03-03,1,3,0,0,108
1,4,2026-03-04,2,3,0,0,78
1,4,2026-03-05,3,3,0,0,100
1,4,2026-03-06,4,3,0,0,87
1,4,2026-03-07,5,3,0,0,104
1,4,2026-03-08,6,3,0,0,129
1,4,2026-03-09,0,3,0,0,93
1,4,2026-03-10,1,3,0,0,107
1,4,2026-03-11,2,3,0,0,82
1,4,2026-03-12,3,3,0,0,88
1,4,2026-03-13,4,3,0,0,69
1,4,2026-03-14,5,3,0,0,92
1,4,2026-03-15,6,3,0,0,153
1,4,2026-03-16,0,3,0,0,122
1,4,2026-03-17,1,3,0,0,98
1,4,2026-03-18,2,3,0,0,87
1,4,2026-03-19,3,3,0,0,94
1,4,2026-03-20,4,3,0,0,107
1,4,2026-03-21,5,3,0,0,118
1,4,2026-03-22,6,3,0,0,129
1,4,2026-03-23,0,3,0,0,97
1,4,2026-03-24,1,3,0,0,90
1,4,2026-03-25,2,3,0,0,91
1,4,2026-03-26,3,3,0,1,140
1,4,2026-03-27,4,3,0,0,86
1,4,2026-03-28,5,3,0,0,132
1,4,2026-03-29,6,3,0,0,118
1,4,2026-03-30,0,3,0,0,99
1,4,2026-03-31,1,3,0,0,113
1,4,2026-04-01,2,4,0,0,94
1,4,2026-04-02,3,4,0,0,106
1,4,2026-04-03,4,4,0,0,75
1,4,2026-04-04,5,4,0,0,117
1,4,2026-04-05,6,4,0,0,125
1,4,2026-04-06,0,4,0,0,118
1,4,2026-04-07,1,4,0,0,73
1,4,2026-04-08,2,4,0,0,95
1,4,2026-04-09,3,4,0,0,113
1,4,2026-04-10,4,4,0,0,87
1,4,2026-04-11,5,4,0,1,158
1,4,2026-04-12,6,4,0,1,169
1,4,2026-04-13,0,4,0,0,98
1,4,2026-04-14,1,4,0,0,114
1,4,2026-04-15,2,4,0,0,101
1,4,2026-04-16,3,4,0,1,156
1,4,2026-04-17,4,4,0,0,92
1,4,2026-04-18,5,4,0,0,113
1,4,2026-04-19,6,4,0,0,121
1,4,2026-04-20,0,4,0,0,82
1,4,2026-04-21,1,4,0,0,101
1,4,2026-04-22,2,4,0,0,91
1,4,2026-04-23,3,4,0,0,88
1,4,2026-04-24,4,4,0,0,102
1,4,2026-04-25,5,4,0,0,107
1,4,2026-04-26,6,4,0,0,136
1,4,2026-04-27,0,4,0,0,90
1,4,2026-04-28,1,4,0,0,109
1,4,2026-04-29,2,4,0,0,91
1,4,2026-04-30,3,4,0,1,144
1,4,2026-05-01,4,5,0,0,94
1,4,2026-05-02,5,5,0,0,132
1,4,2026-05-03,6,5,0,0,122
1,4,2026-05-04,0,5,0,0,74
1,4,2026-05-05,1,5,0,0,103
1,4,2026-05-06,2,5,0,0,91
1,4,2026-05-07,3,5,0,0,101
1,4,2026-05-08,4,5,0,0,100
1,4,2026-05-09,5,5,0,0,109
1,4,2026-05-10,6,5,0,1,141
1,4,2026-05-11,0,5,0,0,99
1,4,2026-05-12,1,5,0,1,126
1,4,2026-05-13,2,5,0,0,103
1,4,2026-05-14,3,5,0,0,90
1,4,2026-05-15,4,5,0,0,104
1,4,2026-05-16,5,5,0,0,127
1,4,2026-05-17,6,5,0,0,125
1,4,2026-05-18,0,5,0,1,124
1,4,2026-05-19,1,5,0,0,95
1,4,2026-05-20,2,5,0,0,106
1,4,2026-05-21,3,5,0,0,92
1,4,2026-05-22,4,5,0,0,98
1,4,2026-05-23,5,5,0,0,121
1,4,2026-05-24,6,5,0,0,123
1,4,2026-05-25,0,5,0,0,111
1,4,2026-05-26,1,5,0,0,106
1,4,2026-05-27,2,5,0,0,93
1,4,2026-05-28,3,5,0,0,95
1,4,2026-05-29,4,5,0,0,84
1,4,2026-05-30,5,5,0,0,118
1,4,2026-05-31,6,5,0,0,125
1,4,2026-06-01,0,6,0,0,96
1,4,2026-06-02,1,6,0,0,95
1,4,2026-06-03,2,6,0,0,75
1,4,2026-06-04,3,6,0,0,97
1,4,2026-06-05,4,6,0,1,124
1,4,2026-06-06,5,6,0,0,102
1,4,2026-06-07,6,6,0,0,134
1,4,2026-06-08,0,6,0,0,103
1,4,2026-06-09,1,6,0,0,90
1,4,2026-06-10,2,6,0,0,95
1,4,2026-06-11,3,6,0,0,95
1,4,2026-06-12,4,6,0,0,102
1,4,2026-06-13,5,6,0,0,126
1,4,2026-06-14,6,6,0,0,97
1,4,2026-06-15,0,6,0,0,108
1,4,2026-06-16,1,6,0,0,98
1,4,2026-06-17,2,6,0,0,82
1,4,2026-06-18,3,6,0,0,76
1,4,2026-06-19,4,6,0,0,93
1,4,2026-06-20,5,6,0,0,112
1,4,2026-06-21,6,6,0,0,120
1,4,2026-06-22,0,6,0,0,95
1,4,2026-06-23,1,6,0,0,81
1,4,2026-06-24,2,6,0,0,75
1,4,2026-06-25,3,6,0,0,91
1,4,2026-06-26,4,6,0,0,82
1,4,2026-06-27,5,6,0,0,118
1,4,2026-06-28,6,6,0,0,97
1,4,2026-06-29,0,6,0,0,85
1,4,2026-06-30,1,6,0,0,95
1,4,2026-07-01,2,7,0,0,88
1,4,2026-07-02,3,7,0,1,109
1,4,2026-07-03,4,7,0,1,103
1,4,2026-07-04,5,7,0,0,111
1,4,2026-07-05,6,7,0,0,118
1,4,2026-07-06,0,7,0,0,86
1,4,2026-07-07,1,7,0,0,77
1,4,2026-07-08,2,7,0,0,85
1,4,2026-07-09,3,7,0,0,97
1,4,2026-07-10,4,7,0,0,84
1,4,2026-07-11,5,7,0,0,89
1,4,2026-07-12,6,7,0,0,113
1,4,2026-07-13,0,7,0,0,103
1,4,2026-07-14,1,7,0,0,69
1,4,2026-07-15,2,7,0,0,82
1,4,2026-07-16,3,7,0,0,80
1,4,2026-07-17,4,7,0,0,83
1,4,2026-07-18,5,7,0,0,113
1,4,2026-07-19,6,7,0,0,126
1,4,2026-07-20,0,7,0,0,83
1,4,2026-07-21,1,7,0,0,95
1,4,2026-07-22,2,7,0,0,81
1,4,2026-07-23,3,7,0,0,79
1,4,2026-07-24,4,7,0,0,76
1,4,2026-07-25,5,7,0,0,86
1,4,2026-07-26,6,7,0,0,114
1,4,2026-07-27,0,7,0,0,103
1,4,2026-07-28,1,7,0,1,127
1,4,2026-07-29,2,7,0,0,89
1,4,2026-07-30,3,7,0,0,78
1,4,2026-07-31,4,7,0,0,80
1,4,2026-08-01,5,8,0,0,120
1,4,2026-08-02,6,8,0,0,133
1,4,2026-08-03,0,8,0,0,93
1,4,2026-08-04,1,8,0,0,86
1,4,2026-08-05,2,8,0,0,79
1,4,2026-08-06,3,8,0,0,81
1,4,2026-08-07,4,8,0,0,71
1,4,2026-08-08,5,8,0,0,88
1,4,2026-08-09,6,8,0,0,92
1,4,2026-08-10,0,8,0,0,79
1,4,2026-08-11,1,8,0,0,76
1,4,2026-08-12,2,8,0,0,65
1,4,2026-08-13,3,8,0,0,78
1,4,2026-08-14,4,8,0,0,76
1,4,2026-08-15,5,8,0,0,92
1,4,2026-08-16,6,8,0,0,102
1,4,2026-08-17,0,8,0,0,76
1,4,2026-08-18,1,8,0,0,73
1,4,2026-08-19,2,8,0,0,87
1,4,2026-08-20,3,8,0,0,60
1,4,2026-08-21,4,8,0,0,60
1,4,2026-08-22,5,8,0,0,107
1,4,2026-08-23,6,8,0,0,108
1,4,2026-08-24,0,8,0,0,82
1,4,2026-08-25,1,8,0,0,73
1,4,2026-08-26,2,8,0,0,70
1,4,2026-08-27,3,8,0,0,79
1,4,2026-08-28,4,8,0,0,74
1,4,2026-08-29,5,8,0,0,127
1,4,2026-08-30,6,8,0,0,103
1,4,2026-08-31,0,8,0,0,78
1,5,2024-09-01,6,9,0,0,110
1,5,2024-09-02,0,9,0,0,93
1,5,2024-09-03,1,9,0,1,126
1,5,2024-09-04,2,9,0,0,109
1,5,2024-09-05,3,9,0,0,84
1,5,2024-09-06,4,9,0,1,158
1,5,2024-09-07,5,9,0,0,164
1,5,2024-09-08,6,9,0,0,165
1,5,2024-09-09,0,9,0,0,84
1,5,2024-09-10,1,9,0,0,107
1,5,2024-09-11,2,9,0,0,93
1,5,2024-09-12,3,9,0,0,91
1,5,2024-09-13,4,9,0,0,103
1,5,2024-09-14,5,9,0,0,158
1,5,2024-09-15,6,9,0,0,149
1,5,2024-09-16,0,9,0,0,96
1,5,2024-09-17,1,9,0,0,112
1,5,2024-09-18,2,9,0,0,79
1,5,2024-09-19,3,9,0,0,96
1,5,2024-09-20,4,9,0,0,95
1,5,2024-09-21,5,9,0,0,141
1,5,2024-09-22,6,9,0,0,137
1,5,2024-09-23,0,9,0,0,102
1,5,2024-09-24,1,9,0,0,102
1,5,2024-09-25,2,9,0,0,104
1,5,2024-09-26,3,9,0,0,110
1,5,2024-09-27,4,9,0,1,160
1,5,2024-09-28,5,9,0,0,136
1,5,2024-09-29,6,9,0,0,146
1,5,2024-09-30,0,9,0,0,113
1,5,2024-10-01,1,10,0,0,100
1,5,2024-10-02,2,10,0,0,105
1,5,2024-10-03,3,10,0,0,119
1,5,2024-10-04,4,10,0,0,93
1,5,2024-10-05,5,10,0,0,169
1,5,2024-10-06,6,10,0,0,121
1,5,2024-10-07,0,10,0,0,102
1,5,2024-10-08,1,10,0,0,95
1,5,2024-10-09,2,10,0,0,131
1,5,2024-10-10,3,10,0,0,100
1,5,2024-10-11,4,10,0,0,100
1,5,2024-10-12,5,10,0,0,136
1,5,2024-10-13,6,10,0,0,143
1,5,2024-10-14,0,10,0,0,102
1,5,2024-10-15,1,10,0,0,105
1,5,2024-10-16,2,10,0,0,66
1,5,2024-10-17,3,10,0,0,107
1,5,2024-10-18,4,10,0,0,106
1,5,2024-10-19,5,10,0,0,158
1,5,2024-10-20,6,10,0,0,162
1,5,2024-10-21,0,10,0,0,104
1,5,2024-10-22,1,10,0,0,115
1,5,2024-10-23,2,10,0,0,94
1,5,2024-10-24,3,10,0,0,115
1,5,2024-10-25,4,10,0,0,100
1,5,2024-10-26,5,10,0,0,124
1,5,2024-10-27,6,10,0,0,139
1,5,2024-10-28,0,10,0,0,122
1,5,2024-10-29,1,10,0,0,108
1,5,2024-10-30,2,10,0,0,123
1,5,2024-10-31,3,10,0,0,98
1,5,2024-11-01,4,11,0,0,124
1,5,2024-11-02,5,11,0,0,137
1,5,2024-11-03,6,11,0,0,151
1,5,2024-11-04,0,11,0,0,114
1,5,2024-11-05,1,11,0,0,119
1,5,2024-11-06,2,11,0,0,114
1,5,2024-11-07,3,11,0,0,103
1,5,2024-11-08,4,11,0,0,122
1,5,2024-11-09,5,11,0,0,174
1,5,2024-11-10,6,11,0,0,138
1,5,2024-11-11,0,11,0,0,89
1,5,2024-11-12,1,11,0,0,117
1,5,2024-11-13,2,11,0,0,107
1,5,2024-11-14,3,11,0,0,110
1,5,2024-11-15,4,11,0,0,118
1,5,2024-11-16,5,11,0,0,140
1,5,2024-11-17,6,11,0,0,143
1,5,2024-11-18,0,11,0,0,110
1,5,2024-11-19,1,11,0,0,129
1,5,2024-11-20,2,11,0,0,112
1,5,2024-11-21,3,11,0,0,97
1,5,2024-11-22,4,11,1,0,159
1,5,2024-11-23,5,11,1,0,221
1,5,2024-11-24,6,11,1,0,192
1,5,2024-11-25,0,11,1,0,152
1,5,2024-11-26,1,11,1,0,195
1,5,2024-11-27,2,11,1,0,196
1,5,2024-11-28,3,11,1,0,175
1,5,2024-11-29,4,11,0,0,115
1,5,2024-11-30,5,11,0,0,150
1,5,2024-12-01,6,12,0,0,164
1,5,2024-12-02,0,12,0,0,126
1,5,2024-12-03,1,12,0,0,85
1,5,2024-12-04,2,12,0,0,116
1,5,2024-12-05,3,12,0,0,125
1,5,2024-12-06,4,12,0,0,113
1,5,2024-12-07,5,12,0,0,155
1,5,2024-12-08,6,12,0,0,167
1,5,2024-12-09,0,12,0,1,173
1,5,2024-12-10,1,12,0,0,138
1,5,2024-12-11,2,12,0,0,133
1,5,2024-12-12,3,12,0,0,117
1,5,2024-12-13,4,12,0,0,116
1,5,2024-12-14,5,12,0,0,107
1,5,2024-12-15,6,12,0,0,149
1,5,2024-12-16,0,12,0,0,101
1,5,2024-12-17,1,12,0,0,121
1,5,2024-12-18,2,12,0,0,121
1,5,2024-12-19,3,12,0,0,128
1,5,2024-12-20,4,12,0,0,136
1,5,2024-12-21,5,12,0,0,154
1,5,2024-12-22,6,12,0,0,192
1,5,2024-12-23,0,12,0,0,122
1,5,2024-12-24,1,12,1,0,163
1,5,2024-12-25,2,12,1,0,178
1,5,2024-12-26,3,12,0,0,114
1,5,2024-12-27,4,12,0,0,126
1,5,2024-12-28,5,12,0,0,139
1,5,2024-12-29,6,12,0,1,201
1,5,2024-12-30,0,12,0,0,117
1,5,2024-12-31,1,12,1,0,180
1,5,2025-01-01,2,1,0,0,137
1,5,2025-01-02,3,1,0,0,134
1,5,2025-01-03,4,1,0,0,142
1,5,2025-01-04,5,1,0,0,156
1,5,2025-01-05,6,1,0,0,182
1,5,2025-01-06,0,1,0,0,107
1,5,2025-01-07,1,1,0,0,107
1,5,2025-01-08,2,1,0,0,109
1,5,2025-01-09,3,1,0,0,126
1,5,2025-01-10,4,1,0,0,142
1,5,2025-01-11,5,1,0,0,151
1,5,2025-01-12,6,1,0,0,153
1,5,2025-01-13,0,1,0,0,123
1,5,2025-01-14,1,1,0,0,134
1,5,2025-01-15,2,1,0,0,119
1,5,2025-01-16,3,1,0,0,119
1,5,2025-01-17,4,1,0,0,108
1,5,2025-01-18,5,1,0,0,152
1,5,2025-01-19,6,1,0,0,182
1,5,2025-01-20,0,1,0,0,127
1,5,2025-01-21,1,1,0,0,116
1,5,2025-01-22,2,1,0,0,143
1,5,2025-01-23,3,1,0,0,118
1,5,2025-01-24,4,1,0,0,145
1,5,2025-01-25,5,1,0,0,186
1,5,2025-01-26,6,1,0,1,216
1,5,2025-01-27,0,1,0,0,106
1,5,2025-01-28,1,1,0,1,223
1,5,2025-01-29,2,1,0,0,131
1,5,2025-01-30,3,1,0,0,122
1,5,2025-01-31,4,1,0,0,139
1,5,2025-02-01,5,2,0,0,179
1,5,2025-02-02,6,2,0,0,190
1,5,2025-02-03,0,2,0,0,122
1,5,2025-02-04,1,2,0,0,136
1,5,2025-02-05,2,2,0,0,114
1,5,2025-02-06,3,2,0,0,141
1,5,2025-02-07,4,2,0,0,131
1,5,2025-02-08,5,2,0,0,172
1,5,2025-02-09,6,2,0,0,164
1,5,2025-02-10,0,2,0,0,128
1,5,2025-02-11,1,2,0,0,119
1,5,2025-02-12,2,2,0,0,142
1,5,2025-02-13,3,2,0,0,152
1,5,2025-02-14,4,2,0,0,123
1,5,2025-02-15,5,2,0,0,177
1,5,2025-02-16,6,2,0,0,175
1,5,2025-02-17,0,2,0,0,131
1,5,2025-02-18,1,2,0,0,110
1,5,2025-02-19,2,2,0,0,113
1,5,2025-02-20,3,2,0,0,120
1,5,2025-02-21,4,2,0,1,142
1,5,2025-02-22,5,2,0,0,192
1,5,2025-02-23,6,2,0,0,174
1,5,2025-02-24,0,2,0,0,131
1,5,2025-02-25,1,2,0,0,100
1,5,2025-02-26,2,2,0,0,106
1,5,2025-02-27,3,2,0,0,131
1,5,2025-02-28,4,2,0,0,159
1,5,2025-03-01,5,3,0,0,156
1,5,2025-03-02,6,3,0,0,185
1,5,2025-03-03,0,3,0,0,126
1,5,2025-03-04,1,3,0,0,134
1,5,2025-03-05,2,3,0,0,151
1,5,2025-03-06,3,3,0,0,128
1,5,2025-03-07,4,3,0,0,123
1,5,2025-03-08,5,3,0,0,195
1,5,2025-03-09,6,3,0,0,170
1,5,2025-03-10,0,3,0,0,149
1,5,2025-03-11,1,3,0,0,123
1,5,2025-03-12,2,3,0,0,153
1,5,2025-03-13,3,3,0,0,137
1,5,2025-03-14,4,3,0,0,139
1,5,2025-03-15,5,3,0,0,171
1,5,2025-03-16,6,3,0,0,160
1,5,2025-03-17,0,3,0,1,186
1,5,2025-03-18,1,3,0,0,127
1,5,2025-03-19,2,3,0,0,147
1,5,2025-03-20,3,3,0,0,130
1,5,2025-03-21,4,3,0,0,112
1,5,2025-03-22,5,3,0,0,139
1,5,2025-03-23,6,3,0,0,138
1,5,2025-03-24,0,3,0,0,142
1,5,2025-03-25,1,3,0,0,117
1,5,2025-03-26,2,3,0,0,138
1,5,2025-03-27,3,3,0,0,135
1,5,2025-03-28,4,3,0,0,132
1,5,2025-03-29,5,3,0,0,177
1,5,2025-03-30,6,3,0,0,172
1,5,2025-03-31,0,3,0,0,95
1,5,2025-04-01,1,4,0,0,127
1,5,2025-04-02,2,4,0,0,137
1,5,2025-04-03,3,4,0,0,155
1,5,2025-04-04,4,4,0,0,155
1,5,2025-04-05,5,4,0,0,143
1,5,2025-04-06,6,4,0,0,161
1,5,2025-04-07,0,4,0,0,109
1,5,2025-04-08,1,4,0,0,153
1,5,2025-04-09,2,4,0,0,146
1,5,2025-04-10,3,4,0,0,136
1,5,2025-04-11,4,4,0,0,134
1,5,2025-04-12,5,4,0,0,192
1,5,2025-04-13,6,4,0,0,189
1,5,2025-04-14,0,4,0,0,148
1,5,2025-04-15,1,4,0,0,138
1,5,2025-04-16,2,4,0,0,127
1,5,2025-04-17,3,4,0,0,142
1,5,2025-04-18,4,4,0,0,143
1,5,2025-04-19,5,4,0,0,164
1,5,2025-04-20,6,4,0,1,212
1,5,2025-04-21,0,4,0,0,148
1,5,2025-04-22,1,4,0,0,155
1,5,2025-04-23,2,4,0,0,121
1,5,2025-04-24,3,4,0,0,128
1,5,2025-04-25,4,4,0,1,192
1,5,2025-04-26,5,4,0,0,176
1,5,2025-04-27,6,4,0,0,158
1,5,2025-04-28,0,4,0,0,158
1,5,2025-04-29,1,4,0,0,138
1,5,2025-04-30,2,4,0,0,139
1,5,2025-05-01,3,5,0,0,150
1,5,2025-05-02,4,5,0,0,120
1,5,2025-05-03,5,5,0,0,161
1,5,2025-05-04,6,5,0,0,140
1,5,2025-05-05,0,5,0,0,124
1,5,2025-05-06,1,5,0,0,106
1,5,2025-05-07,2,5,0,0,137
1,5,2025-05-08,3,5,0,0,132
1,5,2025-05-09,4,5,0,0,123
1,5,2025-05-10,5,5,0,0,160
1,5,2025-05-11,6,5,0,0,175
1,5,2025-05-12,0,5,0,0,111
1,5,2025-05-13,1,5,0,0,129
1,5,2025-05-14,2,5,0,0,136
1,5,2025-05-15,3,5,0,0,102
1,5,2025-05-16,4,5,0,0,136
1,5,2025-05-17,5,5,0,0,133
1,5,2025-05-18,6,5,0,0,160
1,5,2025-05-19,0,5,0,0,111
1,5,2025-05-20,1,5,0,0,146
1,5,2025-05-21,2,5,0,0,111
1,5,2025-05-22,3,5,0,0,104
1,5,2025-05-23,4,5,0,0,128
1,5,2025-05-24,5,5,0,0,155
1,5,2025-05-25,6,5,0,0,136
1,5,2025-05-26,0,5,0,0,134
1,5,2025-05-27,1,5,0,0,99
1,5,2025-05-28,2,5,0,0,112
1,5,2025-05-29,3,5,0,0,119
1,5,2025-05-30,4,5,0,0,137
1,5,2025-05-31,5,5,0,0,185
1,5,2025-06-01,6,6,0,0,174
1,5,2025-06-02,0,6,0,0,118
1,5,2025-06-03,1,6,0,0,88
1,5,2025-06-04,2,6,0,0,125
1,5,2025-06-05,3,6,0,0,138
1,5,2025-06-06,4,6,0,0,135
1,5,2025-06-07,5,6,0,0,163
1,5,2025-06-08,6,6,0,0,135
1,5,2025-06-09,0,6,0,1,163
1,5,2025-06-10,1,6,0,0,144
1,5,2025-06-11,2,6,0,0,101
1,5,2025-06-12,3,6,0,1,151
1,5,2025-06-13,4,6,0,0,132
1,5,2025-06-14,5,6,0,0,148
1,5,2025-06-15,6,6,0,0,136
1,5,2025-06-16,0,6,0,0,139
1,5,2025-06-17,1,6,0,0,125
1,5,2025-06-18,2,6,0,0,115
1,5,2025-06-19,3,6,0,0,105
1,5,2025-06-20,4,6,0,0,146
1,5,2025-06-21,5,6,0,0,155
1,5,2025-06-22,6,6,0,0,179
1,5,2025-06-23,0,6,0,0,131
1,5,2025-06-24,1,6,0,0,113
1,5,2025-06-25,2,6,0,0,113
1,5,2025-06-26,3,6,0,1,200
1,5,2025-06-27,4,6,0,0,138
1,5,2025-06-28,5,6,0,0,124
1,5,2025-06-29,6,6,0,0,165
1,5,2025-06-30,0,6,0,0,118
1,5,2025-07-01,1,7,0,0,100
1,5,2025-07-02,2,7,0,0,116
1,5,2025-07-03,3,7,0,0,96
1,5,2025-07-04,4,7,0,0,107
1,5,2025-07-05,5,7,0,0,136
1,5,2025-07-06,6,7,0,0,140
1,5,2025-07-07,0,7,0,0,112
1,5,2025-07-08,1,7,0,0,100
1,5,2025-07-09,2,7,0,0,132
1,5,2025-07-10,3,7,0,0,119
1,5,2025-07-11,4,7,0,0,134
1,5,2025-07-12,5,7,0,0,146
1,5,2025-07-13,6,7,0,0,140
1,5,2025-07-14,0,7,0,0,134
1,5,2025-07-15,1,7,0,0,106
1,5,2025-07-16,2,7,0,0,110
1,5,2025-07-17,3,7,0,0,121
1,5,2025-07-18,4,7,0,0,98
1,5,2025-07-19,5,7,0,0,160
1,5,2025-07-20,6,7,0,0,158
1,5,2025-07-21,0,7,0,0,128
1,5,2025-07-22,1,7,0,0,123
1,5,2025-07-23,2,7,0,0,128
1,5,2025-07-24,3,7,0,0,111
1,5,2025-07-25,4,7,0,1,150
1,5,2025-07-26,5,7,0,0,182
1,5,2025-07-27,6,7,0,0,124
1,5,2025-07-28,0,7,0,0,95
1,5,2025-07-29,1,7,0,0,120
1,5,2025-07-30,2,7,0,0,132
1,5,2025-07-31,3,7,0,0,115
1,5,2025-08-01,4,8,0,0,119
1,5,2025-08-02,5,8,0,0,113
1,5,2025-08-03,6,8,0,0,136
1,5,2025-08-04,0,8,0,0,86
1,5,2025-08-05,1,8,0,0,117
1,5,2025-08-06,2,8,0,0,90
1,5,2025-08-07,3,8,0,0,93
1,5,2025-08-08,4,8,0,0,114
1,5,2025-08-09,5,8,0,0,160
1,5,2025-08-10,6,8,0,0,141
1,5,2025-08-11,0,8,0,0,114
1,5,2025-08-12,1,8,0,0,114
1,5,2025-08-13,2,8,0,0,105
1,5,2025-08-14,3,8,0,0,95
1,5,2025-08-15,4,8,0,0,114
1,5,2025-08-16,5,8,0,0,153
1,5,2025-08-17,6,8,0,0,157
1,5,2025-08-18,0,8,0,0,111
1,5,2025-08-19,1,8,0,0,94
1,5,2025-08-20,2,8,0,0,116
1,5,2025-08-21,3,8,0,0,108
1,5,2025-08-22,4,8,0,0,102
1,5,2025-08-23,5,8,0,0,139
1,5,2025-08-24,6,8,0,0,133
1,5,2025-08-25,0,8,0,0,118
1,5,2025-08-26,1,8,0,0,91
1,5,2025-08-27,2,8,0,0,96
1,5,2025-08-28,3,8,0,0,104
1,5,2025-08-29,4,8,0,0,126
1,5,2025-08-30,5,8,0,0,160
1,5,2025-08-31,6,8,0,0,118
1,5,2025-09-01,0,9,0,0,121
1,5,2025-09-02,1,9,0,0,121
1,5,2025-09-03,2,9,0,0,92
1,5,2025-09-04,3,9,0,0,77
1,5,2025-09-05,4,9,0,0,105
1,5,2025-09-06,5,9,0,1,218
1,5,2025-09-07,6,9,0,0,166
1,5,2025-09-08,0,9,0,1,144
1,5,2025-09-09,1,9,0,0,126
1,5,2025-09-10,2,9,0,0,81
1,5,2025-09-11,3,9,0,0,102
1,5,2025-09-12,4,9,0,0,101
1,5,2025-09-13,5,9,0,0,159
1,5,2025-09-14,6,9,0,0,161
1,5,2025-09-15,0,9,0,0,117
1,5,2025-09-16,1,9,0,0,91
1,5,2025-09-17,2,9,0,0,116
1,5,2025-09-18,3,9,0,0,112
1,5,2025-09-19,4,9,0,0,87
1,5,2025-09-20,5,9,0,0,110
1,5,2025-09-21,6,9,0,0,157
1,5,2025-09-22,0,9,0,1,156
1,5,2025-09-23,1,9,0,0,91
1,5,2025-09-24,2,9,0,0,104
1,5,2025-09-25,3,9,0,0,110
1,5,2025-09-26,4,9,0,1,158
1,5,2025-09-27,5,9,0,0,118
1,5,2025-09-28,6,9,0,0,170
1,5,2025-09-29,0,9,0,0,117
1,5,2025-09-30,1,9,0,0,102
1,5,2025-10-01,2,10,0,0,104
1,5,2025-10-02,3,10,0,0,112
1,5,2025-10-03,4,10,0,0,95
1,5,2025-10-04,5,10,0,0,149
1,5,2025-10-05,6,10,0,0,123
1,5,2025-10-06,0,10,0,1,160
1,5,2025-10-07,1,10,0,0,94
1,5,2025-10-08,2,10,0,0,95
1,5,2025-10-09,3,10,0,0,127
1,5,2025-10-10,4,10,0,0,109
1,5,2025-10-11,5,10,0,0,147
1,5,2025-10-12,6,10,0,0,113
1,5,2025-10-13,0,10,0,0,101
1,5,2025-10-14,1,10,0,0,113
1,5,2025-10-15,2,10,0,0,110
1,5,2025-10-16,3,10,0,0,83
1,5,2025-10-17,4,10,0,0,110
1,5,2025-10-18,5,10,0,0,149
1,5,2025-10-19,6,10,0,0,163
1,5,2025-10-20,0,10,0,0,100
1,5,2025-10-21,1,10,0,0,82
1,5,2025-10-22,2,10,0,0,96
1,5,2025-10-23,3,10,0,0,95
1,5,2025-10-24,4,10,0,0,117
1,5,2025-10-25,5,10,0,0,102
1,5,2025-10-26,6,10,0,0,137
1,5,2025-10-27,0,10,0,0,125
1,5,2025-10-28,1,10,0,0,108
1,5,2025-10-29,2,10,0,0,118
1,5,2025-10-30,3,10,0,0,89
1,5,2025-10-31,4,10,0,0,89
1,5,2025-11-01,5,11,0,0,172
1,5,2025-11-02,6,11,0,0,151
1,5,2025-11-03,0,11,0,0,114
1,5,2025-11-04,1,11,0,0,100
1,5,2025-11-05,2,11,0,0,114
1,5,2025-11-06,3,11,0,0,99
1,5,2025-11-07,4,11,0,0,128
1,5,2025-11-08,5,11,0,0,193
1,5,2025-11-09,6,11,0,0,157
1,5,2025-11-10,0,11,0,0,106
1,5,2025-11-11,1,11,0,0,82
1,5,2025-11-12,2,11,0,0,93
1,5,2025-11-13,3,11,0,0,132
1,5,2025-11-14,4,11,0,0,101
1,5,2025-11-15,5,11,0,0,143
1,5,2025-11-16,6,11,0,0,159
1,5,2025-11-17,0,11,0,0,131
1,5,2025-11-18,1,11,0,0,111
1,5,2025-11-19,2,11,0,0,108
1,5,2025-11-20,3,11,0,1,168
1,5,2025-11-21,4,11,0,0,106
1,5,2025-11-22,5,11,1,0,206
1,5,2025-11-23,6,11,1,0,230
1,5,2025-11-24,0,11,1,0,188
1,5,2025-11-25,1,11,1,0,226
1,5,2025-11-26,2,11,1,0,193
1,5,2025-11-27,3,11,1,0,207
1,5,2025-11-28,4,11,1,0,163
1,5,2025-11-29,5,11,0,0,157
1,5,2025-11-30,6,11,0,0,138
1,5,2025-12-01,0,12,0,0,126
1,5,2025-12-02,1,12,0,0,129
1,5,2025-12-03,2,12,0,0,121
1,5,2025-12-04,3,12,0,0,152
1,5,2025-12-05,4,12,0,0,139
1,5,2025-12-06,5,12,0,0,176
1,5,2025-12-07,6,12,0,1,227
1,5,2025-12-08,0,12,0,0,143
1,5,2025-12-09,1,12,0,0,102
1,5,2025-12-10,2,12,0,0,138
1,5,2025-12-11,3,12,0,0,108
1,5,2025-12-12,4,12,0,0,113
1,5,2025-12-13,5,12,0,1,222
1,5,2025-12-14,6,12,0,0,177
1,5,2025-12-15,0,12,0,0,106
1,5,2025-12-16,1,12,0,0,114
1,5,2025-12-17,2,12,0,0,122
1,5,2025-12-18,3,12,0,0,118
1,5,2025-12-19,4,12,0,0,132
1,5,2025-12-20,5,12,0,0,214
1,5,2025-12-21,6,12,0,0,163
1,5,2025-12-22,0,12,0,0,111
1,5,2025-12-23,1,12,0,0,104
1,5,2025-12-24,2,12,1,0,185
1,5,2025-12-25,3,12,1,0,172
1,5,2025-12-26,4,12,0,0,127
1,5,2025-12-27,5,12,0,0,164
1,5,2025-12-28,6,12,0,0,149
1,5,2025-12-29,0,12,0,0,146
1,5,2025-12-30,1,12,0,0,111
1,5,2025-12-31,2,12,1,0,189
1,5,2026-01-01,3,1,0,0,136
1,5,2026-01-02,4,1,0,0,140
1,5,2026-01-03,5,1,0,0,186
1,5,2026-01-04,6,1,0,0,171
1,5,2026-01-05,0,1,0,0,142
1,5,2026-01-06,1,1,0,1,168
1,5,2026-01-07,2,1,0,1,199
1,5,2026-01-08,3,1,0,0,140
1,5,2026-01-09,4,1,0,0,148
1,5,2026-01-10,5,1,0,0,134
1,5,2026-01-11,6,1,0,0,148
1,5,2026-01-12,0,1,0,0,139
1,5,2026-01-13,1,1,0,0,91
1,5,2026-01-14,2,1,0,0,134
1,5,2026-01-15,3,1,0,0,142
1,5,2026-01-16,4,1,0,0,120
1,5,2026-01-17,5,1,0,0,156
1,5,2026-01-18,6,1,0,0,145
1,5,2026-01-19,0,1,0,0,121
1,5,2026-01-20,1,1,0,0,121
1,5,2026-01-21,2,1,0,0,118
1,5,2026-01-22,3,1,0,1,167
1,5,2026-01-23,4,1,0,0,124
1,5,2026-01-24,5,1,0,1,210
1,5,2026-01-25,6,1,0,0,196
1,5,2026-01-26,0,1,0,0,122
1,5,2026-01-27,1,1,0,0,133
1,5,2026-01-28,2,1,0,1,170
1,5,2026-01-29,3,1,0,0,120
1,5,2026-01-30,4,1,0,0,104
1,5,2026-01-31,5,1,0,1,180
1,5,2026-02-01,6,2,0,1,193
1,5,2026-02-02,0,2,0,1,190
1,5,2026-02-03,1,2,0,1,208
1,5,2026-02-04,2,2,0,0,108
1,5,2026-02-05,3,2,0,0,125
1,5,2026-02-06,4,2,0,0,114
1,5,2026-02-07,5,2,0,0,164
1,5,2026-02-08,6,2,0,0,188
1,5,2026-02-09,0,2,0,0,127
1,5,2026-02-10,1,2,0,0,132
1,5,2026-02-11,2,2,0,0,154
1,5,2026-02-12,3,2,0,0,140
1,5,2026-02-13,4,2,0,0,122
1,5,2026-02-14,5,2,0,0,172
1,5,2026-02-15,6,2,0,0,154
1,5,2026-02-16,0,2,0,0,139
1,5,2026-02-17,1,2,0,0,140
1,5,2026-02-18,2,2,0,0,114
1,5,2026-02-19,3,2,0,0,136
1,5,2026-02-20,4,2,0,0,131
1,5,2026-02-21,5,2,0,0,179
1,5,2026-02-22,6,2,0,0,184
1,5,2026-02-23,0,2,0,0,140
1,5,2026-02-24,1,2,0,0,129
1,5,2026-02-25,2,2,0,0,146
1,5,2026-02-26,3,2,0,0,121
1,5,2026-02-27,4,2,0,1,160
1,5,2026-02-28,5,2,0,1,146
1,5,2026-03-01,6,3,0,0,170
1,5,2026-03-02,0,3,0,0,123
1,5,2026-03-03,1,3,0,0,141
1,5,2026-03-04,2,3,0,0,106
1,5,2026-03-05,3,3,0,0,126
1,5,2026-03-06,4,3,0,0,142
1,5,2026-03-07,5,3,0,0,152
1,5,2026-03-08,6,3,0,0,178
1,5,2026-03-09,0,3,0,1,177
1,5,2026-03-10,1,3,0,0,135
1,5,2026-03-11,2,3,0,1,200
1,5,2026-03-12,3,3,0,0,149
1,5,2026-03-13,4,3,0,0,136
1,5,2026-03-14,5,3,0,0,156
1,5,2026-03-15,6,3,0,0,162
1,5,2026-03-16,0,3,0,0,144
1,5,2026-03-17,1,3,0,0,120
1,5,2026-03-18,2,3,0,0,133
1,5,2026-03-19,3,3,0,0,130
1,5,2026-03-20,4,3,0,0,134
1,5,2026-03-21,5,3,0,1,200
1,5,2026-03-22,6,3,0,0,137
1,5,2026-03-23,0,3,0,0,143
1,5,2026-03-24,1,3,0,1,208
1,5,2026-03-25,2,3,0,0,109
1,5,2026-03-26,3,3,0,0,141
1,5,2026-03-27,4,3,0,0,151
1,5,2026-03-28,5,3,0,0,182
1,5,2026-03-29,6,3,0,0,163
1,5,2026-03-30,0,3,0,0,122
1,5,2026-03-31,1,3,0,0,136
1,5,2026-04-01,2,4,0,0,137
1,5,2026-04-02,3,4,0,0,135
1,5,2026-04-03,4,4,0,1,183
1,5,2026-04-04,5,4,0,0,149
1,5,2026-04-05,6,4,0,0,177
1,5,2026-04-06,0,4,0,0,140
1,5,2026-04-07,1,4,0,0,136
1,5,2026-04-08,2,4,0,0,135
1,5,2026-04-09,3,4,0,0,157
1,5,2026-04-10,4,4,0,0,124
1,5,2026-04-11,5,4,0,0,192
1,5,2026-04-12,6,4,0,0,156
1,5,2026-04-13,0,4,0,0,149
1,5,2026-04-14,1,4,0,0,151
1,5,2026-04-15,2,4,0,0,129
1,5,2026-04-16,3,4,0,0,157
1,5,2026-04-17,4,4,0,0,140
1,5,2026-04-18,5,4,0,0,153
1,5,2026-04-19,6,4,0,0,162
1,5,2026-04-20,0,4,0,0,150
1,5,2026-04-21,1,4,0,0,147
1,5,2026-04-22,2,4,0,0,118
1,5,2026-04-23,3,4,0,0,131
1,5,2026-04-24,4,4,0,1,191
1,5,2026-04-25,5,4,0,0,160
1,5,2026-04-26,6,4,0,0,212
1,5,2026-04-27,0,4,0,0,137
1,5,2026-04-28,1,4,0,1,185
1,5,2026-04-29,2,4,0,0,151
1,5,2026-04-30,3,4,0,0,128
1,5,2026-05-01,4,5,0,0,142
1,5,2026-05-02,5,5,0,0,135
1,5,2026-05-03,6,5,0,1,207
1,5,2026-05-04,0,5,0,0,143
1,5,2026-05-05,1,5,0,0,150
1,5,2026-05-06,2,5,0,0,118
1,5,2026-05-07,3,5,0,0,116
1,5,2026-05-08,4,5,0,0,136
1,5,2026-05-09,5,5,0,0,153
1,5,2026-05-10,6,5,0,0,159
1,5,2026-05-11,0,5,0,0,140
1,5,2026-05-12,1,5,0,0,121
1,5,2026-05-13,2,5,0,0,101
1,5,2026-05-14,3,5,0,0,110
1,5,2026-05-15,4,5,0,0,128
1,5,2026-05-16,5,5,0,0,131
1,5,2026-05-17,6,5,0,0,159
1,5,2026-05-18,0,5,0,0,109
1,5,2026-05-19,1,5,0,0,151
1,5,2026-05-20,2,5,0,0,158
1,5,2026-05-21,3,5,0,0,114
1,5,2026-05-22,4,5,0,0,132
1,5,2026-05-23,5,5,0,0,147
1,5,2026-05-24,6,5,0,0,159
1,5,2026-05-25,0,5,0,0,153
1,5,2026-05-26,1,5,0,0,122
1,5,2026-05-27,2,5,0,0,124
1,5,2026-05-28,3,5,0,0,115
1,5,2026-05-29,4,5,0,0,144
1,5,2026-05-30,5,5,0,0,107
1,5,2026-05-31,6,5,0,0,156
1,5,2026-06-01,0,6,0,1,174
1,5,2026-06-02,1,6,0,0,113
1,5,2026-06-03,2,6,0,0,133
1,5,2026-06-04,3,6,0,0,137
1,5,2026-06-05,4,6,0,0,103
1,5,2026-06-06,5,6,0,0,192
1,5,2026-06-07,6,6,0,0,133
1,5,2026-06-08,0,6,0,0,138
1,5,2026-06-09,1,6,0,0,123
1,5,2026-06-10,2,6,0,0,115
1,5,2026-06-11,3,6,0,0,116
1,5,2026-06-12,4,6,0,0,121
1,5,2026-06-13,5,6,0,0,161
1,5,2026-06-14,6,6,0,0,142
1,5,2026-06-15,0,6,0,0,118
1,5,2026-06-16,1,6,0,0,111
1,5,2026-06-17,2,6,0,0,106
1,5,2026-06-18,3,6,0,0,111
1,5,2026-06-19,4,6,0,0,106
1,5,2026-06-20,5,6,0,0,150
1,5,2026-06-21,6,6,0,0,165
1,5,2026-06-22,0,6,0,0,123
1,5,2026-06-23,1,6,0,0,147
1,5,2026-06-24,2,6,0,0,93
1,5,2026-06-25,3,6,0,0,128
1,5,2026-06-26,4,6,0,0,122
1,5,2026-06-27,5,6,0,0,171
1,5,2026-06-28,6,6,0,0,169
1,5,2026-06-29,0,6,0,0,119
1,5,2026-06-30,1,6,0,0,124
1,5,2026-07-01,2,7,0,0,105
1,5,2026-07-02,3,7,0,0,122
1,5,2026-07-03,4,7,0,0,91
1,5,2026-07-04,5,7,0,0,163
1,5,2026-07-05,6,7,0,0,150
1,5,2026-07-06,0,7,0,0,108
1,5,2026-07-07,1,7,0,0,112
1,5,2026-07-08,2,7,0,0,113
1,5,2026-07-09,3,7,0,0,130
1,5,2026-07-10,4,7,0,0,154
1,5,2026-07-11,5,7,0,0,170
1,5,2026-07-12,6,7,0,0,141
1,5,2026-07-13,0,7,0,0,122
1,5,2026-07-14,1,7,0,0,123
1,5,2026-07-15,2,7,0,0,103
1,5,2026-07-16,3,7,0,0,99
1,5,2026-07-17,4,7,0,0,114
1,5,2026-07-18,5,7,0,0,163
1,5,2026-07-19,6,7,0,0,124
1,5,2026-07-20,0,7,0,0,106
1,5,2026-07-21,1,7,0,0,122
1,5,2026-07-22,2,7,0,0,115
1,5,2026-07-23,3,7,0,0,132
1,5,2026-07-24,4,7,0,0,97
1,5,2026-07-25,5,7,0,0,188
1,5,2026-07-26,6,7,0,0,125
1,5,2026-07-27,0,7,0,0,90
1,5,2026-07-28,1,7,0,0,114
1,5,2026-07-29,2,7,0,0,101
1,5,2026-07-30,3,7,0,0,114
1,5,2026-07-31,4,7,0,0,114
1,5,2026-08-01,5,8,0,0,142
1,5,2026-08-02,6,8,0,0,132
1,5,2026-08-03,0,8,0,0,114
1,5,2026-08-04,1,8,0,0,106
1,5,2026-08-05,2,8,0,0,122
1,5,2026-08-06,3,8,0,0,107
1,5,2026-08-07,4,8,0,0,98
1,5,2026-08-08,5,8,0,0,119
1,5,2026-08-09,6,8,0,0,142
1,5,2026-08-10,0,8,0,0,95
1,5,2026-08-11,1,8,0,0,94
1,5,2026-08-12,2,8,0,0,116
1,5,2026-08-13,3,8,0,0,89
1,5,2026-08-14,4,8,0,0,126
1,5,2026-08-15,5,8,0,0,148
1,5,2026-08-16,6,8,0,0,145
1,5,2026-08-17,0,8,0,0,97
1,5,2026-08-18,1,8,0,0,118
1,5,2026-08-19,2,8,0,0,109
1,5,2026-08-20,3,8,0,0,101
1,5,2026-08-21,4,8,0,0,112
1,5,2026-08-22,5,8,0,0,119
1,5,2026-08-23,6,8,0,0,120
1,5,2026-08-24,0,8,0,0,96
1,5,2026-08-25,1,8,0,0,114
1,5,2026-08-26,2,8,0,0,109
1,5,2026-08-27,3,8,0,0,122
1,5,2026-08-28,4,8,0,0,99
1,5,2026-08-29,5,8,0,0,154
1,5,2026-08-30,6,8,0,0,144
1,5,2026-08-31,0,8,0,0,98
2,0,2024-09-01,6,9,0,1,219
2,0,2024-09-02,0,9,0,0,110
2,0,2024-09-03,1,9,0,0,103
2,0,2024-09-04,2,9,0,0,108
2,0,2024-09-05,3,9,0,0,97
2,0,2024-09-06,4,9,0,0,102
2,0,2024-09-07,5,9,0,0,136
2,0,2024-09-08,6,9,0,0,125
2,0,2024-09-09,0,9,0,0,110
2,0,2024-09-10,1,9,0,0,102
2,0,2024-09-11,2,9,0,0,103
2,0,2024-09-12,3,9,0,0,101
2,0,2024-09-13,4,9,0,0,132
2,0,2024-09-14,5,9,0,0,132
2,0,2024-09-15,6,9,0,0,115
2,0,2024-09-16,0,9,0,0,92
2,0,2024-09-17,1,9,0,0,113
2,0,2024-09-18,2,9,0,0,118
2,0,2024-09-19,3,9,0,0,100
2,0,2024-09-20,4,9,0,1,178
2,0,2024-09-21,5,9,0,0,148
2,0,2024-09-22,6,9,0,0,137
2,0,2024-09-23,0,9,0,0,104
2,0,2024-09-24,1,9,0,0,108
2,0,2024-09-25,2,9,0,0,114
2,0,2024-09-26,3,9,0,1,166
2,0,2024-09-27,4,9,0,0,100
2,0,2024-09-28,5,9,0,0,137
2,0,2024-09-29,6,9,0,0,162
2,0,2024-09-30,0,9,0,0,108
2,0,2024-10-01,1,10,0,0,116
2,0,2024-10-02,2,10,0,0,113
2,0,2024-10-03,3,10,0,0,111
2,0,2024-10-04,4,10,0,0,109
2,0,2024-10-05,5,10,0,0,152
2,0,2024-10-06,6,10,0,0,150
2,0,2024-10-07,0,10,0,0,111
2,0,2024-10-08,1,10,0,0,102
2,0,2024-10-09,2,10,0,0,112
2,0,2024-10-10,3,10,0,0,108
2,0,2024-10-11,4,10,0,0,105
2,0,2024-10-12,5,10,0,0,173
2,0,2024-10-13,6,10,0,0,123
2,0,2024-10-14,0,10,0,0,117
2,0,2024-10-15,1,10,0,0,100
2,0,2024-10-16,2,10,0,0,109
2,0,2024-10-17,3,10,0,0,131
2,0,2024-10-18,4,10,0,0,99
2,0,2024-10-19,5,10,0,0,133
2,0,2024-10-20,6,10,0,0,141
2,0,2024-10-21,0,10,0,0,100
2,0,2024-10-22,1,10,0,0,116
2,0,2024-10-23,2,10,0,0,103
2,0,2024-10-24,3,10,0,0,114
2,0,2024-10-25,4,10,0,0,96
2,0,2024-10-26,5,10,0,0,120
2,0,2024-10-27,6,10,0,0,139
2,0,2024-10-28,0,10,0,1,141
2,0,2024-10-29,1,10,0,0,122
2,0,2024-10-30,2,10,0,1,142
2,0,2024-10-31,3,10,0,0,99
2,0,2024-11-01,4,11,0,0,117
2,0,2024-11-02,5,11,0,0,140
2,0,2024-11-03,6,11,0,1,176
2,0,2024-11-04,0,11,0,0,133
2,0,2024-11-05,1,11,0,0,104
2,0,2024-11-06,2,11,0,0,112
2,0,2024-11-07,3,11,0,0,111
2,0,2024-11-08,4,11,0,0,120
2,0,2024-11-09,5,11,0,0,152
2,0,2024-11-10,6,11,0,0,137
2,0,2024-11-11,0,11,0,0,110
2,0,2024-11-12,1,11,0,1,165
2,0,2024-11-13,2,11,0,0,120
2,0,2024-11-14,3,11,0,0,102
2,0,2024-11-15,4,11,0,1,196
2,0,2024-11-16,5,11,0,0,137
2,0,2024-11-17,6,11,0,0,147
2,0,2024-11-18,0,11,0,0,102
2,0,2024-11-19,1,11,0,0,101
2,0,2024-11-20,2,11,0,0,105
2,0,2024-11-21,3,11,0,0,104
2,0,2024-11-22,4,11,1,0,179
2,0,2024-11-23,5,11,1,0,201
2,0,2024-11-24,6,11,1,0,232
2,0,2024-11-25,0,11,1,0,174
2,0,2024-11-26,1,11,1,0,172
2,0,2024-11-27,2,11,1,0,180
2,0,2024-11-28,3,11,1,0,201
2,0,2024-11-29,4,11,0,0,115
2,0,2024-11-30,5,11,0,0,145
2,0,2024-12-01,6,12,0,0,136
2,0,2024-12-02,0,12,0,0,109
2,0,2024-12-03,1,12,0,0,108
2,0,2024-12-04,2,12,0,0,134
2,0,2024-12-05,3,12,0,0,126
2,0,2024-12-06,4,12,0,0,112
2,0,2024-12-07,5,12,0,0,147
2,0,2024-12-08,6,12,0,0,143
2,0,2024-12-09,0,12,0,0,112
2,0,2024-12-10,1,12,0,0,125
2,0,2024-12-11,2,12,0,0,118
2,0,2024-12-12,3,12,0,0,141
2,0,2024-12-13,4,12,0,0,133
2,0,2024-12-14,5,12,0,0,171
2,0,2024-12-15,6,12,0,0,162
2,0,2024-12-16,0,12,0,0,116
2,0,2024-12-17,1,12,0,0,127
2,0,2024-12-18,2,12,0,0,117
2,0,2024-12-19,3,12,0,0,137
2,0,2024-12-20,4,12,0,0,125
2,0,2024-12-21,5,12,0,0,157
2,0,2024-12-22,6,12,0,0,155
2,0,2024-12-23,0,12,0,0,138
2,0,2024-12-24,1,12,1,0,170
2,0,2024-12-25,2,12,1,0,223
2,0,2024-12-26,3,12,0,0,119
2,0,2024-12-27,4,12,0,0,106
2,0,2024-12-28,5,12,0,0,144
2,0,2024-12-29,6,12,0,1,180
2,0,2024-12-30,0,12,0,0,127
2,0,2024-12-31,1,12,1,0,176
2,0,2025-01-01,2,1,0,0,130
2,0,2025-01-02,3,1,0,0,140
2,0,2025-01-03,4,1,0,0,121
2,0,2025-01-04,5,1,0,0,157
2,0,2025-01-05,6,1,0,0,144
2,0,2025-01-06,0,1,0,0,124
2,0,2025-01-07,1,1,0,0,155
2,0,2025-01-08,2,1,0,0,136
2,0,2025-01-09,3,1,0,0,125
2,0,2025-01-10,4,1,0,0,121
2,0,2025-01-11,5,1,0,0,160
2,0,2025-01-12,6,1,0,0,163
2,0,2025-01-13,0,1,0,0,123
2,0,2025-01-14,1,1,0,0,133
2,0,2025-01-15,2,1,0,0,118
2,0,2025-01-16,3,1,0,0,118
2,0,2025-01-17,4,1,0,0,132
2,0,2025-01-18,5,1,0,0,145
2,0,2025-01-19,6,1,0,0,171
2,0,2025-01-20,0,1,0,0,128
2,0,2025-01-21,1,1,0,0,108
2,0,2025-01-22,2,1,0,0,129
2,0,2025-01-23,3,1,0,0,110
2,0,2025-01-24,4,1,0,0,135
2,0,2025-01-25,5,1,0,0,158
2,0,2025-01-26,6,1,0,0,186
2,0,2025-01-27,0,1,0,0,139
2,0,2025-01-28,1,1,0,0,116
2,0,2025-01-29,2,1,0,0,106
2,0,2025-01-30,3,1,0,1,171
2,0,2025-01-31,4,1,0,0,115
2,0,2025-02-01,5,2,0,0,192
2,0,2025-02-02,6,2,0,0,166
2,0,2025-02-03,0,2,0,0,143
2,0,2025-02-04,1,2,0,0,130
2,0,2025-02-05,2,2,0,0,131
2,0,2025-02-06,3,2,0,0,133
2,0,2025-02-07,4,2,0,0,145
2,0,2025-02-08,5,2,0,0,171
2,0,2025-02-09,6,2,0,0,152
2,0,2025-02-10,0,2,0,0,151
2,0,2025-02-11,1,2,0,0,130
2,0,2025-02-12,2,2,0,0,128
2,0,2025-02-13,3,2,0,0,102
2,0,2025-02-14,4,2,0,0,140
2,0,2025-02-15,5,2,0,0,168
2,0,2025-02-16,6,2,0,0,168
2,0,2025-02-17,0,2,0,1,181
2,0,2025-02-18,1,2,0,0,127
2,0,2025-02-19,2,2,0,0,129
2,0,2025-02-20,3,2,0,0,138
2,0,2025-02-21,4,2,0,1,197
2,0,2025-02-22,5,2,0,0,163
2,0,2025-02-23,6,2,0,0,179
2,0,2025-02-24,0,2,0,0,132
2,0,2025-02-25,1,2,0,0,127
2,0,2025-02-26,2,2,0,0,135
2,0,2025-02-27,3,2,0,0,118
2,0,2025-02-28,4,2,0,0,136
2,0,2025-03-01,5,3,0,0,147
2,0,2025-03-02,6,3,0,0,154
2,0,2025-03-03,0,3,0,1,158
2,0,2025-03-04,1,3,0,0,133
2,0,2025-03-05,2,3,0,0,153
2,0,2025-03-06,3,3,0,0,134
2,0,2025-03-07,4,3,0,0,142
2,0,2025-03-08,5,3,0,0,201
2,0,2025-03-09,6,3,0,0,174
2,0,2025-03-10,0,3,0,0,126
2,0,2025-03-11,1,3,0,0,128
2,0,2025-03-12,2,3,0,0,135
2,0,2025-03-13,3,3,0,0,128
2,0,2025-03-14,4,3,0,0,129
2,0,2025-03-15,5,3,0,0,182
2,0,2025-03-16,6,3,0,0,183
2,0,2025-03-17,0,3,0,0,116
2,0,2025-03-18,1,3,0,0,126
2,0,2025-03-19,2,3,0,0,130
2,0,2025-03-20,3,3,0,0,142
2,0,2025-03-21,4,3,0,1,207
2,0,2025-03-22,5,3,0,0,206
2,0,2025-03-23,6,3,0,0,162
2,0,2025-03-24,0,3,0,0,130
2,0,2025-03-25,1,3,0,0,142
2,0,2025-03-26,2,3,0,0,127
2,0,2025-03-27,3,3,0,0,133
2,0,2025-03-28,4,3,0,0,130
2,0,2025-03-29,5,3,0,0,132
2,0,2025-03-30,6,3,0,0,170
2,0,2025-03-31,0,3,0,1,186
2,0,2025-04-01,1,4,0,0,147
2,0,2025-04-02,2,4,0,1,187
2,0,2025-04-03,3,4,0,0,119
2,0,2025-04-04,4,4,0,0,130
2,0,2025-04-05,5,4,0,0,137
2,0,2025-04-06,6,4,0,0,149
2,0,2025-04-07,0,4,0,0,140
2,0,2025-04-08,1,4,0,0,130
2,0,2025-04-09,2,4,0,0,143
2,0,2025-04-10,3,4,0,0,111
2,0,2025-04-11,4,4,0,0,130
2,0,2025-04-12,5,4,0,0,160
2,0,2025-04-13,6,4,0,0,179
2,0,2025-04-14,0,4,0,0,140
2,0,2025-04-15,1,4,0,0,140
2,0,2025-04-16,2,4,0,0,150
2,0,2025-04-17,3,4,0,0,129
2,0,2025-04-18,4,4,0,0,148
2,0,2025-04-19,5,4,0,0,152
2,0,2025-04-20,6,4,0,0,151
2,0,2025-04-21,0,4,0,0,141
2,0,2025-04-22,1,4,0,0,116
2,0,2025-04-23,2,4,0,0,139
2,0,2025-04-24,3,4,0,0,134
2,0,2025-04-25,4,4,0,0,145
2,0,2025-04-26,5,4,0,0,165
2,0,2025-04-27,6,4,0,0,167
2,0,2025-04-28,0,4,0,0,139
2,0,2025-04-29,1,4,0,0,126
2,0,2025-04-30,2,4,0,0,125
2,0,2025-05-01,3,5,0,0,133
2,0,2025-05-02,4,5,0,0,127
2,0,2025-05-03,5,5,0,0,155
2,0,2025-05-04,6,5,0,0,160
2,0,2025-05-05,0,5,0,0,145
2,0,2025-05-06,1,5,0,0,123
2,0,2025-05-07,2,5,0,0,123
2,0,2025-05-08,3,5,0,0,109
2,0,2025-05-09,4,5,0,0,127
2,0,2025-05-10,5,5,0,0,170
2,0,2025-05-11,6,5,0,0,172
2,0,2025-05-12,0,5,0,1,184
2,0,2025-05-13,1,5,0,0,138
2,0,2025-05-14,2,5,0,0,135
2,0,2025-05-15,3,5,0,0,139
2,0,2025-05-16,4,5,0,0,138
2,0,2025-05-17,5,5,0,0,182
2,0,2025-05-18,6,5,0,0,159
2,0,2025-05-19,0,5,0,0,114
2,0,2025-05-20,1,5,0,0,135
2,0,2025-05-21,2,5,0,0,136
2,0,2025-05-22,3,5,0,0,144
2,0,2025-05-23,4,5,0,0,141
2,0,2025-05-24,5,5,0,0,187
2,0,2025-05-25,6,5,0,0,169
2,0,2025-05-26,0,5,0,0,130
2,0,2025-05-27,1,5,0,0,113
2,0,2025-05-28,2,5,0,0,131
2,0,2025-05-29,3,5,0,0,122
2,0,2025-05-30,4,5,0,0,130
2,0,2025-05-31,5,5,0,0,162
2,0,2025-06-01,6,6,0,0,160
2,0,2025-06-02,0,6,0,1,173
2,0,2025-06-03,1,6,0,0,130
2,0,2025-06-04,2,6,0,0,93
2,0,2025-06-05,3,6,0,0,122
2,0,2025-06-06,4,6,0,0,132
2,0,2025-06-07,5,6,0,0,177
2,0,2025-06-08,6,6,0,0,163
2,0,2025-06-09,0,6,0,0,137
2,0,2025-06-10,1,6,0,0,122
2,0,2025-06-11,2,6,0,0,120
2,0,2025-06-12,3,6,0,0,126
2,0,2025-06-13,4,6,0,0,120
2,0,2025-06-14,5,6,0,0,144
2,0,2025-06-15,6,6,0,0,147
2,0,2025-06-16,0,6,0,0,109
2,0,2025-06-17,1,6,0,0,126
2,0,2025-06-18,2,6,0,0,120
2,0,2025-06-19,3,6,0,0,117
2,0,2025-06-20,4,6,0,0,115
2,0,2025-06-21,5,6,0,0,160
2,0,2025-06-22,6,6,0,0,164
2,0,2025-06-23,0,6,0,0,109
2,0,2025-06-24,1,6,0,0,107
2,0,2025-06-25,2,6,0,0,130
2,0,2025-06-26,3,6,0,0,107
2,0,2025-06-27,4,6,0,0,126
2,0,2025-06-28,5,6,0,0,174
2,0,2025-06-29,6,6,0,0,174
2,0,2025-06-30,0,6,0,0,128
2,0,2025-07-01,1,7,0,0,120
2,0,2025-07-02,2,7,0,0,134
2,0,2025-07-03,3,7,0,0,91
2,0,2025-07-04,4,7,0,0,109
2,0,2025-07-05,5,7,0,0,157
2,0,2025-07-06,6,7,0,0,142
2,0,2025-07-07,0,7,0,0,125
2,0,2025-07-08,1,7,0,0,113
2,0,2025-07-09,2,7,0,0,114
2,0,2025-07-10,3,7,0,0,110
2,0,2025-07-11,4,7,0,0,108
2,0,2025-07-12,5,7,0,0,140
2,0,2025-07-13,6,7,0,0,150
2,0,2025-07-14,0,7,0,0,106
2,0,2025-07-15,1,7,0,0,122
2,0,2025-07-16,2,7,0,0,119
2,0,2025-07-17,3,7,0,0,123
2,0,2025-07-18,4,7,0,0,102
2,0,2025-07-19,5,7,0,1,172
2,0,2025-07-20,6,7,0,0,146
2,0,2025-07-21,0,7,0,0,140
2,0,2025-07-22,1,7,0,0,125
2,0,2025-07-23,2,7,0,0,108
2,0,2025-07-24,3,7,0,0,117
2,0,2025-07-25,4,7,0,0,120
2,0,2025-07-26,5,7,0,1,178
2,0,2025-07-27,6,7,0,0,163
2,0,2025-07-28,0,7,0,0,111
2,0,2025-07-29,1,7,0,0,112
2,0,2025-07-30,2,7,0,0,113
2,0,2025-07-31,3,7,0,0,124
2,0,2025-08-01,4,8,0,0,101
2,0,2025-08-02,5,8,0,0,121
2,0,2025-08-03,6,8,0,0,145
2,0,2025-08-04,0,8,0,0,89
2,0,2025-08-05,1,8,0,0,105
2,0,2025-08-06,2,8,0,0,118
2,0,2025-08-07,3,8,0,0,113
2,0,2025-08-08,4,8,0,0,117
2,0,2025-08-09,5,8,0,0,148
2,0,2025-08-10,6,8,0,0,169
2,0,2025-08-11,0,8,0,0,102
2,0,2025-08-12,1,8,0,0,111
2,0,2025-08-13,2,8,0,0,104
2,0,2025-08-14,3,8,0,0,116
2,0,2025-08-15,4,8,0,0,107
2,0,2025-08-16,5,8,0,0,161
2,0,2025-08-17,6,8,0,1,187
2,0,2025-08-18,0,8,0,1,181
2,0,2025-08-19,1,8,0,1,170
2,0,2025-08-20,2,8,0,1,162
2,0,2025-08-21,3,8,0,0,113
2,0,2025-08-22,4,8,0,0,110
2,0,2025-08-23,5,8,0,0,145
2,0,2025-08-24,6,8,0,1,192
2,0,2025-08-25,0,8,0,0,101
2,0,2025-08-26,1,8,0,0,105
2,0,2025-08-27,2,8,0,0,93
2,0,2025-08-28,3,8,0,0,115
2,0,2025-08-29,4,8,0,0,97
2,0,2025-08-30,5,8,0,0,138
2,0,2025-08-31,6,8,0,0,149
2,0,2025-09-01,0,9,0,0,113
2,0,2025-09-02,1,9,0,0,90
2,0,2025-09-03,2,9,0,0,105
2,0,2025-09-04,3,9,0,0,110
2,0,2025-09-05,4,9,0,0,106
2,0,2025-09-06,5,9,0,0,155
2,0,2025-09-07,6,9,0,1,180
2,0,2025-09-08,0,9,0,0,88
2,0,2025-09-09,1,9,0,0,113
2,0,2025-09-10,2,9,0,0,101
2,0,2025-09-11,3,9,0,0,90
2,0,2025-09-12,4,9,0,0,104
2,0,2025-09-13,5,9,0,0,153
2,0,2025-09-14,6,9,0,0,124
2,0,2025-09-15,0,9,0,0,126
2,0,2025-09-16,1,9,0,1,149
2,0,2025-09-17,2,9,0,1,161
2,0,2025-09-18,3,9,0,0,95
2,0,2025-09-19,4,9,0,0,106
2,0,2025-09-20,5,9,0,0,137
2,0,2025-09-21,6,9,0,0,122
2,0,2025-09-22,0,9,0,0,131
2,0,2025-09-23,1,9,0,0,101
2,0,2025-09-24,2,9,0,0,101
2,0,2025-09-25,3,9,0,0,114
2,0,2025-09-26,4,9,0,0,122
2,0,2025-09-27,5,9,0,0,152
2,0,2025-09-28,6,9,0,0,125
2,0,2025-09-29,0,9,0,0,108
2,0,2025-09-30,1,9,0,0,89
2,0,2025-10-01,2,10,0,0,116
2,0,2025-10-02,3,10,0,0,93
2,0,2025-10-03,4,10,0,1,151
2,0,2025-10-04,5,10,0,0,141
2,0,2025-10-05,6,10,0,0,146
2,0,2025-10-06,0,10,0,0,105
2,0,2025-10-07,1,10,0,0,121
2,0,2025-10-08,2,10,0,0,114
2,0,2025-10-09,3,10,0,0,113
2,0,2025-10-10,4,10,0,0,97
2,0,2025-10-11,5,10,0,0,161
2,0,2025-10-12,6,10,0,0,131
2,0,2025-10-13,0,10,0,0,123
2,0,2025-10-14,1,10,0,0,126
2,0,2025-10-15,2,10,0,0,112
2,0,2025-10-16,3,10,0,0,117
2,0,2025-10-17,4,10,0,0,80
2,0,2025-10-18,5,10,0,0,139
2,0,2025-10-19,6,10,0,0,154
2,0,2025-10-20,0,10,0,0,116
2,0,2025-10-21,1,10,0,0,97
2,0,2025-10-22,2,10,0,0,105
2,0,2025-10-23,3,10,0,0,85
2,0,2025-10-24,4,10,0,0,111
2,0,2025-10-25,5,10,0,0,119
2,0,2025-10-26,6,10,0,0,154
2,0,2025-10-27,0,10,0,0,118
2,0,2025-10-28,1,10,0,0,103
2,0,2025-10-29,2,10,0,0,112
2,0,2025-10-30,3,10,0,0,106
2,0,2025-10-31,4,10,0,0,110
2,0,2025-11-01,5,11,0,0,132
2,0,2025-11-02,6,11,0,0,154
2,0,2025-11-03,0,11,0,0,97
2,0,2025-11-04,1,11,0,0,96
2,0,2025-11-05,2,11,0,0,112
2,0,2025-11-06,3,11,0,0,111
2,0,2025-11-07,4,11,0,0,115
2,0,2025-11-08,5,11,0,0,138
2,0,2025-11-09,6,11,0,0,169
2,0,2025-11-10,0,11,0,0,114
2,0,2025-11-11,1,11,0,0,115
2,0,2025-11-12,2,11,0,0,115
2,0,2025-11-13,3,11,0,0,122
2,0,2025-11-14,4,11,0,0,118
2,0,2025-11-15,5,11,0,0,151
2,0,2025-11-16,6,11,0,0,155
2,0,2025-11-17,0,11,0,0,96
2,0,2025-11-18,1,11,0,0,96
2,0,2025-11-19,2,11,0,0,112
2,0,2025-11-20,3,11,0,0,111
2,0,2025-11-21,4,11,0,0,118
2,0,2025-11-22,5,11,1,0,219
2,0,2025-11-23,6,11,1,0,229
2,0,2025-11-24,0,11,1,0,166
2,0,2025-11-25,1,11,1,1,239
2,0,2025-11-26,2,11,1,0,165
2,0,2025-11-27,3,11,1,0,191
2,0,2025-11-28,4,11,1,0,156
2,0,2025-11-29,5,11,0,0,150
2,0,2025-11-30,6,11,0,0,128
2,0,2025-12-01,0,12,0,0,116
2,0,2025-12-02,1,12,0,0,129
2,0,2025-12-03,2,12,0,0,122
2,0,2025-12-04,3,12,0,0,104
2,0,2025-12-05,4,12,0,0,113
2,0,2025-12-06,5,12,0,0,134
2,0,2025-12-07,6,12,0,0,132
2,0,2025-12-08,0,12,0,0,121
2,0,2025-12-09,1,12,0,0,126
2,0,2025-12-10,2,12,0,0,124
2,0,2025-12-11,3,12,0,0,126
2,0,2025-12-12,4,12,0,0,120
2,0,2025-12-13,5,12,0,0,150
2,0,2025-12-14,6,12,0,0,140
2,0,2025-12-15,0,12,0,0,116
2,0,2025-12-16,1,12,0,0,107
2,0,2025-12-17,2,12,0,0,112
2,0,2025-12-18,3,12,0,0,121
2,0,2025-12-19,4,12,0,0,119
2,0,2025-12-20,5,12,0,0,192
2,0,2025-12-21,6,12,0,0,136
2,0,2025-12-22,0,12,0,0,119
2,0,2025-12-23,1,12,0,0,106
2,0,2025-12-24,2,12,1,0,186
2,0,2025-12-25,3,12,1,0,187
2,0,2025-12-26,4,12,0,0,128
2,0,2025-12-27,5,12,0,0,148
2,0,2025-12-28,6,12,0,0,151
2,0,2025-12-29,0,12,0,0,116
2,0,2025-12-30,1,12,0,0,106
2,0,2025-12-31,2,12,1,0,182
2,0,2026-01-01,3,1,0,0,123
2,0,2026-01-02,4,1,0,0,128
2,0,2026-01-03,5,1,0,0,168
2,0,2026-01-04,6,1,0,0,157
2,0,2026-01-05,0,1,0,0,125
2,0,2026-01-06,1,1,0,0,109
2,0,2026-01-07,2,1,0,0,133
2,0,2026-01-08,3,1,0,0,120
2,0,2026-01-09,4,1,0,0,135
2,0,2026-01-10,5,1,0,0,178
2,0,2026-01-11,6,1,0,0,158
2,0,2026-01-12,0,1,0,0,116
2,0,2026-01-13,1,1,0,0,127
2,0,2026-01-14,2,1,0,0,131
2,0,2026-01-15,3,1,0,0,124
2,0,2026-01-16,4,1,0,0,121
2,0,2026-01-17,5,1,0,0,168
2,0,2026-01-18,6,1,0,0,167
2,0,2026-01-19,0,1,0,0,124
2,0,2026-01-20,1,1,0,0,110
2,0,2026-01-21,2,1,0,0,132
2,0,2026-01-22,3,1,0,1,170
2,0,2026-01-23,4,1,0,0,129
2,0,2026-01-24,5,1,0,0,163
2,0,2026-01-25,6,1,0,0,135
2,0,2026-01-26,0,1,0,0,128
2,0,2026-01-27,1,1,0,0,133
2,0,2026-01-28,2,1,0,0,134
2,0,2026-01-29,3,1,0,0,128
2,0,2026-01-30,4,1,0,0,106
2,0,2026-01-31,5,1,0,0,178
2,0,2026-02-01,6,2,0,0,171
2,0,2026-02-02,0,2,0,0,119
2,0,2026-02-03,1,2,0,0,124
2,0,2026-02-04,2,2,0,0,135
2,0,2026-02-05,3,2,0,0,140
2,0,2026-02-06,4,2,0,0,127
2,0,2026-02-07,5,2,0,0,177
2,0,2026-02-08,6,2,0,0,141
2,0,2026-02-09,0,2,0,0,121
2,0,2026-02-10,1,2,0,0,110
2,0,2026-02-11,2,2,0,0,123
2,0,2026-02-12,3,2,0,0,149
2,0,2026-02-13,4,2,0,0,155
2,0,2026-02-14,5,2,0,0,169
2,0,2026-02-15,6,2,0,0,157
2,0,2026-02-16,0,2,0,0,130
2,0,2026-02-17,1,2,0,0,138
2,0,2026-02-18,2,2,0,0,115
2,0,2026-02-19,3,2,0,0,126
2,0,2026-02-20,4,2,0,0,148
2,0,2026-02-21,5,2,0,0,151
2,0,2026-02-22,6,2,0,0,155
2,0,2026-02-23,0,2,0,0,133
2,0,2026-02-24,1,2,0,0,136
2,0,2026-02-25,2,2,0,0,126
2,0,2026-02-26,3,2,0,0,133
2,0,2026-02-27,4,2,0,0,139
2,0,2026-02-28,5,2,0,0,193
2,0,2026-03-01,6,3,0,0,166
2,0,2026-03-02,0,3,0,0,134
2,0,2026-03-03,1,3,0,0,151
2,0,2026-03-04,2,3,0,0,128
2,0,2026-03-05,3,3,0,0,120
2,0,2026-03-06,4,3,0,0,137
2,0,2026-03-07,5,3,0,0,183
2,0,2026-03-08,6,3,0,0,173
2,0,2026-03-09,0,3,0,0,133
2,0,2026-03-10,1,3,0,0,118
2,0,2026-03-11,2,3,0,0,134
2,0,2026-03-12,3,3,0,0,148
2,0,2026-03-13,4,3,0,0,121
2,0,2026-03-14,5,3,0,0,164
2,0,2026-03-15,6,3,0,0,162
2,0,2026-03-16,0,3,0,0,127
2,0,2026-03-17,1,3,0,1,193
2,0,2026-03-18,2,3,0,0,139
2,0,2026-03-19,3,3,0,0,139
2,0,2026-03-20,4,3,0,0,123
2,0,2026-03-21,5,3,0,0,145
2,0,2026-03-22,6,3,0,0,171
2,0,2026-03-23,0,3,0,0,129
2,0,2026-03-24,1,3,0,0,155
2,0,2026-03-25,2,3,0,1,218
2,0,2026-03-26,3,3,0,0,157
2,0,2026-03-27,4,3,0,0,124
2,0,2026-03-28,5,3,0,0,176
2,0,2026-03-29,6,3,0,0,180
2,0,2026-03-30,0,3,0,0,143
2,0,2026-03-31,1,3,0,0,130
2,0,2026-04-01,2,4,0,0,147
2,0,2026-04-02,3,4,0,0,132
2,0,2026-04-03,4,4,0,0,134
2,0,2026-04-04,5,4,0,0,144
2,0,2026-04-05,6,4,0,0,175
2,0,2026-04-06,0,4,0,0,130
2,0,2026-04-07,1,4,0,0,138
2,0,2026-04-08,2,4,0,0,135
2,0,2026-04-09,3,4,0,0,134
2,0,2026-04-10,4,4,0,0,132
2,0,2026-04-11,5,4,0,0,177
2,0,2026-04-12,6,4,0,0,163
2,0,2026-04-13,0,4,0,0,116
2,0,2026-04-14,1,4,0,0,139
2,0,2026-04-15,2,4,0,0,123
2,0,2026-04-16,3,4,0,0,118
2,0,2026-04-17,4,4,0,1,171
2,0,2026-04-18,5,4,0,0,170
2,0,2026-04-19,6,4,0,0,164
2,0,2026-04-20,0,4,0,0,109
2,0,2026-04-21,1,4,0,0,128
2,0,2026-04-22,2,4,0,0,145
2,0,2026-04-23,3,4,0,0,127
2,0,2026-04-24,4,4,0,0,131
2,0,2026-04-25,5,4,0,0,180
2,0,2026-04-26,6,4,0,0,177
2,0,2026-04-27,0,4,0,0,144
2,0,2026-04-28,1,4,0,0,102
2,0,2026-04-29,2,4,0,0,151
2,0,2026-04-30,3,4,0,0,139
2,0,2026-05-01,4,5,0,0,153
2,0,2026-05-02,5,5,0,0,150
2,0,2026-05-03,6,5,0,0,137
2,0,2026-05-04,0,5,0,0,127
2,0,2026-05-05,1,5,0,0,124
2,0,2026-05-06,2,5,0,0,134
2,0,2026-05-07,3,5,0,1,198
2,0,2026-05-08,4,5,0,0,126
2,0,2026-05-09,5,5,0,0,157
2,0,2026-05-10,6,5,0,0,167
2,0,2026-05-11,0,5,0,0,124
2,0,2026-05-12,1,5,0,0,123
2,0,2026-05-13,2,5,0,0,138
2,0,2026-05-14,3,5,0,0,140
2,0,2026-05-15,4,5,0,0,139
2,0,2026-05-16,5,5,0,0,158
2,0,2026-05-17,6,5,0,0,132
2,0,2026-05-18,0,5,0,0,125
2,0,2026-05-19,1,5,0,0,119
2,0,2026-05-20,2,5,0,0,126
2,0,2026-05-21,3,5,0,0,120
2,0,2026-05-22,4,5,0,0,127
2,0,2026-05-23,5,5,0,0,146
2,0,2026-05-24,6,5,0,0,143
2,0,2026-05-25,0,5,0,1,200
2,0,2026-05-26,1,5,0,0,117
2,0,2026-05-27,2,5,0,0,127
2,0,2026-05-28,3,5,0,0,137
2,0,2026-05-29,4,5,0,0,137
2,0,2026-05-30,5,5,0,0,171
2,0,2026-05-31,6,5,0,0,164
2,0,2026-06-01,0,6,0,0,127
2,0,2026-06-02,1,6,0,0,133
2,0,2026-06-03,2,6,0,0,124
2,0,2026-06-04,3,6,0,0,101
2,0,2026-06-05,4,6,0,0,115
2,0,2026-06-06,5,6,0,1,219
2,0,2026-06-07,6,6,0,0,145
2,0,2026-06-08,0,6,0,0,136
2,0,2026-06-09,1,6,0,0,119
2,0,2026-06-10,2,6,0,0,121
2,0,2026-06-11,3,6,0,0,131
2,0,2026-06-12,4,6,0,0,118
2,0,2026-06-13,5,6,0,0,155
2,0,2026-06-14,6,6,0,0,164
2,0,2026-06-15,0,6,0,1,153
2,0,2026-06-16,1,6,0,0,117
2,0,2026-06-17,2,6,0,0,128
2,0,2026-06-18,3,6,0,0,120
2,0,2026-06-19,4,6,0,0,134
2,0,2026-06-20,5,6,0,0,133
2,0,2026-06-21,6,6,0,0,132
2,0,2026-06-22,0,6,0,0,127
2,0,2026-06-23,1,6,0,0,128
2,0,2026-06-24,2,6,0,1,171
2,0,2026-06-25,3,6,0,0,124
2,0,2026-06-26,4,6,0,0,127
2,0,2026-06-27,5,6,0,0,143
2,0,2026-06-28,6,6,0,0,144
2,0,2026-06-29,0,6,0,0,122
2,0,2026-06-30,1,6,0,0,129
2,0,2026-07-01,2,7,0,0,102
2,0,2026-07-02,3,7,0,0,111
2,0,2026-07-03,4,7,0,0,110
2,0,2026-07-04,5,7,0,0,151
2,0,2026-07-05,6,7,0,0,146
2,0,2026-07-06,0,7,0,0,107
2,0,2026-07-07,1,7,0,0,124
2,0,2026-07-08,2,7,0,0,107
2,0,2026-07-09,3,7,0,0,110
2,0,2026-07-10,4,7,0,0,98
2,0,2026-07-11,5,7,0,0,137
2,0,2026-07-12,6,7,0,0,152
2,0,2026-07-13,0,7,0,1,171
2,0,2026-07-14,1,7,0,0,118
2,0,2026-07-15,2,7,0,0,118
2,0,2026-07-16,3,7,0,0,132
2,0,2026-07-17,4,7,0,0,105
2,0,2026-07-18,5,7,0,0,126
2,0,2026-07-19,6,7,0,0,133
2,0,2026-07-20,0,7,0,0,106
2,0,2026-07-21,1,7,0,0,103
2,0,2026-07-22,2,7,0,0,113
2,0,2026-07-23,3,7,0,0,124
2,0,2026-07-24,4,7,0,1,188
2,0,2026-07-25,5,7,0,0,152
2,0,2026-07-26,6,7,0,0,172
2,0,2026-07-27,0,7,0,0,109
2,0,2026-07-28,1,7,0,0,97
2,0,2026-07-29,2,7,0,0,122
2,0,2026-07-30,3,7,0,0,95
2,0,2026-07-31,4,7,0,0,105
2,0,2026-08-01,5,8,0,0,146
2,0,2026-08-02,6,8,0,0,139
2,0,2026-08-03,0,8,0,0,105
2,0,2026-08-04,1,8,0,0,97
2,0,2026-08-05,2,8,0,0,107
2,0,2026-08-06,3,8,0,0,116
2,0,2026-08-07,4,8,0,0,107
2,0,2026-08-08,5,8,0,0,131
2,0,2026-08-09,6,8,0,0,126
2,0,2026-08-10,0,8,0,0,100
2,0,2026-08-11,1,8,0,1,167
2,0,2026-08-12,2,8,0,0,110
2,0,2026-08-13,3,8,0,0,100
2,0,2026-08-14,4,8,0,1,132
2,0,2026-08-15,5,8,0,0,145
2,0,2026-08-16,6,8,0,0,130
2,0,2026-08-17,0,8,0,0,113
2,0,2026-08-18,1,8,0,0,100
2,0,2026-08-19,2,8,0,0,98
2,0,2026-08-20,3,8,0,0,108
2,0,2026-08-21,4,8,0,0,128
2,0,2026-08-22,5,8,0,0,149
2,0,2026-08-23,6,8,0,0,142
2,0,2026-08-24,0,8,0,0,110
2,0,2026-08-25,1,8,0,0,92
2,0,2026-08-26,2,8,0,0,97
2,0,2026-08-27,3,8,0,0,85
2,0,2026-08-28,4,8,0,0,123
2,0,2026-08-29,5,8,0,0,158
2,0,2026-08-30,6,8,0,0,145
2,0,2026-08-31,0,8,0,0,108
2,1,2024-09-01,6,9,0,0,159
2,1,2024-09-02,0,9,0,0,82
2,1,2024-09-03,1,9,0,1,132
2,1,2024-09-04,2,9,0,0,101
2,1,2024-09-05,3,9,0,0,123
2,1,2024-09-06,4,9,0,1,201
2,1,2024-09-07,5,9,0,0,172
2,1,2024-09-08,6,9,0,0,153
2,1,2024-09-09,0,9,0,0,110
2,1,2024-09-10,1,9,0,0,125
2,1,2024-09-11,2,9,0,0,91
2,1,2024-09-12,3,9,0,0,78
2,1,2024-09-13,4,9,0,0,119
2,1,2024-09-14,5,9,0,0,118
2,1,2024-09-15,6,9,0,0,139
2,1,2024-09-16,0,9,0,0,113
2,1,2024-09-17,1,9,0,0,116
2,1,2024-09-18,2,9,0,0,128
2,1,2024-09-19,3,9,0,0,126
2,1,2024-09-20,4,9,0,0,115
2,1,2024-09-21,5,9,0,0,131
2,1,2024-09-22,6,9,0,0,143
2,1,2024-09-23,0,9,0,0,100
2,1,2024-09-24,1,9,0,0,108
2,1,2024-09-25,2,9,0,0,158
2,1,2024-09-26,3,9,0,0,114
2,1,2024-09-27,4,9,0,0,119
2,1,2024-09-28,5,9,0,1,175
2,1,2024-09-29,6,9,0,0,164
2,1,2024-09-30,0,9,0,0,125
2,1,2024-10-01,1,10,0,0,127
2,1,2024-10-02,2,10,0,0,117
2,1,2024-10-03,3,10,0,0,132
2,1,2024-10-04,4,10,0,0,136
2,1,2024-10-05,5,10,0,0,149
2,1,2024-10-06,6,10,0,0,140
2,1,2024-10-07,0,10,0,0,129
2,1,2024-10-08,1,10,0,0,97
2,1,2024-10-09,2,10,0,0,100
2,1,2024-10-10,3,10,0,0,112
2,1,2024-10-11,4,10,0,1,122
2,1,2024-10-12,5,10,0,0,162
2,1,2024-10-13,6,10,0,0,121
2,1,2024-10-14,0,10,0,0,105
2,1,2024-10-15,1,10,0,0,109
2,1,2024-10-16,2,10,0,0,114
2,1,2024-10-17,3,10,0,0,107
2,1,2024-10-18,4,10,0,0,112
2,1,2024-10-19,5,10,0,0,141
2,1,2024-10-20,6,10,0,0,132
2,1,2024-10-21,0,10,0,0,99
2,1,2024-10-22,1,10,0,0,133
2,1,2024-10-23,2,10,0,0,75
2,1,2024-10-24,3,10,0,0,109
2,1,2024-10-25,4,10,0,0,105
2,1,2024-10-26,5,10,0,0,152
2,1,2024-10-27,6,10,0,0,109
2,1,2024-10-28,0,10,0,0,104
2,1,2024-10-29,1,10,0,0,111
2,1,2024-10-30,2,10,0,0,133
2,1,2024-10-31,3,10,0,0,119
2,1,2024-11-01,4,11,0,0,96
2,1,2024-11-02,5,11,0,0,137
2,1,2024-11-03,6,11,0,0,169
2,1,2024-11-04,0,11,0,0,96
2,1,2024-11-05,1,11,0,0,117
2,1,2024-11-06,2,11,0,0,118
2,1,2024-11-07,3,11,0,0,111
2,1,2024-11-08,4,11,0,0,170
2,1,2024-11-09,5,11,0,0,138
2,1,2024-11-10,6,11,0,0,159
2,1,2024-11-11,0,11,0,0,104
2,1,2024-11-12,1,11,0,0,129
2,1,2024-11-13,2,11,0,0,135
2,1,2024-11-14,3,11,0,0,107
2,1,2024-11-15,4,11,0,0,118
2,1,2024-11-16,5,11,0,0,127
2,1,2024-11-17,6,11,0,0,121
2,1,2024-11-18,0,11,0,0,138
2,1,2024-11-19,1,11,0,0,108
2,1,2024-11-20,2,11,0,0,73
2,1,2024-11-21,3,11,0,0,152
2,1,2024-11-22,4,11,1,0,169
2,1,2024-11-23,5,11,1,0,215
2,1,2024-11-24,6,11,1,0,283
2,1,2024-11-25,0,11,1,0,190
2,1,2024-11-26,1,11,1,0,189
2,1,2024-11-27,2,11,1,0,156
2,1,2024-11-28,3,11,1,0,143
2,1,2024-11-29,4,11,0,0,115
2,1,2024-11-30,5,11,0,0,157
2,1,2024-12-01,6,12,0,0,163
2,1,2024-12-02,0,12,0,0,116
2,1,2024-12-03,1,12,0,0,127
2,1,2024-12-04,2,12,0,0,89
2,1,2024-12-05,3,12,0,0,136
2,1,2024-12-06,4,12,0,0,129
2,1,2024-12-07,5,12,0,0,205
2,1,2024-12-08,6,12,0,0,156
2,1,2024-12-09,0,12,0,0,107
2,1,2024-12-10,1,12,0,0,125
2,1,2024-12-11,2,12,0,0,120
2,1,2024-12-12,3,12,0,0,135
2,1,2024-12-13,4,12,0,0,127
2,1,2024-12-14,5,12,0,0,124
2,1,2024-12-15,6,12,0,0,115
2,1,2024-12-16,0,12,0,0,132
2,1,2024-12-17,1,12,0,0,154
2,1,2024-12-18,2,12,0,0,128
2,1,2024-12-19,3,12,0,0,143
2,1,2024-12-20,4,12,0,0,147
2,1,2024-12-21,5,12,0,0,162
2,1,2024-12-22,6,12,0,0,135
2,1,2024-12-23,0,12,0,0,130
2,1,2024-12-24,1,12,1,0,241
2,1,2024-12-25,2,12,1,0,219
2,1,2024-12-26,3,12,0,0,141
2,1,2024-12-27,4,12,0,0,117
2,1,2024-12-28,5,12,0,0,151
2,1,2024-12-29,6,12,0,0,153
2,1,2024-12-30,0,12,0,0,125
2,1,2024-12-31,1,12,1,0,240
2,1,2025-01-01,2,1,0,0,83
2,1,2025-01-02,3,1,0,0,134
2,1,2025-01-03,4,1,0,0,132
2,1,2025-01-04,5,1,0,0,127
2,1,2025-01-05,6,1,0,0,181
2,1,2025-01-06,0,1,0,0,118
2,1,2025-01-07,1,1,0,0,126
2,1,2025-01-08,2,1,0,0,173
2,1,2025-01-09,3,1,0,0,155
2,1,2025-01-10,4,1,0,0,146
2,1,2025-01-11,5,1,0,1,234
2,1,2025-01-12,6,1,0,0,159
2,1,2025-01-13,0,1,0,0,177
2,1,2025-01-14,1,1,0,1,215
2,1,2025-01-15,2,1,0,0,118
2,1,2025-01-16,3,1,0,0,104
2,1,2025-01-17,4,1,0,0,146
2,1,2025-01-18,5,1,0,0,162
2,1,2025-01-19,6,1,0,0,126
2,1,2025-01-20,0,1,0,0,143
2,1,2025-01-21,1,1,0,0,128
2,1,2025-01-22,2,1,0,0,145
2,1,2025-01-23,3,1,0,0,143
2,1,2025-01-24,4,1,0,0,121
2,1,2025-01-25,5,1,0,0,180
2,1,2025-01-26,6,1,0,0,150
2,1,2025-01-27,0,1,0,0,124
2,1,2025-01-28,1,1,0,0,122
2,1,2025-01-29,2,1,0,0,158
2,1,2025-01-30,3,1,0,1,182
2,1,2025-01-31,4,1,0,0,163
2,1,2025-02-01,5,2,0,0,217
2,1,2025-02-02,6,2,0,1,199
2,1,2025-02-03,0,2,0,0,74
2,1,2025-02-04,1,2,0,0,163
2,1,2025-02-05,2,2,0,0,132
2,1,2025-02-06,3,2,0,0,120
2,1,2025-02-07,4,2,0,0,126
2,1,2025-02-08,5,2,0,0,157
2,1,2025-02-09,6,2,0,0,204
2,1,2025-02-10,0,2,0,0,143
2,1,2025-02-11,1,2,0,0,168
2,1,2025-02-12,2,2,0,0,150
2,1,2025-02-13,3,2,0,1,186
2,1,2025-02-14,4,2,0,0,130
2,1,2025-02-15,5,2,0,0,184
2,1,2025-02-16,6,2,0,0,191
2,1,2025-02-17,0,2,0,0,162
2,1,2025-02-18,1,2,0,0,133
2,1,2025-02-19,2,2,0,0,143
2,1,2025-02-20,3,2,0,0,152
2,1,2025-02-21,4,2,0,0,131
2,1,2025-02-22,5,2,0,0,138
2,1,2025-02-23,6,2,0,0,147
2,1,2025-02-24,0,2,0,0,134
2,1,2025-02-25,1,2,0,0,154
2,1,2025-02-26,2,2,0,0,167
2,1,2025-02-27,3,2,0,0,109
2,1,2025-02-28,4,2,0,0,126
2,1,2025-03-01,5,3,0,0,161
2,1,2025-03-02,6,3,0,0,193
2,1,2025-03-03,0,3,0,0,129
2,1,2025-03-04,1,3,0,0,131
2,1,2025-03-05,2,3,0,0,109
2,1,2025-03-06,3,3,0,0,152
2,1,2025-03-07,4,3,0,0,138
2,1,2025-03-08,5,3,0,0,153
2,1,2025-03-09,6,3,0,0,164
2,1,2025-03-10,0,3,0,0,167
2,1,2025-03-11,1,3,0,0,118
2,1,2025-03-12,2,3,0,0,122
2,1,2025-03-13,3,3,0,0,170
2,1,2025-03-14,4,3,0,1,200
2,1,2025-03-15,5,3,0,0,189
2,1,2025-03-16,6,3,0,0,182
2,1,2025-03-17,0,3,0,0,140
2,1,2025-03-18,1,3,0,0,133
2,1,2025-03-19,2,3,0,0,160
2,1,2025-03-20,3,3,0,0,168
2,1,2025-03-21,4,3,0,0,166
2,1,2025-03-22,5,3,0,0,138
2,1,2025-03-23,6,3,0,0,206
2,1,2025-03-24,0,3,0,0,133
2,1,2025-03-25,1,3,0,0,124
2,1,2025-03-26,2,3,0,0,137
2,1,2025-03-27,3,3,0,0,160
2,1,2025-03-28,4,3,0,0,153
2,1,2025-03-29,5,3,0,0,164
2,1,2025-03-30,6,3,0,0,194
2,1,2025-03-31,0,3,0,0,144
2,1,2025-04-01,1,4,0,0,126
2,1,2025-04-02,2,4,0,0,123
2,1,2025-04-03,3,4,0,0,148
2,1,2025-04-04,4,4,0,0,137
2,1,2025-04-05,5,4,0,0,131
2,1,2025-04-06,6,4,0,0,192
2,1,2025-04-07,0,4,0,0,128
2,1,2025-04-08,1,4,0,0,175
2,1,2025-04-09,2,4,0,0,108
2,1,2025-04-10,3,4,0,0,135
2,1,2025-04-11,4,4,0,0,123
2,1,2025-04-12,5,4,0,0,142
2,1,2025-04-13,6,4,0,1,208
2,1,2025-04-14,0,4,0,0,179
2,1,2025-04-15,1,4,0,0,142
2,1,2025-04-16,2,4,0,0,121
2,1,2025-04-17,3,4,0,0,98
2,1,2025-04-18,4,4,0,0,101
2,1,2025-04-19,5,4,0,0,154
2,1,2025-04-20,6,4,0,0,151
2,1,2025-04-21,0,4,0,0,134
2,1,2025-04-22,1,4,0,0,88
2,1,2025-04-23,2,4,0,0,137
2,1,2025-04-24,3,4,0,0,162
2,1,2025-04-25,4,4,0,0,175
2,1,2025-04-26,5,4,0,0,117
2,1,2025-04-27,6,4,0,0,147
2,1,2025-04-28,0,4,0,0,120
2,1,2025-04-29,1,4,0,0,142
2,1,2025-04-30,2,4,0,0,112
2,1,2025-05-01,3,5,0,0,170
2,1,2025-05-02,4,5,0,1,192
2,1,2025-05-03,5,5,0,0,160
2,1,2025-05-04,6,5,0,0,205
2,1,2025-05-05,0,5,0,0,133
2,1,2025-05-06,1,5,0,0,142
2,1,2025-05-07,2,5,0,0,117
2,1,2025-05-08,3,5,0,0,104
2,1,2025-05-09,4,5,0,0,120
2,1,2025-05-10,5,5,0,0,220
2,1,2025-05-11,6,5,0,0,180
2,1,2025-05-12,0,5,0,0,139
2,1,2025-05-13,1,5,0,0,113
2,1,2025-05-14,2,5,0,0,153
2,1,2025-05-15,3,5,0,0,104
2,1,2025-05-16,4,5,0,0,100
2,1,2025-05-17,5,5,0,0,148
2,1,2025-05-18,6,5,0,0,214
2,1,2025-05-19,0,5,0,0,174
2,1,2025-05-20,1,5,0,1,177
2,1,2025-05-21,2,5,0,0,119
2,1,2025-05-22,3,5,0,0,98
2,1,2025-05-23,4,5,0,0,135
2,1,2025-05-24,5,5,0,0,167
2,1,2025-05-25,6,5,0,0,184
2,1,2025-05-26,0,5,0,0,153
2,1,2025-05-27,1,5,0,0,129
2,1,2025-05-28,2,5,0,0,145
2,1,2025-05-29,3,5,0,0,118
2,1,2025-05-30,4,5,0,0,145
2,1,2025-05-31,5,5,0,1,202
2,1,2025-06-01,6,6,0,0,167
2,1,2025-06-02,0,6,0,1,194
2,1,2025-06-03,1,6,0,0,127
2,1,2025-06-04,2,6,0,0,142
2,1,2025-06-05,3,6,0,0,94
2,1,2025-06-06,4,6,0,0,104
2,1,2025-06-07,5,6,0,0,149
2,1,2025-06-08,6,6,0,0,119
2,1,2025-06-09,0,6,0,0,118
2,1,2025-06-10,1,6,0,0,118
2,1,2025-06-11,2,6,0,0,152
2,1,2025-06-12,3,6,0,0,129
2,1,2025-06-13,4,6,0,0,147
2,1,2025-06-14,5,6,0,0,163
2,1,2025-06-15,6,6,0,0,142
2,1,2025-06-16,0,6,0,0,129
2,1,2025-06-17,1,6,0,0,141
2,1,2025-06-18,2,6,0,0,150
2,1,2025-06-19,3,6,0,0,123
2,1,2025-06-20,4,6,0,0,93
2,1,2025-06-21,5,6,0,0,112
2,1,2025-06-22,6,6,0,0,147
2,1,2025-06-23,0,6,0,0,79
2,1,2025-06-24,1,6,0,0,162
2,1,2025-06-25,2,6,0,0,138
2,1,2025-06-26,3,6,0,0,113
2,1,2025-06-27,4,6,0,0,103
2,1,2025-06-28,5,6,0,0,181
2,1,2025-06-29,6,6,0,0,128
2,1,2025-06-30,0,6,0,0,105
2,1,2025-07-01,1,7,0,0,104
2,1,2025-07-02,2,7,0,0,120
2,1,2025-07-03,3,7,0,0,130
2,1,2025-07-04,4,7,0,0,141
2,1,2025-07-05,5,7,0,0,173
2,1,2025-07-06,6,7,0,0,148
2,1,2025-07-07,0,7,0,0,138
2,1,2025-07-08,1,7,0,0,106
2,1,2025-07-09,2,7,0,0,84
2,1,2025-07-10,3,7,0,0,106
2,1,2025-07-11,4,7,0,0,103
2,1,2025-07-12,5,7,0,0,133
2,1,2025-07-13,6,7,0,0,125
2,1,2025-07-14,0,7,0,0,110
2,1,2025-07-15,1,7,0,0,130
2,1,2025-07-16,2,7,0,0,151
2,1,2025-07-17,3,7,0,0,85
2,1,2025-07-18,4,7,0,0,94
2,1,2025-07-19,5,7,0,0,129
2,1,2025-07-20,6,7,0,0,166
2,1,2025-07-21,0,7,0,0,114
2,1,2025-07-22,1,7,0,0,104
2,1,2025-07-23,2,7,0,1,195
2,1,2025-07-24,3,7,0,0,136
2,1,2025-07-25,4,7,0,1,175
2,1,2025-07-26,5,7,0,0,128
2,1,2025-07-27,6,7,0,0,154
2,1,2025-07-28,0,7,0,0,114
2,1,2025-07-29,1,7,0,0,114
2,1,2025-07-30,2,7,0,0,109
2,1,2025-07-31,3,7,0,0,136
2,1,2025-08-01,4,8,0,0,117
2,1,2025-08-02,5,8,0,0,166
2,1,2025-08-03,6,8,0,0,173
2,1,2025-08-04,0,8,0,0,121
2,1,2025-08-05,1,8,0,1,156
2,1,2025-08-06,2,8,0,0,132
2,1,2025-08-07,3,8,0,0,121
2,1,2025-08-08,4,8,0,0,160
2,1,2025-08-09,5,8,0,0,149
2,1,2025-08-10,6,8,0,0,158
2,1,2025-08-11,0,8,0,1,177
2,1,2025-08-12,1,8,0,0,111
2,1,2025-08-13,2,8,0,0,108
2,1,2025-08-14,3,8,0,0,118
2,1,2025-08-15,4,8,0,0,122
2,1,2025-08-16,5,8,0,0,169
2,1,2025-08-17,6,8,0,0,149
2,1,2025-08-18,0,8,0,0,104
2,1,2025-08-19,1,8,0,0,107
2,1,2025-08-20,2,8,0,0,89
2,1,2025-08-21,3,8,0,0,143
2,1,2025-08-22,4,8,0,0,103
2,1,2025-08-23,5,8,0,0,164
2,1,2025-08-24,6,8,0,0,148
2,1,2025-08-25,0,8,0,0,118
2,1,2025-08-26,1,8,0,0,111
2,1,2025-08-27,2,8,0,0,98
2,1,2025-08-28,3,8,0,0,95
2,1,2025-08-29,4,8,0,1,217
2,1,2025-08-30,5,8,0,1,203
2,1,2025-08-31,6,8,0,0,168
2,1,2025-09-01,0,9,0,0,135
2,1,2025-09-02,1,9,0,0,103
2,1,2025-09-03,2,9,0,0,118
2,1,2025-09-04,3,9,0,0,111
2,1,2025-09-05,4,9,0,0,90
2,1,2025-09-06,5,9,0,0,136
2,1,2025-09-07,6,9,0,0,153
2,1,2025-09-08,0,9,0,0,102
2,1,2025-09-09,1,9,0,0,105
2,1,2025-09-10,2,9,0,0,108
2,1,2025-09-11,3,9,0,0,148
2,1,2025-09-12,4,9,0,0,78
2,1,2025-09-13,5,9,0,0,151
2,1,2025-09-14,6,9,0,0,134
2,1,2025-09-15,0,9,0,0,99
2,1,2025-09-16,1,9,0,0,106
2,1,2025-09-17,2,9,0,1,185
2,1,2025-09-18,3,9,0,0,123
2,1,2025-09-19,4,9,0,1,172
2,1,2025-09-20,5,9,0,0,165
2,1,2025-09-21,6,9,0,0,169
2,1,2025-09-22,0,9,0,0,125
2,1,2025-09-23,1,9,0,0,101
2,1,2025-09-24,2,9,0,0,119
2,1,2025-09-25,3,9,0,0,119
2,1,2025-09-26,4,9,0,0,96
2,1,2025-09-27,5,9,0,0,105
2,1,2025-09-28,6,9,0,0,95
2,1,2025-09-29,0,9,0,0,112
2,1,2025-09-30,1,9,0,0,116
2,1,2025-10-01,2,10,0,1,137
2,1,2025-10-02,3,10,0,0,132
2,1,2025-10-03,4,10,0,0,115
2,1,2025-10-04,5,10,0,0,173
2,1,2025-10-05,6,10,0,0,151
2,1,2025-10-06,0,10,0,0,93
2,1,2025-10-07,1,10,0,0,121
2,1,2025-10-08,2,10,0,1,188
2,1,2025-10-09,3,10,0,0,103
2,1,2025-10-10,4,10,0,0,86
2,1,2025-10-11,5,10,0,0,144
2,1,2025-10-12,6,10,0,0,119
2,1,2025-10-13,0,10,0,0,133
2,1,2025-10-14,1,10,0,0,105
2,1,2025-10-15,2,10,0,0,144
2,1,2025-10-16,3,10,0,0,74
2,1,2025-10-17,4,10,0,0,115
2,1,2025-10-18,5,10,0,0,175
2,1,2025-10-19,6,10,0,0,122
2,1,2025-10-20,0,10,0,0,110
2,1,2025-10-21,1,10,0,0,105
2,1,2025-10-22,2,10,0,0,100
2,1,2025-10-23,3,10,0,0,117
2,1,2025-10-24,4,10,0,0,89
2,1,2025-10-25,5,10,0,0,140
2,1,2025-10-26,6,10,0,0,154
2,1,2025-10-27,0,10,0,0,109
2,1,2025-10-28,1,10,0,0,94
2,1,2025-10-29,2,10,0,0,131
2,1,2025-10-30,3,10,0,0,126
2,1,2025-10-31,4,10,0,0,94
2,1,2025-11-01,5,11,0,0,117
2,1,2025-11-02,6,11,0,0,125
2,1,2025-11-03,0,11,0,0,128
2,1,2025-11-04,1,11,0,0,123
2,1,2025-11-05,2,11,0,0,133
2,1,2025-11-06,3,11,0,1,166
2,1,2025-11-07,4,11,0,0,101
2,1,2025-11-08,5,11,0,0,169
2,1,2025-11-09,6,11,0,0,134
2,1,2025-11-10,0,11,0,1,180
2,1,2025-11-11,1,11,0,0,89
2,1,2025-11-12,2,11,0,0,107
2,1,2025-11-13,3,11,0,0,137
2,1,2025-11-14,4,11,0,0,104
2,1,2025-11-15,5,11,0,0,167
2,1,2025-11-16,6,11,0,0,92
2,1,2025-11-17,0,11,0,0,107
2,1,2025-11-18,1,11,0,0,115
2,1,2025-11-19,2,11,0,0,151
2,1,2025-11-20,3,11,0,0,96
2,1,2025-11-21,4,11,0,0,131
2,1,2025-11-22,5,11,1,0,261
2,1,2025-11-23,6,11,1,0,197
2,1,2025-11-24,0,11,1,0,182
2,1,2025-11-25,1,11,1,0,198
2,1,2025-11-26,2,11,1,0,148
2,1,2025-11-27,3,11,1,0,180
2,1,2025-11-28,4,11,1,0,234
2,1,2025-11-29,5,11,0,0,160
2,1,2025-11-30,6,11,0,0,144
2,1,2025-12-01,0,12,0,0,128
2,1,2025-12-02,1,12,0,0,137
2,1,2025-12-03,2,12,0,0,141
2,1,2025-12-04,3,12,0,0,114
2,1,2025-12-05,4,12,0,0,157
2,1,2025-12-06,5,12,0,0,188
2,1,2025-12-07,6,12,0,0,172
2,1,2025-12-08,0,12,0,0,109
2,1,2025-12-09,1,12,0,0,105
2,1,2025-12-10,2,12,0,0,119
2,1,2025-12-11,3,12,0,0,127
2,1,2025-12-12,4,12,0,1,131
2,1,2025-12-13,5,12,0,0,167
2,1,2025-12-14,6,12,0,0,187
2,1,2025-12-15,0,12,0,0,137
2,1,2025-12-16,1,12,0,0,112
2,1,2025-12-17,2,12,0,0,110
2,1,2025-12-18,3,12,0,0,132
2,1,2025-12-19,4,12,0,0,123
2,1,2025-12-20,5,12,0,0,166
2,1,2025-12-21,6,12,0,0,170
2,1,2025-12-22,0,12,0,0,148
2,1,2025-12-23,1,12,0,0,103
2,1,2025-12-24,2,12,1,0,209
2,1,2025-12-25,3,12,1,0,190
2,1,2025-12-26,4,12,0,1,180
2,1,2025-12-27,5,12,0,0,177
2,1,2025-12-28,6,12,0,0,179
2,1,2025-12-29,0,12,0,0,154
2,1,2025-12-30,1,12,0,0,134
2,1,2025-12-31,2,12,1,0,198
2,1,2026-01-01,3,1,0,0,128
2,1,2026-01-02,4,1,0,0,96
2,1,2026-01-03,5,1,0,0,198
2,1,2026-01-04,6,1,0,0,154
2,1,2026-01-05,0,1,0,0,144
2,1,2026-01-06,1,1,0,0,148
2,1,2026-01-07,2,1,0,0,106
2,1,2026-01-08,3,1,0,0,113
2,1,2026-01-09,4,1,0,1,237
2,1,2026-01-10,5,1,0,0,170
2,1,2026-01-11,6,1,0,0,147
2,1,2026-01-12,0,1,0,0,130
2,1,2026-01-13,1,1,0,1,223
2,1,2026-01-14,2,1,0,0,153
2,1,2026-01-15,3,1,0,0,102
2,1,2026-01-16,4,1,0,0,168
2,1,2026-01-17,5,1,0,0,188
2,1,2026-01-18,6,1,0,0,159
2,1,2026-01-19,0,1,0,0,108
2,1,2026-01-20,1,1,0,0,156
2,1,2026-01-21,2,1,0,0,143
2,1,2026-01-22,3,1,0,0,102
2,1,2026-01-23,4,1,0,0,128
2,1,2026-01-24,5,1,0,0,244
2,1,2026-01-25,6,1,0,0,163
2,1,2026-01-26,0,1,0,0,117
2,1,2026-01-27,1,1,0,0,112
2,1,2026-01-28,2,1,0,0,171
2,1,2026-01-29,3,1,0,0,151
2,1,2026-01-30,4,1,0,0,163
2,1,2026-01-31,5,1,0,0,169
2,1,2026-02-01,6,2,0,0,202
2,1,2026-02-02,0,2,0,0,120
2,1,2026-02-03,1,2,0,1,201
2,1,2026-02-04,2,2,0,0,145
2,1,2026-02-05,3,2,0,0,169
2,1,2026-02-06,4,2,0,0,146
2,1,2026-02-07,5,2,0,0,151
2,1,2026-02-08,6,2,0,0,170
2,1,2026-02-09,0,2,0,1,143
2,1,2026-02-10,1,2,0,0,87
2,1,2026-02-11,2,2,0,0,157
2,1,2026-02-12,3,2,0,0,130
2,1,2026-02-13,4,2,0,0,133
2,1,2026-02-14,5,2,0,0,191
2,1,2026-02-15,6,2,0,0,206
2,1,2026-02-16,0,2,0,0,151
2,1,2026-02-17,1,2,0,0,182
2,1,2026-02-18,2,2,0,0,150
2,1,2026-02-19,3,2,0,1,205
2,1,2026-02-20,4,2,0,0,144
2,1,2026-02-21,5,2,0,0,133
2,1,2026-02-22,6,2,0,0,194
2,1,2026-02-23,0,2,0,0,84
2,1,2026-02-24,1,2,0,0,126
2,1,2026-02-25,2,2,0,0,139
2,1,2026-02-26,3,2,0,0,121
2,1,2026-02-27,4,2,0,0,129
2,1,2026-02-28,5,2,0,0,218
2,1,2026-03-01,6,3,0,0,200
2,1,2026-03-02,0,3,0,0,125
2,1,2026-03-03,1,3,0,0,130
2,1,2026-03-04,2,3,0,0,112
2,1,2026-03-05,3,3,0,0,157
2,1,2026-03-06,4,3,0,0,135
2,1,2026-03-07,5,3,0,0,116
2,1,2026-03-08,6,3,0,0,173
2,1,2026-03-09,0,3,0,0,151
2,1,2026-03-10,1,3,0,0,162
2,1,2026-03-11,2,3,0,0,139
2,1,2026-03-12,3,3,0,0,132
2,1,2026-03-13,4,3,0,0,186
2,1,2026-03-14,5,3,0,0,170
2,1,2026-03-15,6,3,0,0,190
2,1,2026-03-16,0,3,0,1,180
2,1,2026-03-17,1,3,0,1,219
2,1,2026-03-18,2,3,0,0,108
2,1,2026-03-19,3,3,0,0,130
2,1,2026-03-20,4,3,0,0,113
2,1,2026-03-21,5,3,0,0,154
2,1,2026-03-22,6,3,0,0,204
2,1,2026-03-23,0,3,0,0,127
2,1,2026-03-24,1,3,0,0,157
2,1,2026-03-25,2,3,0,0,175
2,1,2026-03-26,3,3,0,0,140
2,1,2026-03-27,4,3,0,0,163
2,1,2026-03-28,5,3,0,0,185
2,1,2026-03-29,6,3,0,0,173
2,1,2026-03-30,0,3,0,0,158
2,1,2026-03-31,1,3,0,0,182
2,1,2026-04-01,2,4,0,0,124
2,1,2026-04-02,3,4,0,0,117
2,1,2026-04-03,4,4,0,0,116
2,1,2026-04-04,5,4,0,0,195
2,1,2026-04-05,6,4,0,0,199
2,1,2026-04-06,0,4,0,0,127
2,1,2026-04-07,1,4,0,0,91
2,1,2026-04-08,2,4,0,0,124
2,1,2026-04-09,3,4,0,0,151
2,1,2026-04-10,4,4,0,0,137
2,1,2026-04-11,5,4,0,0,173
2,1,2026-04-12,6,4,0,0,154
2,1,2026-04-13,0,4,0,0,161
2,1,2026-04-14,1,4,0,0,146
2,1,2026-04-15,2,4,0,0,152
2,1,2026-04-16,3,4,0,0,142
2,1,2026-04-17,4,4,0,0,150
2,1,2026-04-18,5,4,0,0,180
2,1,2026-04-19,6,4,0,0,143
2,1,2026-04-20,0,4,0,0,147
2,1,2026-04-21,1,4,0,0,156
2,1,2026-04-22,2,4,0,0,164
2,1,2026-04-23,3,4,0,0,148
2,1,2026-04-24,4,4,0,1,165
2,1,2026-04-25,5,4,0,0,146
2,1,2026-04-26,6,4,0,0,156
2,1,2026-04-27,0,4,0,1,201
2,1,2026-04-28,1,4,0,0,136
2,1,2026-04-29,2,4,0,0,114
2,1,2026-04-30,3,4,0,0,113
2,1,2026-05-01,4,5,0,0,88
2,1,2026-05-02,5,5,0,0,81
2,1,2026-05-03,6,5,0,0,159
2,1,2026-05-04,0,5,0,0,183
2,1,2026-05-05,1,5,0,0,171
2,1,2026-05-06,2,5,0,0,112
2,1,2026-05-07,3,5,0,0,136
2,1,2026-05-08,4,5,0,0,102
2,1,2026-05-09,5,5,0,0,128
2,1,2026-05-10,6,5,0,0,131
2,1,2026-05-11,0,5,0,0,128
2,1,2026-05-12,1,5,0,0,129
2,1,2026-05-13,2,5,0,0,138
2,1,2026-05-14,3,5,0,0,147
2,1,2026-05-15,4,5,0,0,126
2,1,2026-05-16,5,5,0,0,163
2,1,2026-05-17,6,5,0,0,134
2,1,2026-05-18,0,5,0,0,104
2,1,2026-05-19,1,5,0,0,101
2,1,2026-05-20,2,5,0,0,147
2,1,2026-05-21,3,5,0,1,179
2,1,2026-05-22,4,5,0,0,93
2,1,2026-05-23,5,5,0,0,161
2,1,2026-05-24,6,5,0,0,130
2,1,2026-05-25,0,5,0,0,168
2,1,2026-05-26,1,5,0,0,121
2,1,2026-05-27,2,5,0,0,147
2,1,2026-05-28,3,5,0,0,156
2,1,2026-05-29,4,5,0,0,113
2,1,2026-05-30,5,5,0,0,164
2,1,2026-05-31,6,5,0,0,177
2,1,2026-06-01,0,6,0,0,128
2,1,2026-06-02,1,6,0,0,133
2,1,2026-06-03,2,6,0,0,99
2,1,2026-06-04,3,6,0,0,137
2,1,2026-06-05,4,6,0,0,116
2,1,2026-06-06,5,6,0,0,164
2,1,2026-06-07,6,6,0,0,178
2,1,2026-06-08,0,6,0,0,139
2,1,2026-06-09,1,6,0,0,132
2,1,2026-06-10,2,6,0,0,138
2,1,2026-06-11,3,6,0,0,139
2,1,2026-06-12,4,6,0,0,155
2,1,2026-06-13,5,6,0,0,154
2,1,2026-06-14,6,6,0,0,159
2,1,2026-06-15,0,6,0,0,144
2,1,2026-06-16,1,6,0,0,115
2,1,2026-06-17,2,6,0,0,98
2,1,2026-06-18,3,6,0,0,135
2,1,2026-06-19,4,6,0,0,121
2,1,2026-06-20,5,6,0,0,125
2,1,2026-06-21,6,6,0,0,167
2,1,2026-06-22,0,6,0,0,154
2,1,2026-06-23,1,6,0,0,92
2,1,2026-06-24,2,6,0,0,146
2,1,2026-06-25,3,6,0,0,74
2,1,2026-06-26,4,6,0,0,117
2,1,2026-06-27,5,6,0,0,201
2,1,2026-06-28,6,6,0,0,147
2,1,2026-06-29,0,6,0,0,127
2,1,2026-06-30,1,6,0,0,141
2,1,2026-07-01,2,7,0,1,126
2,1,2026-07-02,3,7,0,0,119
2,1,2026-07-03,4,7,0,0,119
2,1,2026-07-04,5,7,0,1,265
2,1,2026-07-05,6,7,0,0,118
2,1,2026-07-06,0,7,0,0,110
2,1,2026-07-07,1,7,0,0,100
2,1,2026-07-08,2,7,0,0,98
2,1,2026-07-09,3,7,0,0,139
2,1,2026-07-10,4,7,0,0,118
2,1,2026-07-11,5,7,0,0,134
2,1,2026-07-12,6,7,0,0,135
2,1,2026-07-13,0,7,0,0,107
2,1,2026-07-14,1,7,0,0,109
2,1,2026-07-15,2,7,0,0,94
2,1,2026-07-16,3,7,0,0,113
2,1,2026-07-17,4,7,0,0,111
2,1,2026-07-18,5,7,0,0,129
2,1,2026-07-19,6,7,0,0,151
2,1,2026-07-20,0,7,0,0,122
2,1,2026-07-21,1,7,0,0,107
2,1,2026-07-22,2,7,0,0,115
2,1,2026-07-23,3,7,0,0,159
2,1,2026-07-24,4,7,0,0,158
2,1,2026-07-25,5,7,0,0,122
2,1,2026-07-26,6,7,0,0,126
2,1,2026-07-27,0,7,0,0,98
2,1,2026-07-28,1,7,0,0,138
2,1,2026-07-29,2,7,0,0,110
2,1,2026-07-30,3,7,0,0,122
2,1,2026-07-31,4,7,0,0,155
2,1,2026-08-01,5,8,0,0,141
2,1,2026-08-02,6,8,0,0,158
2,1,2026-08-03,0,8,0,0,121
2,1,2026-08-04,1,8,0,0,102
2,1,2026-08-05,2,8,0,0,131
2,1,2026-08-06,3,8,0,0,97
2,1,2026-08-07,4,8,0,0,136
2,1,2026-08-08,5,8,0,0,128
2,1,2026-08-09,6,8,0,0,131
2,1,2026-08-10,0,8,0,0,92
2,1,2026-08-11,1,8,0,0,95
2,1,2026-08-12,2,8,0,0,104
2,1,2026-08-13,3,8,0,0,68
2,1,2026-08-14,4,8,0,1,163
2,1,2026-08-15,5,8,0,0,130
2,1,2026-08-16,6,8,0,0,160
2,1,2026-08-17,0,8,0,1,180
2,1,2026-08-18,1,8,0,0,99
2,1,2026-08-19,2,8,0,0,104
2,1,2026-08-20,3,8,0,0,108
2,1,2026-08-21,4,8,0,0,139
2,1,2026-08-22,5,8,0,0,123
2,1,2026-08-23,6,8,0,0,125
2,1,2026-08-24,0,8,0,0,92
2,1,2026-08-25,1,8,0,0,85
2,1,2026-08-26,2,8,0,0,118
2,1,2026-08-27,3,8,0,0,116
2,1,2026-08-28,4,8,0,0,135
2,1,2026-08-29,5,8,0,0,165
2,1,2026-08-30,6,8,0,0,196
2,1,2026-08-31,0,8,0,0,111
2,2,2024-09-01,6,9,0,0,87
2,2,2024-09-02,0,9,0,0,66
2,2,2024-09-03,1,9,0,0,71
2,2,2024-09-04,2,9,0,1,122
2,2,2024-09-05,3,9,0,0,65
2,2,2024-09-06,4,9,0,0,73
2,2,2024-09-07,5,9,0,0,94
2,2,2024-09-08,6,9,0,0,78
2,2,2024-09-09,0,9,0,0,82
2,2,2024-09-10,1,9,0,0,73
2,2,2024-09-11,2,9,0,0,71
2,2,2024-09-12,3,9,0,0,55
2,2,2024-09-13,4,9,0,0,69
2,2,2024-09-14,5,9,0,0,91
2,2,2024-09-15,6,9,0,0,105
2,2,2024-09-16,0,9,0,0,78
2,2,2024-09-17,1,9,0,0,83
2,2,2024-09-18,2,9,0,0,62
2,2,2024-09-19,3,9,0,0,71
2,2,2024-09-20,4,9,0,0,83
2,2,2024-09-21,5,9,0,0,77
2,2,2024-09-22,6,9,0,0,97
2,2,2024-09-23,0,9,0,0,79
2,2,2024-09-24,1,9,0,0,75
2,2,2024-09-25,2,9,0,0,70
2,2,2024-09-26,3,9,0,0,64
2,2,2024-09-27,4,9,0,0,88
2,2,2024-09-28,5,9,0,0,93
2,2,2024-09-29,6,9,0,1,129
2,2,2024-09-30,0,9,0,0,69
2,2,2024-10-01,1,10,0,0,74
2,2,2024-10-02,2,10,0,0,75
2,2,2024-10-03,3,10,0,0,77
2,2,2024-10-04,4,10,0,0,80
2,2,2024-10-05,5,10,0,0,80
2,2,2024-10-06,6,10,0,0,72
2,2,2024-10-07,0,10,0,0,75
2,2,2024-10-08,1,10,0,0,58
2,2,2024-10-09,2,10,0,0,71
2,2,2024-10-10,3,10,0,0,69
2,2,2024-10-11,4,10,0,0,78
2,2,2024-10-12,5,10,0,0,109
2,2,2024-10-13,6,10,0,0,67
2,2,2024-10-14,0,10,0,0,94
2,2,2024-10-15,1,10,0,0,72
2,2,2024-10-16,2,10,0,0,77
2,2,2024-10-17,3,10,0,0,61
2,2,2024-10-18,4,10,0,0,83
2,2,2024-10-19,5,10,0,0,88
2,2,2024-10-20,6,10,0,0,87
2,2,2024-10-21,0,10,0,0,56
2,2,2024-10-22,1,10,0,0,74
2,2,2024-10-23,2,10,0,0,81
2,2,2024-10-24,3,10,0,0,72
2,2,2024-10-25,4,10,0,1,127
2,2,2024-10-26,5,10,0,0,100
2,2,2024-10-27,6,10,0,0,81
2,2,2024-10-28,0,10,0,0,88
2,2,2024-10-29,1,10,0,1,112
2,2,2024-10-30,2,10,0,0,74
2,2,2024-10-31,3,10,0,1,112
2,2,2024-11-01,4,11,0,0,78
2,2,2024-11-02,5,11,0,0,62
2,2,2024-11-03,6,11,0,0,89
2,2,2024-11-04,0,11,0,0,64
2,2,2024-11-05,1,11,0,0,93
2,2,2024-11-06,2,11,0,0,92
2,2,2024-11-07,3,11,0,0,86
2,2,2024-11-08,4,11,0,0,75
2,2,2024-11-09,5,11,0,0,80
2,2,2024-11-10,6,11,0,0,84
2,2,2024-11-11,0,11,0,0,96
2,2,2024-11-12,1,11,0,0,71
2,2,2024-11-13,2,11,0,0,55
2,2,2024-11-14,3,11,0,0,87
2,2,2024-11-15,4,11,0,0,92
2,2,2024-11-16,5,11,0,0,110
2,2,2024-11-17,6,11,0,0,103
2,2,2024-11-18,0,11,0,0,89
2,2,2024-11-19,1,11,0,0,78
2,2,2024-11-20,2,11,0,0,58
2,2,2024-11-21,3,11,0,0,78
2,2,2024-11-22,4,11,1,0,137
2,2,2024-11-23,5,11,1,0,139
2,2,2024-11-24,6,11,1,0,138
2,2,2024-11-25,0,11,1,0,112
2,2,2024-11-26,1,11,1,0,111
2,2,2024-11-27,2,11,1,0,155
2,2,2024-11-28,3,11,1,0,156
2,2,2024-11-29,4,11,0,0,77
2,2,2024-11-30,5,11,0,0,95
2,2,2024-12-01,6,12,0,0,85
2,2,2024-12-02,0,12,0,0,89
2,2,2024-12-03,1,12,0,1,145
2,2,2024-12-04,2,12,0,0,67
2,2,2024-12-05,3,12,0,0,87
2,2,2024-12-06,4,12,0,0,88
2,2,2024-12-07,5,12,0,0,103
2,2,2024-12-08,6,12,0,0,116
2,2,2024-12-09,0,12,0,0,103
2,2,2024-12-10,1,12,0,0,80
2,2,2024-12-11,2,12,0,0,89
2,2,2024-12-12,3,12,0,0,83
2,2,2024-12-13,4,12,0,0,76
2,2,2024-12-14,5,12,0,0,100
2,2,2024-12-15,6,12,0,0,104
2,2,2024-12-16,0,12,0,0,85
2,2,2024-12-17,1,12,0,0,73
2,2,2024-12-18,2,12,0,1,113
2,2,2024-12-19,3,12,0,0,78
2,2,2024-12-20,4,12,0,0,74
2,2,2024-12-21,5,12,0,1,139
2,2,2024-12-22,6,12,0,0,101
2,2,2024-12-23,0,12,0,0,92
2,2,2024-12-24,1,12,1,1,151
2,2,2024-12-25,2,12,1,0,122
2,2,2024-12-26,3,12,0,0,98
2,2,2024-12-27,4,12,0,0,81
2,2,2024-12-28,5,12,0,0,97
2,2,2024-12-29,6,12,0,0,94
2,2,2024-12-30,0,12,0,0,94
2,2,2024-12-31,1,12,1,0,151
2,2,2025-01-01,2,1,0,0,99
2,2,2025-01-02,3,1,0,0,88
2,2,2025-01-03,4,1,0,0,78
2,2,2025-01-04,5,1,0,0,125
2,2,2025-01-05,6,1,0,0,112
2,2,2025-01-06,0,1,0,0,82
2,2,2025-01-07,1,1,0,0,102
2,2,2025-01-08,2,1,0,0,82
2,2,2025-01-09,3,1,0,0,102
2,2,2025-01-10,4,1,0,1,147
2,2,2025-01-11,5,1,0,0,90
2,2,2025-01-12,6,1,0,0,109
2,2,2025-01-13,0,1,0,0,96
2,2,2025-01-14,1,1,0,0,115
2,2,2025-01-15,2,1,0,0,79
2,2,2025-01-16,3,1,0,0,103
2,2,2025-01-17,4,1,0,0,87
2,2,2025-01-18,5,1,0,0,86
2,2,2025-01-19,6,1,0,0,100
2,2,2025-01-20,0,1,0,0,87
2,2,2025-01-21,1,1,0,0,76
2,2,2025-01-22,2,1,0,0,91
2,2,2025-01-23,3,1,0,0,97
2,2,2025-01-24,4,1,0,0,90
2,2,2025-01-25,5,1,0,0,95
2,2,2025-01-26,6,1,0,0,100
2,2,2025-01-27,0,1,0,0,87
2,2,2025-01-28,1,1,0,0,90
2,2,2025-01-29,2,1,0,0,99
2,2,2025-01-30,3,1,0,0,90
2,2,2025-01-31,4,1,0,0,72
2,2,2025-02-01,5,2,0,0,98
2,2,2025-02-02,6,2,0,0,107
2,2,2025-02-03,0,2,0,0,103
2,2,2025-02-04,1,2,0,0,105
2,2,2025-02-05,2,2,0,0,111
2,2,2025-02-06,3,2,0,0,92
2,2,2025-02-07,4,2,0,1,140
2,2,2025-02-08,5,2,0,0,86
2,2,2025-02-09,6,2,0,0,111
2,2,2025-02-10,0,2,0,0,79
2,2,2025-02-11,1,2,0,0,90
2,2,2025-02-12,2,2,0,0,125
2,2,2025-02-13,3,2,0,0,94
2,2,2025-02-14,4,2,0,0,81
2,2,2025-02-15,5,2,0,1,149
2,2,2025-02-16,6,2,0,0,98
2,2,2025-02-17,0,2,0,0,80
2,2,2025-02-18,1,2,0,1,161
2,2,2025-02-19,2,2,0,0,103
2,2,2025-02-20,3,2,0,0,95
2,2,2025-02-21,4,2,0,1,122
2,2,2025-02-22,5,2,0,0,101
2,2,2025-02-23,6,2,0,0,125
2,2,2025-02-24,0,2,0,0,94
2,2,2025-02-25,1,2,0,0,57
2,2,2025-02-26,2,2,0,0,118
2,2,2025-02-27,3,2,0,0,93
2,2,2025-02-28,4,2,0,0,95
2,2,2025-03-01,5,3,0,0,120
2,2,2025-03-02,6,3,0,0,112
2,2,2025-03-03,0,3,0,0,101
2,2,2025-03-04,1,3,0,0,87
2,2,2025-03-05,2,3,0,0,78
2,2,2025-03-06,3,3,0,0,95
2,2,2025-03-07,4,3,0,0,108
2,2,2025-03-08,5,3,0,0,98
2,2,2025-03-09,6,3,0,0,97
2,2,2025-03-10,0,3,0,0,106
2,2,2025-03-11,1,3,0,0,87
2,2,2025-03-12,2,3,0,0,88
2,2,2025-03-13,3,3,0,0,88
2,2,2025-03-14,4,3,0,0,91
2,2,2025-03-15,5,3,0,0,86
2,2,2025-03-16,6,3,0,0,99
2,2,2025-03-17,0,3,0,1,133
2,2,2025-03-18,1,3,0,0,95
2,2,2025-03-19,2,3,0,0,105
2,2,2025-03-20,3,3,0,0,113
2,2,2025-03-21,4,3,0,0,109
2,2,2025-03-22,5,3,0,0,118
2,2,2025-03-23,6,3,0,0,104
2,2,2025-03-24,0,3,0,1,119
2,2,2025-03-25,1,3,0,0,92
2,2,2025-03-26,2,3,0,0,99
2,2,2025-03-27,3,3,0,0,101
2,2,2025-03-28,4,3,0,1,139
2,2,2025-03-29,5,3,0,0,105
2,2,2025-03-30,6,3,0,0,116
2,2,2025-03-31,0,3,0,0,106
2,2,2025-04-01,1,4,0,0,101
2,2,2025-04-02,2,4,0,0,90
2,2,2025-04-03,3,4,0,0,82
2,2,2025-04-04,4,4,0,0,81
2,2,2025-04-05,5,4,0,0,96
2,2,2025-04-06,6,4,0,0,108
2,2,2025-04-07,0,4,0,0,97
2,2,2025-04-08,1,4,0,0,75
2,2,2025-04-09,2,4,0,0,85
2,2,2025-04-10,3,4,0,0,93
2,2,2025-04-11,4,4,0,0,81
2,2,2025-04-12,5,4,0,0,110
2,2,2025-04-13,6,4,0,1,137
2,2,2025-04-14,0,4,0,1,117
2,2,2025-04-15,1,4,0,0,91
2,2,2025-04-16,2,4,0,0,95
2,2,2025-04-17,3,4,0,0,81
2,2,2025-04-18,4,4,0,0,88
2,2,2025-04-19,5,4,0,0,111
2,2,2025-04-20,6,4,0,0,95
2,2,2025-04-21,0,4,0,0,72
2,2,2025-04-22,1,4,0,0,74
2,2,2025-04-23,2,4,0,0,86
2,2,2025-04-24,3,4,0,0,76
2,2,2025-04-25,4,4,0,0,87
2,2,2025-04-26,5,4,0,0,126
2,2,2025-04-27,6,4,0,0,87
2,2,2025-04-28,0,4,0,0,88
2,2,2025-04-29,1,4,0,0,114
2,2,2025-04-30,2,4,0,0,95
2,2,2025-05-01,3,5,0,0,83
2,2,2025-05-02,4,5,0,0,85
2,2,2025-05-03,5,5,0,0,107
2,2,2025-05-04,6,5,0,0,122
2,2,2025-05-05,0,5,0,0,81
2,2,2025-05-06,1,5,0,0,79
2,2,2025-05-07,2,5,0,0,72
2,2,2025-05-08,3,5,0,0,88
2,2,2025-05-09,4,5,0,0,72
2,2,2025-05-10,5,5,0,0,96
2,2,2025-05-11,6,5,0,1,123
2,2,2025-05-12,0,5,0,0,99
2,2,2025-05-13,1,5,0,0,82
2,2,2025-05-14,2,5,0,0,91
2,2,2025-05-15,3,5,0,1,100
2,2,2025-05-16,4,5,0,0,89
2,2,2025-05-17,5,5,0,0,86
2,2,2025-05-18,6,5,0,0,96
2,2,2025-05-19,0,5,0,0,111
2,2,2025-05-20,1,5,0,0,97
2,2,2025-05-21,2,5,0,0,86
2,2,2025-05-22,3,5,0,0,121
2,2,2025-05-23,4,5,0,0,77
2,2,2025-05-24,5,5,0,0,116
2,2,2025-05-25,6,5,0,0,82
2,2,2025-05-26,0,5,0,0,85
2,2,2025-05-27,1,5,0,0,73
2,2,2025-05-28,2,5,0,0,90
2,2,2025-05-29,3,5,0,0,88
2,2,2025-05-30,4,5,0,0,84
2,2,2025-05-31,5,5,0,0,115
2,2,2025-06-01,6,6,0,0,90
2,2,2025-06-02,0,6,0,0,85
2,2,2025-06-03,1,6,0,0,90
2,2,2025-06-04,2,6,0,0,67
2,2,2025-06-05,3,6,0,0,75
2,2,2025-06-06,4,6,0,0,83
2,2,2025-06-07,5,6,0,0,104
2,2,2025-06-08,6,6,0,0,113
2,2,2025-06-09,0,6,0,0,80
2,2,2025-06-10,1,6,0,0,79
2,2,2025-06-11,2,6,0,0,73
2,2,2025-06-12,3,6,0,0,85
2,2,2025-06-13,4,6,0,0,79
2,2,2025-06-14,5,6,0,0,93
2,2,2025-06-15,6,6,0,0,95
2,2,2025-06-16,0,6,0,0,88
2,2,2025-06-17,1,6,0,0,76
2,2,2025-06-18,2,6,0,0,74
2,2,2025-06-19,3,6,0,0,86
2,2,2025-06-20,4,6,0,1,75
2,2,2025-06-21,5,6,0,0,89
2,2,2025-06-22,6,6,0,0,83
2,2,2025-06-23,0,6,0,0,94
2,2,2025-06-24,1,6,0,0,78
2,2,2025-06-25,2,6,0,0,76
2,2,2025-06-26,3,6,0,0,82
2,2,2025-06-27,4,6,0,0,76
2,2,2025-06-28,5,6,0,0,92
2,2,2025-06-29,6,6,0,0,97
2,2,2025-06-30,0,6,0,0,78
2,2,2025-07-01,1,7,0,0,73
2,2,2025-07-02,2,7,0,0,68
2,2,2025-07-03,3,7,0,0,66
2,2,2025-07-04,4,7,0,0,78
2,2,2025-07-05,5,7,0,0,95
2,2,2025-07-06,6,7,0,1,106
2,2,2025-07-07,0,7,0,0,84
2,2,2025-07-08,1,7,0,0,84
2,2,2025-07-09,2,7,0,0,86
2,2,2025-07-10,3,7,0,0,80
2,2,2025-07-11,4,7,0,0,83
2,2,2025-07-12,5,7,0,0,116
2,2,2025-07-13,6,7,0,0,88
2,2,2025-07-14,0,7,0,0,67
2,2,2025-07-15,1,7,0,0,63
2,2,2025-07-16,2,7,0,0,94
2,2,2025-07-17,3,7,0,0,94
2,2,2025-07-18,4,7,0,0,68
2,2,2025-07-19,5,7,0,0,83
2,2,2025-07-20,6,7,0,0,88
2,2,2025-07-21,0,7,0,0,89
2,2,2025-07-22,1,7,0,0,65
2,2,2025-07-23,2,7,0,0,59
2,2,2025-07-24,3,7,0,0,98
2,2,2025-07-25,4,7,0,0,80
2,2,2025-07-26,5,7,0,0,96
2,2,2025-07-27,6,7,0,0,89
2,2,2025-07-28,0,7,0,0,82
2,2,2025-07-29,1,7,0,0,63
2,2,2025-07-30,2,7,0,0,69
2,2,2025-07-31,3,7,0,0,78
2,2,2025-08-01,4,8,0,0,53
2,2,2025-08-02,5,8,0,0,84
2,2,2025-08-03,6,8,0,0,84
2,2,2025-08-04,0,8,0,0,71
2,2,2025-08-05,1,8,0,0,69
2,2,2025-08-06,2,8,0,0,65
2,2,2025-08-07,3,8,0,0,57
2,2,2025-08-08,4,8,0,0,75
2,2,2025-08-09,5,8,0,0,84
2,2,2025-08-10,6,8,0,0,73
2,2,2025-08-11,0,8,0,1,111
2,2,2025-08-12,1,8,0,0,71
2,2,2025-08-13,2,8,0,0,69
2,2,2025-08-14,3,8,0,0,54
2,2,2025-08-15,4,8,0,0,80
2,2,2025-08-16,5,8,0,1,106
2,2,2025-08-17,6,8,0,0,88
2,2,2025-08-18,0,8,0,0,66
2,2,2025-08-19,1,8,0,0,70
2,2,2025-08-20,2,8,0,0,84
2,2,2025-08-21,3,8,0,0,78
2,2,2025-08-22,4,8,0,0,84
2,2,2025-08-23,5,8,0,0,91
2,2,2025-08-24,6,8,0,0,92
2,2,2025-08-25,0,8,0,0,57
2,2,2025-08-26,1,8,0,0,71
2,2,2025-08-27,2,8,0,0,71
2,2,2025-08-28,3,8,0,0,85
2,2,2025-08-29,4,8,0,0,69
2,2,2025-08-30,5,8,0,0,90
2,2,2025-08-31,6,8,0,0,90
2,2,2025-09-01,0,9,0,0,82
2,2,2025-09-02,1,9,0,0,71
2,2,2025-09-03,2,9,0,0,79
2,2,2025-09-04,3,9,0,0,57
2,2,2025-09-05,4,9,0,0,58
2,2,2025-09-06,5,9,0,0,62
2,2,2025-09-07,6,9,0,0,95
2,2,2025-09-08,0,9,0,0,78
2,2,2025-09-09,1,9,0,0,80
2,2,2025-09-10,2,9,0,0,66
2,2,2025-09-11,3,9,0,0,67
2,2,2025-09-12,4,9,0,0,71
2,2,2025-09-13,5,9,0,0,102
2,2,2025-09-14,6,9,0,0,104
2,2,2025-09-15,0,9,0,0,79
2,2,2025-09-16,1,9,0,0,75
2,2,2025-09-17,2,9,0,0,84
2,2,2025-09-18,3,9,0,0,70
2,2,2025-09-19,4,9,0,0,69
2,2,2025-09-20,5,9,0,0,85
2,2,2025-09-21,6,9,0,0,76
2,2,2025-09-22,0,9,0,1,107
2,2,2025-09-23,1,9,0,0,62
2,2,2025-09-24,2,9,0,0,81
2,2,2025-09-25,3,9,0,0,77
2,2,2025-09-26,4,9,0,0,85
2,2,2025-09-27,5,9,0,0,69
2,2,2025-09-28,6,9,0,0,106
2,2,2025-09-29,0,9,0,0,58
2,2,2025-09-30,1,9,0,0,62
2,2,2025-10-01,2,10,0,0,68
2,2,2025-10-02,3,10,0,0,85
2,2,2025-10-03,4,10,0,0,76
2,2,2025-10-04,5,10,0,0,85
2,2,2025-10-05,6,10,0,0,79
2,2,2025-10-06,0,10,0,0,61
2,2,2025-10-07,1,10,0,0,84
2,2,2025-10-08,2,10,0,0,81
2,2,2025-10-09,3,10,0,0,86
2,2,2025-10-10,4,10,0,1,116
2,2,2025-10-11,5,10,0,0,59
2,2,2025-10-12,6,10,0,0,74
2,2,2025-10-13,0,10,0,0,78
2,2,2025-10-14,1,10,0,0,70
2,2,2025-10-15,2,10,0,0,68
2,2,2025-10-16,3,10,0,0,64
2,2,2025-10-17,4,10,0,0,82
2,2,2025-10-18,5,10,0,0,92
2,2,2025-10-19,6,10,0,0,93
2,2,2025-10-20,0,10,0,0,68
2,2,2025-10-21,1,10,0,0,75
2,2,2025-10-22,2,10,0,0,61
2,2,2025-10-23,3,10,0,0,72
2,2,2025-10-24,4,10,0,0,51
2,2,2025-10-25,5,10,0,0,71
2,2,2025-10-26,6,10,0,0,84
2,2,2025-10-27,0,10,0,0,95
2,2,2025-10-28,1,10,0,0,57
2,2,2025-10-29,2,10,0,0,62
2,2,2025-10-30,3,10,0,0,75
2,2,2025-10-31,4,10,0,0,89
2,2,2025-11-01,5,11,0,0,93
2,2,2025-11-02,6,11,0,0,99
2,2,2025-11-03,0,11,0,0,74
2,2,2025-11-04,1,11,0,0,72
2,2,2025-11-05,2,11,0,0,78
2,2,2025-11-06,3,11,0,0,71
2,2,2025-11-07,4,11,0,0,84
2,2,2025-11-08,5,11,0,0,73
2,2,2025-11-09,6,11,0,0,101
2,2,2025-11-10,0,11,0,0,77
2,2,2025-11-11,1,11,0,0,75
2,2,2025-11-12,2,11,0,0,62
2,2,2025-11-13,3,11,0,0,68
2,2,2025-11-14,4,11,0,0,88
2,2,2025-11-15,5,11,0,0,89
2,2,2025-11-16,6,11,0,0,94
2,2,2025-11-17,0,11,0,0,69
2,2,2025-11-18,1,11,0,0,77
2,2,2025-11-19,2,11,0,0,64
2,2,2025-11-20,3,11,0,1,116
2,2,2025-11-21,4,11,0,0,81
2,2,2025-11-22,5,11,1,0,146
2,2,2025-11-23,6,11,1,0,125
2,2,2025-11-24,0,11,1,1,157
2,2,2025-11-25,1,11,1,0,135
2,2,2025-11-26,2,11,1,0,123
2,2,2025-11-27,3,11,1,0,122
2,2,2025-11-28,4,11,1,0,156
2,2,2025-11-29,5,11,0,0,81
2,2,2025-11-30,6,11,0,0,103
2,2,2025-12-01,0,12,0,0,70
2,2,2025-12-02,1,12,0,0,89
2,2,2025-12-03,2,12,0,0,89
2,2,2025-12-04,3,12,0,0,77
2,2,2025-12-05,4,12,0,0,70
2,2,2025-12-06,5,12,0,0,73
2,2,2025-12-07,6,12,0,0,89
2,2,2025-12-08,0,12,0,0,87
2,2,2025-12-09,1,12,0,0,71
2,2,2025-12-10,2,12,0,0,83
2,2,2025-12-11,3,12,0,0,67
2,2,2025-12-12,4,12,0,1,116
2,2,2025-12-13,5,12,0,0,83
2,2,2025-12-14,6,12,0,0,95
2,2,2025-12-15,0,12,0,0,77
2,2,2025-12-16,1,12,0,0,70
2,2,2025-12-17,2,12,0,0,75
2,2,2025-12-18,3,12,0,0,73
2,2,2025-12-19,4,12,0,0,69
2,2,2025-12-20,5,12,0,0,109
2,2,2025-12-21,6,12,0,1,127
2,2,2025-12-22,0,12,0,0,60
2,2,2025-12-23,1,12,0,0,76
2,2,2025-12-24,2,12,1,0,146
2,2,2025-12-25,3,12,1,0,119
2,2,2025-12-26,4,12,0,0,97
2,2,2025-12-27,5,12,0,0,86
2,2,2025-12-28,6,12,0,0,102
2,2,2025-12-29,0,12,0,0,92
2,2,2025-12-30,1,12,0,0,86
2,2,2025-12-31,2,12,1,0,109
2,2,2026-01-01,3,1,0,0,77
2,2,2026-01-02,4,1,0,0,99
2,2,2026-01-03,5,1,0,0,91
2,2,2026-01-04,6,1,0,0,113
2,2,2026-01-05,0,1,0,0,82
2,2,2026-01-06,1,1,0,0,88
2,2,2026-01-07,2,1,0,0,72
2,2,2026-01-08,3,1,0,0,80
2,2,2026-01-09,4,1,0,0,78
2,2,2026-01-10,5,1,0,0,104
2,2,2026-01-11,6,1,0,0,102
2,2,2026-01-12,0,1,0,0,92
2,2,2026-01-13,1,1,0,0,82
2,2,2026-01-14,2,1,0,0,77
2,2,2026-01-15,3,1,0,0,89
2,2,2026-01-16,4,1,0,0,76
2,2,2026-01-17,5,1,0,0,114
2,2,2026-01-18,6,1,0,0,100
2,2,2026-01-19,0,1,0,0,83
2,2,2026-01-20,1,1,0,0,92
2,2,2026-01-21,2,1,0,0,86
2,2,2026-01-22,3,1,0,0,69
2,2,2026-01-23,4,1,0,0,76
2,2,2026-01-24,5,1,0,0,114
2,2,2026-01-25,6,1,0,0,102
2,2,2026-01-26,0,1,0,0,69
2,2,2026-01-27,1,1,0,0,91
2,2,2026-01-28,2,1,0,0,81
2,2,2026-01-29,3,1,0,0,78
2,2,2026-01-30,4,1,0,0,75
2,2,2026-01-31,5,1,0,0,113
2,2,2026-02-01,6,2,0,0,79
2,2,2026-02-02,0,2,0,0,81
2,2,2026-02-03,1,2,0,0,92
2,2,2026-02-04,2,2,0,0,108
2,2,2026-02-05,3,2,0,0,97
2,2,2026-02-06,4,2,0,0,81
2,2,2026-02-07,5,2,0,0,124
2,2,2026-02-08,6,2,0,0,87
2,2,2026-02-09,0,2,0,0,93
2,2,2026-02-10,1,2,0,0,96
2,2,2026-02-11,2,2,0,0,81
2,2,2026-02-12,3,2,0,0,98
2,2,2026-02-13,4,2,0,0,85
2,2,2026-02-14,5,2,0,0,114
2,2,2026-02-15,6,2,0,0,81
2,2,2026-02-16,0,2,0,0,94
2,2,2026-02-17,1,2,0,0,86
2,2,2026-02-18,2,2,0,0,103
2,2,2026-02-19,3,2,0,0,90
2,2,2026-02-20,4,2,0,0,104
2,2,2026-02-21,5,2,0,0,111
2,2,2026-02-22,6,2,0,0,103
2,2,2026-02-23,0,2,0,0,99
2,2,2026-02-24,1,2,0,0,99
2,2,2026-02-25,2,2,0,0,96
2,2,2026-02-26,3,2,0,0,65
2,2,2026-02-27,4,2,0,0,80
2,2,2026-02-28,5,2,0,0,122
2,2,2026-03-01,6,3,0,0,90
2,2,2026-03-02,0,3,0,0,102
2,2,2026-03-03,1,3,0,0,100
2,2,2026-03-04,2,3,0,0,84
2,2,2026-03-05,3,3,0,0,69
2,2,2026-03-06,4,3,0,0,85
2,2,2026-03-07,5,3,0,0,133
2,2,2026-03-08,6,3,0,0,95
2,2,2026-03-09,0,3,0,0,83
2,2,2026-03-10,1,3,0,0,81
2,2,2026-03-11,2,3,0,0,105
2,2,2026-03-12,3,3,0,0,89
2,2,2026-03-13,4,3,0,0,85
2,2,2026-03-14,5,3,0,0,124
2,2,2026-03-15,6,3,0,0,113
2,2,2026-03-16,0,3,0,0,81
2,2,2026-03-17,1,3,0,0,78
2,2,2026-03-18,2,3,0,0,105
2,2,2026-03-19,3,3,0,0,92
2,2,2026-03-20,4,3,0,0,74
2,2,2026-03-21,5,3,0,0,83
2,2,2026-03-22,6,3,0,0,91
2,2,2026-03-23,0,3,0,1,109
2,2,2026-03-24,1,3,0,1,97
2,2,2026-03-25,2,3,0,0,79
2,2,2026-03-26,3,3,0,0,81
2,2,2026-03-27,4,3,0,0,87
2,2,2026-03-28,5,3,0,0,128
2,2,2026-03-29,6,3,0,0,102
2,2,2026-03-30,0,3,0,0,90
2,2,2026-03-31,1,3,0,0,97
2,2,2026-04-01,2,4,0,0,88
2,2,2026-04-02,3,4,0,0,95
2,2,2026-04-03,4,4,0,0,94
2,2,2026-04-04,5,4,0,0,106
2,2,2026-04-05,6,4,0,0,140
2,2,2026-04-06,0,4,0,0,101
2,2,2026-04-07,1,4,0,0,78
2,2,2026-04-08,2,4,0,0,95
2,2,2026-04-09,3,4,0,0,82
2,2,2026-04-10,4,4,0,0,95
2,2,2026-04-11,5,4,0,0,87
2,2,2026-04-12,6,4,0,0,90
2,2,2026-04-13,0,4,0,0,94
2,2,2026-04-14,1,4,0,0,101
2,2,2026-04-15,2,4,0,0,96
2,2,2026-04-16,3,4,0,0,100
2,2,2026-04-17,4,4,0,0,95
2,2,2026-04-18,5,4,0,0,107
2,2,2026-04-19,6,4,0,0,98
2,2,2026-04-20,0,4,0,0,99
2,2,2026-04-21,1,4,0,0,102
2,2,2026-04-22,2,4,0,0,90
2,2,2026-04-23,3,4,0,0,89
2,2,2026-04-24,4,4,0,0,108
2,2,2026-04-25,5,4,0,0,104
2,2,2026-04-26,6,4,0,1,143
2,2,2026-04-27,0,4,0,0,96
2,2,2026-04-28,1,4,0,0,89
2,2,2026-04-29,2,4,0,0,81
2,2,2026-04-30,3,4,0,0,95
2,2,2026-05-01,4,5,0,0,86
2,2,2026-05-02,5,5,0,0,124
2,2,2026-05-03,6,5,0,0,111
2,2,2026-05-04,0,5,0,0,80
2,2,2026-05-05,1,5,0,0,95
2,2,2026-05-06,2,5,0,0,90
2,2,2026-05-07,3,5,0,0,101
2,2,2026-05-08,4,5,0,0,81
2,2,2026-05-09,5,5,0,0,103
2,2,2026-05-10,6,5,0,0,100
2,2,2026-05-11,0,5,0,0,87
2,2,2026-05-12,1,5,0,0,77
2,2,2026-05-13,2,5,0,0,93
2,2,2026-05-14,3,5,0,0,91
2,2,2026-05-15,4,5,0,0,100
2,2,2026-05-16,5,5,0,0,101
2,2,2026-05-17,6,5,0,0,96
2,2,2026-05-18,0,5,0,0,95
2,2,2026-05-19,1,5,0,0,78
2,2,2026-05-20,2,5,0,0,98
2,2,2026-05-21,3,5,0,0,98
2,2,2026-05-22,4,5,0,0,100
2,2,2026-05-23,5,5,0,0,106
2,2,2026-05-24,6,5,0,0,95
2,2,2026-05-25,0,5,0,1,126
2,2,2026-05-26,1,5,0,0,91
2,2,2026-05-27,2,5,0,0,81
2,2,2026-05-28,3,5,0,0,101
2,2,2026-05-29,4,5,0,0,93
2,2,2026-05-30,5,5,0,0,90
2,2,2026-05-31,6,5,0,0,124
2,2,2026-06-01,0,6,0,0,83
2,2,2026-06-02,1,6,0,0,71
2,2,2026-06-03,2,6,0,0,73
2,2,2026-06-04,3,6,0,0,97
2,2,2026-06-05,4,6,0,0,100
2,2,2026-06-06,5,6,0,0,108
2,2,2026-06-07,6,6,0,0,111
2,2,2026-06-08,0,6,0,0,94
2,2,2026-06-09,1,6,0,0,87
2,2,2026-06-10,2,6,0,0,85
2,2,2026-06-11,3,6,0,0,87
2,2,2026-06-12,4,6,0,0,89
2,2,2026-06-13,5,6,0,0,87
2,2,2026-06-14,6,6,0,0,105
2,2,2026-06-15,0,6,0,0,96
2,2,2026-06-16,1,6,0,0,80
2,2,2026-06-17,2,6,0,0,79
2,2,2026-06-18,3,6,0,0,87
2,2,2026-06-19,4,6,0,0,75
2,2,2026-06-20,5,6,0,0,80
2,2,2026-06-21,6,6,0,0,109
2,2,2026-06-22,0,6,0,0,77
2,2,2026-06-23,1,6,0,1,119
2,2,2026-06-24,2,6,0,0,76
2,2,2026-06-25,3,6,0,0,95
2,2,2026-06-26,4,6,0,0,90
2,2,2026-06-27,5,6,0,0,93
2,2,2026-06-28,6,6,0,0,82
2,2,2026-06-29,0,6,0,0,78
2,2,2026-06-30,1,6,0,0,87
2,2,2026-07-01,2,7,0,0,79
2,2,2026-07-02,3,7,0,0,78
2,2,2026-07-03,4,7,0,0,79
2,2,2026-07-04,5,7,0,0,99
2,2,2026-07-05,6,7,0,0,90
2,2,2026-07-06,0,7,0,0,81
2,2,2026-07-07,1,7,0,1,100
2,2,2026-07-08,2,7,0,0,101
2,2,2026-07-09,3,7,0,1,110
2,2,2026-07-10,4,7,0,1,117
2,2,2026-07-11,5,7,0,0,97
2,2,2026-07-12,6,7,0,0,86
2,2,2026-07-13,0,7,0,0,77
2,2,2026-07-14,1,7,0,0,77
2,2,2026-07-15,2,7,0,0,68
2,2,2026-07-16,3,7,0,0,81
2,2,2026-07-17,4,7,0,0,61
2,2,2026-07-18,5,7,0,0,110
2,2,2026-07-19,6,7,0,0,100
2,2,2026-07-20,0,7,0,0,83
2,2,2026-07-21,1,7,0,0,60
2,2,2026-07-22,2,7,0,0,69
2,2,2026-07-23,3,7,0,0,90
2,2,2026-07-24,4,7,0,0,116
2,2,2026-07-25,5,7,0,0,104
2,2,2026-07-26,6,7,0,0,102
2,2,2026-07-27,0,7,0,0,82
2,2,2026-07-28,1,7,0,1,102
2,2,2026-07-29,2,7,0,0,86
2,2,2026-07-30,3,7,0,0,66
2,2,2026-07-31,4,7,0,0,65
2,2,2026-08-01,5,8,0,0,74
2,2,2026-08-02,6,8,0,0,98
2,2,2026-08-03,0,8,0,0,73
2,2,2026-08-04,1,8,0,0,74
2,2,2026-08-05,2,8,0,0,73
2,2,2026-08-06,3,8,0,0,63
2,2,2026-08-07,4,8,0,0,67
2,2,2026-08-08,5,8,0,0,81
2,2,2026-08-09,6,8,0,0,72
2,2,2026-08-10,0,8,0,1,103
2,2,2026-08-11,1,8,0,0,63
2,2,2026-08-12,2,8,0,0,78
2,2,2026-08-13,3,8,0,0,79
2,2,2026-08-14,4,8,0,1,93
2,2,2026-08-15,5,8,0,0,84
2,2,2026-08-16,6,8,0,0,107
2,2,2026-08-17,0,8,0,0,64
2,2,2026-08-18,1,8,0,0,77
2,2,2026-08-19,2,8,0,0,74
2,2,2026-08-20,3,8,0,0,83
2,2,2026-08-21,4,8,0,0,76
2,2,2026-08-22,5,8,0,0,83
2,2,2026-08-23,6,8,0,0,88
2,2,2026-08-24,0,8,0,0,74
2,2,2026-08-25,1,8,0,0,72
2,2,2026-08-26,2,8,0,1,92
2,2,2026-08-27,3,8,0,0,84
2,2,2026-08-28,4,8,0,0,83
2,2,2026-08-29,5,8,0,0,76
2,2,2026-08-30,6,8,0,0,84
2,2,2026-08-31,0,8,0,0,71
2,3,2024-09-01,6,9,0,1,184
2,3,2024-09-02,0,9,0,0,115
2,3,2024-09-03,1,9,0,0,109
2,3,2024-09-04,2,9,0,0,87
2,3,2024-09-05,3,9,0,0,88
2,3,2024-09-06,4,9,0,0,90
2,3,2024-09-07,5,9,0,0,120
2,3,2024-09-08,6,9,0,0,101
2,3,2024-09-09,0,9,0,0,103
2,3,2024-09-10,1,9,0,0,92
2,3,2024-09-11,2,9,0,0,88
2,3,2024-09-12,3,9,0,0,71
2,3,2024-09-13,4,9,0,0,90
2,3,2024-09-14,5,9,0,0,81
2,3,2024-09-15,6,9,0,0,106
2,3,2024-09-16,0,9,0,0,81
2,3,2024-09-17,1,9,0,0,93
2,3,2024-09-18,2,9,0,0,116
2,3,2024-09-19,3,9,0,0,97
2,3,2024-09-20,4,9,0,1,166
2,3,2024-09-21,5,9,0,0,129
2,3,2024-09-22,6,9,0,0,138
2,3,2024-09-23,0,9,0,0,116
2,3,2024-09-24,1,9,0,0,79
2,3,2024-09-25,2,9,0,0,78
2,3,2024-09-26,3,9,0,0,99
2,3,2024-09-27,4,9,0,0,89
2,3,2024-09-28,5,9,0,0,121
2,3,2024-09-29,6,9,0,0,112
2,3,2024-09-30,0,9,0,0,81
2,3,2024-10-01,1,10,0,0,114
2,3,2024-10-02,2,10,0,0,75
2,3,2024-10-03,3,10,0,0,101
2,3,2024-10-04,4,10,0,0,98
2,3,2024-10-05,5,10,0,0,88
2,3,2024-10-06,6,10,0,0,103
2,3,2024-10-07,0,10,0,0,81
2,3,2024-10-08,1,10,0,0,99
2,3,2024-10-09,2,10,0,0,85
2,3,2024-10-10,3,10,0,0,89
2,3,2024-10-11,4,10,0,0,69
2,3,2024-10-12,5,10,0,0,163
2,3,2024-10-13,6,10,0,0,120
2,3,2024-10-14,0,10,0,0,98
2,3,2024-10-15,1,10,0,0,83
2,3,2024-10-16,2,10,0,0,81
2,3,2024-10-17,3,10,0,0,119
2,3,2024-10-18,4,10,0,0,63
2,3,2024-10-19,5,10,0,0,124
2,3,2024-10-20,6,10,0,0,95
2,3,2024-10-21,0,10,0,0,85
2,3,2024-10-22,1,10,0,0,81
2,3,2024-10-23,2,10,0,0,76
2,3,2024-10-24,3,10,0,0,91
2,3,2024-10-25,4,10,0,0,53
2,3,2024-10-26,5,10,0,0,112
2,3,2024-10-27,6,10,0,0,117
2,3,2024-10-28,0,10,0,0,71
2,3,2024-10-29,1,10,0,0,113
2,3,2024-10-30,2,10,0,0,82
2,3,2024-10-31,3,10,0,0,87
2,3,2024-11-01,4,11,0,0,86
2,3,2024-11-02,5,11,0,0,121
2,3,2024-11-03,6,11,0,0,149
2,3,2024-11-04,0,11,0,0,133
2,3,2024-11-05,1,11,0,0,107
2,3,2024-11-06,2,11,0,0,112
2,3,2024-11-07,3,11,0,0,121
2,3,2024-11-08,4,11,0,0,99
2,3,2024-11-09,5,11,0,0,154
2,3,2024-11-10,6,11,0,0,138
2,3,2024-11-11,0,11,0,0,97
2,3,2024-11-12,1,11,0,0,100
2,3,2024-11-13,2,11,0,0,67
2,3,2024-11-14,3,11,0,0,100
2,3,2024-11-15,4,11,0,0,71
2,3,2024-11-16,5,11,0,0,91
2,3,2024-11-17,6,11,0,0,127
2,3,2024-11-18,0,11,0,0,78
2,3,2024-11-19,1,11,0,0,95
2,3,2024-11-20,2,11,0,0,97
2,3,2024-11-21,3,11,0,0,98
2,3,2024-11-22,4,11,1,0,133
2,3,2024-11-23,5,11,1,0,210
2,3,2024-11-24,6,11,1,0,181
2,3,2024-11-25,0,11,1,0,167
2,3,2024-11-26,1,11,1,0,126
2,3,2024-11-27,2,11,1,0,151
2,3,2024-11-28,3,11,1,0,183
2,3,2024-11-29,4,11,0,0,110
2,3,2024-11-30,5,11,0,0,107
2,3,2024-12-01,6,12,0,0,118
2,3,2024-12-02,0,12,0,0,85
2,3,2024-12-03,1,12,0,0,90
2,3,2024-12-04,2,12,0,0,78
2,3,2024-12-05,3,12,0,0,99
2,3,2024-12-06,4,12,0,0,111
2,3,2024-12-07,5,12,0,0,113
2,3,2024-12-08,6,12,0,0,127
2,3,2024-12-09,0,12,0,0,98
2,3,2024-12-10,1,12,0,0,118
2,3,2024-12-11,2,12,0,0,91
2,3,2024-12-12,3,12,0,0,92
2,3,2024-12-13,4,12,0,0,87
2,3,2024-12-14,5,12,0,0,105
2,3,2024-12-15,6,12,0,0,140
2,3,2024-12-16,0,12,0,0,99
2,3,2024-12-17,1,12,0,0,102
2,3,2024-12-18,2,12,0,0,122
2,3,2024-12-19,3,12,0,0,123
2,3,2024-12-20,4,12,0,0,74
2,3,2024-12-21,5,12,0,0,142
2,3,2024-12-22,6,12,0,0,134
2,3,2024-12-23,0,12,0,0,94
2,3,2024-12-24,1,12,1,0,170
2,3,2024-12-25,2,12,1,0,117
2,3,2024-12-26,3,12,0,0,125
2,3,2024-12-27,4,12,0,0,110
2,3,2024-12-28,5,12,0,0,111
2,3,2024-12-29,6,12,0,0,117
2,3,2024-12-30,0,12,0,0,73
2,3,2024-12-31,1,12,1,1,197
2,3,2025-01-01,2,1,0,0,99
2,3,2025-01-02,3,1,0,0,84
2,3,2025-01-03,4,1,0,0,121
2,3,2025-01-04,5,1,0,0,163
2,3,2025-01-05,6,1,0,0,134
2,3,2025-01-06,0,1,0,0,102
2,3,2025-01-07,1,1,0,0,115
2,3,2025-01-08,2,1,0,0,107
2,3,2025-01-09,3,1,0,0,88
2,3,2025-01-10,4,1,0,0,96
2,3,2025-01-11,5,1,0,0,128
2,3,2025-01-12,6,1,0,0,140
2,3,2025-01-13,0,1,0,0,107
2,3,2025-01-14,1,1,0,0,111
2,3,2025-01-15,2,1,0,0,81
2,3,2025-01-16,3,1,0,1,169
2,3,2025-01-17,4,1,0,0,107
2,3,2025-01-18,5,1,0,1,255
2,3,2025-01-19,6,1,0,0,126
2,3,2025-01-20,0,1,0,0,113
2,3,2025-01-21,1,1,0,0,156
2,3,2025-01-22,2,1,0,0,111
2,3,2025-01-23,3,1,0,0,106
2,3,2025-01-24,4,1,0,0,90
2,3,2025-01-25,5,1,0,0,168
2,3,2025-01-26,6,1,0,0,110
2,3,2025-01-27,0,1,0,0,115
2,3,2025-01-28,1,1,0,0,99
2,3,2025-01-29,2,1,0,0,104
2,3,2025-01-30,3,1,0,0,83
2,3,2025-01-31,4,1,0,0,130
2,3,2025-02-01,5,2,0,0,133
2,3,2025-02-02,6,2,0,0,112
2,3,2025-02-03,0,2,0,0,134
2,3,2025-02-04,1,2,0,0,103
2,3,2025-02-05,2,2,0,0,118
2,3,2025-02-06,3,2,0,0,127
2,3,2025-02-07,4,2,0,0,120
2,3,2025-02-08,5,2,0,0,90
2,3,2025-02-09,6,2,0,0,155
2,3,2025-02-10,0,2,0,0,110
2,3,2025-02-11,1,2,0,0,106
2,3,2025-02-12,2,2,0,0,110
2,3,2025-02-13,3,2,0,0,83
2,3,2025-02-14,4,2,0,0,115
2,3,2025-02-15,5,2,0,0,109
2,3,2025-02-16,6,2,0,0,133
2,3,2025-02-17,0,2,0,0,114
2,3,2025-02-18,1,2,0,0,131
2,3,2025-02-19,2,2,0,0,97
2,3,2025-02-20,3,2,0,0,138
2,3,2025-02-21,4,2,0,0,129
2,3,2025-02-22,5,2,0,0,130
2,3,2025-02-23,6,2,0,0,114
2,3,2025-02-24,0,2,0,0,86
2,3,2025-02-25,1,2,0,0,116
2,3,2025-02-26,2,2,0,0,98
2,3,2025-02-27,3,2,0,0,133
2,3,2025-02-28,4,2,0,0,99
2,3,2025-03-01,5,3,0,0,120
2,3,2025-03-02,6,3,0,0,146
2,3,2025-03-03,0,3,0,0,101
2,3,2025-03-04,1,3,0,0,113
2,3,2025-03-05,2,3,0,0,131
2,3,2025-03-06,3,3,0,0,115
2,3,2025-03-07,4,3,0,0,115
2,3,2025-03-08,5,3,0,1,193
2,3,2025-03-09,6,3,0,0,102
2,3,2025-03-10,0,3,0,0,120
2,3,2025-03-11,1,3,0,0,116
2,3,2025-03-12,2,3,0,0,129
2,3,2025-03-13,3,3,0,0,124
2,3,2025-03-14,4,3,0,0,109
2,3,2025-03-15,5,3,0,0,164
2,3,2025-03-16,6,3,0,0,134
2,3,2025-03-17,0,3,0,0,118
2,3,2025-03-18,1,3,0,0,107
2,3,2025-03-19,2,3,0,0,122
2,3,2025-03-20,3,3,0,0,106
2,3,2025-03-21,4,3,0,0,143
2,3,2025-03-22,5,3,0,0,187
2,3,2025-03-23,6,3,0,0,161
2,3,2025-03-24,0,3,0,0,141
2,3,2025-03-25,1,3,0,0,85
2,3,2025-03-26,2,3,0,0,87
2,3,2025-03-27,3,3,0,0,107
2,3,2025-03-28,4,3,0,0,114
2,3,2025-03-29,5,3,0,0,136
2,3,2025-03-30,6,3,0,0,104
2,3,2025-03-31,0,3,0,0,134
2,3,2025-04-01,1,4,0,0,150
2,3,2025-04-02,2,4,0,0,135
2,3,2025-04-03,3,4,0,0,131
2,3,2025-04-04,4,4,0,0,116
2,3,2025-04-05,5,4,0,0,120
2,3,2025-04-06,6,4,0,0,141
2,3,2025-04-07,0,4,0,0,149
2,3,2025-04-08,1,4,0,0,105
2,3,2025-04-09,2,4,0,0,103
2,3,2025-04-10,3,4,0,0,131
2,3,2025-04-11,4,4,0,0,133
2,3,2025-04-12,5,4,0,0,120
2,3,2025-04-13,6,4,0,0,133
2,3,2025-04-14,0,4,0,1,144
2,3,2025-04-15,1,4,0,0,113
2,3,2025-04-16,2,4,0,0,131
2,3,2025-04-17,3,4,0,0,97
2,3,2025-04-18,4,4,0,0,131
2,3,2025-04-19,5,4,0,0,141
2,3,2025-04-20,6,4,0,0,191
2,3,2025-04-21,0,4,0,0,117
2,3,2025-04-22,1,4,0,0,110
2,3,2025-04-23,2,4,0,0,122
2,3,2025-04-24,3,4,0,0,105
2,3,2025-04-25,4,4,0,0,79
2,3,2025-04-26,5,4,0,0,134
2,3,2025-04-27,6,4,0,1,177
2,3,2025-04-28,0,4,0,0,83
2,3,2025-04-29,1,4,0,0,110
2,3,2025-04-30,2,4,0,0,74
2,3,2025-05-01,3,5,0,0,101
2,3,2025-05-02,4,5,0,0,111
2,3,2025-05-03,5,5,0,0,137
2,3,2025-05-04,6,5,0,0,126
2,3,2025-05-05,0,5,0,1,150
2,3,2025-05-06,1,5,0,0,93
2,3,2025-05-07,2,5,0,0,107
2,3,2025-05-08,3,5,0,0,108
2,3,2025-05-09,4,5,0,0,91
2,3,2025-05-10,5,5,0,0,141
2,3,2025-05-11,6,5,0,1,188
2,3,2025-05-12,0,5,0,0,104
2,3,2025-05-13,1,5,0,0,149
2,3,2025-05-14,2,5,0,0,105
2,3,2025-05-15,3,5,0,0,102
2,3,2025-05-16,4,5,0,0,100
2,3,2025-05-17,5,5,0,0,114
2,3,2025-05-18,6,5,0,0,150
2,3,2025-05-19,0,5,0,0,95
2,3,2025-05-20,1,5,0,0,97
2,3,2025-05-21,2,5,0,0,98
2,3,2025-05-22,3,5,0,0,90
2,3,2025-05-23,4,5,0,0,77
2,3,2025-05-24,5,5,0,0,125
2,3,2025-05-25,6,5,0,0,154
2,3,2025-05-26,0,5,0,0,110
2,3,2025-05-27,1,5,0,0,134
2,3,2025-05-28,2,5,0,0,120
2,3,2025-05-29,3,5,0,0,116
2,3,2025-05-30,4,5,0,0,139
2,3,2025-05-31,5,5,0,0,133
2,3,2025-06-01,6,6,0,0,130
2,3,2025-06-02,0,6,0,0,101
2,3,2025-06-03,1,6,0,0,126
2,3,2025-06-04,2,6,0,0,101
2,3,2025-06-05,3,6,0,0,90
2,3,2025-06-06,4,6,0,0,110
2,3,2025-06-07,5,6,0,1,151
2,3,2025-06-08,6,6,0,0,140
2,3,2025-06-09,0,6,0,0,108
2,3,2025-06-10,1,6,0,0,98
2,3,2025-06-11,2,6,0,0,110
2,3,2025-06-12,3,6,0,1,111
2,3,2025-06-13,4,6,0,0,104
2,3,2025-06-14,5,6,0,0,119
2,3,2025-06-15,6,6,0,0,188
2,3,2025-06-16,0,6,0,0,103
2,3,2025-06-17,1,6,0,0,91
2,3,2025-06-18,2,6,0,0,78
2,3,2025-06-19,3,6,0,0,122
2,3,2025-06-20,4,6,0,0,95
2,3,2025-06-21,5,6,0,0,112
2,3,2025-06-22,6,6,0,0,136
2,3,2025-06-23,0,6,0,0,111
2,3,2025-06-24,1,6,0,0,111
2,3,2025-06-25,2,6,0,0,101
2,3,2025-06-26,3,6,0,0,103
2,3,2025-06-27,4,6,0,0,105
2,3,2025-06-28,5,6,0,0,136
2,3,2025-06-29,6,6,0,0,137
2,3,2025-06-30,0,6,0,0,119
2,3,2025-07-01,1,7,0,0,96
2,3,2025-07-02,2,7,0,0,82
2,3,2025-07-03,3,7,0,0,93
2,3,2025-07-04,4,7,0,0,106
2,3,2025-07-05,5,7,0,0,87
2,3,2025-07-06,6,7,0,0,87
2,3,2025-07-07,0,7,0,0,109
2,3,2025-07-08,1,7,0,0,118
2,3,2025-07-09,2,7,0,0,75
2,3,2025-07-10,3,7,0,0,96
2,3,2025-07-11,4,7,0,0,89
2,3,2025-07-12,5,7,0,1,161
2,3,2025-07-13,6,7,0,0,129
2,3,2025-07-14,0,7,0,0,75
2,3,2025-07-15,1,7,0,0,78
2,3,2025-07-16,2,7,0,0,90
2,3,2025-07-17,3,7,0,0,93
2,3,2025-07-18,4,7,0,0,78
2,3,2025-07-19,5,7,0,0,138
2,3,2025-07-20,6,7,0,0,114
2,3,2025-07-21,0,7,0,0,88
2,3,2025-07-22,1,7,0,0,99
2,3,2025-07-23,2,7,0,0,93
2,3,2025-07-24,3,7,0,0,108
2,3,2025-07-25,4,7,0,0,81
2,3,2025-07-26,5,7,0,0,95
2,3,2025-07-27,6,7,0,0,116
2,3,2025-07-28,0,7,0,0,96
2,3,2025-07-29,1,7,0,0,76
2,3,2025-07-30,2,7,0,1,109
2,3,2025-07-31,3,7,0,0,98
2,3,2025-08-01,4,8,0,0,79
2,3,2025-08-02,5,8,0,0,90
2,3,2025-08-03,6,8,0,0,136
2,3,2025-08-04,0,8,0,0,81
2,3,2025-08-05,1,8,0,0,107
2,3,2025-08-06,2,8,0,0,91
2,3,2025-08-07,3,8,0,0,95
2,3,2025-08-08,4,8,0,0,87
2,3,2025-08-09,5,8,0,0,67
2,3,2025-08-10,6,8,0,0,96
2,3,2025-08-11,0,8,0,0,88
2,3,2025-08-12,1,8,0,0,96
2,3,2025-08-13,2,8,0,0,64
2,3,2025-08-14,3,8,0,0,90
2,3,2025-08-15,4,8,0,0,74
2,3,2025-08-16,5,8,0,0,122
2,3,2025-08-17,6,8,0,0,118
2,3,2025-08-18,0,8,0,0,101
2,3,2025-08-19,1,8,0,0,106
2,3,2025-08-20,2,8,0,0,97
2,3,2025-08-21,3,8,0,0,103
2,3,2025-08-22,4,8,0,0,85
2,3,2025-08-23,5,8,0,0,172
2,3,2025-08-24,6,8,0,0,95
2,3,2025-08-25,0,8,0,0,83
2,3,2025-08-26,1,8,0,0,103
2,3,2025-08-27,2,8,0,0,101
2,3,2025-08-28,3,8,0,0,97
2,3,2025-08-29,4,8,0,0,100
2,3,2025-08-30,5,8,0,0,78
2,3,2025-08-31,6,8,0,0,148
2,3,2025-09-01,0,9,0,0,86
2,3,2025-09-02,1,9,0,0,106
2,3,2025-09-03,2,9,0,0,60
2,3,2025-09-04,3,9,0,0,92
2,3,2025-09-05,4,9,0,0,81
2,3,2025-09-06,5,9,0,0,127
2,3,2025-09-07,6,9,0,0,122
2,3,2025-09-08,0,9,0,0,94
2,3,2025-09-09,1,9,0,0,74
2,3,2025-09-10,2,9,0,0,88
2,3,2025-09-11,3,9,0,0,86
2,3,2025-09-12,4,9,0,0,96
2,3,2025-09-13,5,9,0,0,135
2,3,2025-09-14,6,9,0,0,119
2,3,2025-09-15,0,9,0,0,70
2,3,2025-09-16,1,9,0,0,90
2,3,2025-09-17,2,9,0,0,126
2,3,2025-09-18,3,9,0,0,112
2,3,2025-09-19,4,9,0,0,46
2,3,2025-09-20,5,9,0,0,118
2,3,2025-09-21,6,9,0,0,134
2,3,2025-09-22,0,9,0,0,86
2,3,2025-09-23,1,9,0,0,82
2,3,2025-09-24,2,9,0,0,85
2,3,2025-09-25,3,9,0,1,146
2,3,2025-09-26,4,9,0,0,72
2,3,2025-09-27,5,9,0,0,139
2,3,2025-09-28,6,9,0,0,115
2,3,2025-09-29,0,9,0,0,75
2,3,2025-09-30,1,9,0,1,159
2,3,2025-10-01,2,10,0,0,68
2,3,2025-10-02,3,10,0,0,82
2,3,2025-10-03,4,10,0,0,82
2,3,2025-10-04,5,10,0,0,159
2,3,2025-10-05,6,10,0,0,105
2,3,2025-10-06,0,10,0,0,59
2,3,2025-10-07,1,10,0,0,82
2,3,2025-10-08,2,10,0,0,97
2,3,2025-10-09,3,10,0,0,102
2,3,2025-10-10,4,10,0,0,123
2,3,2025-10-11,5,10,0,0,145
2,3,2025-10-12,6,10,0,0,122
2,3,2025-10-13,0,10,0,0,77
2,3,2025-10-14,1,10,0,0,114
2,3,2025-10-15,2,10,0,1,128
2,3,2025-10-16,3,10,0,0,81
2,3,2025-10-17,4,10,0,0,84
2,3,2025-10-18,5,10,0,0,94
2,3,2025-10-19,6,10,0,0,109
2,3,2025-10-20,0,10,0,0,87
2,3,2025-10-21,1,10,0,0,101
2,3,2025-10-22,2,10,0,0,85
2,3,2025-10-23,3,10,0,0,72
2,3,2025-10-24,4,10,0,0,67
2,3,2025-10-25,5,10,0,1,169
2,3,2025-10-26,6,10,0,0,119
2,3,2025-10-27,0,10,0,0,82
2,3,2025-10-28,1,10,0,0,83
2,3,2025-10-29,2,10,0,0,96
2,3,2025-10-30,3,10,0,0,110
2,3,2025-10-31,4,10,0,0,79
2,3,2025-11-01,5,11,0,0,124
2,3,2025-11-02,6,11,0,0,141
2,3,2025-11-03,0,11,0,0,83
2,3,2025-11-04,1,11,0,0,94
2,3,2025-11-05,2,11,0,0,94
2,3,2025-11-06,3,11,0,0,75
2,3,2025-11-07,4,11,0,0,97
2,3,2025-11-08,5,11,0,0,123
2,3,2025-11-09,6,11,0,0,133
2,3,2025-11-10,0,11,0,0,77
2,3,2025-11-11,1,11,0,0,95
2,3,2025-11-12,2,11,0,0,116
2,3,2025-11-13,3,11,0,0,126
2,3,2025-11-14,4,11,0,0,114
2,3,2025-11-15,5,11,0,0,99
2,3,2025-11-16,6,11,0,0,131
2,3,2025-11-17,0,11,0,0,87
2,3,2025-11-18,1,11,0,1,147
2,3,2025-11-19,2,11,0,0,83
2,3,2025-11-20,3,11,0,0,68
2,3,2025-11-21,4,11,0,0,89
2,3,2025-11-22,5,11,1,0,204
2,3,2025-11-23,6,11,1,0,192
2,3,2025-11-24,0,11,1,0,165
2,3,2025-11-25,1,11,1,0,161
2,3,2025-11-26,2,11,1,0,166
2,3,2025-11-27,3,11,1,0,169
2,3,2025-11-28,4,11,1,0,148
2,3,2025-11-29,5,11,0,0,124
2,3,2025-11-30,6,11,0,0,157
2,3,2025-12-01,0,12,0,0,103
2,3,2025-12-02,1,12,0,0,101
2,3,2025-12-03,2,12,0,0,102
2,3,2025-12-04,3,12,0,0,97
2,3,2025-12-05,4,12,0,0,94
2,3,2025-12-06,5,12,0,0,133
2,3,2025-12-07,6,12,0,0,118
2,3,2025-12-08,0,12,0,0,98
2,3,2025-12-09,1,12,0,0,88
2,3,2025-12-10,2,12,0,1,149
2,3,2025-12-11,3,12,0,0,110
2,3,2025-12-12,4,12,0,0,97
2,3,2025-12-13,5,12,0,0,87
2,3,2025-12-14,6,12,0,0,141
2,3,2025-12-15,0,12,0,0,103
2,3,2025-12-16,1,12,0,0,85
2,3,2025-12-17,2,12,0,1,164
2,3,2025-12-18,3,12,0,0,78
2,3,2025-12-19,4,12,0,0,118
2,3,2025-12-20,5,12,0,0,127
2,3,2025-12-21,6,12,0,0,81
2,3,2025-12-22,0,12,0,0,104
2,3,2025-12-23,1,12,0,0,94
2,3,2025-12-24,2,12,1,0,147
2,3,2025-12-25,3,12,1,0,142
2,3,2025-12-26,4,12,0,0,99
2,3,2025-12-27,5,12,0,0,118
2,3,2025-12-28,6,12,0,0,90
2,3,2025-12-29,0,12,0,0,121
2,3,2025-12-30,1,12,0,0,97
2,3,2025-12-31,2,12,1,0,142
2,3,2026-01-01,3,1,0,0,87
2,3,2026-01-02,4,1,0,0,120
2,3,2026-01-03,5,1,0,0,106
2,3,2026-01-04,6,1,0,0,137
2,3,2026-01-05,0,1,0,0,97
2,3,2026-01-06,1,1,0,0,98
2,3,2026-01-07,2,1,0,0,88
2,3,2026-01-08,3,1,0,0,96
2,3,2026-01-09,4,1,0,0,107
2,3,2026-01-10,5,1,0,0,140
2,3,2026-01-11,6,1,0,0,117
2,3,2026-01-12,0,1,0,0,105
2,3,2026-01-13,1,1,0,0,122
2,3,2026-01-14,2,1,0,1,111
2,3,2026-01-15,3,1,0,0,107
2,3,2026-01-16,4,1,0,0,90
2,3,2026-01-17,5,1,0,0,112
2,3,2026-01-18,6,1,0,0,140
2,3,2026-01-19,0,1,0,0,97
2,3,2026-01-20,1,1,0,0,86
2,3,2026-01-21,2,1,0,0,129
2,3,2026-01-22,3,1,0,0,123
2,3,2026-01-23,4,1,0,0,73
2,3,2026-01-24,5,1,0,0,102
2,3,2026-01-25,6,1,0,0,147
2,3,2026-01-26,0,1,0,0,102
2,3,2026-01-27,1,1,0,0,133
2,3,2026-01-28,2,1,0,0,117
2,3,2026-01-29,3,1,0,1,160
2,3,2026-01-30,4,1,0,0,89
2,3,2026-01-31,5,1,0,0,145
2,3,2026-02-01,6,2,0,0,110
2,3,2026-02-02,0,2,0,0,135
2,3,2026-02-03,1,2,0,0,119
2,3,2026-02-04,2,2,0,0,96
2,3,2026-02-05,3,2,0,1,177
2,3,2026-02-06,4,2,0,0,151
2,3,2026-02-07,5,2,0,0,134
2,3,2026-02-08,6,2,0,1,201
2,3,2026-02-09,0,2,0,0,103
2,3,2026-02-10,1,2,0,0,113
2,3,2026-02-11,2,2,0,0,84
2,3,2026-02-12,3,2,0,1,157
2,3,2026-02-13,4,2,0,0,112
2,3,2026-02-14,5,2,0,0,179
2,3,2026-02-15,6,2,0,0,99
2,3,2026-02-16,0,2,0,0,106
2,3,2026-02-17,1,2,0,0,134
2,3,2026-02-18,2,2,0,0,107
2,3,2026-02-19,3,2,0,0,108
2,3,2026-02-20,4,2,0,0,96
2,3,2026-02-21,5,2,0,0,118
2,3,2026-02-22,6,2,0,0,98
2,3,2026-02-23,0,2,0,0,100
2,3,2026-02-24,1,2,0,1,132
2,3,2026-02-25,2,2,0,0,113
2,3,2026-02-26,3,2,0,0,97
2,3,2026-02-27,4,2,0,1,145
2,3,2026-02-28,5,2,0,0,129
2,3,2026-03-01,6,3,0,0,139
2,3,2026-03-02,0,3,0,0,103
2,3,2026-03-03,1,3,0,0,93
2,3,2026-03-04,2,3,0,0,114
2,3,2026-03-05,3,3,0,0,132
2,3,2026-03-06,4,3,0,0,115
2,3,2026-03-07,5,3,0,0,127
2,3,2026-03-08,6,3,0,0,138
2,3,2026-03-09,0,3,0,0,75
2,3,2026-03-10,1,3,0,0,110
2,3,2026-03-11,2,3,0,0,105
2,3,2026-03-12,3,3,0,0,96
2,3,2026-03-13,4,3,0,0,99
2,3,2026-03-14,5,3,0,0,131
2,3,2026-03-15,6,3,0,0,163
2,3,2026-03-16,0,3,0,1,186
2,3,2026-03-17,1,3,0,0,96
2,3,2026-03-18,2,3,0,0,103
2,3,2026-03-19,3,3,0,0,104
2,3,2026-03-20,4,3,0,0,127
2,3,2026-03-21,5,3,0,0,144
2,3,2026-03-22,6,3,0,0,143
2,3,2026-03-23,0,3,0,0,122
2,3,2026-03-24,1,3,0,0,102
2,3,2026-03-25,2,3,0,0,137
2,3,2026-03-26,3,3,0,0,113
2,3,2026-03-27,4,3,0,0,97
2,3,2026-03-28,5,3,0,0,135
2,3,2026-03-29,6,3,0,1,223
2,3,2026-03-30,0,3,0,0,105
2,3,2026-03-31,1,3,0,0,130
2,3,2026-04-01,2,4,0,0,100
2,3,2026-04-02,3,4,0,1,137
2,3,2026-04-03,4,4,0,0,123
2,3,2026-04-04,5,4,0,0,119
2,3,2026-04-05,6,4,0,0,157
2,3,2026-04-06,0,4,0,0,117
2,3,2026-04-07,1,4,0,0,95
2,3,2026-04-08,2,4,0,0,110
2,3,2026-04-09,3,4,0,0,101
2,3,2026-04-10,4,4,0,0,117
2,3,2026-04-11,5,4,0,0,181
2,3,2026-04-12,6,4,0,0,130
2,3,2026-04-13,0,4,0,0,121
2,3,2026-04-14,1,4,0,0,111
2,3,2026-04-15,2,4,0,0,111
2,3,2026-04-16,3,4,0,1,152
2,3,2026-04-17,4,4,0,1,135
2,3,2026-04-18,5,4,0,0,146
2,3,2026-04-19,6,4,0,0,132
2,3,2026-04-20,0,4,0,0,95
2,3,2026-04-21,1,4,0,0,129
2,3,2026-04-22,2,4,0,0,113
2,3,2026-04-23,3,4,0,0,107
2,3,2026-04-24,4,4,0,0,135
2,3,2026-04-25,5,4,0,0,98
2,3,2026-04-26,6,4,0,0,167
2,3,2026-04-27,0,4,0,0,95
2,3,2026-04-28,1,4,0,0,115
2,3,2026-04-29,2,4,0,0,101
2,3,2026-04-30,3,4,0,0,95
2,3,2026-05-01,4,5,0,0,129
2,3,2026-05-02,5,5,0,0,174
2,3,2026-05-03,6,5,0,0,129
2,3,2026-05-04,0,5,0,0,112
2,3,2026-05-05,1,5,0,0,108
2,3,2026-05-06,2,5,0,0,136
2,3,2026-05-07,3,5,0,0,70
2,3,2026-05-08,4,5,0,0,113
2,3,2026-05-09,5,5,0,0,119
2,3,2026-05-10,6,5,0,0,83
2,3,2026-05-11,0,5,0,0,100
2,3,2026-05-12,1,5,0,0,138
2,3,2026-05-13,2,5,0,0,95
2,3,2026-05-14,3,5,0,1,172
2,3,2026-05-15,4,5,0,0,127
2,3,2026-05-16,5,5,0,0,134
2,3,2026-05-17,6,5,0,1,183
2,3,2026-05-18,0,5,0,0,77
2,3,2026-05-19,1,5,0,0,94
2,3,2026-05-20,2,5,0,0,122
2,3,2026-05-21,3,5,0,0,108
2,3,2026-05-22,4,5,0,0,113
2,3,2026-05-23,5,5,0,0,137
2,3,2026-05-24,6,5,0,0,182
2,3,2026-05-25,0,5,0,0,99
2,3,2026-05-26,1,5,0,0,134
2,3,2026-05-27,2,5,0,0,109
2,3,2026-05-28,3,5,0,0,136
2,3,2026-05-29,4,5,0,0,85
2,3,2026-05-30,5,5,0,0,138
2,3,2026-05-31,6,5,0,0,126
2,3,2026-06-01,0,6,0,1,149
2,3,2026-06-02,1,6,0,0,120
2,3,2026-06-03,2,6,0,0,107
2,3,2026-06-04,3,6,0,0,120
2,3,2026-06-05,4,6,0,1,130
2,3,2026-06-06,5,6,0,0,111
2,3,2026-06-07,6,6,0,0,128
2,3,2026-06-08,0,6,0,0,100
2,3,2026-06-09,1,6,0,0,97
2,3,2026-06-10,2,6,0,0,85
2,3,2026-06-11,3,6,0,0,120
2,3,2026-06-12,4,6,0,0,95
2,3,2026-06-13,5,6,0,0,158
2,3,2026-06-14,6,6,0,0,128
2,3,2026-06-15,0,6,0,0,111
2,3,2026-06-16,1,6,0,0,109
2,3,2026-06-17,2,6,0,0,87
2,3,2026-06-18,3,6,0,0,106
2,3,2026-06-19,4,6,0,0,132
2,3,2026-06-20,5,6,0,0,133
2,3,2026-06-21,6,6,0,0,147
2,3,2026-06-22,0,6,0,0,112
2,3,2026-06-23,1,6,0,0,105
2,3,2026-06-24,2,6,0,0,103
2,3,2026-06-25,3,6,0,0,109
2,3,2026-06-26,4,6,0,0,113
2,3,2026-06-27,5,6,0,0,100
2,3,2026-06-28,6,6,0,0,133
2,3,2026-06-29,0,6,0,0,97
2,3,2026-06-30,1,6,0,0,94
2,3,2026-07-01,2,7,0,0,114
2,3,2026-07-02,3,7,0,0,83
2,3,2026-07-03,4,7,0,0,73
2,3,2026-07-04,5,7,0,0,138
2,3,2026-07-05,6,7,0,0,94
2,3,2026-07-06,0,7,0,0,65
2,3,2026-07-07,1,7,0,0,108
2,3,2026-07-08,2,7,0,0,97
2,3,2026-07-09,3,7,0,0,102
2,3,2026-07-10,4,7,0,0,88
2,3,2026-07-11,5,7,0,0,95
2,3,2026-07-12,6,7,0,0,99
2,3,2026-07-13,0,7,0,0,90
2,3,2026-07-14,1,7,0,0,75
2,3,2026-07-15,2,7,0,0,99
2,3,2026-07-16,3,7,0,0,87
2,3,2026-07-17,4,7,0,1,144
2,3,2026-07-18,5,7,0,0,125
2,3,2026-07-19,6,7,0,0,130
2,3,2026-07-20,0,7,0,0,102
2,3,2026-07-21,1,7,0,0,89
2,3,2026-07-22,2,7,0,0,97
2,3,2026-07-23,3,7,0,0,98
2,3,2026-07-24,4,7,0,1,85
2,3,2026-07-25,5,7,0,0,135
2,3,2026-07-26,6,7,0,0,125
2,3,2026-07-27,0,7,0,0,103
2,3,2026-07-28,1,7,0,0,75
2,3,2026-07-29,2,7,0,0,90
2,3,2026-07-30,3,7,0,0,78
2,3,2026-07-31,4,7,0,1,157
2,3,2026-08-01,5,8,0,0,91
2,3,2026-08-02,6,8,0,0,100
2,3,2026-08-03,0,8,0,0,98
2,3,2026-08-04,1,8,0,0,81
2,3,2026-08-05,2,8,0,0,76
2,3,2026-08-06,3,8,0,0,103
2,3,2026-08-07,4,8,0,1,156
2,3,2026-08-08,5,8,0,0,131
2,3,2026-08-09,6,8,0,0,134
2,3,2026-08-10,0,8,0,0,87
2,3,2026-08-11,1,8,0,0,87
2,3,2026-08-12,2,8,0,0,80
2,3,2026-08-13,3,8,0,0,92
2,3,2026-08-14,4,8,0,0,82
2,3,2026-08-15,5,8,0,0,109
2,3,2026-08-16,6,8,0,0,129
2,3,2026-08-17,0,8,0,0,107
2,3,2026-08-18,1,8,0,0,96
2,3,2026-08-19,2,8,0,1,175
2,3,2026-08-20,3,8,0,1,120
2,3,2026-08-21,4,8,0,0,63
2,3,2026-08-22,5,8,0,0,131
2,3,2026-08-23,6,8,0,0,103
2,3,2026-08-24,0,8,0,0,86
2,3,2026-08-25,1,8,0,0,64
2,3,2026-08-26,2,8,0,0,77
2,3,2026-08-27,3,8,0,0,68
2,3,2026-08-28,4,8,0,0,84
2,3,2026-08-29,5,8,0,0,110
2,3,2026-08-30,6,8,0,0,119
2,3,2026-08-31,0,8,0,0,108
2,4,2024-09-01,6,9,0,0,91
2,4,2024-09-02,0,9,0,0,66
2,4,2024-09-03,1,9,0,0,71
2,4,2024-09-04,2,9,0,0,79
2,4,2024-09-05,3,9,0,0,79
2,4,2024-09-06,4,9,0,0,67
2,4,2024-09-07,5,9,0,0,97
2,4,2024-09-08,6,9,0,0,97
2,4,2024-09-09,0,9,0,0,76
2,4,2024-09-10,1,9,0,0,94
2,4,2024-09-11,2,9,0,0,69
2,4,2024-09-12,3,9,0,0,69
2,4,2024-09-13,4,9,0,0,68
2,4,2024-09-14,5,9,0,0,114
2,4,2024-09-15,6,9,0,0,106
2,4,2024-09-16,0,9,0,0,70
2,4,2024-09-17,1,9,0,0,74
2,4,2024-09-18,2,9,0,0,71
2,4,2024-09-19,3,9,0,0,80
2,4,2024-09-20,4,9,0,0,100
2,4,2024-09-21,5,9,0,0,113
2,4,2024-09-22,6,9,0,0,106
2,4,2024-09-23,0,9,0,0,72
2,4,2024-09-24,1,9,0,0,66
2,4,2024-09-25,2,9,0,0,83
2,4,2024-09-26,3,9,0,0,83
2,4,2024-09-27,4,9,0,0,73
2,4,2024-09-28,5,9,0,0,121
2,4,2024-09-29,6,9,0,0,107
2,4,2024-09-30,0,9,0,0,84
2,4,2024-10-01,1,10,0,0,81
2,4,2024-10-02,2,10,0,0,77
2,4,2024-10-03,3,10,0,0,70
2,4,2024-10-04,4,10,0,0,77
2,4,2024-10-05,5,10,0,0,118
2,4,2024-10-06,6,10,0,0,102
2,4,2024-10-07,0,10,0,0,82
2,4,2024-10-08,1,10,0,0,69
2,4,2024-10-09,2,10,0,0,85
2,4,2024-10-10,3,10,0,0,81
2,4,2024-10-11,4,10,0,0,68
2,4,2024-10-12,5,10,0,0,106
2,4,2024-10-13,6,10,0,0,119
2,4,2024-10-14,0,10,0,0,68
2,4,2024-10-15,1,10,0,0,69
2,4,2024-10-16,2,10,0,1,117
2,4,2024-10-17,3,10,0,0,97
2,4,2024-10-18,4,10,0,1,109
2,4,2024-10-19,5,10,0,1,156
2,4,2024-10-20,6,10,0,0,111
2,4,2024-10-21,0,10,0,0,74
2,4,2024-10-22,1,10,0,0,80
2,4,2024-10-23,2,10,0,0,75
2,4,2024-10-24,3,10,0,0,76
2,4,2024-10-25,4,10,0,0,64
2,4,2024-10-26,5,10,0,0,108
2,4,2024-10-27,6,10,0,0,119
2,4,2024-10-28,0,10,0,0,79
2,4,2024-10-29,1,10,0,0,88
2,4,2024-10-30,2,10,0,0,84
2,4,2024-10-31,3,10,0,0,78
2,4,2024-11-01,4,11,0,0,77
2,4,2024-11-02,5,11,0,0,106
2,4,2024-11-03,6,11,0,0,94
2,4,2024-11-04,0,11,0,0,80
2,4,2024-11-05,1,11,0,0,84
2,4,2024-11-06,2,11,0,0,98
2,4,2024-11-07,3,11,0,0,87
2,4,2024-11-08,4,11,0,0,75
2,4,2024-11-09,5,11,0,0,94
2,4,2024-11-10,6,11,0,0,109
2,4,2024-11-11,0,11,0,0,90
2,4,2024-11-12,1,11,0,0,80
2,4,2024-11-13,2,11,0,0,87
2,4,2024-11-14,3,11,0,0,81
2,4,2024-11-15,4,11,0,0,89
2,4,2024-11-16,5,11,0,0,92
2,4,2024-11-17,6,11,0,0,132
2,4,2024-11-18,0,11,0,0,72
2,4,2024-11-19,1,11,0,0,90
2,4,2024-11-20,2,11,0,0,80
2,4,2024-11-21,3,11,0,0,81
2,4,2024-11-22,4,11,1,0,132
2,4,2024-11-23,5,11,1,0,169
2,4,2024-11-24,6,11,1,0,173
2,4,2024-11-25,0,11,1,0,151
2,4,2024-11-26,1,11,1,0,156
2,4,2024-11-27,2,11,1,0,140
2,4,2024-11-28,3,11,1,0,160
2,4,2024-11-29,4,11,0,0,83
2,4,2024-11-30,5,11,0,0,125
2,4,2024-12-01,6,12,0,0,123
2,4,2024-12-02,0,12,0,0,82
2,4,2024-12-03,1,12,0,0,89
2,4,2024-12-04,2,12,0,0,92
2,4,2024-12-05,3,12,0,0,87
2,4,2024-12-06,4,12,0,0,92
2,4,2024-12-07,5,12,0,0,128
2,4,2024-12-08,6,12,0,0,117
2,4,2024-12-09,0,12,0,0,60
2,4,2024-12-10,1,12,0,0,104
2,4,2024-12-11,2,12,0,0,85
2,4,2024-12-12,3,12,0,0,80
2,4,2024-12-13,4,12,0,0,77
2,4,2024-12-14,5,12,0,0,113
2,4,2024-12-15,6,12,0,0,110
2,4,2024-12-16,0,12,0,0,81
2,4,2024-12-17,1,12,0,0,81
2,4,2024-12-18,2,12,0,0,93
2,4,2024-12-19,3,12,0,0,107
2,4,2024-12-20,4,12,0,0,96
2,4,2024-12-21,5,12,0,1,176
2,4,2024-12-22,6,12,0,0,112
2,4,2024-12-23,0,12,0,0,89
2,4,2024-12-24,1,12,1,0,147
2,4,2024-12-25,2,12,1,0,130
2,4,2024-12-26,3,12,0,0,84
2,4,2024-12-27,4,12,0,0,96
2,4,2024-12-28,5,12,0,0,131
2,4,2024-12-29,6,12,0,0,118
2,4,2024-12-30,0,12,0,0,76
2,4,2024-12-31,1,12,1,0,136
2,4,2025-01-01,2,1,0,0,78
2,4,2025-01-02,3,1,0,0,94
2,4,2025-01-03,4,1,0,0,96
2,4,2025-01-04,5,1,0,0,119
2,4,2025-01-05,6,1,0,0,126
2,4,2025-01-06,0,1,0,0,97
2,4,2025-01-07,1,1,0,0,96
2,4,2025-01-08,2,1,0,0,81
2,4,2025-01-09,3,1,0,0,90
2,4,2025-01-10,4,1,0,0,97
2,4,2025-01-11,5,1,0,0,144
2,4,2025-01-12,6,1,0,0,119
2,4,2025-01-13,0,1,0,0,98
2,4,2025-01-14,1,1,0,0,102
2,4,2025-01-15,2,1,0,0,91
2,4,2025-01-16,3,1,0,0,105
2,4,2025-01-17,4,1,0,1,150
2,4,2025-01-18,5,1,0,0,141
2,4,2025-01-19,6,1,0,0,129
2,4,2025-01-20,0,1,0,0,117
2,4,2025-01-21,1,1,0,0,87
2,4,2025-01-22,2,1,0,0,114
2,4,2025-01-23,3,1,0,0,101
2,4,2025-01-24,4,1,0,0,106
2,4,2025-01-25,5,1,0,0,118
2,4,2025-01-26,6,1,0,0,134
2,4,2025-01-27,0,1,0,0,107
2,4,2025-01-28,1,1,0,0,82
2,4,2025-01-29,2,1,0,0,91
2,4,2025-01-30,3,1,0,0,71
2,4,2025-01-31,4,1,0,1,130
2,4,2025-02-01,5,2,0,0,115
2,4,2025-02-02,6,2,0,0,123
2,4,2025-02-03,0,2,0,0,128
2,4,2025-02-04,1,2,0,0,115
2,4,2025-02-05,2,2,0,1,115
2,4,2025-02-06,3,2,0,0,103
2,4,2025-02-07,4,2,0,0,105
2,4,2025-02-08,5,2,0,0,122
2,4,2025-02-09,6,2,0,0,129
2,4,2025-02-10,0,2,0,0,100
2,4,2025-02-11,1,2,0,0,83
2,4,2025-02-12,2,2,0,0,86
2,4,2025-02-13,3,2,0,0,99
2,4,2025-02-14,4,2,0,0,98
2,4,2025-02-15,5,2,0,1,153
2,4,2025-02-16,6,2,0,1,151
2,4,2025-02-17,0,2,0,0,96
2,4,2025-02-18,1,2,0,0,106
2,4,2025-02-19,2,2,0,0,96
2,4,2025-02-20,3,2,0,0,114
2,4,2025-02-21,4,2,0,0,89
2,4,2025-02-22,5,2,0,1,169
2,4,2025-02-23,6,2,0,1,159
2,4,2025-02-24,0,2,0,0,103
2,4,2025-02-25,1,2,0,0,88
2,4,2025-02-26,2,2,0,0,117
2,4,2025-02-27,3,2,0,0,79
2,4,2025-02-28,4,2,0,0,115
2,4,2025-03-01,5,3,0,0,129
2,4,2025-03-02,6,3,0,1,177
2,4,2025-03-03,0,3,0,0,112
2,4,2025-03-04,1,3,0,0,107
2,4,2025-03-05,2,3,0,0,90
2,4,2025-03-06,3,3,0,0,105
2,4,2025-03-07,4,3,0,0,118
2,4,2025-03-08,5,3,0,0,115
2,4,2025-03-09,6,3,0,0,157
2,4,2025-03-10,0,3,0,0,102
2,4,2025-03-11,1,3,0,0,93
2,4,2025-03-12,2,3,0,0,89
2,4,2025-03-13,3,3,0,0,96
2,4,2025-03-14,4,3,0,0,77
2,4,2025-03-15,5,3,0,0,122
2,4,2025-03-16,6,3,0,0,124
2,4,2025-03-17,0,3,0,0,87
2,4,2025-03-18,1,3,0,0,106
2,4,2025-03-19,2,3,0,0,96
2,4,2025-03-20,3,3,0,0,91
2,4,2025-03-21,4,3,0,0,95
2,4,2025-03-22,5,3,0,0,133
2,4,2025-03-23,6,3,0,0,129
2,4,2025-03-24,0,3,0,0,91
2,4,2025-03-25,1,3,0,0,99
2,4,2025-03-26,2,3,0,0,98
2,4,2025-03-27,3,3,0,0,86
2,4,2025-03-28,4,3,0,0,95
2,4,2025-03-29,5,3,0,0,136
2,4,2025-03-30,6,3,0,0,136
2,4,2025-03-31,0,3,0,0,96
2,4,2025-04-01,1,4,0,0,104
2,4,2025-04-02,2,4,0,0,86
2,4,2025-04-03,3,4,0,0,87
2,4,2025-04-04,4,4,0,0,94
2,4,2025-04-05,5,4,0,0,147
2,4,2025-04-06,6,4,0,0,128
2,4,2025-04-07,0,4,0,0,94
2,4,2025-04-08,1,4,0,0,113
2,4,2025-04-09,2,4,0,0,94
2,4,2025-04-10,3,4,0,0,120
2,4,2025-04-11,4,4,0,0,91
2,4,2025-04-12,5,4,0,0,112
2,4,2025-04-13,6,4,0,0,124
2,4,2025-04-14,0,4,0,0,94
2,4,2025-04-15,1,4,0,0,88
2,4,2025-04-16,2,4,0,0,124
2,4,2025-04-17,3,4,0,0,100
2,4,2025-04-18,4,4,0,0,102
2,4,2025-04-19,5,4,0,0,120
2,4,2025-04-20,6,4,0,0,118
2,4,2025-04-21,0,4,0,1,151
2,4,2025-04-22,1,4,0,0,79
2,4,2025-04-23,2,4,0,0,85
2,4,2025-04-24,3,4,0,0,94
2,4,2025-04-25,4,4,0,0,111
2,4,2025-04-26,5,4,0,0,121
2,4,2025-04-27,6,4,0,0,132
2,4,2025-04-28,0,4,0,0,97
2,4,2025-04-29,1,4,0,0,110
2,4,2025-04-30,2,4,0,0,80
2,4,2025-05-01,3,5,0,0,100
2,4,2025-05-02,4,5,0,0,91
2,4,2025-05-03,5,5,0,0,135
2,4,2025-05-04,6,5,0,0,111
2,4,2025-05-05,0,5,0,0,93
2,4,2025-05-06,1,5,0,1,131
2,4,2025-05-07,2,5,0,0,83
2,4,2025-05-08,3,5,0,0,80
2,4,2025-05-09,4,5,0,0,87
2,4,2025-05-10,5,5,0,0,124
2,4,2025-05-11,6,5,0,0,112
2,4,2025-05-12,0,5,0,0,89
2,4,2025-05-13,1,5,0,0,74
2,4,2025-05-14,2,5,0,0,89
2,4,2025-05-15,3,5,0,0,103
2,4,2025-05-16,4,5,0,0,100
2,4,2025-05-17,5,5,0,0,121
2,4,2025-05-18,6,5,0,0,126
2,4,2025-05-19,0,5,0,0,84
2,4,2025-05-20,1,5,0,0,109
2,4,2025-05-21,2,5,0,0,114
2,4,2025-05-22,3,5,0,0,94
2,4,2025-05-23,4,5,0,0,119
2,4,2025-05-24,5,5,0,0,113
2,4,2025-05-25,6,5,0,0,106
2,4,2025-05-26,0,5,0,0,86
2,4,2025-05-27,1,5,0,0,91
2,4,2025-05-28,2,5,0,0,116
2,4,2025-05-29,3,5,0,1,128
2,4,2025-05-30,4,5,0,0,84
2,4,2025-05-31,5,5,0,0,110
2,4,2025-06-01,6,6,0,0,132
2,4,2025-06-02,0,6,0,0,97
2,4,2025-06-03,1,6,0,0,83
2,4,2025-06-04,2,6,0,0,70
2,4,2025-06-05,3,6,0,0,77
2,4,2025-06-06,4,6,0,0,104
2,4,2025-06-07,5,6,0,0,126
2,4,2025-06-08,6,6,0,0,118
2,4,2025-06-09,0,6,0,0,105
2,4,2025-06-10,1,6,0,0,106
2,4,2025-06-11,2,6,0,0,87
2,4,2025-06-12,3,6,0,0,87
2,4,2025-06-13,4,6,0,0,82
2,4,2025-06-14,5,6,0,0,113
2,4,2025-06-15,6,6,0,0,98
2,4,2025-06-16,0,6,0,0,73
2,4,2025-06-17,1,6,0,0,71
2,4,2025-06-18,2,6,0,0,98
2,4,2025-06-19,3,6,0,0,73
2,4,2025-06-20,4,6,0,1,154
2,4,2025-06-21,5,6,0,0,108
2,4,2025-06-22,6,6,0,0,139
2,4,2025-06-23,0,6,0,0,84
2,4,2025-06-24,1,6,0,0,73
2,4,2025-06-25,2,6,0,1,145
2,4,2025-06-26,3,6,0,0,101
2,4,2025-06-27,4,6,0,0,79
2,4,2025-06-28,5,6,0,0,113
2,4,2025-06-29,6,6,0,0,105
2,4,2025-06-30,0,6,0,0,86
2,4,2025-07-01,1,7,0,0,83
2,4,2025-07-02,2,7,0,1,117
2,4,2025-07-03,3,7,0,0,66
2,4,2025-07-04,4,7,0,0,77
2,4,2025-07-05,5,7,0,0,120
2,4,2025-07-06,6,7,0,0,109
2,4,2025-07-07,0,7,0,0,79
2,4,2025-07-08,1,7,0,0,74
2,4,2025-07-09,2,7,0,1,114
2,4,2025-07-10,3,7,0,0,95
2,4,2025-07-11,4,7,0,0,72
2,4,2025-07-12,5,7,0,0,121
2,4,2025-07-13,6,7,0,0,112
2,4,2025-07-14,0,7,0,0,84
2,4,2025-07-15,1,7,0,0,76
2,4,2025-07-16,2,7,0,0,79
2,4,2025-07-17,3,7,0,0,82
2,4,2025-07-18,4,7,0,0,77
2,4,2025-07-19,5,7,0,0,116
2,4,2025-07-20,6,7,0,0,117
2,4,2025-07-21,0,7,0,1,151
2,4,2025-07-22,1,7,0,0,85
2,4,2025-07-23,2,7,0,0,65
2,4,2025-07-24,3,7,0,0,93
2,4,2025-07-25,4,7,0,0,80
2,4,2025-07-26,5,7,0,0,136
2,4,2025-07-27,6,7,0,0,130
2,4,2025-07-28,0,7,0,0,78
2,4,2025-07-29,1,7,0,0,89
2,4,2025-07-30,2,7,0,0,77
2,4,2025-07-31,3,7,0,0,82
2,4,2025-08-01,4,8,0,0,84
2,4,2025-08-02,5,8,0,0,121
2,4,2025-08-03,6,8,0,0,118
2,4,2025-08-04,0,8,0,0,79
2,4,2025-08-05,1,8,0,0,100
2,4,2025-08-06,2,8,0,0,75
2,4,2025-08-07,3,8,0,0,65
2,4,2025-08-08,4,8,0,0,66
2,4,2025-08-09,5,8,0,0,125
2,4,2025-08-10,6,8,0,0,107
2,4,2025-08-11,0,8,0,0,80
2,4,2025-08-12,1,8,0,0,74
2,4,2025-08-13,2,8,0,0,74
2,4,2025-08-14,3,8,0,1,108
2,4,2025-08-15,4,8,0,0,82
2,4,2025-08-16,5,8,0,0,107
2,4,2025-08-17,6,8,0,0,113
2,4,2025-08-18,0,8,0,0,81
2,4,2025-08-19,1,8,0,0,75
2,4,2025-08-20,2,8,0,1,99
2,4,2025-08-21,3,8,0,0,65
2,4,2025-08-22,4,8,0,0,104
2,4,2025-08-23,5,8,0,0,125
2,4,2025-08-24,6,8,0,0,124
2,4,2025-08-25,0,8,0,0,73
2,4,2025-08-26,1,8,0,0,78
2,4,2025-08-27,2,8,0,0,71
2,4,2025-08-28,3,8,0,0,67
2,4,2025-08-29,4,8,0,0,73
2,4,2025-08-30,5,8,0,0,123
2,4,2025-08-31,6,8,0,0,118
2,4,2025-09-01,0,9,0,0,69
2,4,2025-09-02,1,9,0,0,74
2,4,2025-09-03,2,9,0,0,83
2,4,2025-09-04,3,9,0,0,72
2,4,2025-09-05,4,9,0,0,78
2,4,2025-09-06,5,9,0,0,111
2,4,2025-09-07,6,9,0,0,111
2,4,2025-09-08,0,9,0,0,79
2,4,2025-09-09,1,9,0,1,108
2,4,2025-09-10,2,9,0,0,72
2,4,2025-09-11,3,9,0,1,102
2,4,2025-09-12,4,9,0,0,64
2,4,2025-09-13,5,9,0,1,144
2,4,2025-09-14,6,9,0,0,116
2,4,2025-09-15,0,9,0,0,65
2,4,2025-09-16,1,9,0,0,79
2,4,2025-09-17,2,9,0,0,83
2,4,2025-09-18,3,9,0,0,61
2,4,2025-09-19,4,9,0,0,75
2,4,2025-09-20,5,9,0,0,126
2,4,2025-09-21,6,9,0,0,113
2,4,2025-09-22,0,9,0,0,61
2,4,2025-09-23,1,9,0,0,82
2,4,2025-09-24,2,9,0,0,71
2,4,2025-09-25,3,9,0,0,83
2,4,2025-09-26,4,9,0,0,71
2,4,2025-09-27,5,9,0,0,106
2,4,2025-09-28,6,9,0,0,100
2,4,2025-09-29,0,9,0,0,77
2,4,2025-09-30,1,9,0,0,72
2,4,2025-10-01,2,10,0,0,76
2,4,2025-10-02,3,10,0,0,68
2,4,2025-10-03,4,10,0,0,82
2,4,2025-10-04,5,10,0,0,110
2,4,2025-10-05,6,10,0,0,89
2,4,2025-10-06,0,10,0,0,87
2,4,2025-10-07,1,10,0,0,77
2,4,2025-10-08,2,10,0,0,80
2,4,2025-10-09,3,10,0,0,85
2,4,2025-10-10,4,10,0,0,81
2,4,2025-10-11,5,10,0,0,121
2,4,2025-10-12,6,10,0,0,104
2,4,2025-10-13,0,10,0,0,87
2,4,2025-10-14,1,10,0,0,79
2,4,2025-10-15,2,10,0,0,83
2,4,2025-10-16,3,10,0,0,82
2,4,2025-10-17,4,10,0,0,89
2,4,2025-10-18,5,10,0,0,116
2,4,2025-10-19,6,10,0,0,103
2,4,2025-10-20,0,10,0,0,73
2,4,2025-10-21,1,10,0,0,78
2,4,2025-10-22,2,10,0,0,72
2,4,2025-10-23,3,10,0,0,69
2,4,2025-10-24,4,10,0,0,60
2,4,2025-10-25,5,10,0,0,90
2,4,2025-10-26,6,10,0,0,131
2,4,2025-10-27,0,10,0,0,73
2,4,2025-10-28,1,10,0,0,94
2,4,2025-10-29,2,10,0,0,82
2,4,2025-10-30,3,10,0,0,78
2,4,2025-10-31,4,10,0,0,65
2,4,2025-11-01,5,11,0,0,112
2,4,2025-11-02,6,11,0,0,135
2,4,2025-11-03,0,11,0,0,96
2,4,2025-11-04,1,11,0,0,85
2,4,2025-11-05,2,11,0,0,72
2,4,2025-11-06,3,11,0,0,73
2,4,2025-11-07,4,11,0,0,74
2,4,2025-11-08,5,11,0,0,127
2,4,2025-11-09,6,11,0,0,131
2,4,2025-11-10,0,11,0,0,84
2,4,2025-11-11,1,11,0,0,79
2,4,2025-11-12,2,11,0,0,96
2,4,2025-11-13,3,11,0,0,73
2,4,2025-11-14,4,11,0,0,83
2,4,2025-11-15,5,11,0,0,117
2,4,2025-11-16,6,11,0,0,101
2,4,2025-11-17,0,11,0,0,76
2,4,2025-11-18,1,11,0,0,76
2,4,2025-11-19,2,11,0,0,95
2,4,2025-11-20,3,11,0,0,99
2,4,2025-11-21,4,11,0,0,83
2,4,2025-11-22,5,11,1,0,159
2,4,2025-11-23,6,11,1,0,154
2,4,2025-11-24,0,11,1,0,135
2,4,2025-11-25,1,11,1,0,127
2,4,2025-11-26,2,11,1,0,133
2,4,2025-11-27,3,11,1,0,141
2,4,2025-11-28,4,11,1,0,129
2,4,2025-11-29,5,11,0,0,109
2,4,2025-11-30,6,11,0,0,109
2,4,2025-12-01,0,12,0,0,84
2,4,2025-12-02,1,12,0,0,83
2,4,2025-12-03,2,12,0,0,95
2,4,2025-12-04,3,12,0,0,70
2,4,2025-12-05,4,12,0,0,102
2,4,2025-12-06,5,12,0,0,119
2,4,2025-12-07,6,12,0,0,125
2,4,2025-12-08,0,12,0,0,94
2,4,2025-12-09,1,12,0,0,81
2,4,2025-12-10,2,12,0,0,79
2,4,2025-12-11,3,12,0,0,77
2,4,2025-12-12,4,12,0,0,85
2,4,2025-12-13,5,12,0,0,126
2,4,2025-12-14,6,12,0,0,109
2,4,2025-12-15,0,12,0,0,93
2,4,2025-12-16,1,12,0,0,65
2,4,2025-12-17,2,12,0,0,84
2,4,2025-12-18,3,12,0,1,143
2,4,2025-12-19,4,12,0,0,86
2,4,2025-12-20,5,12,0,1,142
2,4,2025-12-21,6,12,0,1,145
2,4,2025-12-22,0,12,0,1,85
2,4,2025-12-23,1,12,0,1,113
2,4,2025-12-24,2,12,1,1,200
2,4,2025-12-25,3,12,1,0,131
2,4,2025-12-26,4,12,0,0,83
2,4,2025-12-27,5,12,0,0,87
2,4,2025-12-28,6,12,0,0,96
2,4,2025-12-29,0,12,0,0,99
2,4,2025-12-30,1,12,0,0,93
2,4,2025-12-31,2,12,1,0,120
2,4,2026-01-01,3,1,0,0,86
2,4,2026-01-02,4,1,0,0,92
2,4,2026-01-03,5,1,0,0,106
2,4,2026-01-04,6,1,0,0,95
2,4,2026-01-05,0,1,0,1,130
2,4,2026-01-06,1,1,0,0,98
2,4,2026-01-07,2,1,0,0,98
2,4,2026-01-08,3,1,0,0,101
2,4,2026-01-09,4,1,0,0,77
2,4,2026-01-10,5,1,0,0,123
2,4,2026-01-11,6,1,0,0,118
2,4,2026-01-12,0,1,0,0,92
2,4,2026-01-13,1,1,0,0,90
2,4,2026-01-14,2,1,0,0,86
2,4,2026-01-15,3,1,0,0,62
2,4,2026-01-16,4,1,0,0,104
2,4,2026-01-17,5,1,0,0,126
2,4,2026-01-18,6,1,0,0,102
2,4,2026-01-19,0,1,0,1,139
2,4,2026-01-20,1,1,0,0,88
2,4,2026-01-21,2,1,0,0,88
2,4,2026-01-22,3,1,0,0,85
2,4,2026-01-23,4,1,0,0,98
2,4,2026-01-24,5,1,0,0,111
2,4,2026-01-25,6,1,0,0,107
2,4,2026-01-26,0,1,0,0,104
2,4,2026-01-27,1,1,0,0,91
2,4,2026-01-28,2,1,0,0,91
2,4,2026-01-29,3,1,0,0,99
2,4,2026-01-30,4,1,0,0,86
2,4,2026-01-31,5,1,0,0,116
2,4,2026-02-01,6,2,0,0,130
2,4,2026-02-02,0,2,0,0,80
2,4,2026-02-03,1,2,0,0,99
2,4,2026-02-04,2,2,0,0,88
2,4,2026-02-05,3,2,0,1,149
2,4,2026-02-06,4,2,0,0,102
2,4,2026-02-07,5,2,0,0,132
2,4,2026-02-08,6,2,0,0,104
2,4,2026-02-09,0,2,0,0,95
2,4,2026-02-10,1,2,0,0,84
2,4,2026-02-11,2,2,0,0,96
2,4,2026-02-12,3,2,0,0,72
2,4,2026-02-13,4,2,0,0,80
2,4,2026-02-14,5,2,0,0,142
2,4,2026-02-15,6,2,0,0,131
2,4,2026-02-16,0,2,0,0,93
2,4,2026-02-17,1,2,0,0,87
2,4,2026-02-18,2,2,0,0,85
2,4,2026-02-19,3,2,0,0,98
2,4,2026-02-20,4,2,0,0,93
2,4,2026-02-21,5,2,0,1,193
2,4,2026-02-22,6,2,0,0,123
2,4,2026-02-23,0,2,0,0,97
2,4,2026-02-24,1,2,0,0,82
2,4,2026-02-25,2,2,0,0,93
2,4,2026-02-26,3,2,0,0,98
2,4,2026-02-27,4,2,0,0,92
2,4,2026-02-28,5,2,0,0,119
2,4,2026-03-01,6,3,0,0,132
2,4,2026-03-02,0,3,0,0,114
2,4,2026-03-03,1,3,0,0,99
2,4,2026-03-04,2,3,0,0,110
2,4,2026-03-05,3,3,0,0,104
2,4,2026-03-06,4,3,0,0,109
2,4,2026-03-07,5,3,0,0,119
2,4,2026-03-08,6,3,0,0,124
2,4,2026-03-09,0,3,0,0,96
2,4,2026-03-10,1,3,0,0,104
2,4,2026-03-11,2,3,0,0,106
2,4,2026-03-12,3,3,0,1,139
2,4,2026-03-13,4,3,0,0,107
2,4,2026-03-14,5,3,0,0,119
2,4,2026-03-15,6,3,0,0,140
2,4,2026-03-16,0,3,0,0,109
2,4,2026-03-17,1,3,0,0,105
2,4,2026-03-18,2,3,0,0,99
2,4,2026-03-19,3,3,0,0,105
2,4,2026-03-20,4,3,0,0,88
2,4,2026-03-21,5,3,0,0,130
2,4,2026-03-22,6,3,0,0,131
2,4,2026-03-23,0,3,0,0,84
2,4,2026-03-24,1,3,0,0,103
2,4,2026-03-25,2,3,0,0,84
2,4,2026-03-26,3,3,0,0,93
2,4,2026-03-27,4,3,0,0,98
2,4,2026-03-28,5,3,0,0,117
2,4,2026-03-29,6,3,0,0,128
2,4,2026-03-30,0,3,0,0,98
2,4,2026-03-31,1,3,0,0,89
2,4,2026-04-01,2,4,0,0,102
2,4,2026-04-02,3,4,0,0,88
2,4,2026-04-03,4,4,0,0,120
2,4,2026-04-04,5,4,0,0,124
2,4,2026-04-05,6,4,0,0,110
2,4,2026-04-06,0,4,0,0,86
2,4,2026-04-07,1,4,0,0,108
2,4,2026-04-08,2,4,0,0,92
2,4,2026-04-09,3,4,0,0,82
2,4,2026-04-10,4,4,0,0,105
2,4,2026-04-11,5,4,0,0,120
2,4,2026-04-12,6,4,0,0,135
2,4,2026-04-13,0,4,0,1,150
2,4,2026-04-14,1,4,0,1,140
2,4,2026-04-15,2,4,0,0,121
2,4,2026-04-16,3,4,0,0,78
2,4,2026-04-17,4,4,0,0,88
2,4,2026-04-18,5,4,0,0,122
2,4,2026-04-19,6,4,0,0,157
2,4,2026-04-20,0,4,0,0,115
2,4,2026-04-21,1,4,0,0,110
2,4,2026-04-22,2,4,0,0,88
2,4,2026-04-23,3,4,0,0,89
2,4,2026-04-24,4,4,0,0,88
2,4,2026-04-25,5,4,0,0,115
2,4,2026-04-26,6,4,0,0,146
2,4,2026-04-27,0,4,0,0,94
2,4,2026-04-28,1,4,0,0,95
2,4,2026-04-29,2,4,0,0,104
2,4,2026-04-30,3,4,0,0,79
2,4,2026-05-01,4,5,0,0,93
2,4,2026-05-02,5,5,0,0,107
2,4,2026-05-03,6,5,0,0,118
2,4,2026-05-04,0,5,0,0,86
2,4,2026-05-05,1,5,0,0,86
2,4,2026-05-06,2,5,0,0,95
2,4,2026-05-07,3,5,0,0,95
2,4,2026-05-08,4,5,0,0,90
2,4,2026-05-09,5,5,0,0,127
2,4,2026-05-10,6,5,0,0,110
2,4,2026-05-11,0,5,0,0,99
2,4,2026-05-12,1,5,0,0,90
2,4,2026-05-13,2,5,0,0,87
2,4,2026-05-14,3,5,0,0,84
2,4,2026-05-15,4,5,0,0,90
2,4,2026-05-16,5,5,0,0,147
2,4,2026-05-17,6,5,0,0,121
2,4,2026-05-18,0,5,0,0,81
2,4,2026-05-19,1,5,0,1,145
2,4,2026-05-20,2,5,0,0,88
2,4,2026-05-21,3,5,0,0,95
2,4,2026-05-22,4,5,0,0,86
2,4,2026-05-23,5,5,0,0,139
2,4,2026-05-24,6,5,0,0,114
2,4,2026-05-25,0,5,0,0,106
2,4,2026-05-26,1,5,0,1,117
2,4,2026-05-27,2,5,0,0,89
2,4,2026-05-28,3,5,0,0,106
2,4,2026-05-29,4,5,0,0,94
2,4,2026-05-30,5,5,0,0,152
2,4,2026-05-31,6,5,0,0,118
2,4,2026-06-01,0,6,0,0,90
2,4,2026-06-02,1,6,0,0,105
2,4,2026-06-03,2,6,0,0,73
2,4,2026-06-04,3,6,0,0,72
2,4,2026-06-05,4,6,0,1,116
2,4,2026-06-06,5,6,0,0,127
2,4,2026-06-07,6,6,0,0,96
2,4,2026-06-08,0,6,0,0,93
2,4,2026-06-09,1,6,0,0,92
2,4,2026-06-10,2,6,0,0,106
2,4,2026-06-11,3,6,0,0,97
2,4,2026-06-12,4,6,0,0,91
2,4,2026-06-13,5,6,0,0,134
2,4,2026-06-14,6,6,0,0,123
2,4,2026-06-15,0,6,0,0,83
2,4,2026-06-16,1,6,0,0,76
2,4,2026-06-17,2,6,0,0,82
2,4,2026-06-18,3,6,0,0,87
2,4,2026-06-19,4,6,0,1,129
2,4,2026-06-20,5,6,0,0,89
2,4,2026-06-21,6,6,0,0,114
2,4,2026-06-22,0,6,0,0,87
2,4,2026-06-23,1,6,0,0,92
2,4,2026-06-24,2,6,0,0,103
2,4,2026-06-25,3,6,0,0,89
2,4,2026-06-26,4,6,0,0,78
2,4,2026-06-27,5,6,0,0,93
2,4,2026-06-28,6,6,0,0,125
2,4,2026-06-29,0,6,0,0,79
2,4,2026-06-30,1,6,0,0,95
2,4,2026-07-01,2,7,0,0,94
2,4,2026-07-02,3,7,0,0,68
2,4,2026-07-03,4,7,0,0,87
2,4,2026-07-04,5,7,0,0,127
2,4,2026-07-05,6,7,0,0,124
2,4,2026-07-06,0,7,0,0,63
2,4,2026-07-07,1,7,0,0,74
2,4,2026-07-08,2,7,0,0,70
2,4,2026-07-09,3,7,0,0,86
2,4,2026-07-10,4,7,0,0,85
2,4,2026-07-11,5,7,0,0,79
2,4,2026-07-12,6,7,0,0,108
2,4,2026-07-13,0,7,0,0,89
2,4,2026-07-14,1,7,0,0,83
2,4,2026-07-15,2,7,0,0,83
2,4,2026-07-16,3,7,0,0,79
2,4,2026-07-17,4,7,0,0,72
2,4,2026-07-18,5,7,0,0,111
2,4,2026-07-19,6,7,0,0,112
2,4,2026-07-20,0,7,0,0,87
2,4,2026-07-21,1,7,0,0,88
2,4,2026-07-22,2,7,0,0,83
2,4,2026-07-23,3,7,0,0,92
2,4,2026-07-24,4,7,0,0,78
2,4,2026-07-25,5,7,0,0,94
2,4,2026-07-26,6,7,0,0,117
2,4,2026-07-27,0,7,0,0,83
2,4,2026-07-28,1,7,0,0,86
2,4,2026-07-29,2,7,0,0,70
2,4,2026-07-30,3,7,0,0,98
2,4,2026-07-31,4,7,0,0,88
2,4,2026-08-01,5,8,0,0,104
2,4,2026-08-02,6,8,0,0,96
2,4,2026-08-03,0,8,0,0,87
2,4,2026-08-04,1,8,0,0,69
2,4,2026-08-05,2,8,0,0,97
2,4,2026-08-06,3,8,0,0,73
2,4,2026-08-07,4,8,0,0,93
2,4,2026-08-08,5,8,0,0,105
2,4,2026-08-09,6,8,0,0,126
2,4,2026-08-10,0,8,0,0,72
2,4,2026-08-11,1,8,0,0,78
2,4,2026-08-12,2,8,0,0,85
2,4,2026-08-13,3,8,0,0,84
2,4,2026-08-14,4,8,0,0,87
2,4,2026-08-15,5,8,0,0,102
2,4,2026-08-16,6,8,0,0,108
2,4,2026-08-17,0,8,0,0,88
2,4,2026-08-18,1,8,0,0,72
2,4,2026-08-19,2,8,0,0,83
2,4,2026-08-20,3,8,0,0,76
2,4,2026-08-21,4,8,0,0,80
2,4,2026-08-22,5,8,0,0,108
2,4,2026-08-23,6,8,0,0,98
2,4,2026-08-24,0,8,0,0,76
2,4,2026-08-25,1,8,0,0,79
2,4,2026-08-26,2,8,0,0,77
2,4,2026-08-27,3,8,0,0,91
2,4,2026-08-28,4,8,0,0,86
2,4,2026-08-29,5,8,0,0,111
2,4,2026-08-30,6,8,0,1,135
2,4,2026-08-31,0,8,0,0,71
2,5,2024-09-01,6,9,0,0,99
2,5,2024-09-02,0,9,0,0,68
2,5,2024-09-03,1,9,0,0,94
2,5,2024-09-04,2,9,0,0,87
2,5,2024-09-05,3,9,0,0,78
2,5,2024-09-06,4,9,0,0,92
2,5,2024-09-07,5,9,0,0,96
2,5,2024-09-08,6,9,0,0,83
2,5,2024-09-09,0,9,0,0,90
2,5,2024-09-10,1,9,0,0,70
2,5,2024-09-11,2,9,0,0,79
2,5,2024-09-12,3,9,0,0,83
2,5,2024-09-13,4,9,0,0,84
2,5,2024-09-14,5,9,0,0,112
2,5,2024-09-15,6,9,0,0,109
2,5,2024-09-16,0,9,0,0,86
2,5,2024-09-17,1,9,0,0,74
2,5,2024-09-18,2,9,0,0,84
2,5,2024-09-19,3,9,0,1,103
2,5,2024-09-20,4,9,0,0,94
2,5,2024-09-21,5,9,0,0,87
2,5,2024-09-22,6,9,0,0,99
2,5,2024-09-23,0,9,0,0,70
2,5,2024-09-24,1,9,0,0,75
2,5,2024-09-25,2,9,0,0,81
2,5,2024-09-26,3,9,0,0,76
2,5,2024-09-27,4,9,0,0,91
2,5,2024-09-28,5,9,0,0,105
2,5,2024-09-29,6,9,0,0,98
2,5,2024-09-30,0,9,0,0,80
2,5,2024-10-01,1,10,0,0,93
2,5,2024-10-02,2,10,0,0,90
2,5,2024-10-03,3,10,0,0,72
2,5,2024-10-04,4,10,0,0,76
2,5,2024-10-05,5,10,0,0,109
2,5,2024-10-06,6,10,0,0,108
2,5,2024-10-07,0,10,0,0,73
2,5,2024-10-08,1,10,0,0,89
2,5,2024-10-09,2,10,0,0,75
2,5,2024-10-10,3,10,0,0,94
2,5,2024-10-11,4,10,0,0,87
2,5,2024-10-12,5,10,0,0,92
2,5,2024-10-13,6,10,0,0,98
2,5,2024-10-14,0,10,0,0,78
2,5,2024-10-15,1,10,0,0,84
2,5,2024-10-16,2,10,0,0,81
2,5,2024-10-17,3,10,0,0,72
2,5,2024-10-18,4,10,0,0,70
2,5,2024-10-19,5,10,0,0,110
2,5,2024-10-20,6,10,0,0,107
2,5,2024-10-21,0,10,0,0,83
2,5,2024-10-22,1,10,0,0,85
2,5,2024-10-23,2,10,0,0,77
2,5,2024-10-24,3,10,0,0,84
2,5,2024-10-25,4,10,0,0,105
2,5,2024-10-26,5,10,0,0,117
2,5,2024-10-27,6,10,0,0,101
2,5,2024-10-28,0,10,0,0,78
2,5,2024-10-29,1,10,0,0,57
2,5,2024-10-30,2,10,0,0,92
2,5,2024-10-31,3,10,0,0,89
2,5,2024-11-01,4,11,0,0,81
2,5,2024-11-02,5,11,0,0,92
2,5,2024-11-03,6,11,0,0,95
2,5,2024-11-04,0,11,0,0,91
2,5,2024-11-05,1,11,0,1,127
2,5,2024-11-06,2,11,0,0,93
2,5,2024-11-07,3,11,0,0,87
2,5,2024-11-08,4,11,0,0,95
2,5,2024-11-09,5,11,0,0,112
2,5,2024-11-10,6,11,0,0,118
2,5,2024-11-11,0,11,0,0,67
2,5,2024-11-12,1,11,0,0,75
2,5,2024-11-13,2,11,0,0,83
2,5,2024-11-14,3,11,0,0,96
2,5,2024-11-15,4,11,0,1,153
2,5,2024-11-16,5,11,0,0,106
2,5,2024-11-17,6,11,0,0,101
2,5,2024-11-18,0,11,0,0,68
2,5,2024-11-19,1,11,0,0,94
2,5,2024-11-20,2,11,0,0,81
2,5,2024-11-21,3,11,0,0,114
2,5,2024-11-22,4,11,1,0,131
2,5,2024-11-23,5,11,1,0,200
2,5,2024-11-24,6,11,1,0,176
2,5,2024-11-25,0,11,1,0,126
2,5,2024-11-26,1,11,1,0,145
2,5,2024-11-27,2,11,1,0,153
2,5,2024-11-28,3,11,1,0,138
2,5,2024-11-29,4,11,0,1,139
2,5,2024-11-30,5,11,0,0,118
2,5,2024-12-01,6,12,0,0,121
2,5,2024-12-02,0,12,0,0,92
2,5,2024-12-03,1,12,0,1,117
2,5,2024-12-04,2,12,0,1,132
2,5,2024-12-05,3,12,0,0,94
2,5,2024-12-06,4,12,0,0,74
2,5,2024-12-07,5,12,0,0,116
2,5,2024-12-08,6,12,0,0,113
2,5,2024-12-09,0,12,0,0,79
2,5,2024-12-10,1,12,0,0,89
2,5,2024-12-11,2,12,0,0,89
2,5,2024-12-12,3,12,0,0,111
2,5,2024-12-13,4,12,0,1,136
2,5,2024-12-14,5,12,0,0,126
2,5,2024-12-15,6,12,0,0,112
2,5,2024-12-16,0,12,0,0,74
2,5,2024-12-17,1,12,0,0,99
2,5,2024-12-18,2,12,0,0,86
2,5,2024-12-19,3,12,0,0,89
2,5,2024-12-20,4,12,0,0,82
2,5,2024-12-21,5,12,0,0,115
2,5,2024-12-22,6,12,0,0,127
2,5,2024-12-23,0,12,0,0,101
2,5,2024-12-24,1,12,1,0,172
2,5,2024-12-25,2,12,1,0,174
2,5,2024-12-26,3,12,0,0,72
2,5,2024-12-27,4,12,0,0,80
2,5,2024-12-28,5,12,0,0,92
2,5,2024-12-29,6,12,0,0,121
2,5,2024-12-30,0,12,0,0,85
2,5,2024-12-31,1,12,1,0,140
2,5,2025-01-01,2,1,0,0,95
2,5,2025-01-02,3,1,0,1,145
2,5,2025-01-03,4,1,0,0,82
2,5,2025-01-04,5,1,0,0,103
2,5,2025-01-05,6,1,0,0,119
2,5,2025-01-06,0,1,0,0,110
2,5,2025-01-07,1,1,0,0,97
2,5,2025-01-08,2,1,0,0,89
2,5,2025-01-09,3,1,0,0,75
2,5,2025-01-10,4,1,0,0,107
2,5,2025-01-11,5,1,0,0,110
2,5,2025-01-12,6,1,0,0,105
2,5,2025-01-13,0,1,0,0,80
2,5,2025-01-14,1,1,0,0,83
2,5,2025-01-15,2,1,0,0,87
2,5,2025-01-16,3,1,0,0,95
2,5,2025-01-17,4,1,0,0,85
2,5,2025-01-18,5,1,0,0,122
2,5,2025-01-19,6,1,0,0,116
2,5,2025-01-20,0,1,0,0,120
2,5,2025-01-21,1,1,0,0,80
2,5,2025-01-22,2,1,0,0,99
2,5,2025-01-23,3,1,0,0,99
2,5,2025-01-24,4,1,0,1,124
2,5,2025-01-25,5,1,0,0,120
2,5,2025-01-26,6,1,0,0,129
2,5,2025-01-27,0,1,0,0,98
2,5,2025-01-28,1,1,0,0,112
2,5,2025-01-29,2,1,0,0,75
2,5,2025-01-30,3,1,0,0,89
2,5,2025-01-31,4,1,0,0,113
2,5,2025-02-01,5,2,0,0,135
2,5,2025-02-02,6,2,0,0,130
2,5,2025-02-03,0,2,0,0,115
2,5,2025-02-04,1,2,0,0,81
2,5,2025-02-05,2,2,0,0,110
2,5,2025-02-06,3,2,0,0,113
2,5,2025-02-07,4,2,0,0,94
2,5,2025-02-08,5,2,0,0,158
2,5,2025-02-09,6,2,0,0,126
2,5,2025-02-10,0,2,0,1,110
2,5,2025-02-11,1,2,0,0,106
2,5,2025-02-12,2,2,0,0,94
2,5,2025-02-13,3,2,0,0,114
2,5,2025-02-14,4,2,0,0,107
2,5,2025-02-15,5,2,0,0,115
2,5,2025-02-16,6,2,0,0,143
2,5,2025-02-17,0,2,0,0,112
2,5,2025-02-18,1,2,0,0,93
2,5,2025-02-19,2,2,0,0,100
2,5,2025-02-20,3,2,0,0,107
2,5,2025-02-21,4,2,0,0,98
2,5,2025-02-22,5,2,0,0,119
2,5,2025-02-23,6,2,0,0,124
2,5,2025-02-24,0,2,0,0,90
2,5,2025-02-25,1,2,0,0,77
2,5,2025-02-26,2,2,0,0,104
2,5,2025-02-27,3,2,0,0,80
2,5,2025-02-28,4,2,0,0,91
2,5,2025-03-01,5,3,0,0,101
2,5,2025-03-02,6,3,0,0,103
2,5,2025-03-03,0,3,0,0,108
2,5,2025-03-04,1,3,0,0,100
2,5,2025-03-05,2,3,0,0,100
2,5,2025-03-06,3,3,0,0,89
2,5,2025-03-07,4,3,0,0,96
2,5,2025-03-08,5,3,0,0,130
2,5,2025-03-09,6,3,0,0,124
2,5,2025-03-10,0,3,0,0,112
2,5,2025-03-11,1,3,0,0,113
2,5,2025-03-12,2,3,0,0,100
2,5,2025-03-13,3,3,0,1,116
2,5,2025-03-14,4,3,0,0,95
2,5,2025-03-15,5,3,0,0,123
2,5,2025-03-16,6,3,0,0,114
2,5,2025-03-17,0,3,0,0,91
2,5,2025-03-18,1,3,0,0,104
2,5,2025-03-19,2,3,0,0,129
2,5,2025-03-20,3,3,0,0,98
2,5,2025-03-21,4,3,0,0,103
2,5,2025-03-22,5,3,0,1,143
2,5,2025-03-23,6,3,0,0,141
2,5,2025-03-24,0,3,0,0,112
2,5,2025-03-25,1,3,0,0,112
2,5,2025-03-26,2,3,0,0,118
2,5,2025-03-27,3,3,0,0,98
2,5,2025-03-28,4,3,0,0,100
2,5,2025-03-29,5,3,0,0,147
2,5,2025-03-30,6,3,0,0,133
2,5,2025-03-31,0,3,0,0,79
2,5,2025-04-01,1,4,0,0,106
2,5,2025-04-02,2,4,0,0,95
2,5,2025-04-03,3,4,0,1,156
2,5,2025-04-04,4,4,0,1,149
2,5,2025-04-05,5,4,0,0,100
2,5,2025-04-06,6,4,0,0,127
2,5,2025-04-07,0,4,0,0,104
2,5,2025-04-08,1,4,0,0,105
2,5,2025-04-09,2,4,0,0,108
2,5,2025-04-10,3,4,0,0,117
2,5,2025-04-11,4,4,0,0,106
2,5,2025-04-12,5,4,0,0,123
2,5,2025-04-13,6,4,0,0,138
2,5,2025-04-14,0,4,0,0,126
2,5,2025-04-15,1,4,0,0,111
2,5,2025-04-16,2,4,0,0,104
2,5,2025-04-17,3,4,0,0,106
2,5,2025-04-18,4,4,0,0,104
2,5,2025-04-19,5,4,0,0,123
2,5,2025-04-20,6,4,0,0,151
2,5,2025-04-21,0,4,0,0,93
2,5,2025-04-22,1,4,0,0,114
2,5,2025-04-23,2,4,0,0,100
2,5,2025-04-24,3,4,0,0,85
2,5,2025-04-25,4,4,0,1,140
2,5,2025-04-26,5,4,0,0,116
2,5,2025-04-27,6,4,0,0,131
2,5,2025-04-28,0,4,0,0,102
2,5,2025-04-29,1,4,0,0,90
2,5,2025-04-30,2,4,0,0,117
2,5,2025-05-01,3,5,0,0,109
2,5,2025-05-02,4,5,0,0,114
2,5,2025-05-03,5,5,0,0,122
2,5,2025-05-04,6,5,0,0,119
2,5,2025-05-05,0,5,0,0,105
2,5,2025-05-06,1,5,0,1,130
2,5,2025-05-07,2,5,0,0,99
2,5,2025-05-08,3,5,0,0,95
2,5,2025-05-09,4,5,0,0,82
2,5,2025-05-10,5,5,0,0,121
2,5,2025-05-11,6,5,0,0,113
2,5,2025-05-12,0,5,0,0,95
2,5,2025-05-13,1,5,0,0,101
2,5,2025-05-14,2,5,0,0,110
2,5,2025-05-15,3,5,0,1,126
2,5,2025-05-16,4,5,0,0,94
2,5,2025-05-17,5,5,0,0,109
2,5,2025-05-18,6,5,0,0,109
2,5,2025-05-19,0,5,0,0,91
2,5,2025-05-20,1,5,0,0,95
2,5,2025-05-21,2,5,0,0,103
2,5,2025-05-22,3,5,0,1,143
2,5,2025-05-23,4,5,0,1,123
2,5,2025-05-24,5,5,0,0,135
2,5,2025-05-25,6,5,0,0,131
2,5,2025-05-26,0,5,0,0,88
2,5,2025-05-27,1,5,0,0,110
2,5,2025-05-28,2,5,0,0,101
2,5,2025-05-29,3,5,0,0,96
2,5,2025-05-30,4,5,0,0,101
2,5,2025-05-31,5,5,0,0,119
2,5,2025-06-01,6,6,0,0,120
2,5,2025-06-02,0,6,0,0,94
2,5,2025-06-03,1,6,0,0,88
2,5,2025-06-04,2,6,0,0,72
2,5,2025-06-05,3,6,0,0,97
2,5,2025-06-06,4,6,0,0,88
2,5,2025-06-07,5,6,0,0,123
2,5,2025-06-08,6,6,0,0,119
2,5,2025-06-09,0,6,0,1,128
2,5,2025-06-10,1,6,0,0,102
2,5,2025-06-11,2,6,0,0,94
2,5,2025-06-12,3,6,0,0,93
2,5,2025-06-13,4,6,0,0,90
2,5,2025-06-14,5,6,0,0,134
2,5,2025-06-15,6,6,0,0,105
2,5,2025-06-16,0,6,0,0,89
2,5,2025-06-17,1,6,0,0,80
2,5,2025-06-18,2,6,0,0,99
2,5,2025-06-19,3,6,0,0,86
2,5,2025-06-20,4,6,0,0,87
2,5,2025-06-21,5,6,0,0,107
2,5,2025-06-22,6,6,0,1,156
2,5,2025-06-23,0,6,0,0,80
2,5,2025-06-24,1,6,0,0,70
2,5,2025-06-25,2,6,0,0,96
2,5,2025-06-26,3,6,0,0,71
2,5,2025-06-27,4,6,0,0,100
2,5,2025-06-28,5,6,0,0,132
2,5,2025-06-29,6,6,0,1,152
2,5,2025-06-30,0,6,0,0,104
2,5,2025-07-01,1,7,0,0,86
2,5,2025-07-02,2,7,0,0,101
2,5,2025-07-03,3,7,0,0,82
2,5,2025-07-04,4,7,0,0,65
2,5,2025-07-05,5,7,0,0,107
2,5,2025-07-06,6,7,0,0,128
2,5,2025-07-07,0,7,0,1,135
2,5,2025-07-08,1,7,0,0,81
2,5,2025-07-09,2,7,0,0,89
2,5,2025-07-10,3,7,0,0,95
2,5,2025-07-11,4,7,0,0,85
2,5,2025-07-12,5,7,0,0,138
2,5,2025-07-13,6,7,0,0,102
2,5,2025-07-14,0,7,0,1,141
2,5,2025-07-15,1,7,0,0,93
2,5,2025-07-16,2,7,0,0,80
2,5,2025-07-17,3,7,0,0,82
2,5,2025-07-18,4,7,0,0,95
2,5,2025-07-19,5,7,0,0,110
2,5,2025-07-20,6,7,0,0,112
2,5,2025-07-21,0,7,0,0,71
2,5,2025-07-22,1,7,0,0,92
2,5,2025-07-23,2,7,0,0,89
2,5,2025-07-24,3,7,0,0,86
2,5,2025-07-25,4,7,0,0,89
2,5,2025-07-26,5,7,0,0,103
2,5,2025-07-27,6,7,0,0,101
2,5,2025-07-28,0,7,0,0,84
2,5,2025-07-29,1,7,0,0,82
2,5,2025-07-30,2,7,0,0,106
2,5,2025-07-31,3,7,0,0,95
2,5,2025-08-01,4,8,0,0,74
2,5,2025-08-02,5,8,0,0,126
2,5,2025-08-03,6,8,0,0,99
2,5,2025-08-04,0,8,0,0,82
2,5,2025-08-05,1,8,0,0,90
2,5,2025-08-06,2,8,0,0,65
2,5,2025-08-07,3,8,0,0,80
2,5,2025-08-08,4,8,0,0,77
2,5,2025-08-09,5,8,0,0,106
2,5,2025-08-10,6,8,0,0,108
2,5,2025-08-11,0,8,0,0,81
2,5,2025-08-12,1,8,0,0,81
2,5,2025-08-13,2,8,0,0,91
2,5,2025-08-14,3,8,0,0,85
2,5,2025-08-15,4,8,0,0,82
2,5,2025-08-16,5,8,0,0,106
2,5,2025-08-17,6,8,0,0,124
2,5,2025-08-18,0,8,0,0,84
2,5,2025-08-19,1,8,0,0,78
2,5,2025-08-20,2,8,0,0,65
2,5,2025-08-21,3,8,0,0,70
2,5,2025-08-22,4,8,0,0,78
2,5,2025-08-23,5,8,0,0,103
2,5,2025-08-24,6,8,0,0,98
2,5,2025-08-25,0,8,0,0,85
2,5,2025-08-26,1,8,0,1,116
2,5,2025-08-27,2,8,0,0,74
2,5,2025-08-28,3,8,0,0,87
2,5,2025-08-29,4,8,0,0,94
2,5,2025-08-30,5,8,0,0,92
2,5,2025-08-31,6,8,0,0,107
2,5,2025-09-01,0,9,0,0,64
2,5,2025-09-02,1,9,0,0,68
2,5,2025-09-03,2,9,0,0,76
2,5,2025-09-04,3,9,0,1,137
2,5,2025-09-05,4,9,0,0,74
2,5,2025-09-06,5,9,0,0,93
2,5,2025-09-07,6,9,0,0,103
2,5,2025-09-08,0,9,0,0,81
2,5,2025-09-09,1,9,0,0,74
2,5,2025-09-10,2,9,0,0,98
2,5,2025-09-11,3,9,0,0,78
2,5,2025-09-12,4,9,0,0,82
2,5,2025-09-13,5,9,0,0,98
2,5,2025-09-14,6,9,0,0,107
2,5,2025-09-15,0,9,0,0,91
2,5,2025-09-16,1,9,0,0,95
2,5,2025-09-17,2,9,0,0,74
2,5,2025-09-18,3,9,0,0,90
2,5,2025-09-19,4,9,0,0,85
2,5,2025-09-20,5,9,0,0,113
2,5,2025-09-21,6,9,0,0,101
2,5,2025-09-22,0,9,0,0,79
2,5,2025-09-23,1,9,0,0,89
2,5,2025-09-24,2,9,0,0,89
2,5,2025-09-25,3,9,0,0,94
2,5,2025-09-26,4,9,0,0,82
2,5,2025-09-27,5,9,0,0,101
2,5,2025-09-28,6,9,0,0,76
2,5,2025-09-29,0,9,0,0,67
2,5,2025-09-30,1,9,0,0,77
2,5,2025-10-01,2,10,0,0,72
2,5,2025-10-02,3,10,0,1,134
2,5,2025-10-03,4,10,0,0,71
2,5,2025-10-04,5,10,0,0,98
2,5,2025-10-05,6,10,0,0,99
2,5,2025-10-06,0,10,0,0,93
2,5,2025-10-07,1,10,0,0,77
2,5,2025-10-08,2,10,0,0,86
2,5,2025-10-09,3,10,0,0,84
2,5,2025-10-10,4,10,0,0,90
2,5,2025-10-11,5,10,0,0,113
2,5,2025-10-12,6,10,0,0,103
2,5,2025-10-13,0,10,0,0,67
2,5,2025-10-14,1,10,0,0,80
2,5,2025-10-15,2,10,0,0,82
2,5,2025-10-16,3,10,0,0,85
2,5,2025-10-17,4,10,0,0,76
2,5,2025-10-18,5,10,0,0,116
2,5,2025-10-19,6,10,0,0,104
2,5,2025-10-20,0,10,0,0,74
2,5,2025-10-21,1,10,0,0,78
2,5,2025-10-22,2,10,0,0,99
2,5,2025-10-23,3,10,0,0,88
2,5,2025-10-24,4,10,0,0,91
2,5,2025-10-25,5,10,0,0,92
2,5,2025-10-26,6,10,0,0,96
2,5,2025-10-27,0,10,0,0,76
2,5,2025-10-28,1,10,0,0,84
2,5,2025-10-29,2,10,0,0,81
2,5,2025-10-30,3,10,0,0,78
2,5,2025-10-31,4,10,0,0,79
2,5,2025-11-01,5,11,0,0,99
2,5,2025-11-02,6,11,0,0,106
2,5,2025-11-03,0,11,0,0,96
2,5,2025-11-04,1,11,0,1,107
2,5,2025-11-05,2,11,0,0,89
2,5,2025-11-06,3,11,0,1,146
2,5,2025-11-07,4,11,0,0,84
2,5,2025-11-08,5,11,0,0,102
2,5,2025-11-09,6,11,0,0,118
2,5,2025-11-10,0,11,0,0,77
2,5,2025-11-11,1,11,0,0,86
2,5,2025-11-12,2,11,0,0,77
2,5,2025-11-13,3,11,0,0,69
2,5,2025-11-14,4,11,0,0,85
2,5,2025-11-15,5,11,0,0,93
2,5,2025-11-16,6,11,0,0,108
2,5,2025-11-17,0,11,0,0,96
2,5,2025-11-18,1,11,0,0,103
2,5,2025-11-19,2,11,0,0,87
2,5,2025-11-20,3,11,0,0,95
2,5,2025-11-21,4,11,0,0,90
2,5,2025-11-22,5,11,1,0,156
2,5,2025-11-23,6,11,1,0,130
2,5,2025-11-24,0,11,1,0,166
2,5,2025-11-25,1,11,1,0,126
2,5,2025-11-26,2,11,1,0,162
2,5,2025-11-27,3,11,1,0,149
2,5,2025-11-28,4,11,1,0,127
2,5,2025-11-29,5,11,0,0,111
2,5,2025-11-30,6,11,0,0,132
2,5,2025-12-01,0,12,0,0,106
2,5,2025-12-02,1,12,0,1,126
2,5,2025-12-03,2,12,0,0,85
2,5,2025-12-04,3,12,0,0,93
2,5,2025-12-05,4,12,0,0,90
2,5,2025-12-06,5,12,0,0,128
2,5,2025-12-07,6,12,0,0,122
2,5,2025-12-08,0,12,0,0,75
2,5,2025-12-09,1,12,0,0,96
2,5,2025-12-10,2,12,0,0,90
2,5,2025-12-11,3,12,0,0,92
2,5,2025-12-12,4,12,0,0,94
2,5,2025-12-13,5,12,0,1,174
2,5,2025-12-14,6,12,0,0,125
2,5,2025-12-15,0,12,0,0,84
2,5,2025-12-16,1,12,0,0,91
2,5,2025-12-17,2,12,0,0,87
2,5,2025-12-18,3,12,0,0,75
2,5,2025-12-19,4,12,0,0,90
2,5,2025-12-20,5,12,0,0,136
2,5,2025-12-21,6,12,0,0,93
2,5,2025-12-22,0,12,0,0,91
2,5,2025-12-23,1,12,0,0,91
2,5,2025-12-24,2,12,1,0,151
2,5,2025-12-25,3,12,1,1,169
2,5,2025-12-26,4,12,0,0,78
2,5,2025-12-27,5,12,0,0,97
2,5,2025-12-28,6,12,0,0,129
2,5,2025-12-29,0,12,0,0,82
2,5,2025-12-30,1,12,0,0,87
2,5,2025-12-31,2,12,1,0,180
2,5,2026-01-01,3,1,0,0,89
2,5,2026-01-02,4,1,0,0,101
2,5,2026-01-03,5,1,0,0,132
2,5,2026-01-04,6,1,0,1,178
2,5,2026-01-05,0,1,0,0,83
2,5,2026-01-06,1,1,0,0,90
2,5,2026-01-07,2,1,0,0,100
2,5,2026-01-08,3,1,0,0,117
2,5,2026-01-09,4,1,0,0,89
2,5,2026-01-10,5,1,0,0,113
2,5,2026-01-11,6,1,0,0,124
2,5,2026-01-12,0,1,0,0,103
2,5,2026-01-13,1,1,0,0,104
2,5,2026-01-14,2,1,0,0,88
2,5,2026-01-15,3,1,0,0,92
2,5,2026-01-16,4,1,0,0,99
2,5,2026-01-17,5,1,0,0,135
2,5,2026-01-18,6,1,0,0,116
2,5,2026-01-19,0,1,0,0,97
2,5,2026-01-20,1,1,0,0,86
2,5,2026-01-21,2,1,0,0,116
2,5,2026-01-22,3,1,0,0,99
2,5,2026-01-23,4,1,0,0,108
2,5,2026-01-24,5,1,0,0,119
2,5,2026-01-25,6,1,0,0,120
2,5,2026-01-26,0,1,0,0,82
2,5,2026-01-27,1,1,0,0,75
2,5,2026-01-28,2,1,0,0,110
2,5,2026-01-29,3,1,0,0,98
2,5,2026-01-30,4,1,0,0,99
2,5,2026-01-31,5,1,0,0,103
2,5,2026-02-01,6,2,0,0,111
2,5,2026-02-02,0,2,0,0,112
2,5,2026-02-03,1,2,0,0,120
2,5,2026-02-04,2,2,0,0,94
2,5,2026-02-05,3,2,0,0,108
2,5,2026-02-06,4,2,0,0,103
2,5,2026-02-07,5,2,0,0,121
2,5,2026-02-08,6,2,0,0,147
2,5,2026-02-09,0,2,0,0,96
2,5,2026-02-10,1,2,0,0,114
2,5,2026-02-11,2,2,0,0,105
2,5,2026-02-12,3,2,0,0,101
2,5,2026-02-13,4,2,0,0,116
2,5,2026-02-14,5,2,0,0,127
2,5,2026-02-15,6,2,0,0,122
2,5,2026-02-16,0,2,0,0,116
2,5,2026-02-17,1,2,0,0,114
2,5,2026-02-18,2,2,0,0,114
2,5,2026-02-19,3,2,0,0,59
2,5,2026-02-20,4,2,0,0,106
2,5,2026-02-21,5,2,0,0,126
2,5,2026-02-22,6,2,0,0,122
2,5,2026-02-23,0,2,0,1,152
2,5,2026-02-24,1,2,0,0,104
2,5,2026-02-25,2,2,0,0,108
2,5,2026-02-26,3,2,0,0,98
2,5,2026-02-27,4,2,0,0,117
2,5,2026-02-28,5,2,0,0,133
2,5,2026-03-01,6,3,0,0,131
2,5,2026-03-02,0,3,0,0,108
2,5,2026-03-03,1,3,0,0,115
2,5,2026-03-04,2,3,0,0,114
2,5,2026-03-05,3,3,0,0,101
2,5,2026-03-06,4,3,0,0,113
2,5,2026-03-07,5,3,0,0,127
2,5,2026-03-08,6,3,0,0,150
2,5,2026-03-09,0,3,0,1,161
2,5,2026-03-10,1,3,0,1,134
2,5,2026-03-11,2,3,0,0,128
2,5,2026-03-12,3,3,0,0,80
2,5,2026-03-13,4,3,0,0,109
2,5,2026-03-14,5,3,0,0,115
2,5,2026-03-15,6,3,0,0,149
2,5,2026-03-16,0,3,0,0,105
2,5,2026-03-17,1,3,0,0,94
2,5,2026-03-18,2,3,0,0,100
2,5,2026-03-19,3,3,0,0,95
2,5,2026-03-20,4,3,0,0,99
2,5,2026-03-21,5,3,0,0,120
2,5,2026-03-22,6,3,0,0,114
2,5,2026-03-23,0,3,0,0,105
2,5,2026-03-24,1,3,0,0,107
2,5,2026-03-25,2,3,0,0,92
2,5,2026-03-26,3,3,0,0,84
2,5,2026-03-27,4,3,0,0,106
2,5,2026-03-28,5,3,0,0,131
2,5,2026-03-29,6,3,0,0,134
2,5,2026-03-30,0,3,0,0,108
2,5,2026-03-31,1,3,0,0,120
2,5,2026-04-01,2,4,0,1,157
2,5,2026-04-02,3,4,0,0,130
2,5,2026-04-03,4,4,0,0,134
2,5,2026-04-04,5,4,0,0,100
2,5,2026-04-05,6,4,0,0,94
2,5,2026-04-06,0,4,0,0,101
2,5,2026-04-07,1,4,0,0,106
2,5,2026-04-08,2,4,0,1,141
2,5,2026-04-09,3,4,0,0,109
2,5,2026-04-10,4,4,0,0,98
2,5,2026-04-11,5,4,0,0,114
2,5,2026-04-12,6,4,0,0,116
2,5,2026-04-13,0,4,0,0,99
2,5,2026-04-14,1,4,0,0,110
2,5,2026-04-15,2,4,0,0,96
2,5,2026-04-16,3,4,0,0,98
2,5,2026-04-17,4,4,0,0,107
2,5,2026-04-18,5,4,0,0,120
2,5,2026-04-19,6,4,0,0,137
2,5,2026-04-20,0,4,0,0,91
2,5,2026-04-21,1,4,0,0,89
2,5,2026-04-22,2,4,0,0,104
2,5,2026-04-23,3,4,0,0,105
2,5,2026-04-24,4,4,0,0,92
2,5,2026-04-25,5,4,0,0,140
2,5,2026-04-26,6,4,0,0,148
2,5,2026-04-27,0,4,0,0,94
2,5,2026-04-28,1,4,0,0,117
2,5,2026-04-29,2,4,0,0,75
2,5,2026-04-30,3,4,0,0,112
2,5,2026-05-01,4,5,0,0,88
2,5,2026-05-02,5,5,0,0,131
2,5,2026-05-03,6,5,0,0,107
2,5,2026-05-04,0,5,0,1,137
2,5,2026-05-05,1,5,0,0,89
2,5,2026-05-06,2,5,0,0,95
2,5,2026-05-07,3,5,0,0,116
2,5,2026-05-08,4,5,0,0,96
2,5,2026-05-09,5,5,0,0,145
2,5,2026-05-10,6,5,0,0,114
2,5,2026-05-11,0,5,0,1,160
2,5,2026-05-12,1,5,0,0,80
2,5,2026-05-13,2,5,0,0,94
2,5,2026-05-14,3,5,0,0,91
2,5,2026-05-15,4,5,0,0,113
2,5,2026-05-16,5,5,0,0,121
2,5,2026-05-17,6,5,0,0,92
2,5,2026-05-18,0,5,0,0,83
2,5,2026-05-19,1,5,0,0,86
2,5,2026-05-20,2,5,0,0,106
2,5,2026-05-21,3,5,0,0,105
2,5,2026-05-22,4,5,0,0,94
2,5,2026-05-23,5,5,0,0,112
2,5,2026-05-24,6,5,0,0,128
2,5,2026-05-25,0,5,0,0,85
2,5,2026-05-26,1,5,0,0,102
2,5,2026-05-27,2,5,0,0,101
2,5,2026-05-28,3,5,0,0,94
2,5,2026-05-29,4,5,0,0,101
2,5,2026-05-30,5,5,0,0,120
2,5,2026-05-31,6,5,0,0,125
2,5,2026-06-01,0,6,0,1,114
2,5,2026-06-02,1,6,0,0,97
2,5,2026-06-03,2,6,0,0,101
2,5,2026-06-04,3,6,0,0,94
2,5,2026-06-05,4,6,0,0,97
2,5,2026-06-06,5,6,0,0,112
2,5,2026-06-07,6,6,0,0,124
2,5,2026-06-08,0,6,0,0,92
2,5,2026-06-09,1,6,0,0,80
2,5,2026-06-10,2,6,0,1,144
2,5,2026-06-11,3,6,0,0,75
2,5,2026-06-12,4,6,0,0,94
2,5,2026-06-13,5,6,0,0,108
2,5,2026-06-14,6,6,0,0,108
2,5,2026-06-15,0,6,0,0,93
2,5,2026-06-16,1,6,0,0,84
2,5,2026-06-17,2,6,0,0,96
2,5,2026-06-18,3,6,0,0,92
2,5,2026-06-19,4,6,0,0,85
2,5,2026-06-20,5,6,0,0,129
2,5,2026-06-21,6,6,0,0,116
2,5,2026-06-22,0,6,0,0,97
2,5,2026-06-23,1,6,0,0,105
2,5,2026-06-24,2,6,0,0,105
2,5,2026-06-25,3,6,0,0,97
2,5,2026-06-26,4,6,0,0,88
2,5,2026-06-27,5,6,0,0,96
2,5,2026-06-28,6,6,0,0,116
2,5,2026-06-29,0,6,0,0,102
2,5,2026-06-30,1,6,0,0,95
2,5,2026-07-01,2,7,0,0,54
2,5,2026-07-02,3,7,0,0,94
2,5,2026-07-03,4,7,0,0,94
2,5,2026-07-04,5,7,0,0,104
2,5,2026-07-05,6,7,0,0,119
2,5,2026-07-06,0,7,0,0,92
2,5,2026-07-07,1,7,0,0,80
2,5,2026-07-08,2,7,0,0,97
2,5,2026-07-09,3,7,0,0,74
2,5,2026-07-10,4,7,0,0,85
2,5,2026-07-11,5,7,0,0,106
2,5,2026-07-12,6,7,0,0,98
2,5,2026-07-13,0,7,0,0,89
2,5,2026-07-14,1,7,0,0,98
2,5,2026-07-15,2,7,0,0,97
2,5,2026-07-16,3,7,0,0,92
2,5,2026-07-17,4,7,0,0,70
2,5,2026-07-18,5,7,0,0,92
2,5,2026-07-19,6,7,0,0,109
2,5,2026-07-20,0,7,0,0,85
2,5,2026-07-21,1,7,0,0,81
2,5,2026-07-22,2,7,0,0,103
2,5,2026-07-23,3,7,0,0,87
2,5,2026-07-24,4,7,0,0,91
2,5,2026-07-25,5,7,0,0,119
2,5,2026-07-26,6,7,0,0,108
2,5,2026-07-27,0,7,0,0,109
2,5,2026-07-28,1,7,0,0,77
2,5,2026-07-29,2,7,0,0,80
2,5,2026-07-30,3,7,0,0,77
2,5,2026-07-31,4,7,0,0,100
2,5,2026-08-01,5,8,0,0,112
2,5,2026-08-02,6,8,0,0,97
2,5,2026-08-03,0,8,0,0,74
2,5,2026-08-04,1,8,0,0,94
2,5,2026-08-05,2,8,0,0,85
2,5,2026-08-06,3,8,0,0,94
2,5,2026-08-07,4,8,0,0,81
2,5,2026-08-08,5,8,0,0,109
2,5,2026-08-09,6,8,0,0,107
2,5,2026-08-10,0,8,0,0,76
2,5,2026-08-11,1,8,0,0,80
2,5,2026-08-12,2,8,0,0,71
2,5,2026-08-13,3,8,0,0,86
2,5,2026-08-14,4,8,0,0,88
2,5,2026-08-15,5,8,0,0,114
2,5,2026-08-16,6,8,0,0,111
2,5,2026-08-17,0,8,0,0,81
2,5,2026-08-18,1,8,0,0,95
2,5,2026-08-19,2,8,0,0,89
2,5,2026-08-20,3,8,0,0,94
2,5,2026-08-21,4,8,0,0,94
2,5,2026-08-22,5,8,0,0,102
2,5,2026-08-23,6,8,0,0,108
2,5,2026-08-24,0,8,0,0,88
2,5,2026-08-25,1,8,0,0,72
2,5,2026-08-26,2,8,0,0,72
2,5,2026-08-27,3,8,0,0,70
2,5,2026-08-28,4,8,0,1,122
2,5,2026-08-29,5,8,0,0,100
2,5,2026-08-30,6,8,0,0,88
2,5,2026-08-31,0,8,0,0,83
3,0,2024-09-01,6,9,0,0,39
3,0,2024-09-02,0,9,0,0,28
3,0,2024-09-03,1,9,0,0,29
3,0,2024-09-04,2,9,0,0,28
3,0,2024-09-05,3,9,0,0,34
3,0,2024-09-06,4,9,0,0,40
3,0,2024-09-07,5,9,0,0,39
3,0,2024-09-08,6,9,0,0,37
3,0,2024-09-09,0,9,0,0,30
3,0,2024-09-10,1,9,0,0,25
3,0,2024-09-11,2,9,0,0,33
3,0,2024-09-12,3,9,0,0,31
3,0,2024-09-13,4,9,0,0,27
3,0,2024-09-14,5,9,0,0,43
3,0,2024-09-15,6,9,0,0,37
3,0,2024-09-16,0,9,0,0,24
3,0,2024-09-17,1,9,0,0,31
3,0,2024-09-18,2,9,0,0,30
3,0,2024-09-19,3,9,0,0,34
3,0,2024-09-20,4,9,0,0,33
3,0,2024-09-21,5,9,0,0,37
3,0,2024-09-22,6,9,0,0,34
3,0,2024-09-23,0,9,0,0,29
3,0,2024-09-24,1,9,0,0,31
3,0,2024-09-25,2,9,0,1,47
3,0,2024-09-26,3,9,0,0,30
3,0,2024-09-27,4,9,0,0,28
3,0,2024-09-28,5,9,0,0,44
3,0,2024-09-29,6,9,0,0,33
3,0,2024-09-30,0,9,0,0,41
3,0,2024-10-01,1,10,0,0,33
3,0,2024-10-02,2,10,0,0,24
3,0,2024-10-03,3,10,0,0,30
3,0,2024-10-04,4,10,0,0,33
3,0,2024-10-05,5,10,0,0,36
3,0,2024-10-06,6,10,0,0,28
3,0,2024-10-07,0,10,0,0,24
3,0,2024-10-08,1,10,0,0,32
3,0,2024-10-09,2,10,0,0,20
3,0,2024-10-10,3,10,0,0,22
3,0,2024-10-11,4,10,0,0,32
3,0,2024-10-12,5,10,0,0,36
3,0,2024-10-13,6,10,0,0,33
3,0,2024-10-14,0,10,0,0,27
3,0,2024-10-15,1,10,0,0,22
3,0,2024-10-16,2,10,0,0,32
3,0,2024-10-17,3,10,0,0,25
3,0,2024-10-18,4,10,0,0,27
3,0,2024-10-19,5,10,0,0,40
3,0,2024-10-20,6,10,0,0,36
3,0,2024-10-21,0,10,0,0,26
3,0,2024-10-22,1,10,0,0,19
3,0,2024-10-23,2,10,0,0,31
3,0,2024-10-24,3,10,0,0,30
3,0,2024-10-25,4,10,0,0,27
3,0,2024-10-26,5,10,0,0,31
3,0,2024-10-27,6,10,0,0,38
3,0,2024-10-28,0,10,0,0,32
3,0,2024-10-29,1,10,0,0,30
3,0,2024-10-30,2,10,0,0,38
3,0,2024-10-31,3,10,0,1,49
3,0,2024-11-01,4,11,0,0,30
3,0,2024-11-02,5,11,0,0,44
3,0,2024-11-03,6,11,0,0,40
3,0,2024-11-04,0,11,0,0,31
3,0,2024-11-05,1,11,0,0,38
3,0,2024-11-06,2,11,0,0,26
3,0,2024-11-07,3,11,0,0,31
3,0,2024-11-08,4,11,0,0,37
3,0,2024-11-09,5,11,0,0,41
3,0,2024-11-10,6,11,0,0,37
3,0,2024-11-11,0,11,0,0,22
3,0,2024-11-12,1,11,0,0,18
3,0,2024-11-13,2,11,0,0,42
3,0,2024-11-14,3,11,0,0,32
3,0,2024-11-15,4,11,0,0,28
3,0,2024-11-16,5,11,0,0,42
3,0,2024-11-17,6,11,0,0,33
3,0,2024-11-18,0,11,0,0,29
3,0,2024-11-19,1,11,0,0,26
3,0,2024-11-20,2,11,0,0,23
3,0,2024-11-21,3,11,0,0,19
3,0,2024-11-22,4,11,1,0,36
3,0,2024-11-23,5,11,1,0,70
3,0,2024-11-24,6,11,1,0,49
3,0,2024-11-25,0,11,1,0,55
3,0,2024-11-26,1,11,1,0,59
3,0,2024-11-27,2,11,1,0,51
3,0,2024-11-28,3,11,1,0,48
3,0,2024-11-29,4,11,0,0,31
3,0,2024-11-30,5,11,0,0,36
3,0,2024-12-01,6,12,0,0,50
3,0,2024-12-02,0,12,0,0,44
3,0,2024-12-03,1,12,0,0,41
3,0,2024-12-04,2,12,0,0,20
3,0,2024-12-05,3,12,0,0,30
3,0,2024-12-06,4,12,0,0,33
3,0,2024-12-07,5,12,0,0,45
3,0,2024-12-08,6,12,0,0,29
3,0,2024-12-09,0,12,0,0,23
3,0,2024-12-10,1,12,0,0,40
3,0,2024-12-11,2,12,0,0,30
3,0,2024-12-12,3,12,0,0,24
3,0,2024-12-13,4,12,0,0,26
3,0,2024-12-14,5,12,0,0,44
3,0,2024-12-15,6,12,0,0,35
3,0,2024-12-16,0,12,0,0,34
3,0,2024-12-17,1,12,0,0,27
3,0,2024-12-18,2,12,0,0,23
3,0,2024-12-19,3,12,0,0,41
3,0,2024-12-20,4,12,0,0,35
3,0,2024-12-21,5,12,0,0,39
3,0,2024-12-22,6,12,0,0,38
3,0,2024-12-23,0,12,0,0,41
3,0,2024-12-24,1,12,1,0,58
3,0,2024-12-25,2,12,1,0,63
3,0,2024-12-26,3,12,0,0,29
3,0,2024-12-27,4,12,0,0,33
3,0,2024-12-28,5,12,0,0,44
3,0,2024-12-29,6,12,0,0,37
3,0,2024-12-30,0,12,0,0,32
3,0,2024-12-31,1,12,1,0,47
3,0,2025-01-01,2,1,0,0,37
3,0,2025-01-02,3,1,0,0,27
3,0,2025-01-03,4,1,0,0,38
3,0,2025-01-04,5,1,0,0,46
3,0,2025-01-05,6,1,0,1,56
3,0,2025-01-06,0,1,0,0,37
3,0,2025-01-07,1,1,0,0,32
3,0,2025-01-08,2,1,0,0,31
3,0,2025-01-09,3,1,0,0,38
3,0,2025-01-10,4,1,0,0,38
3,0,2025-01-11,5,1,0,0,39
3,0,2025-01-12,6,1,0,0,39
3,0,2025-01-13,0,1,0,0,34
3,0,2025-01-14,1,1,0,1,45
3,0,2025-01-15,2,1,0,0,44
3,0,2025-01-16,3,1,0,0,37
3,0,2025-01-17,4,1,0,0,35
3,0,2025-01-18,5,1,0,0,36
3,0,2025-01-19,6,1,0,0,49
3,0,2025-01-20,0,1,0,0,31
3,0,2025-01-21,1,1,0,0,31
3,0,2025-01-22,2,1,0,0,39
3,0,2025-01-23,3,1,0,0,37
3,0,2025-01-24,4,1,0,0,19
3,0,2025-01-25,5,1,0,1,56
3,0,2025-01-26,6,1,0,0,44
3,0,2025-01-27,0,1,0,0,33
3,0,2025-01-28,1,1,0,0,36
3,0,2025-01-29,2,1,0,0,24
3,0,2025-01-30,3,1,0,0,17
3,0,2025-01-31,4,1,0,0,29
3,0,2025-02-01,5,2,0,1,62
3,0,2025-02-02,6,2,0,0,19
3,0,2025-02-03,0,2,0,0,31
3,0,2025-02-04,1,2,0,0,24
3,0,2025-02-05,2,2,0,0,35
3,0,2025-02-06,3,2,0,0,49
3,0,2025-02-07,4,2,0,0,35
3,0,2025-02-08,5,2,0,0,44
3,0,2025-02-09,6,2,0,0,51
3,0,2025-02-10,0,2,0,0,36
3,0,2025-02-11,1,2,0,0,35
3,0,2025-02-12,2,2,0,0,42
3,0,2025-02-13,3,2,0,0,39
3,0,2025-02-14,4,2,0,0,38
3,0,2025-02-15,5,2,0,0,44
3,0,2025-02-16,6,2,0,0,42
3,0,2025-02-17,0,2,0,0,42
3,0,2025-02-18,1,2,0,0,34
3,0,2025-02-19,2,2,0,1,62
3,0,2025-02-20,3,2,0,0,30
3,0,2025-02-21,4,2,0,0,45
3,0,2025-02-22,5,2,0,0,48
3,0,2025-02-23,6,2,0,0,37
3,0,2025-02-24,0,2,0,0,39
3,0,2025-02-25,1,2,0,0,32
3,0,2025-02-26,2,2,0,0,36
3,0,2025-02-27,3,2,0,0,33
3,0,2025-02-28,4,2,0,0,35
3,0,2025-03-01,5,3,0,0,53
3,0,2025-03-02,6,3,0,0,49
3,0,2025-03-03,0,3,0,0,29
3,0,2025-03-04,1,3,0,0,30
3,0,2025-03-05,2,3,0,0,38
3,0,2025-03-06,3,3,0,1,55
3,0,2025-03-07,4,3,0,0,32
3,0,2025-03-08,5,3,0,0,58
3,0,2025-03-09,6,3,0,0,52
3,0,2025-03-10,0,3,0,0,33
3,0,2025-03-11,1,3,0,0,32
3,0,2025-03-12,2,3,0,1,49
3,0,2025-03-13,3,3,0,0,35
3,0,2025-03-14,4,3,0,0,45
3,0,2025-03-15,5,3,0,0,53
3,0,2025-03-16,6,3,0,0,46
3,0,2025-03-17,0,3,0,0,41
3,0,2025-03-18,1,3,0,0,42
3,0,2025-03-19,2,3,0,0,37
3,0,2025-03-20,3,3,0,0,39
3,0,2025-03-21,4,3,0,0,41
3,0,2025-03-22,5,3,0,0,49
3,0,2025-03-23,6,3,0,0,39
3,0,2025-03-24,0,3,0,0,32
3,0,2025-03-25,1,3,0,0,35
3,0,2025-03-26,2,3,0,1,45
3,0,2025-03-27,3,3,0,0,27
3,0,2025-03-28,4,3,0,0,41
3,0,2025-03-29,5,3,0,0,48
3,0,2025-03-30,6,3,0,0,35
3,0,2025-03-31,0,3,0,0,35
3,0,2025-04-01,1,4,0,0,35
3,0,2025-04-02,2,4,0,0,37
3,0,2025-04-03,3,4,0,0,29
3,0,2025-04-04,4,4,0,0,28
3,0,2025-04-05,5,4,0,0,49
3,0,2025-04-06,6,4,0,0,33
3,0,2025-04-07,0,4,0,0,35
3,0,2025-04-08,1,4,0,0,34
3,0,2025-04-09,2,4,0,0,35
3,0,2025-04-10,3,4,0,0,38
3,0,2025-04-11,4,4,0,0,46
3,0,2025-04-12,5,4,0,0,32
3,0,2025-04-13,6,4,0,0,52
3,0,2025-04-14,0,4,0,0,20
3,0,2025-04-15,1,4,0,0,45
3,0,2025-04-16,2,4,0,0,23
3,0,2025-04-17,3,4,0,0,52
3,0,2025-04-18,4,4,0,0,34
3,0,2025-04-19,5,4,0,0,55
3,0,2025-04-20,6,4,0,1,71
3,0,2025-04-21,0,4,0,0,33
3,0,2025-04-22,1,4,0,0,34
3,0,2025-04-23,2,4,0,0,31
3,0,2025-04-24,3,4,0,0,41
3,0,2025-04-25,4,4,0,0,33
3,0,2025-04-26,5,4,0,0,38
3,0,2025-04-27,6,4,0,0,49
3,0,2025-04-28,0,4,0,0,30
3,0,2025-04-29,1,4,0,0,34
3,0,2025-04-30,2,4,0,0,37
3,0,2025-05-01,3,5,0,1,44
3,0,2025-05-02,4,5,0,0,32
3,0,2025-05-03,5,5,0,0,55
3,0,2025-05-04,6,5,0,0,42
3,0,2025-05-05,0,5,0,0,33
3,0,2025-05-06,1,5,0,0,34
3,0,2025-05-07,2,5,0,0,38
3,0,2025-05-08,3,5,0,0,28
3,0,2025-05-09,4,5,0,0,37
3,0,2025-05-10,5,5,0,0,45
3,0,2025-05-11,6,5,0,0,30
3,0,2025-05-12,0,5,0,0,46
3,0,2025-05-13,1,5,0,0,44
3,0,2025-05-14,2,5,0,0,30
3,0,2025-05-15,3,5,0,0,28
3,0,2025-05-16,4,5,0,1,51
3,0,2025-05-17,5,5,0,0,32
3,0,2025-05-18,6,5,0,0,54
3,0,2025-05-19,0,5,0,0,32
3,0,2025-05-20,1,5,0,1,64
3,0,2025-05-21,2,5,0,0,30
3,0,2025-05-22,3,5,0,0,34
3,0,2025-05-23,4,5,0,0,43
3,0,2025-05-24,5,5,0,0,41
3,0,2025-05-25,6,5,0,0,45
3,0,2025-05-26,0,5,0,0,41
3,0,2025-05-27,1,5,0,0,31
3,0,2025-05-28,2,5,0,0,27
3,0,2025-05-29,3,5,0,0,26
3,0,2025-05-30,4,5,0,0,38
3,0,2025-05-31,5,5,0,0,46
3,0,2025-06-01,6,6,0,0,49
3,0,2025-06-02,0,6,0,0,31
3,0,2025-06-03,1,6,0,0,25
3,0,2025-06-04,2,6,0,0,19
3,0,2025-06-05,3,6,0,0,49
3,0,2025-06-06,4,6,0,0,36
3,0,2025-06-07,5,6,0,0,42
3,0,2025-06-08,6,6,0,0,43
3,0,2025-06-09,0,6,0,0,25
3,0,2025-06-10,1,6,0,0,28
3,0,2025-06-11,2,6,0,0,43
3,0,2025-06-12,3,6,0,0,37
3,0,2025-06-13,4,6,0,0,28
3,0,2025-06-14,5,6,0,0,32
3,0,2025-06-15,6,6,0,0,38
3,0,2025-06-16,0,6,0,0,31
3,0,2025-06-17,1,6,0,0,45
3,0,2025-06-18,2,6,0,0,32
3,0,2025-06-19,3,6,0,0,26
3,0,2025-06-20,4,6,0,0,32
3,0,2025-06-21,5,6,0,0,43
3,0,2025-06-22,6,6,0,0,32
3,0,2025-06-23,0,6,0,0,35
3,0,2025-06-24,1,6,0,0,40
3,0,2025-06-25,2,6,0,1,49
3,0,2025-06-26,3,6,0,0,28
3,0,2025-06-27,4,6,0,0,30
3,0,2025-06-28,5,6,0,0,29
3,0,2025-06-29,6,6,0,0,40
3,0,2025-06-30,0,6,0,0,35
3,0,2025-07-01,1,7,0,0,26
3,0,2025-07-02,2,7,0,0,41
3,0,2025-07-03,3,7,0,0,35
3,0,2025-07-04,4,7,0,0,21
3,0,2025-07-05,5,7,0,0,27
3,0,2025-07-06,6,7,0,0,33
3,0,2025-07-07,0,7,0,0,39
3,0,2025-07-08,1,7,0,0,36
3,0,2025-07-09,2,7,0,0,40
3,0,2025-07-10,3,7,0,0,31
3,0,2025-07-11,4,7,0,0,30
3,0,2025-07-12,5,7,0,0,31
3,0,2025-07-13,6,7,0,0,42
3,0,2025-07-14,0,7,0,0,30
3,0,2025-07-15,1,7,0,1,44
3,0,2025-07-16,2,7,0,0,40
3,0,2025-07-17,3,7,0,0,30
3,0,2025-07-18,4,7,0,0,38
3,0,2025-07-19,5,7,0,0,28
3,0,2025-07-20,6,7,0,0,58
3,0,2025-07-21,0,7,0,0,29
3,0,2025-07-22,1,7,0,0,35
3,0,2025-07-23,2,7,0,0,36
3,0,2025-07-24,3,7,0,0,28
3,0,2025-07-25,4,7,0,0,35
3,0,2025-07-26,5,7,0,1,62
3,0,2025-07-27,6,7,0,0,34
3,0,2025-07-28,0,7,0,0,27
3,0,2025-07-29,1,7,0,0,31
3,0,2025-07-30,2,7,0,0,30
3,0,2025-07-31,3,7,0,0,38
3,0,2025-08-01,4,8,0,0,33
3,0,2025-08-02,5,8,0,0,38
3,0,2025-08-03,6,8,0,0,42
3,0,2025-08-04,0,8,0,0,19
3,0,2025-08-05,1,8,0,0,26
3,0,2025-08-06,2,8,0,0,31
3,0,2025-08-07,3,8,0,0,35
3,0,2025-08-08,4,8,0,0,30
3,0,2025-08-09,5,8,0,0,48
3,0,2025-08-10,6,8,0,0,44
3,0,2025-08-11,0,8,0,1,40
3,0,2025-08-12,1,8,0,0,29
3,0,2025-08-13,2,8,0,0,32
3,0,2025-08-14,3,8,0,0,27
3,0,2025-08-15,4,8,0,0,37
3,0,2025-08-16,5,8,0,0,31
3,0,2025-08-17,6,8,0,0,40
3,0,2025-08-18,0,8,0,0,33
3,0,2025-08-19,1,8,0,0,28
3,0,2025-08-20,2,8,0,0,27
3,0,2025-08-21,3,8,0,0,29
3,0,2025-08-22,4,8,0,0,34
3,0,2025-08-23,5,8,0,0,35
3,0,2025-08-24,6,8,0,0,31
3,0,2025-08-25,0,8,0,0,35
3,0,2025-08-26,1,8,0,0,32
3,0,2025-08-27,2,8,0,0,35
3,0,2025-08-28,3,8,0,0,33
3,0,2025-08-29,4,8,0,0,41
3,0,2025-08-30,5,8,0,0,45
3,0,2025-08-31,6,8,0,0,33
3,0,2025-09-01,0,9,0,0,31
3,0,2025-09-02,1,9,0,0,26
3,0,2025-09-03,2,9,0,0,27
3,0,2025-09-04,3,9,0,0,22
3,0,2025-09-05,4,9,0,0,27
3,0,2025-09-06,5,9,0,0,41
3,0,2025-09-07,6,9,0,0,37
3,0,2025-09-08,0,9,0,0,23
3,0,2025-09-09,1,9,0,0,21
3,0,2025-09-10,2,9,0,1,60
3,0,2025-09-11,3,9,0,0,31
3,0,2025-09-12,4,9,0,0,25
3,0,2025-09-13,5,9,0,0,41
3,0,2025-09-14,6,9,0,0,52
3,0,2025-09-15,0,9,0,0,32
3,0,2025-09-16,1,9,0,0,15
3,0,2025-09-17,2,9,0,0,42
3,0,2025-09-18,3,9,0,0,20
3,0,2025-09-19,4,9,0,0,28
3,0,2025-09-20,5,9,0,1,42
3,0,2025-09-21,6,9,0,0,33
3,0,2025-09-22,0,9,0,0,30
3,0,2025-09-23,1,9,0,0,18
3,0,2025-09-24,2,9,0,0,28
3,0,2025-09-25,3,9,0,0,35
3,0,2025-09-26,4,9,0,0,25
3,0,2025-09-27,5,9,0,0,28
3,0,2025-09-28,6,9,0,0,37
3,0,2025-09-29,0,9,0,0,27
3,0,2025-09-30,1,9,0,0,26
3,0,2025-10-01,2,10,0,0,23
3,0,2025-10-02,3,10,0,0,32
3,0,2025-10-03,4,10,0,0,33
3,0,2025-10-04,5,10,0,0,31
3,0,2025-10-05,6,10,0,0,32
3,0,2025-10-06,0,10,0,0,30
3,0,2025-10-07,1,10,0,0,24
3,0,2025-10-08,2,10,0,0,30
3,0,2025-10-09,3,10,0,0,37
3,0,2025-10-10,4,10,0,1,44
3,0,2025-10-11,5,10,0,0,30
3,0,2025-10-12,6,10,0,0,41
3,0,2025-10-13,0,10,0,0,29
3,0,2025-10-14,1,10,0,0,29
3,0,2025-10-15,2,10,0,0,32
3,0,2025-10-16,3,10,0,0,33
3,0,2025-10-17,4,10,0,0,30
3,0,2025-10-18,5,10,0,0,38
3,0,2025-10-19,6,10,0,0,52
3,0,2025-10-20,0,10,0,0,36
3,0,2025-10-21,1,10,0,0,34
3,0,2025-10-22,2,10,0,0,30
3,0,2025-10-23,3,10,0,0,24
3,0,2025-10-24,4,10,0,0,35
3,0,2025-10-25,5,10,0,0,39
3,0,2025-10-26,6,10,0,1,47
3,0,2025-10-27,0,10,0,0,28
3,0,2025-10-28,1,10,0,0,24
3,0,2025-10-29,2,10,0,0,35
3,0,2025-10-30,3,10,0,0,33
3,0,2025-10-31,4,10,0,0,30
3,0,2025-11-01,5,11,0,0,39
3,0,2025-11-02,6,11,0,0,35
3,0,2025-11-03,0,11,0,0,19
3,0,2025-11-04,1,11,0,0,23
3,0,2025-11-05,2,11,0,0,27
3,0,2025-11-06,3,11,0,0,26
3,0,2025-11-07,4,11,0,1,48
3,0,2025-11-08,5,11,0,0,45
3,0,2025-11-09,6,11,0,0,39
3,0,2025-11-10,0,11,0,0,39
3,0,2025-11-11,1,11,0,0,27
3,0,2025-11-12,2,11,0,0,30
3,0,2025-11-13,3,11,0,0,31
3,0,2025-11-14,4,11,0,0,37
3,0,2025-11-15,5,11,0,0,40
3,0,2025-11-16,6,11,0,0,40
3,0,2025-11-17,0,11,0,1,32
3,0,2025-11-18,1,11,0,0,26
3,0,2025-11-19,2,11,0,0,37
3,0,2025-11-20,3,11,0,0,20
3,0,2025-11-21,4,11,0,0,38
3,0,2025-11-22,5,11,1,0,64
3,0,2025-11-23,6,11,1,0,51
3,0,2025-11-24,0,11,1,1,56
3,0,2025-11-25,1,11,1,0,67
3,0,2025-11-26,2,11,1,0,63
3,0,2025-11-27,3,11,1,1,64
3,0,2025-11-28,4,11,1,0,52
3,0,2025-11-29,5,11,0,0,35
3,0,2025-11-30,6,11,0,0,40
3,0,2025-12-01,0,12,0,0,29
3,0,2025-12-02,1,12,0,0,32
3,0,2025-12-03,2,12,0,0,43
3,0,2025-12-04,3,12,0,0,32
3,0,2025-12-05,4,12,0,0,27
3,0,2025-12-06,5,12,0,0,32
3,0,2025-12-07,6,12,0,0,42
3,0,2025-12-08,0,12,0,0,28
3,0,2025-12-09,1,12,0,0,34
3,0,2025-12-10,2,12,0,0,24
3,0,2025-12-11,3,12,0,0,37
3,0,2025-12-12,4,12,0,0,27
3,0,2025-12-13,5,12,0,0,42
3,0,2025-12-14,6,12,0,0,39
3,0,2025-12-15,0,12,0,0,43
3,0,2025-12-16,1,12,0,0,34
3,0,2025-12-17,2,12,0,0,44
3,0,2025-12-18,3,12,0,0,36
3,0,2025-12-19,4,12,0,0,41
3,0,2025-12-20,5,12,0,0,40
3,0,2025-12-21,6,12,0,1,60
3,0,2025-12-22,0,12,0,0,40
3,0,2025-12-23,1,12,0,0,38
3,0,2025-12-24,2,12,1,0,57
3,0,2025-12-25,3,12,1,0,49
3,0,2025-12-26,4,12,0,0,32
3,0,2025-12-27,5,12,0,0,50
3,0,2025-12-28,6,12,0,0,51
3,0,2025-12-29,0,12,0,0,29
3,0,2025-12-30,1,12,0,0,29
3,0,2025-12-31,2,12,1,0,44
3,0,2026-01-01,3,1,0,0,40
3,0,2026-01-02,4,1,0,0,29
3,0,2026-01-03,5,1,0,0,50
3,0,2026-01-04,6,1,0,0,48
3,0,2026-01-05,0,1,0,0,32
3,0,2026-01-06,1,1,0,0,44
3,0,2026-01-07,2,1,0,1,37
3,0,2026-01-08,3,1,0,0,45
3,0,2026-01-09,4,1,0,0,37
3,0,2026-01-10,5,1,0,0,28
3,0,2026-01-11,6,1,0,0,56
3,0,2026-01-12,0,1,0,0,41
3,0,2026-01-13,1,1,0,0,32
3,0,2026-01-14,2,1,0,0,29
3,0,2026-01-15,3,1,0,0,25
3,0,2026-01-16,4,1,0,1,71
3,0,2026-01-17,5,1,0,0,36
3,0,2026-01-18,6,1,0,0,34
3,0,2026-01-19,0,1,0,0,37
3,0,2026-01-20,1,1,0,0,25
3,0,2026-01-21,2,1,0,0,29
3,0,2026-01-22,3,1,0,0,41
3,0,2026-01-23,4,1,0,0,38
3,0,2026-01-24,5,1,0,0,40
3,0,2026-01-25,6,1,0,0,44
3,0,2026-01-26,0,1,0,0,32
3,0,2026-01-27,1,1,0,0,34
3,0,2026-01-28,2,1,0,0,30
3,0,2026-01-29,3,1,0,0,31
3,0,2026-01-30,4,1,0,0,31
3,0,2026-01-31,5,1,0,1,51
3,0,2026-02-01,6,2,0,0,53
3,0,2026-02-02,0,2,0,1,58
3,0,2026-02-03,1,2,0,0,30
3,0,2026-02-04,2,2,0,0,29
3,0,2026-02-05,3,2,0,0,35
3,0,2026-02-06,4,2,0,0,50
3,0,2026-02-07,5,2,0,0,37
3,0,2026-02-08,6,2,0,0,44
3,0,2026-02-09,0,2,0,0,37
3,0,2026-02-10,1,2,0,0,36
3,0,2026-02-11,2,2,0,0,33
3,0,2026-02-12,3,2,0,0,44
3,0,2026-02-13,4,2,0,0,39
3,0,2026-02-14,5,2,0,0,52
3,0,2026-02-15,6,2,0,0,50
3,0,2026-02-16,0,2,0,0,42
3,0,2026-02-17,1,2,0,0,46
3,0,2026-02-18,2,2,0,0,45
3,0,2026-02-19,3,2,0,0,51
3,0,2026-02-20,4,2,0,0,44
3,0,2026-02-21,5,2,0,0,40
3,0,2026-02-22,6,2,0,0,52
3,0,2026-02-23,0,2,0,0,41
3,0,2026-02-24,1,2,0,0,49
3,0,2026-02-25,2,2,0,0,30
3,0,2026-02-26,3,2,0,0,40
3,0,2026-02-27,4,2,0,0,32
3,0,2026-02-28,5,2,0,0,49
3,0,2026-03-01,6,3,0,0,44
3,0,2026-03-02,0,3,0,0,40
3,0,2026-03-03,1,3,0,0,28
3,0,2026-03-04,2,3,0,1,59
3,0,2026-03-05,3,3,0,0,38
3,0,2026-03-06,4,3,0,0,38
3,0,2026-03-07,5,3,0,0,61
3,0,2026-03-08,6,3,0,0,42
3,0,2026-03-09,0,3,0,0,39
3,0,2026-03-10,1,3,0,0,37
3,0,2026-03-11,2,3,0,1,53
3,0,2026-03-12,3,3,0,0,51
3,0,2026-03-13,4,3,0,0,37
3,0,2026-03-14,5,3,0,0,41
3,0,2026-03-15,6,3,0,0,60
3,0,2026-03-16,0,3,0,0,35
3,0,2026-03-17,1,3,0,0,26
3,0,2026-03-18,2,3,0,1,45
3,0,2026-03-19,3,3,0,0,29
3,0,2026-03-20,4,3,0,0,25
3,0,2026-03-21,5,3,0,0,43
3,0,2026-03-22,6,3,0,0,45
3,0,2026-03-23,0,3,0,0,44
3,0,2026-03-24,1,3,0,0,41
3,0,2026-03-25,2,3,0,0,41
3,0,2026-03-26,3,3,0,0,31
3,0,2026-03-27,4,3,0,0,43
3,0,2026-03-28,5,3,0,0,57
3,0,2026-03-29,6,3,0,0,49
3,0,2026-03-30,0,3,0,1,55
3,0,2026-03-31,1,3,0,0,29
3,0,2026-04-01,2,4,0,0,43
3,0,2026-04-02,3,4,0,0,48
3,0,2026-04-03,4,4,0,0,38
3,0,2026-04-04,5,4,0,0,40
3,0,2026-04-05,6,4,0,0,44
3,0,2026-04-06,0,4,0,0,34
3,0,2026-04-07,1,4,0,0,34
3,0,2026-04-08,2,4,0,0,40
3,0,2026-04-09,3,4,0,0,38
3,0,2026-04-10,4,4,0,0,43
3,0,2026-04-11,5,4,0,0,48
3,0,2026-04-12,6,4,0,0,38
3,0,2026-04-13,0,4,0,0,33
3,0,2026-04-14,1,4,0,0,33
3,0,2026-04-15,2,4,0,0,35
3,0,2026-04-16,3,4,0,0,48
3,0,2026-04-17,4,4,0,0,49
3,0,2026-04-18,5,4,0,0,52
3,0,2026-04-19,6,4,0,0,46
3,0,2026-04-20,0,4,0,0,28
3,0,2026-04-21,1,4,0,0,38
3,0,2026-04-22,2,4,0,0,31
3,0,2026-04-23,3,4,0,0,47
3,0,2026-04-24,4,4,0,0,26
3,0,2026-04-25,5,4,0,0,48
3,0,2026-04-26,6,4,0,0,38
3,0,2026-04-27,0,4,0,0,36
3,0,2026-04-28,1,4,0,0,41
3,0,2026-04-29,2,4,0,0,43
3,0,2026-04-30,3,4,0,0,36
3,0,2026-05-01,4,5,0,0,40
3,0,2026-05-02,5,5,0,0,38
3,0,2026-05-03,6,5,0,0,45
3,0,2026-05-04,0,5,0,0,41
3,0,2026-05-05,1,5,0,0,37
3,0,2026-05-06,2,5,0,0,32
3,0,2026-05-07,3,5,0,0,33
3,0,2026-05-08,4,5,0,0,41
3,0,2026-05-09,5,5,0,0,35
3,0,2026-05-10,6,5,0,0,36
3,0,2026-05-11,0,5,0,0,39
3,0,2026-05-12,1,5,0,0,32
3,0,2026-05-13,2,5,0,0,26
3,0,2026-05-14,3,5,0,0,43
3,0,2026-05-15,4,5,0,0,28
3,0,2026-05-16,5,5,0,0,42
3,0,2026-05-17,6,5,0,0,39
3,0,2026-05-18,0,5,0,0,33
3,0,2026-05-19,1,5,0,0,29
3,0,2026-05-20,2,5,0,0,39
3,0,2026-05-21,3,5,0,0,36
3,0,2026-05-22,4,5,0,0,41
3,0,2026-05-23,5,5,0,0,39
3,0,2026-05-24,6,5,0,0,60
3,0,2026-05-25,0,5,0,0,23
3,0,2026-05-26,1,5,0,0,25
3,0,2026-05-27,2,5,0,0,46
3,0,2026-05-28,3,5,0,0,38
3,0,2026-05-29,4,5,0,0,37
3,0,2026-05-30,5,5,0,0,47
3,0,2026-05-31,6,5,0,0,48
3,0,2026-06-01,0,6,0,0,35
3,0,2026-06-02,1,6,0,0,27
3,0,2026-06-03,2,6,0,0,38
3,0,2026-06-04,3,6,0,0,37
3,0,2026-06-05,4,6,0,0,41
3,0,2026-06-06,5,6,0,0,54
3,0,2026-06-07,6,6,0,0,44
3,0,2026-06-08,0,6,0,0,26
3,0,2026-06-09,1,6,0,0,43
3,0,2026-06-10,2,6,0,1,39
3,0,2026-06-11,3,6,0,0,35
3,0,2026-06-12,4,6,0,0,31
3,0,2026-06-13,5,6,0,0,38
3,0,2026-06-14,6,6,0,0,47
3,0,2026-06-15,0,6,0,0,34
3,0,2026-06-16,1,6,0,0,36
3,0,2026-06-17,2,6,0,0,28
3,0,2026-06-18,3,6,0,0,32
3,0,2026-06-19,4,6,0,0,29
3,0,2026-06-20,5,6,0,1,54
3,0,2026-06-21,6,6,0,0,41
3,0,2026-06-22,0,6,0,0,44
3,0,2026-06-23,1,6,0,0,31
3,0,2026-06-24,2,6,0,0,21
3,0,2026-06-25,3,6,0,0,41
3,0,2026-06-26,4,6,0,0,36
3,0,2026-06-27,5,6,0,0,41
3,0,2026-06-28,6,6,0,0,38
3,0,2026-06-29,0,6,0,1,40
3,0,2026-06-30,1,6,0,0,44
3,0,2026-07-01,2,7,0,0,31
3,0,2026-07-02,3,7,0,0,22
3,0,2026-07-03,4,7,0,0,33
3,0,2026-07-04,5,7,0,0,48
3,0,2026-07-05,6,7,0,0,41
3,0,2026-07-06,0,7,0,0,26
3,0,2026-07-07,1,7,0,0,26
3,0,2026-07-08,2,7,0,0,26
3,0,2026-07-09,3,7,0,0,39
3,0,2026-07-10,4,7,0,0,31
3,0,2026-07-11,5,7,0,1,38
3,0,2026-07-12,6,7,0,0,42
3,0,2026-07-13,0,7,0,0,32
3,0,2026-07-14,1,7,0,0,29
3,0,2026-07-15,2,7,0,1,38
3,0,2026-07-16,3,7,0,0,25
3,0,2026-07-17,4,7,0,0,37
3,0,2026-07-18,5,7,0,0,41
3,0,2026-07-19,6,7,0,0,43
3,0,2026-07-20,0,7,0,0,32
3,0,2026-07-21,1,7,0,0,33
3,0,2026-07-22,2,7,0,0,28
3,0,2026-07-23,3,7,0,0,30
3,0,2026-07-24,4,7,0,0,37
3,0,2026-07-25,5,7,0,1,68
3,0,2026-07-26,6,7,0,0,31
3,0,2026-07-27,0,7,0,0,30
3,0,2026-07-28,1,7,0,0,36
3,0,2026-07-29,2,7,0,0,41
3,0,2026-07-30,3,7,0,0,41
3,0,2026-07-31,4,7,0,0,27
3,0,2026-08-01,5,8,0,0,47
3,0,2026-08-02,6,8,0,0,39
3,0,2026-08-03,0,8,0,0,35
3,0,2026-08-04,1,8,0,0,34
3,0,2026-08-05,2,8,0,0,23
3,0,2026-08-06,3,8,0,0,32
3,0,2026-08-07,4,8,0,0,35
3,0,2026-08-08,5,8,0,0,38
3,0,2026-08-09,6,8,0,0,37
3,0,2026-08-10,0,8,0,0,21
3,0,2026-08-11,1,8,0,0,33
3,0,2026-08-12,2,8,0,0,31
3,0,2026-08-13,3,8,0,0,25
3,0,2026-08-14,4,8,0,0,28
3,0,2026-08-15,5,8,0,0,39
3,0,2026-08-16,6,8,0,0,34
3,0,2026-08-17,0,8,0,0,30
3,0,2026-08-18,1,8,0,1,31
3,0,2026-08-19,2,8,0,0,37
3,0,2026-08-20,3,8,0,0,30
3,0,2026-08-21,4,8,0,0,24
3,0,2026-08-22,5,8,0,0,22
3,0,2026-08-23,6,8,0,0,45
3,0,2026-08-24,0,8,0,0,32
3,0,2026-08-25,1,8,0,1,46
3,0,2026-08-26,2,8,0,0,34
3,0,2026-08-27,3,8,0,0,34
3,0,2026-08-28,4,8,0,0,31
3,0,2026-08-29,5,8,0,0,36
3,0,2026-08-30,6,8,0,0,35
3,0,2026-08-31,0,8,0,0,32
3,1,2024-09-01,6,9,0,0,55
3,1,2024-09-02,0,9,0,0,39
3,1,2024-09-03,1,9,0,0,42
3,1,2024-09-04,2,9,0,0,49
3,1,2024-09-05,3,9,0,0,45
3,1,2024-09-06,4,9,0,0,48
3,1,2024-09-07,5,9,0,0,61
3,1,2024-09-08,6,9,0,0,54
3,1,2024-09-09,0,9,0,0,37
3,1,2024-09-10,1,9,0,0,40
3,1,2024-09-11,2,9,0,0,41
3,1,2024-09-12,3,9,0,0,41
3,1,2024-09-13,4,9,0,0,48
3,1,2024-09-14,5,9,0,0,63
3,1,2024-09-15,6,9,0,0,71
3,1,2024-09-16,0,9,0,0,41
3,1,2024-09-17,1,9,0,0,51
3,1,2024-09-18,2,9,0,1,77
3,1,2024-09-19,3,9,0,0,43
3,1,2024-09-20,4,9,0,0,46
3,1,2024-09-21,5,9,0,0,65
3,1,2024-09-22,6,9,0,0,57
3,1,2024-09-23,0,9,0,0,43
3,1,2024-09-24,1,9,0,0,41
3,1,2024-09-25,2,9,0,0,33
3,1,2024-09-26,3,9,0,0,44
3,1,2024-09-27,4,9,0,1,62
3,1,2024-09-28,5,9,0,0,52
3,1,2024-09-29,6,9,0,0,60
3,1,2024-09-30,0,9,0,0,38
3,1,2024-10-01,1,10,0,0,48
3,1,2024-10-02,2,10,0,0,47
3,1,2024-10-03,3,10,0,0,43
3,1,2024-10-04,4,10,0,0,44
3,1,2024-10-05,5,10,0,0,52
3,1,2024-10-06,6,10,0,0,63
3,1,2024-10-07,0,10,0,0,46
3,1,2024-10-08,1,10,0,0,46
3,1,2024-10-09,2,10,0,0,47
3,1,2024-10-10,3,10,0,0,42
3,1,2024-10-11,4,10,0,0,38
3,1,2024-10-12,5,10,0,0,64
3,1,2024-10-13,6,10,0,0,63
3,1,2024-10-14,0,10,0,0,42
3,1,2024-10-15,1,10,0,0,47
3,1,2024-10-16,2,10,0,0,50
3,1,2024-10-17,3,10,0,0,50
3,1,2024-10-18,4,10,0,0,42
3,1,2024-10-19,5,10,0,0,50
3,1,2024-10-20,6,10,0,0,51
3,1,2024-10-21,0,10,0,0,43
3,1,2024-10-22,1,10,0,0,51
3,1,2024-10-23,2,10,0,0,41
3,1,2024-10-24,3,10,0,0,42
3,1,2024-10-25,4,10,0,0,42
3,1,2024-10-26,5,10,0,0,55
3,1,2024-10-27,6,10,0,0,59
3,1,2024-10-28,0,10,0,0,39
3,1,2024-10-29,1,10,0,0,50
3,1,2024-10-30,2,10,0,0,44
3,1,2024-10-31,3,10,0,0,56
3,1,2024-11-01,4,11,0,0,41
3,1,2024-11-02,5,11,0,0,71
3,1,2024-11-03,6,11,0,0,69
3,1,2024-11-04,0,11,0,0,45
3,1,2024-11-05,1,11,0,0,45
3,1,2024-11-06,2,11,0,0,43
3,1,2024-11-07,3,11,0,0,43
3,1,2024-11-08,4,11,0,0,47
3,1,2024-11-09,5,11,0,0,61
3,1,2024-11-10,6,11,0,0,51
3,1,2024-11-11,0,11,0,0,58
3,1,2024-11-12,1,11,0,0,46
3,1,2024-11-13,2,11,0,0,47
3,1,2024-11-14,3,11,0,0,44
3,1,2024-11-15,4,11,0,0,46
3,1,2024-11-16,5,11,0,0,59
3,1,2024-11-17,6,11,0,0,61
3,1,2024-11-18,0,11,0,0,47
3,1,2024-11-19,1,11,0,0,51
3,1,2024-11-20,2,11,0,1,71
3,1,2024-11-21,3,11,0,0,50
3,1,2024-11-22,4,11,1,0,77
3,1,2024-11-23,5,11,1,0,93
3,1,2024-11-24,6,11,1,0,89
3,1,2024-11-25,0,11,1,0,85
3,1,2024-11-26,1,11,1,0,79
3,1,2024-11-27,2,11,1,0,76
3,1,2024-11-28,3,11,1,0,75
3,1,2024-11-29,4,11,0,0,46
3,1,2024-11-30,5,11,0,0,61
3,1,2024-12-01,6,12,0,0,63
3,1,2024-12-02,0,12,0,0,47
3,1,2024-12-03,1,12,0,0,54
3,1,2024-12-04,2,12,0,0,54
3,1,2024-12-05,3,12,0,0,59
3,1,2024-12-06,4,12,0,0,47
3,1,2024-12-07,5,12,0,0,68
3,1,2024-12-08,6,12,0,0,52
3,1,2024-12-09,0,12,0,0,54
3,1,2024-12-10,1,12,0,0,43
3,1,2024-12-11,2,12,0,0,45
3,1,2024-12-12,3,12,0,0,52
3,1,2024-12-13,4,12,0,0,47
3,1,2024-12-14,5,12,0,0,59
3,1,2024-12-15,6,12,0,0,61
3,1,2024-12-16,0,12,0,0,54
3,1,2024-12-17,1,12,0,0,45
3,1,2024-12-18,2,12,0,0,50
3,1,2024-12-19,3,12,0,0,48
3,1,2024-12-20,4,12,0,0,54
3,1,2024-12-21,5,12,0,0,69
3,1,2024-12-22,6,12,0,0,52
3,1,2024-12-23,0,12,0,0,55
3,1,2024-12-24,1,12,1,0,75
3,1,2024-12-25,2,12,1,1,105
3,1,2024-12-26,3,12,0,0,45
3,1,2024-12-27,4,12,0,0,52
3,1,2024-12-28,5,12,0,0,80
3,1,2024-12-29,6,12,0,0,65
3,1,2024-12-30,0,12,0,0,48
3,1,2024-12-31,1,12,1,0,78
3,1,2025-01-01,2,1,0,0,45
3,1,2025-01-02,3,1,0,0,61
3,1,2025-01-03,4,1,0,0,55
3,1,2025-01-04,5,1,0,0,60
3,1,2025-01-05,6,1,0,0,60
3,1,2025-01-06,0,1,0,0,53
3,1,2025-01-07,1,1,0,0,58
3,1,2025-01-08,2,1,0,0,47
3,1,2025-01-09,3,1,0,0,59
3,1,2025-01-10,4,1,0,0,53
3,1,2025-01-11,5,1,0,0,61
3,1,2025-01-12,6,1,0,0,64
3,1,2025-01-13,0,1,0,0,62
3,1,2025-01-14,1,1,0,0,46
3,1,2025-01-15,2,1,0,0,49
3,1,2025-01-16,3,1,0,0,58
3,1,2025-01-17,4,1,0,0,54
3,1,2025-01-18,5,1,0,0,62
3,1,2025-01-19,6,1,0,0,73
3,1,2025-01-20,0,1,0,0,58
3,1,2025-01-21,1,1,0,1,78
3,1,2025-01-22,2,1,0,0,50
3,1,2025-01-23,3,1,0,0,51
3,1,2025-01-24,4,1,0,0,55
3,1,2025-01-25,5,1,0,0,58
3,1,2025-01-26,6,1,0,0,76
3,1,2025-01-27,0,1,0,0,62
3,1,2025-01-28,1,1,0,1,74
3,1,2025-01-29,2,1,0,0,55
3,1,2025-01-30,3,1,0,0,59
3,1,2025-01-31,4,1,0,0,64
3,1,2025-02-01,5,2,0,0,80
3,1,2025-02-02,6,2,0,1,75
3,1,2025-02-03,0,2,0,0,53
3,1,2025-02-04,1,2,0,0,58
3,1,2025-02-05,2,2,0,0,52
3,1,2025-02-06,3,2,0,0,65
3,1,2025-02-07,4,2,0,0,64
3,1,2025-02-08,5,2,0,0,63
3,1,2025-02-09,6,2,0,0,68
3,1,2025-02-10,0,2,0,0,51
3,1,2025-02-11,1,2,0,0,54
3,1,2025-02-12,2,2,0,0,54
3,1,2025-02-13,3,2,0,0,61
3,1,2025-02-14,4,2,0,0,50
3,1,2025-02-15,5,2,0,0,51
3,1,2025-02-16,6,2,0,0,58
3,1,2025-02-17,0,2,0,0,49
3,1,2025-02-18,1,2,0,1,73
3,1,2025-02-19,2,2,0,0,56
3,1,2025-02-20,3,2,0,0,49
3,1,2025-02-21,4,2,0,0,48
3,1,2025-02-22,5,2,0,0,63
3,1,2025-02-23,6,2,0,0,61
3,1,2025-02-24,0,2,0,0,52
3,1,2025-02-25,1,2,0,0,52
3,1,2025-02-26,2,2,0,0,59
3,1,2025-02-27,3,2,0,0,50
3,1,2025-02-28,4,2,0,0,53
3,1,2025-03-01,5,3,0,0,66
3,1,2025-03-02,6,3,0,0,76
3,1,2025-03-03,0,3,0,0,55
3,1,2025-03-04,1,3,0,0,62
3,1,2025-03-05,2,3,0,0,50
3,1,2025-03-06,3,3,0,0,56
3,1,2025-03-07,4,3,0,0,53
3,1,2025-03-08,5,3,0,0,61
3,1,2025-03-09,6,3,0,0,69
3,1,2025-03-10,0,3,0,0,66
3,1,2025-03-11,1,3,0,0,51
3,1,2025-03-12,2,3,0,0,55
3,1,2025-03-13,3,3,0,1,68
3,1,2025-03-14,4,3,0,0,48
3,1,2025-03-15,5,3,0,0,64
3,1,2025-03-16,6,3,0,0,67
3,1,2025-03-17,0,3,0,0,54
3,1,2025-03-18,1,3,0,0,55
3,1,2025-03-19,2,3,0,0,47
3,1,2025-03-20,3,3,0,0,53
3,1,2025-03-21,4,3,0,0,59
3,1,2025-03-22,5,3,0,0,60
3,1,2025-03-23,6,3,0,0,67
3,1,2025-03-24,0,3,0,0,58
3,1,2025-03-25,1,3,0,0,52
3,1,2025-03-26,2,3,0,0,58
3,1,2025-03-27,3,3,0,0,47
3,1,2025-03-28,4,3,0,0,61
3,1,2025-03-29,5,3,0,0,73
3,1,2025-03-30,6,3,0,0,70
3,1,2025-03-31,0,3,0,0,62
3,1,2025-04-01,1,4,0,0,53
3,1,2025-04-02,2,4,0,0,52
3,1,2025-04-03,3,4,0,0,63
3,1,2025-04-04,4,4,0,0,66
3,1,2025-04-05,5,4,0,0,64
3,1,2025-04-06,6,4,0,0,68
3,1,2025-04-07,0,4,0,0,61
3,1,2025-04-08,1,4,0,0,55
3,1,2025-04-09,2,4,0,0,59
3,1,2025-04-10,3,4,0,0,60
3,1,2025-04-11,4,4,0,0,52
3,1,2025-04-12,5,4,0,0,72
3,1,2025-04-13,6,4,0,0,69
3,1,2025-04-14,0,4,0,0,48
3,1,2025-04-15,1,4,0,0,50
3,1,2025-04-16,2,4,0,0,52
3,1,2025-04-17,3,4,0,0,60
3,1,2025-04-18,4,4,0,0,61
3,1,2025-04-19,5,4,0,0,74
3,1,2025-04-20,6,4,0,0,72
3,1,2025-04-21,0,4,0,0,58
3,1,2025-04-22,1,4,0,0,57
3,1,2025-04-23,2,4,0,0,58
3,1,2025-04-24,3,4,0,0,58
3,1,2025-04-25,4,4,0,0,47
3,1,2025-04-26,5,4,0,0,64
3,1,2025-04-27,6,4,0,0,62
3,1,2025-04-28,0,4,0,0,61
3,1,2025-04-29,1,4,0,0,65
3,1,2025-04-30,2,4,0,0,43
3,1,2025-05-01,3,5,0,0,62
3,1,2025-05-02,4,5,0,0,54
3,1,2025-05-03,5,5,0,0,74
3,1,2025-05-04,6,5,0,0,70
3,1,2025-05-05,0,5,0,0,61
3,1,2025-05-06,1,5,0,0,54
3,1,2025-05-07,2,5,0,0,46
3,1,2025-05-08,3,5,0,0,53
3,1,2025-05-09,4,5,0,0,56
3,1,2025-05-10,5,5,0,0,65
3,1,2025-05-11,6,5,0,0,71
3,1,2025-05-12,0,5,0,0,53
3,1,2025-05-13,1,5,0,0,50
3,1,2025-05-14,2,5,0,0,47
3,1,2025-05-15,3,5,0,0,51
3,1,2025-05-16,4,5,0,0,54
3,1,2025-05-17,5,5,0,0,54
3,1,2025-05-18,6,5,0,0,62
3,1,2025-05-19,0,5,0,0,42
3,1,2025-05-20,1,5,0,0,50
3,1,2025-05-21,2,5,0,0,60
3,1,2025-05-22,3,5,0,0,47
3,1,2025-05-23,4,5,0,0,57
3,1,2025-05-24,5,5,0,1,115
3,1,2025-05-25,6,5,0,1,103
3,1,2025-05-26,0,5,0,0,54
3,1,2025-05-27,1,5,0,0,58
3,1,2025-05-28,2,5,0,0,46
3,1,2025-05-29,3,5,0,0,45
3,1,2025-05-30,4,5,0,0,53
3,1,2025-05-31,5,5,0,0,70
3,1,2025-06-01,6,6,0,0,71
3,1,2025-06-02,0,6,0,0,47
3,1,2025-06-03,1,6,0,1,74
3,1,2025-06-04,2,6,0,0,51
3,1,2025-06-05,3,6,0,0,49
3,1,2025-06-06,4,6,0,0,50
3,1,2025-06-07,5,6,0,0,58
3,1,2025-06-08,6,6,0,0,66
3,1,2025-06-09,0,6,0,0,51
3,1,2025-06-10,1,6,0,0,48
3,1,2025-06-11,2,6,0,0,53
3,1,2025-06-12,3,6,0,0,55
3,1,2025-06-13,4,6,0,0,54
3,1,2025-06-14,5,6,0,0,57
3,1,2025-06-15,6,6,0,0,65
3,1,2025-06-16,0,6,0,0,45
3,1,2025-06-17,1,6,0,0,51
3,1,2025-06-18,2,6,0,0,46
3,1,2025-06-19,3,6,0,0,57
3,1,2025-06-20,4,6,0,0,54
3,1,2025-06-21,5,6,0,0,71
3,1,2025-06-22,6,6,0,0,71
3,1,2025-06-23,0,6,0,0,49
3,1,2025-06-24,1,6,0,0,48
3,1,2025-06-25,2,6,0,0,59
3,1,2025-06-26,3,6,0,0,49
3,1,2025-06-27,4,6,0,0,43
3,1,2025-06-28,5,6,0,0,71
3,1,2025-06-29,6,6,0,0,65
3,1,2025-06-30,0,6,0,0,58
3,1,2025-07-01,1,7,0,0,48
3,1,2025-07-02,2,7,0,1,69
3,1,2025-07-03,3,7,0,0,54
3,1,2025-07-04,4,7,0,0,40
3,1,2025-07-05,5,7,0,0,57
3,1,2025-07-06,6,7,0,0,56
3,1,2025-07-07,0,7,0,0,37
3,1,2025-07-08,1,7,0,0,51
3,1,2025-07-09,2,7,0,0,44
3,1,2025-07-10,3,7,0,0,51
3,1,2025-07-11,4,7,0,0,49
3,1,2025-07-12,5,7,0,0,65
3,1,2025-07-13,6,7,0,0,58
3,1,2025-07-14,0,7,0,0,43
3,1,2025-07-15,1,7,0,0,48
3,1,2025-07-16,2,7,0,0,52
3,1,2025-07-17,3,7,0,0,47
3,1,2025-07-18,4,7,0,0,44
3,1,2025-07-19,5,7,0,0,54
3,1,2025-07-20,6,7,0,0,62
3,1,2025-07-21,0,7,0,0,44
3,1,2025-07-22,1,7,0,0,47
3,1,2025-07-23,2,7,0,0,46
3,1,2025-07-24,3,7,0,0,45
3,1,2025-07-25,4,7,0,0,49
3,1,2025-07-26,5,7,0,0,64
3,1,2025-07-27,6,7,0,1,100
3,1,2025-07-28,0,7,0,0,51
3,1,2025-07-29,1,7,0,0,55
3,1,2025-07-30,2,7,0,0,43
3,1,2025-07-31,3,7,0,0,40
3,1,2025-08-01,4,8,0,1,67
3,1,2025-08-02,5,8,0,0,64
3,1,2025-08-03,6,8,0,0,63
3,1,2025-08-04,0,8,0,0,50
3,1,2025-08-05,1,8,0,0,33
3,1,2025-08-06,2,8,0,0,51
3,1,2025-08-07,3,8,0,0,46
3,1,2025-08-08,4,8,0,0,38
3,1,2025-08-09,5,8,0,0,63
3,1,2025-08-10,6,8,0,0,60
3,1,2025-08-11,0,8,0,0,47
3,1,2025-08-12,1,8,0,0,50
3,1,2025-08-13,2,8,0,0,47
3,1,2025-08-14,3,8,0,0,38
3,1,2025-08-15,4,8,0,0,44
3,1,2025-08-16,5,8,0,1,68
3,1,2025-08-17,6,8,0,0,63
3,1,2025-08-18,0,8,0,0,51
3,1,2025-08-19,1,8,0,0,39
3,1,2025-08-20,2,8,0,0,42
3,1,2025-08-21,3,8,0,0,41
3,1,2025-08-22,4,8,0,0,43
3,1,2025-08-23,5,8,0,0,61
3,1,2025-08-24,6,8,0,0,56
3,1,2025-08-25,0,8,0,0,48
3,1,2025-08-26,1,8,0,0,50
3,1,2025-08-27,2,8,0,0,50
3,1,2025-08-28,3,8,0,0,40
3,1,2025-08-29,4,8,0,0,51
3,1,2025-08-30,5,8,0,0,68
3,1,2025-08-31,6,8,0,0,68
3,1,2025-09-01,0,9,0,0,43
3,1,2025-09-02,1,9,0,1,62
3,1,2025-09-03,2,9,0,0,40
3,1,2025-09-04,3,9,0,0,39
3,1,2025-09-05,4,9,0,0,44
3,1,2025-09-06,5,9,0,0,63
3,1,2025-09-07,6,9,0,0,66
3,1,2025-09-08,0,9,0,0,42
3,1,2025-09-09,1,9,0,0,44
3,1,2025-09-10,2,9,0,0,44
3,1,2025-09-11,3,9,0,0,41
3,1,2025-09-12,4,9,0,0,47
3,1,2025-09-13,5,9,0,0,60
3,1,2025-09-14,6,9,0,0,59
3,1,2025-09-15,0,9,0,0,46
3,1,2025-09-16,1,9,0,0,47
3,1,2025-09-17,2,9,0,0,47
3,1,2025-09-18,3,9,0,0,40
3,1,2025-09-19,4,9,0,0,48
3,1,2025-09-20,5,9,0,1,83
3,1,2025-09-21,6,9,0,0,55
3,1,2025-09-22,0,9,0,0,45
3,1,2025-09-23,1,9,0,0,46
3,1,2025-09-24,2,9,0,0,49
3,1,2025-09-25,3,9,0,0,40
3,1,2025-09-26,4,9,0,0,50
3,1,2025-09-27,5,9,0,0,58
3,1,2025-09-28,6,9,0,0,55
3,1,2025-09-29,0,9,0,0,42
3,1,2025-09-30,1,9,0,0,40
3,1,2025-10-01,2,10,0,0,37
3,1,2025-10-02,3,10,0,1,72
3,1,2025-10-03,4,10,0,0,54
3,1,2025-10-04,5,10,0,0,49
3,1,2025-10-05,6,10,0,0,53
3,1,2025-10-06,0,10,0,0,48
3,1,2025-10-07,1,10,0,0,45
3,1,2025-10-08,2,10,0,0,49
3,1,2025-10-09,3,10,0,0,45
3,1,2025-10-10,4,10,0,0,42
3,1,2025-10-11,5,10,0,0,58
3,1,2025-10-12,6,10,0,0,45
3,1,2025-10-13,0,10,0,0,40
3,1,2025-10-14,1,10,0,0,49
3,1,2025-10-15,2,10,0,0,50
3,1,2025-10-16,3,10,0,0,51
3,1,2025-10-17,4,10,0,0,47
3,1,2025-10-18,5,10,0,0,45
3,1,2025-10-19,6,10,0,0,55
3,1,2025-10-20,0,10,0,0,51
3,1,2025-10-21,1,10,0,0,52
3,1,2025-10-22,2,10,0,0,51
3,1,2025-10-23,3,10,0,0,44
3,1,2025-10-24,4,10,0,0,39
3,1,2025-10-25,5,10,0,0,59
3,1,2025-10-26,6,10,0,0,59
3,1,2025-10-27,0,10,0,0,52
3,1,2025-10-28,1,10,0,0,46
3,1,2025-10-29,2,10,0,1,68
3,1,2025-10-30,3,10,0,0,45
3,1,2025-10-31,4,10,0,0,47
3,1,2025-11-01,5,11,0,0,65
3,1,2025-11-02,6,11,0,0,57
3,1,2025-11-03,0,11,0,0,42
3,1,2025-11-04,1,11,0,0,54
3,1,2025-11-05,2,11,0,0,39
3,1,2025-11-06,3,11,0,0,55
3,1,2025-11-07,4,11,0,0,38
3,1,2025-11-08,5,11,0,0,57
3,1,2025-11-09,6,11,0,0,67
3,1,2025-11-10,0,11,0,0,47
3,1,2025-11-11,1,11,0,0,41
3,1,2025-11-12,2,11,0,0,49
3,1,2025-11-13,3,11,0,0,48
3,1,2025-11-14,4,11,0,0,46
3,1,2025-11-15,5,11,0,0,57
3,1,2025-11-16,6,11,0,0,61
3,1,2025-11-17,0,11,0,0,44
3,1,2025-11-18,1,11,0,0,59
3,1,2025-11-19,2,11,0,0,46
3,1,2025-11-20,3,11,0,1,67
3,1,2025-11-21,4,11,0,0,45
3,1,2025-11-22,5,11,1,0,107
3,1,2025-11-23,6,11,1,0,76
3,1,2025-11-24,0,11,1,0,80
3,1,2025-11-25,1,11,1,0,75
3,1,2025-11-26,2,11,1,0,66
3,1,2025-11-27,3,11,1,0,71
3,1,2025-11-28,4,11,1,0,80
3,1,2025-11-29,5,11,0,0,56
3,1,2025-11-30,6,11,0,0,63
3,1,2025-12-01,0,12,0,0,59
3,1,2025-12-02,1,12,0,0,51
3,1,2025-12-03,2,12,0,0,43
3,1,2025-12-04,3,12,0,1,66
3,1,2025-12-05,4,12,0,0,49
3,1,2025-12-06,5,12,0,0,62
3,1,2025-12-07,6,12,0,1,88
3,1,2025-12-08,0,12,0,0,52
3,1,2025-12-09,1,12,0,0,59
3,1,2025-12-10,2,12,0,1,73
3,1,2025-12-11,3,12,0,0,44
3,1,2025-12-12,4,12,0,0,56
3,1,2025-12-13,5,12,0,0,72
3,1,2025-12-14,6,12,0,0,66
3,1,2025-12-15,0,12,0,0,49
3,1,2025-12-16,1,12,0,0,53
3,1,2025-12-17,2,12,0,0,49
3,1,2025-12-18,3,12,0,0,40
3,1,2025-12-19,4,12,0,0,53
3,1,2025-12-20,5,12,0,0,70
3,1,2025-12-21,6,12,0,0,73
3,1,2025-12-22,0,12,0,0,47
3,1,2025-12-23,1,12,0,0,51
3,1,2025-12-24,2,12,1,0,82
3,1,2025-12-25,3,12,1,0,81
3,1,2025-12-26,4,12,0,0,51
3,1,2025-12-27,5,12,0,0,64
3,1,2025-12-28,6,12,0,0,65
3,1,2025-12-29,0,12,0,0,54
3,1,2025-12-30,1,12,0,0,56
3,1,2025-12-31,2,12,1,0,74
3,1,2026-01-01,3,1,0,0,52
3,1,2026-01-02,4,1,0,1,72
3,1,2026-01-03,5,1,0,0,63
3,1,2026-01-04,6,1,0,0,56
3,1,2026-01-05,0,1,0,0,53
3,1,2026-01-06,1,1,0,0,56
3,1,2026-01-07,2,1,0,0,52
3,1,2026-01-08,3,1,0,0,53
3,1,2026-01-09,4,1,0,1,79
3,1,2026-01-10,5,1,0,0,77
3,1,2026-01-11,6,1,0,0,64
3,1,2026-01-12,0,1,0,0,47
3,1,2026-01-13,1,1,0,0,53
3,1,2026-01-14,2,1,0,0,63
3,1,2026-01-15,3,1,0,0,47
3,1,2026-01-16,4,1,0,0,57
3,1,2026-01-17,5,1,0,0,75
3,1,2026-01-18,6,1,0,0,51
3,1,2026-01-19,0,1,0,0,55
3,1,2026-01-20,1,1,0,0,57
3,1,2026-01-21,2,1,0,0,52
3,1,2026-01-22,3,1,0,0,50
3,1,2026-01-23,4,1,0,0,50
3,1,2026-01-24,5,1,0,0,65
3,1,2026-01-25,6,1,0,0,65
3,1,2026-01-26,0,1,0,0,51
3,1,2026-01-27,1,1,0,0,51
3,1,2026-01-28,2,1,0,0,60
3,1,2026-01-29,3,1,0,0,47
3,1,2026-01-30,4,1,0,0,44
3,1,2026-01-31,5,1,0,0,75
3,1,2026-02-01,6,2,0,0,68
3,1,2026-02-02,0,2,0,0,53
3,1,2026-02-03,1,2,0,0,55
3,1,2026-02-04,2,2,0,0,57
3,1,2026-02-05,3,2,0,0,53
3,1,2026-02-06,4,2,0,0,58
3,1,2026-02-07,5,2,0,0,63
3,1,2026-02-08,6,2,0,0,67
3,1,2026-02-09,0,2,0,1,60
3,1,2026-02-10,1,2,0,0,62
3,1,2026-02-11,2,2,0,0,54
3,1,2026-02-12,3,2,0,0,59
3,1,2026-02-13,4,2,0,0,58
3,1,2026-02-14,5,2,0,0,73
3,1,2026-02-15,6,2,0,0,69
3,1,2026-02-16,0,2,0,0,58
3,1,2026-02-17,1,2,0,0,50
3,1,2026-02-18,2,2,0,0,49
3,1,2026-02-19,3,2,0,0,55
3,1,2026-02-20,4,2,0,0,52
3,1,2026-02-21,5,2,0,0,79
3,1,2026-02-22,6,2,0,0,72
3,1,2026-02-23,0,2,0,0,51
3,1,2026-02-24,1,2,0,0,54
3,1,2026-02-25,2,2,0,0,56
3,1,2026-02-26,3,2,0,0,55
3,1,2026-02-27,4,2,0,0,57
3,1,2026-02-28,5,2,0,0,70
3,1,2026-03-01,6,3,0,0,60
3,1,2026-03-02,0,3,0,0,44
3,1,2026-03-03,1,3,0,1,76
3,1,2026-03-04,2,3,0,0,59
3,1,2026-03-05,3,3,0,0,54
3,1,2026-03-06,4,3,0,0,63
3,1,2026-03-07,5,3,0,0,70
3,1,2026-03-08,6,3,0,0,80
3,1,2026-03-09,0,3,0,0,63
3,1,2026-03-10,1,3,0,0,62
3,1,2026-03-11,2,3,0,0,49
3,1,2026-03-12,3,3,0,0,56
3,1,2026-03-13,4,3,0,0,63
3,1,2026-03-14,5,3,0,0,72
3,1,2026-03-15,6,3,0,0,74
3,1,2026-03-16,0,3,0,0,48
3,1,2026-03-17,1,3,0,0,67
3,1,2026-03-18,2,3,0,0,52
3,1,2026-03-19,3,3,0,0,45
3,1,2026-03-20,4,3,0,0,54
3,1,2026-03-21,5,3,0,0,53
3,1,2026-03-22,6,3,0,0,62
3,1,2026-03-23,0,3,0,0,71
3,1,2026-03-24,1,3,0,0,54
3,1,2026-03-25,2,3,0,0,48
3,1,2026-03-26,3,3,0,0,56
3,1,2026-03-27,4,3,0,0,51
3,1,2026-03-28,5,3,0,1,101
3,1,2026-03-29,6,3,0,0,64
3,1,2026-03-30,0,3,0,0,58
3,1,2026-03-31,1,3,0,0,50
3,1,2026-04-01,2,4,0,0,70
3,1,2026-04-02,3,4,0,0,58
3,1,2026-04-03,4,4,0,0,55
3,1,2026-04-04,5,4,0,1,89
3,1,2026-04-05,6,4,0,0,65
3,1,2026-04-06,0,4,0,0,51
3,1,2026-04-07,1,4,0,0,51
3,1,2026-04-08,2,4,0,0,65
3,1,2026-04-09,3,4,0,0,52
3,1,2026-04-10,4,4,0,0,44
3,1,2026-04-11,5,4,0,0,61
3,1,2026-04-12,6,4,0,0,76
3,1,2026-04-13,0,4,0,0,54
3,1,2026-04-14,1,4,0,0,55
3,1,2026-04-15,2,4,0,0,62
3,1,2026-04-16,3,4,0,0,51
3,1,2026-04-17,4,4,0,0,59
3,1,2026-04-18,5,4,0,0,65
3,1,2026-04-19,6,4,0,0,73
3,1,2026-04-20,0,4,0,0,53
3,1,2026-04-21,1,4,0,0,54
3,1,2026-04-22,2,4,0,0,60
3,1,2026-04-23,3,4,0,0,60
3,1,2026-04-24,4,4,0,0,55
3,1,2026-04-25,5,4,0,1,87
3,1,2026-04-26,6,4,0,0,81
3,1,2026-04-27,0,4,0,0,59
3,1,2026-04-28,1,4,0,0,53
3,1,2026-04-29,2,4,0,0,52
3,1,2026-04-30,3,4,0,0,61
3,1,2026-05-01,4,5,0,0,54
3,1,2026-05-02,5,5,0,0,66
3,1,2026-05-03,6,5,0,0,68
3,1,2026-05-04,0,5,0,0,55
3,1,2026-05-05,1,5,0,0,53
3,1,2026-05-06,2,5,0,0,60
3,1,2026-05-07,3,5,0,1,85
3,1,2026-05-08,4,5,0,0,56
3,1,2026-05-09,5,5,0,0,77
3,1,2026-05-10,6,5,0,0,67
3,1,2026-05-11,0,5,0,0,57
3,1,2026-05-12,1,5,0,0,59
3,1,2026-05-13,2,5,0,0,59
3,1,2026-05-14,3,5,0,0,58
3,1,2026-05-15,4,5,0,0,57
3,1,2026-05-16,5,5,0,0,80
3,1,2026-05-17,6,5,0,0,64
3,1,2026-05-18,0,5,0,0,52
3,1,2026-05-19,1,5,0,0,52
3,1,2026-05-20,2,5,0,0,51
3,1,2026-05-21,3,5,0,0,43
3,1,2026-05-22,4,5,0,0,61
3,1,2026-05-23,5,5,0,1,80
3,1,2026-05-24,6,5,0,0,68
3,1,2026-05-25,0,5,0,0,46
3,1,2026-05-26,1,5,0,0,57
3,1,2026-05-27,2,5,0,0,49
3,1,2026-05-28,3,5,0,0,47
3,1,2026-05-29,4,5,0,0,54
3,1,2026-05-30,5,5,0,1,83
3,1,2026-05-31,6,5,0,0,63
3,1,2026-06-01,0,6,0,0,51
3,1,2026-06-02,1,6,0,0,54
3,1,2026-06-03,2,6,0,0,46
3,1,2026-06-04,3,6,0,0,45
3,1,2026-06-05,4,6,0,0,50
3,1,2026-06-06,5,6,0,0,68
3,1,2026-06-07,6,6,0,0,74
3,1,2026-06-08,0,6,0,0,45
3,1,2026-06-09,1,6,0,0,49
3,1,2026-06-10,2,6,0,0,56
3,1,2026-06-11,3,6,0,0,60
3,1,2026-06-12,4,6,0,0,45
3,1,2026-06-13,5,6,0,0,59
3,1,2026-06-14,6,6,0,0,67
3,1,2026-06-15,0,6,0,0,47
3,1,2026-06-16,1,6,0,0,46
3,1,2026-06-17,2,6,0,0,52
3,1,2026-06-18,3,6,0,0,58
3,1,2026-06-19,4,6,0,0,44
3,1,2026-06-20,5,6,0,0,74
3,1,2026-06-21,6,6,0,0,60
3,1,2026-06-22,0,6,0,0,52
3,1,2026-06-23,1,6,0,0,58
3,1,2026-06-24,2,6,0,1,75
3,1,2026-06-25,3,6,0,0,49
3,1,2026-06-26,4,6,0,0,54
3,1,2026-06-27,5,6,0,1,85
3,1,2026-06-28,6,6,0,0,68
3,1,2026-06-29,0,6,0,1,71
3,1,2026-06-30,1,6,0,0,55
3,1,2026-07-01,2,7,0,0,41
3,1,2026-07-02,3,7,0,0,43
3,1,2026-07-03,4,7,0,0,41
3,1,2026-07-04,5,7,0,0,61
3,1,2026-07-05,6,7,0,1,71
3,1,2026-07-06,0,7,0,0,44
3,1,2026-07-07,1,7,0,0,42
3,1,2026-07-08,2,7,0,0,54
3,1,2026-07-09,3,7,0,0,43
3,1,2026-07-10,4,7,0,0,41
3,1,2026-07-11,5,7,0,0,63
3,1,2026-07-12,6,7,0,0,72
3,1,2026-07-13,0,7,0,0,47
3,1,2026-07-14,1,7,0,0,47
3,1,2026-07-15,2,7,0,0,54
3,1,2026-07-16,3,7,0,0,52
3,1,2026-07-17,4,7,0,0,49
3,1,2026-07-18,5,7,0,0,58
3,1,2026-07-19,6,7,0,0,64
3,1,2026-07-20,0,7,0,0,41
3,1,2026-07-21,1,7,0,0,44
3,1,2026-07-22,2,7,0,0,54
3,1,2026-07-23,3,7,0,0,54
3,1,2026-07-24,4,7,0,0,49
3,1,2026-07-25,5,7,0,0,49
3,1,2026-07-26,6,7,0,1,73
3,1,2026-07-27,0,7,0,1,65
3,1,2026-07-28,1,7,0,0,47
3,1,2026-07-29,2,7,0,0,41
3,1,2026-07-30,3,7,0,0,46
3,1,2026-07-31,4,7,0,0,56
3,1,2026-08-01,5,8,0,0,61
3,1,2026-08-02,6,8,0,0,60
3,1,2026-08-03,0,8,0,0,41
3,1,2026-08-04,1,8,0,0,38
3,1,2026-08-05,2,8,0,0,40
3,1,2026-08-06,3,8,0,0,38
3,1,2026-08-07,4,8,0,0,46
3,1,2026-08-08,5,8,0,0,61
3,1,2026-08-09,6,8,0,0,53
3,1,2026-08-10,0,8,0,0,46
3,1,2026-08-11,1,8,0,0,52
3,1,2026-08-12,2,8,0,0,54
3,1,2026-08-13,3,8,0,0,49
3,1,2026-08-14,4,8,0,0,44
3,1,2026-08-15,5,8,0,0,63
3,1,2026-08-16,6,8,0,0,67
3,1,2026-08-17,0,8,0,0,36
3,1,2026-08-18,1,8,0,0,52
3,1,2026-08-19,2,8,0,1,64
3,1,2026-08-20,3,8,0,0,43
3,1,2026-08-21,4,8,0,0,44
3,1,2026-08-22,5,8,0,1,84
3,1,2026-08-23,6,8,0,0,52
3,1,2026-08-24,0,8,0,0,44
3,1,2026-08-25,1,8,0,0,48
3,1,2026-08-26,2,8,0,0,46
3,1,2026-08-27,3,8,0,0,47
3,1,2026-08-28,4,8,0,0,44
3,1,2026-08-29,5,8,0,0,63
3,1,2026-08-30,6,8,0,1,90
3,1,2026-08-31,0,8,0,0,50
3,2,2024-09-01,6,9,0,1,104
3,2,2024-09-02,0,9,0,0,62
3,2,2024-09-03,1,9,0,0,76
3,2,2024-09-04,2,9,0,0,85
3,2,2024-09-05,3,9,0,0,78
3,2,2024-09-06,4,9,0,0,95
3,2,2024-09-07,5,9,0,0,121
3,2,2024-09-08,6,9,0,0,106
3,2,2024-09-09,0,9,0,0,93
3,2,2024-09-10,1,9,0,0,89
3,2,2024-09-11,2,9,0,0,85
3,2,2024-09-12,3,9,0,0,66
3,2,2024-09-13,4,9,0,0,70
3,2,2024-09-14,5,9,0,0,77
3,2,2024-09-15,6,9,0,0,99
3,2,2024-09-16,0,9,0,0,88
3,2,2024-09-17,1,9,0,0,63
3,2,2024-09-18,2,9,0,0,86
3,2,2024-09-19,3,9,0,0,72
3,2,2024-09-20,4,9,0,0,69
3,2,2024-09-21,5,9,0,0,90
3,2,2024-09-22,6,9,0,1,116
3,2,2024-09-23,0,9,0,0,94
3,2,2024-09-24,1,9,0,0,83
3,2,2024-09-25,2,9,0,0,97
3,2,2024-09-26,3,9,0,0,78
3,2,2024-09-27,4,9,0,1,119
3,2,2024-09-28,5,9,0,0,135
3,2,2024-09-29,6,9,0,0,72
3,2,2024-09-30,0,9,0,0,104
3,2,2024-10-01,1,10,0,0,112
3,2,2024-10-02,2,10,0,1,148
3,2,2024-10-03,3,10,0,0,82
3,2,2024-10-04,4,10,0,0,108
3,2,2024-10-05,5,10,0,0,97
3,2,2024-10-06,6,10,0,0,90
3,2,2024-10-07,0,10,0,1,121
3,2,2024-10-08,1,10,0,0,78
3,2,2024-10-09,2,10,0,0,72
3,2,2024-10-10,3,10,0,0,103
3,2,2024-10-11,4,10,0,0,75
3,2,2024-10-12,5,10,0,0,102
3,2,2024-10-13,6,10,0,0,77
3,2,2024-10-14,0,10,0,0,87
3,2,2024-10-15,1,10,0,0,69
3,2,2024-10-16,2,10,0,0,69
3,2,2024-10-17,3,10,0,0,85
3,2,2024-10-18,4,10,0,0,103
3,2,2024-10-19,5,10,0,0,111
3,2,2024-10-20,6,10,0,0,112
3,2,2024-10-21,0,10,0,0,85
3,2,2024-10-22,1,10,0,0,82
3,2,2024-10-23,2,10,0,0,99
3,2,2024-10-24,3,10,0,0,78
3,2,2024-10-25,4,10,0,1,149
3,2,2024-10-26,5,10,0,0,125
3,2,2024-10-27,6,10,0,0,88
3,2,2024-10-28,0,10,0,0,76
3,2,2024-10-29,1,10,0,0,78
3,2,2024-10-30,2,10,0,0,64
3,2,2024-10-31,3,10,0,0,80
3,2,2024-11-01,4,11,0,0,112
3,2,2024-11-02,5,11,0,0,87
3,2,2024-11-03,6,11,0,0,132
3,2,2024-11-04,0,11,0,0,84
3,2,2024-11-05,1,11,0,0,125
3,2,2024-11-06,2,11,0,0,80
3,2,2024-11-07,3,11,0,0,89
3,2,2024-11-08,4,11,0,0,76
3,2,2024-11-09,5,11,0,1,132
3,2,2024-11-10,6,11,0,0,132
3,2,2024-11-11,0,11,0,0,98
3,2,2024-11-12,1,11,0,0,107
3,2,2024-11-13,2,11,0,0,70
3,2,2024-11-14,3,11,0,0,101
3,2,2024-11-15,4,11,0,0,75
3,2,2024-11-16,5,11,0,0,82
3,2,2024-11-17,6,11,0,0,112
3,2,2024-11-18,0,11,0,0,95
3,2,2024-11-19,1,11,0,0,92
3,2,2024-11-20,2,11,0,0,102
3,2,2024-11-21,3,11,0,0,105
3,2,2024-11-22,4,11,1,0,187
3,2,2024-11-23,5,11,1,0,131
3,2,2024-11-24,6,11,1,0,209
3,2,2024-11-25,0,11,1,0,198
3,2,2024-11-26,1,11,1,0,139
3,2,2024-11-27,2,11,1,0,105
3,2,2024-11-28,3,11,1,1,146
3,2,2024-11-29,4,11,0,0,84
3,2,2024-11-30,5,11,0,0,145
3,2,2024-12-01,6,12,0,0,113
3,2,2024-12-02,0,12,0,0,86
3,2,2024-12-03,1,12,0,0,85
3,2,2024-12-04,2,12,0,0,74
3,2,2024-12-05,3,12,0,0,112
3,2,2024-12-06,4,12,0,0,95
3,2,2024-12-07,5,12,0,1,214
3,2,2024-12-08,6,12,0,0,125
3,2,2024-12-09,0,12,0,0,111
3,2,2024-12-10,1,12,0,1,134
3,2,2024-12-11,2,12,0,0,78
3,2,2024-12-12,3,12,0,0,82
3,2,2024-12-13,4,12,0,0,74
3,2,2024-12-14,5,12,0,0,131
3,2,2024-12-15,6,12,0,0,105
3,2,2024-12-16,0,12,0,0,113
3,2,2024-12-17,1,12,0,1,144
3,2,2024-12-18,2,12,0,0,92
3,2,2024-12-19,3,12,0,0,77
3,2,2024-12-20,4,12,0,0,102
3,2,2024-12-21,5,12,0,0,109
3,2,2024-12-22,6,12,0,0,131
3,2,2024-12-23,0,12,0,0,85
3,2,2024-12-24,1,12,1,0,171
3,2,2024-12-25,2,12,1,0,199
3,2,2024-12-26,3,12,0,0,101
3,2,2024-12-27,4,12,0,0,110
3,2,2024-12-28,5,12,0,0,124
3,2,2024-12-29,6,12,0,0,151
3,2,2024-12-30,0,12,0,1,149
3,2,2024-12-31,1,12,1,0,174
3,2,2025-01-01,2,1,0,0,102
3,2,2025-01-02,3,1,0,0,89
3,2,2025-01-03,4,1,0,0,81
3,2,2025-01-04,5,1,0,0,145
3,2,2025-01-05,6,1,0,1,134
3,2,2025-01-06,0,1,0,0,116
3,2,2025-01-07,1,1,0,1,157
3,2,2025-01-08,2,1,0,0,119
3,2,2025-01-09,3,1,0,0,93
3,2,2025-01-10,4,1,0,0,88
3,2,2025-01-11,5,1,0,0,127
3,2,2025-01-12,6,1,0,0,113
3,2,2025-01-13,0,1,0,0,80
3,2,2025-01-14,1,1,0,0,137
3,2,2025-01-15,2,1,0,0,88
3,2,2025-01-16,3,1,0,0,85
3,2,2025-01-17,4,1,0,0,98
3,2,2025-01-18,5,1,0,0,145
3,2,2025-01-19,6,1,0,0,74
3,2,2025-01-20,0,1,0,0,124
3,2,2025-01-21,1,1,0,0,86
3,2,2025-01-22,2,1,0,0,107
3,2,2025-01-23,3,1,0,0,90
3,2,2025-01-24,4,1,0,0,138
3,2,2025-01-25,5,1,0,0,121
3,2,2025-01-26,6,1,0,0,104
3,2,2025-01-27,0,1,0,0,97
3,2,2025-01-28,1,1,0,1,148
3,2,2025-01-29,2,1,0,0,106
3,2,2025-01-30,3,1,0,0,110
3,2,2025-01-31,4,1,0,0,103
3,2,2025-02-01,5,2,0,0,93
3,2,2025-02-02,6,2,0,0,116
3,2,2025-02-03,0,2,0,0,118
3,2,2025-02-04,1,2,0,0,94
3,2,2025-02-05,2,2,0,0,119
3,2,2025-02-06,3,2,0,0,107
3,2,2025-02-07,4,2,0,0,103
3,2,2025-02-08,5,2,0,0,149
3,2,2025-02-09,6,2,0,0,86
3,2,2025-02-10,0,2,0,0,94
3,2,2025-02-11,1,2,0,0,130
3,2,2025-02-12,2,2,0,0,141
3,2,2025-02-13,3,2,0,0,150
3,2,2025-02-14,4,2,0,0,108
3,2,2025-02-15,5,2,0,0,133
3,2,2025-02-16,6,2,0,0,141
3,2,2025-02-17,0,2,0,0,131
3,2,2025-02-18,1,2,0,0,113
3,2,2025-02-19,2,2,0,0,124
3,2,2025-02-20,3,2,0,0,115
3,2,2025-02-21,4,2,0,0,117
3,2,2025-02-22,5,2,0,0,103
3,2,2025-02-23,6,2,0,0,116
3,2,2025-02-24,0,2,0,0,97
3,2,2025-02-25,1,2,0,0,85
3,2,2025-02-26,2,2,0,0,76
3,2,2025-02-27,3,2,0,0,99
3,2,2025-02-28,4,2,0,0,102
3,2,2025-03-01,5,3,0,0,127
3,2,2025-03-02,6,3,0,0,137
3,2,2025-03-03,0,3,0,0,112
3,2,2025-03-04,1,3,0,0,104
3,2,2025-03-05,2,3,0,0,91
3,2,2025-03-06,3,3,0,0,125
3,2,2025-03-07,4,3,0,0,106
3,2,2025-03-08,5,3,0,0,115
3,2,2025-03-09,6,3,0,0,121
3,2,2025-03-10,0,3,0,0,94
3,2,2025-03-11,1,3,0,0,98
3,2,2025-03-12,2,3,0,0,98
3,2,2025-03-13,3,3,0,0,103
3,2,2025-03-14,4,3,0,0,121
3,2,2025-03-15,5,3,0,0,134
3,2,2025-03-16,6,3,0,0,158
3,2,2025-03-17,0,3,0,0,131
3,2,2025-03-18,1,3,0,0,146
3,2,2025-03-19,2,3,0,0,119
3,2,2025-03-20,3,3,0,0,119
3,2,2025-03-21,4,3,0,0,99
3,2,2025-03-22,5,3,0,1,192
3,2,2025-03-23,6,3,0,0,110
3,2,2025-03-24,0,3,0,0,80
3,2,2025-03-25,1,3,0,0,137
3,2,2025-03-26,2,3,0,0,85
3,2,2025-03-27,3,3,0,0,117
3,2,2025-03-28,4,3,0,0,92
3,2,2025-03-29,5,3,0,0,149
3,2,2025-03-30,6,3,0,0,152
3,2,2025-03-31,0,3,0,0,119
3,2,2025-04-01,1,4,0,0,130
3,2,2025-04-02,2,4,0,0,107
3,2,2025-04-03,3,4,0,0,149
3,2,2025-04-04,4,4,0,0,121
3,2,2025-04-05,5,4,0,0,104
3,2,2025-04-06,6,4,0,0,125
3,2,2025-04-07,0,4,0,0,104
3,2,2025-04-08,1,4,0,0,102
3,2,2025-04-09,2,4,0,0,76
3,2,2025-04-10,3,4,0,0,114
3,2,2025-04-11,4,4,0,0,81
3,2,2025-04-12,5,4,0,0,69
3,2,2025-04-13,6,4,0,0,116
3,2,2025-04-14,0,4,0,0,93
3,2,2025-04-15,1,4,0,0,91
3,2,2025-04-16,2,4,0,1,69
3,2,2025-04-17,3,4,0,0,91
3,2,2025-04-18,4,4,0,0,104
3,2,2025-04-19,5,4,0,0,109
3,2,2025-04-20,6,4,0,0,132
3,2,2025-04-21,0,4,0,0,133
3,2,2025-04-22,1,4,0,0,117
3,2,2025-04-23,2,4,0,0,126
3,2,2025-04-24,3,4,0,0,128
3,2,2025-04-25,4,4,0,0,88
3,2,2025-04-26,5,4,0,1,179
3,2,2025-04-27,6,4,0,0,145
3,2,2025-04-28,0,4,0,1,139
3,2,2025-04-29,1,4,0,0,92
3,2,2025-04-30,2,4,0,0,117
3,2,2025-05-01,3,5,0,0,76
3,2,2025-05-02,4,5,0,0,83
3,2,2025-05-03,5,5,0,0,105
3,2,2025-05-04,6,5,0,0,128
3,2,2025-05-05,0,5,0,0,107
3,2,2025-05-06,1,5,0,0,121
3,2,2025-05-07,2,5,0,0,86
3,2,2025-05-08,3,5,0,0,85
3,2,2025-05-09,4,5,0,0,112
3,2,2025-05-10,5,5,0,0,102
3,2,2025-05-11,6,5,0,0,106
3,2,2025-05-12,0,5,0,0,69
3,2,2025-05-13,1,5,0,0,108
3,2,2025-05-14,2,5,0,0,130
3,2,2025-05-15,3,5,0,0,84
3,2,2025-05-16,4,5,0,0,121
3,2,2025-05-17,5,5,0,0,118
3,2,2025-05-18,6,5,0,0,82
3,2,2025-05-19,0,5,0,0,87
3,2,2025-05-20,1,5,0,0,85
3,2,2025-05-21,2,5,0,0,97
3,2,2025-05-22,3,5,0,0,110
3,2,2025-05-23,4,5,0,0,136
3,2,2025-05-24,5,5,0,0,89
3,2,2025-05-25,6,5,0,0,109
3,2,2025-05-26,0,5,0,0,87
3,2,2025-05-27,1,5,0,0,80
3,2,2025-05-28,2,5,0,0,104
3,2,2025-05-29,3,5,0,0,103
3,2,2025-05-30,4,5,0,0,70
3,2,2025-05-31,5,5,0,0,119
3,2,2025-06-01,6,6,0,1,124
3,2,2025-06-02,0,6,0,0,97
3,2,2025-06-03,1,6,0,0,119
3,2,2025-06-04,2,6,0,0,105
3,2,2025-06-05,3,6,0,0,100
3,2,2025-06-06,4,6,0,0,88
3,2,2025-06-07,5,6,0,0,114
3,2,2025-06-08,6,6,0,0,124
3,2,2025-06-09,0,6,0,0,105
3,2,2025-06-10,1,6,0,0,95
3,2,2025-06-11,2,6,0,0,101
3,2,2025-06-12,3,6,0,0,75
3,2,2025-06-13,4,6,0,0,84
3,2,2025-06-14,5,6,0,0,127
3,2,2025-06-15,6,6,0,0,130
3,2,2025-06-16,0,6,0,0,99
3,2,2025-06-17,1,6,0,0,122
3,2,2025-06-18,2,6,0,0,106
3,2,2025-06-19,3,6,0,0,93
3,2,2025-06-20,4,6,0,0,76
3,2,2025-06-21,5,6,0,0,142
3,2,2025-06-22,6,6,0,0,128
3,2,2025-06-23,0,6,0,0,128
3,2,2025-06-24,1,6,0,0,134
3,2,2025-06-25,2,6,0,0,75
3,2,2025-06-26,3,6,0,0,75
3,2,2025-06-27,4,6,0,0,48
3,2,2025-06-28,5,6,0,0,131
3,2,2025-06-29,6,6,0,0,126
3,2,2025-06-30,0,6,0,0,99
3,2,2025-07-01,1,7,0,0,72
3,2,2025-07-02,2,7,0,0,90
3,2,2025-07-03,3,7,0,0,94
3,2,2025-07-04,4,7,0,0,104
3,2,2025-07-05,5,7,0,0,113
3,2,2025-07-06,6,7,0,0,120
3,2,2025-07-07,0,7,0,0,89
3,2,2025-07-08,1,7,0,0,110
3,2,2025-07-09,2,7,0,1,150
3,2,2025-07-10,3,7,0,0,72
3,2,2025-07-11,4,7,0,0,113
3,2,2025-07-12,5,7,0,0,130
3,2,2025-07-13,6,7,0,0,116
3,2,2025-07-14,0,7,0,0,96
3,2,2025-07-15,1,7,0,0,118
3,2,2025-07-16,2,7,0,0,65
3,2,2025-07-17,3,7,0,0,111
3,2,2025-07-18,4,7,0,0,84
3,2,2025-07-19,5,7,0,0,128
3,2,2025-07-20,6,7,0,1,154
3,2,2025-07-21,0,7,0,0,71
3,2,2025-07-22,1,7,0,0,83
3,2,2025-07-23,2,7,0,0,108
3,2,2025-07-24,3,7,0,0,88
3,2,2025-07-25,4,7,0,0,81
3,2,2025-07-26,5,7,0,0,96
3,2,2025-07-27,6,7,0,0,120
3,2,2025-07-28,0,7,0,0,119
3,2,2025-07-29,1,7,0,0,57
3,2,2025-07-30,2,7,0,0,136
3,2,2025-07-31,3,7,0,0,94
3,2,2025-08-01,4,8,0,0,96
3,2,2025-08-02,5,8,0,0,95
3,2,2025-08-03,6,8,0,0,103
3,2,2025-08-04,0,8,0,0,90
3,2,2025-08-05,1,8,0,0,71
3,2,2025-08-06,2,8,0,0,75
3,2,2025-08-07,3,8,0,0,105
3,2,2025-08-08,4,8,0,0,63
3,2,2025-08-09,5,8,0,0,111
3,2,2025-08-10,6,8,0,0,96
3,2,2025-08-11,0,8,0,1,108
3,2,2025-08-12,1,8,0,0,117
3,2,2025-08-13,2,8,0,0,72
3,2,2025-08-14,3,8,0,0,70
3,2,2025-08-15,4,8,0,1,126
3,2,2025-08-16,5,8,0,0,89
3,2,2025-08-17,6,8,0,0,103
3,2,2025-08-18,0,8,0,0,89
3,2,2025-08-19,1,8,0,0,91
3,2,2025-08-20,2,8,0,0,85
3,2,2025-08-21,3,8,0,0,76
3,2,2025-08-22,4,8,0,0,97
3,2,2025-08-23,5,8,0,0,101
3,2,2025-08-24,6,8,0,0,94
3,2,2025-08-25,0,8,0,0,110
3,2,2025-08-26,1,8,0,0,85
3,2,2025-08-27,2,8,0,0,104
3,2,2025-08-28,3,8,0,0,106
3,2,2025-08-29,4,8,0,0,107
3,2,2025-08-30,5,8,0,0,116
3,2,2025-08-31,6,8,0,0,103
3,2,2025-09-01,0,9,0,0,84
3,2,2025-09-02,1,9,0,0,82
3,2,2025-09-03,2,9,0,0,53
3,2,2025-09-04,3,9,0,0,96
3,2,2025-09-05,4,9,0,0,89
3,2,2025-09-06,5,9,0,0,116
3,2,2025-09-07,6,9,0,0,100
3,2,2025-09-08,0,9,0,0,95
3,2,2025-09-09,1,9,0,0,65
3,2,2025-09-10,2,9,0,0,68
3,2,2025-09-11,3,9,0,0,48
3,2,2025-09-12,4,9,0,0,83
3,2,2025-09-13,5,9,0,0,88
3,2,2025-09-14,6,9,0,0,86
3,2,2025-09-15,0,9,0,0,90
3,2,2025-09-16,1,9,0,0,79
3,2,2025-09-17,2,9,0,0,64
3,2,2025-09-18,3,9,0,0,124
3,2,2025-09-19,4,9,0,0,85
3,2,2025-09-20,5,9,0,0,82
3,2,2025-09-21,6,9,0,0,90
3,2,2025-09-22,0,9,0,0,83
3,2,2025-09-23,1,9,0,0,83
3,2,2025-09-24,2,9,0,0,105
3,2,2025-09-25,3,9,0,0,84
3,2,2025-09-26,4,9,0,0,113
3,2,2025-09-27,5,9,0,0,94
3,2,2025-09-28,6,9,0,0,109
3,2,2025-09-29,0,9,0,0,101
3,2,2025-09-30,1,9,0,0,103
3,2,2025-10-01,2,10,0,0,107
3,2,2025-10-02,3,10,0,0,83
3,2,2025-10-03,4,10,0,0,87
3,2,2025-10-04,5,10,0,0,58
3,2,2025-10-05,6,10,0,0,100
3,2,2025-10-06,0,10,0,0,104
3,2,2025-10-07,1,10,0,0,101
3,2,2025-10-08,2,10,0,0,86
3,2,2025-10-09,3,10,0,0,113
3,2,2025-10-10,4,10,0,0,81
3,2,2025-10-11,5,10,0,0,90
3,2,2025-10-12,6,10,0,0,95
3,2,2025-10-13,0,10,0,0,70
3,2,2025-10-14,1,10,0,0,97
3,2,2025-10-15,2,10,0,0,91
3,2,2025-10-16,3,10,0,1,145
3,2,2025-10-17,4,10,0,0,81
3,2,2025-10-18,5,10,0,0,102
3,2,2025-10-19,6,10,0,0,64
3,2,2025-10-20,0,10,0,0,93
3,2,2025-10-21,1,10,0,0,89
3,2,2025-10-22,2,10,0,0,70
3,2,2025-10-23,3,10,0,0,85
3,2,2025-10-24,4,10,0,0,83
3,2,2025-10-25,5,10,0,0,135
3,2,2025-10-26,6,10,0,0,84
3,2,2025-10-27,0,10,0,0,92
3,2,2025-10-28,1,10,0,0,70
3,2,2025-10-29,2,10,0,1,118
3,2,2025-10-30,3,10,0,0,91
3,2,2025-10-31,4,10,0,0,84
3,2,2025-11-01,5,11,0,0,107
3,2,2025-11-02,6,11,0,0,114
3,2,2025-11-03,0,11,0,0,83
3,2,2025-11-04,1,11,0,0,105
3,2,2025-11-05,2,11,0,0,86
3,2,2025-11-06,3,11,0,0,90
3,2,2025-11-07,4,11,0,0,97
3,2,2025-11-08,5,11,0,0,112
3,2,2025-11-09,6,11,0,0,120
3,2,2025-11-10,0,11,0,1,142
3,2,2025-11-11,1,11,0,1,146
3,2,2025-11-12,2,11,0,0,86
3,2,2025-11-13,3,11,0,0,74
3,2,2025-11-14,4,11,0,0,68
3,2,2025-11-15,5,11,0,0,76
3,2,2025-11-16,6,11,0,0,141
3,2,2025-11-17,0,11,0,0,56
3,2,2025-11-18,1,11,0,0,110
3,2,2025-11-19,2,11,0,0,78
3,2,2025-11-20,3,11,0,0,110
3,2,2025-11-21,4,11,0,0,56
3,2,2025-11-22,5,11,1,0,159
3,2,2025-11-23,6,11,1,0,208
3,2,2025-11-24,0,11,1,0,168
3,2,2025-11-25,1,11,1,0,140
3,2,2025-11-26,2,11,1,0,98
3,2,2025-11-27,3,11,1,0,115
3,2,2025-11-28,4,11,1,0,186
3,2,2025-11-29,5,11,0,0,101
3,2,2025-11-30,6,11,0,0,106
3,2,2025-12-01,0,12,0,0,102
3,2,2025-12-02,1,12,0,0,75
3,2,2025-12-03,2,12,0,0,104
3,2,2025-12-04,3,12,0,0,90
3,2,2025-12-05,4,12,0,0,102
3,2,2025-12-06,5,12,0,0,102
3,2,2025-12-07,6,12,0,0,82
3,2,2025-12-08,0,12,0,0,90
3,2,2025-12-09,1,12,0,0,108
3,2,2025-12-10,2,12,0,0,104
3,2,2025-12-11,3,12,0,0,98
3,2,2025-12-12,4,12,0,0,112
3,2,2025-12-13,5,12,0,0,109
3,2,2025-12-14,6,12,0,0,115
3,2,2025-12-15,0,12,0,0,89
3,2,2025-12-16,1,12,0,0,113
3,2,2025-12-17,2,12,0,0,102
3,2,2025-12-18,3,12,0,0,88
3,2,2025-12-19,4,12,0,0,72
3,2,2025-12-20,5,12,0,1,187
3,2,2025-12-21,6,12,0,0,99
3,2,2025-12-22,0,12,0,0,98
3,2,2025-12-23,1,12,0,0,137
3,2,2025-12-24,2,12,1,0,177
3,2,2025-12-25,3,12,1,0,199
3,2,2025-12-26,4,12,0,0,88
3,2,2025-12-27,5,12,0,0,135
3,2,2025-12-28,6,12,0,0,114
3,2,2025-12-29,0,12,0,0,103
3,2,2025-12-30,1,12,0,0,132
3,2,2025-12-31,2,12,1,0,148
3,2,2026-01-01,3,1,0,0,103
3,2,2026-01-02,4,1,0,0,87
3,2,2026-01-03,5,1,0,0,138
3,2,2026-01-04,6,1,0,1,147
3,2,2026-01-05,0,1,0,0,121
3,2,2026-01-06,1,1,0,0,73
3,2,2026-01-07,2,1,0,0,113
3,2,2026-01-08,3,1,0,0,91
3,2,2026-01-09,4,1,0,0,116
3,2,2026-01-10,5,1,0,0,119
3,2,2026-01-11,6,1,0,0,108
3,2,2026-01-12,0,1,0,0,96
3,2,2026-01-13,1,1,0,0,88
3,2,2026-01-14,2,1,0,0,118
3,2,2026-01-15,3,1,0,0,84
3,2,2026-01-16,4,1,0,0,98
3,2,2026-01-17,5,1,0,0,126
3,2,2026-01-18,6,1,0,0,153
3,2,2026-01-19,0,1,0,0,103
3,2,2026-01-20,1,1,0,0,99
3,2,2026-01-21,2,1,0,0,108
3,2,2026-01-22,3,1,0,0,66
3,2,2026-01-23,4,1,0,0,81
3,2,2026-01-24,5,1,0,0,111
3,2,2026-01-25,6,1,0,0,104
3,2,2026-01-26,0,1,0,0,74
3,2,2026-01-27,1,1,0,0,119
3,2,2026-01-28,2,1,0,0,108
3,2,2026-01-29,3,1,0,0,106
3,2,2026-01-30,4,1,0,0,90
3,2,2026-01-31,5,1,0,0,121
3,2,2026-02-01,6,2,0,0,135
3,2,2026-02-02,0,2,0,0,102
3,2,2026-02-03,1,2,0,0,116
3,2,2026-02-04,2,2,0,0,92
3,2,2026-02-05,3,2,0,0,109
3,2,2026-02-06,4,2,0,0,129
3,2,2026-02-07,5,2,0,0,150
3,2,2026-02-08,6,2,0,0,152
3,2,2026-02-09,0,2,0,0,113
3,2,2026-02-10,1,2,0,0,108
3,2,2026-02-11,2,2,0,0,99
3,2,2026-02-12,3,2,0,0,73
3,2,2026-02-13,4,2,0,0,82
3,2,2026-02-14,5,2,0,0,120
3,2,2026-02-15,6,2,0,0,121
3,2,2026-02-16,0,2,0,0,134
3,2,2026-02-17,1,2,0,0,132
3,2,2026-02-18,2,2,0,0,94
3,2,2026-02-19,3,2,0,0,123
3,2,2026-02-20,4,2,0,0,98
3,2,2026-02-21,5,2,0,0,138
3,2,2026-02-22,6,2,0,0,141
3,2,2026-02-23,0,2,0,0,131
3,2,2026-02-24,1,2,0,1,138
3,2,2026-02-25,2,2,0,1,178
3,2,2026-02-26,3,2,0,0,72
3,2,2026-02-27,4,2,0,0,132
3,2,2026-02-28,5,2,0,0,123
3,2,2026-03-01,6,3,0,0,125
3,2,2026-03-02,0,3,0,0,70
3,2,2026-03-03,1,3,0,0,101
3,2,2026-03-04,2,3,0,0,135
3,2,2026-03-05,3,3,0,0,101
3,2,2026-03-06,4,3,0,0,122
3,2,2026-03-07,5,3,0,0,126
3,2,2026-03-08,6,3,0,0,148
3,2,2026-03-09,0,3,0,0,113
3,2,2026-03-10,1,3,0,0,91
3,2,2026-03-11,2,3,0,0,110
3,2,2026-03-12,3,3,0,0,139
3,2,2026-03-13,4,3,0,0,118
3,2,2026-03-14,5,3,0,0,123
3,2,2026-03-15,6,3,0,0,175
3,2,2026-03-16,0,3,0,0,131
3,2,2026-03-17,1,3,0,0,124
3,2,2026-03-18,2,3,0,0,115
3,2,2026-03-19,3,3,0,0,123
3,2,2026-03-20,4,3,0,0,123
3,2,2026-03-21,5,3,0,0,77
3,2,2026-03-22,6,3,0,0,134
3,2,2026-03-23,0,3,0,0,106
3,2,2026-03-24,1,3,0,0,99
3,2,2026-03-25,2,3,0,0,105
3,2,2026-03-26,3,3,0,0,79
3,2,2026-03-27,4,3,0,0,74
3,2,2026-03-28,5,3,0,0,152
3,2,2026-03-29,6,3,0,0,135
3,2,2026-03-30,0,3,0,0,63
3,2,2026-03-31,1,3,0,0,98
3,2,2026-04-01,2,4,0,1,174
3,2,2026-04-02,3,4,0,0,102
3,2,2026-04-03,4,4,0,0,131
3,2,2026-04-04,5,4,0,1,198
3,2,2026-04-05,6,4,0,0,94
3,2,2026-04-06,0,4,0,0,105
3,2,2026-04-07,1,4,0,0,99
3,2,2026-04-08,2,4,0,0,81
3,2,2026-04-09,3,4,0,0,80
3,2,2026-04-10,4,4,0,0,92
3,2,2026-04-11,5,4,0,0,110
3,2,2026-04-12,6,4,0,0,130
3,2,2026-04-13,0,4,0,0,127
3,2,2026-04-14,1,4,0,0,117
3,2,2026-04-15,2,4,0,1,171
3,2,2026-04-16,3,4,0,0,102
3,2,2026-04-17,4,4,0,0,119
3,2,2026-04-18,5,4,0,0,120
3,2,2026-04-19,6,4,0,0,114
3,2,2026-04-20,0,4,0,0,143
3,2,2026-04-21,1,4,0,0,63
3,2,2026-04-22,2,4,0,0,72
3,2,2026-04-23,3,4,0,0,115
3,2,2026-04-24,4,4,0,1,144
3,2,2026-04-25,5,4,0,0,92
3,2,2026-04-26,6,4,0,0,101
3,2,2026-04-27,0,4,0,0,90
3,2,2026-04-28,1,4,0,0,124
3,2,2026-04-29,2,4,0,0,130
3,2,2026-04-30,3,4,0,0,138
3,2,2026-05-01,4,5,0,1,106
3,2,2026-05-02,5,5,0,0,91
3,2,2026-05-03,6,5,0,0,89
3,2,2026-05-04,0,5,0,0,126
3,2,2026-05-05,1,5,0,0,111
3,2,2026-05-06,2,5,0,0,105
3,2,2026-05-07,3,5,0,0,107
3,2,2026-05-08,4,5,0,0,102
3,2,2026-05-09,5,5,0,0,96
3,2,2026-05-10,6,5,0,0,130
3,2,2026-05-11,0,5,0,0,100
3,2,2026-05-12,1,5,0,0,81
3,2,2026-05-13,2,5,0,0,114
3,2,2026-05-14,3,5,0,0,95
3,2,2026-05-15,4,5,0,0,107
3,2,2026-05-16,5,5,0,0,117
3,2,2026-05-17,6,5,0,0,138
3,2,2026-05-18,0,5,0,0,107
3,2,2026-05-19,1,5,0,0,87
3,2,2026-05-20,2,5,0,0,109
3,2,2026-05-21,3,5,0,0,110
3,2,2026-05-22,4,5,0,0,112
3,2,2026-05-23,5,5,0,0,141
3,2,2026-05-24,6,5,0,0,106
3,2,2026-05-25,0,5,0,0,115
3,2,2026-05-26,1,5,0,0,72
3,2,2026-05-27,2,5,0,1,144
3,2,2026-05-28,3,5,0,0,98
3,2,2026-05-29,4,5,0,0,129
3,2,2026-05-30,5,5,0,0,116
3,2,2026-05-31,6,5,0,0,132
3,2,2026-06-01,0,6,0,0,67
3,2,2026-06-02,1,6,0,1,132
3,2,2026-06-03,2,6,0,0,83
3,2,2026-06-04,3,6,0,0,140
3,2,2026-06-05,4,6,0,0,86
3,2,2026-06-06,5,6,0,0,115
3,2,2026-06-07,6,6,0,0,116
3,2,2026-06-08,0,6,0,0,70
3,2,2026-06-09,1,6,0,0,88
3,2,2026-06-10,2,6,0,0,104
3,2,2026-06-11,3,6,0,0,99
3,2,2026-06-12,4,6,0,0,58
3,2,2026-06-13,5,6,0,0,102
3,2,2026-06-14,6,6,0,0,134
3,2,2026-06-15,0,6,0,0,107
3,2,2026-06-16,1,6,0,0,118
3,2,2026-06-17,2,6,0,0,81
3,2,2026-06-18,3,6,0,0,119
3,2,2026-06-19,4,6,0,0,97
3,2,2026-06-20,5,6,0,0,145
3,2,2026-06-21,6,6,0,0,114
3,2,2026-06-22,0,6,0,0,62
3,2,2026-06-23,1,6,0,0,112
3,2,2026-06-24,2,6,0,0,90
3,2,2026-06-25,3,6,0,0,91
3,2,2026-06-26,4,6,0,0,73
3,2,2026-06-27,5,6,0,0,146
3,2,2026-06-28,6,6,0,0,103
3,2,2026-06-29,0,6,0,0,124
3,2,2026-06-30,1,6,0,0,90
3,2,2026-07-01,2,7,0,0,77
3,2,2026-07-02,3,7,0,0,113
3,2,2026-07-03,4,7,0,0,90
3,2,2026-07-04,5,7,0,0,107
3,2,2026-07-05,6,7,0,0,84
3,2,2026-07-06,0,7,0,0,84
3,2,2026-07-07,1,7,0,0,99
3,2,2026-07-08,2,7,0,1,104
3,2,2026-07-09,3,7,0,0,83
3,2,2026-07-10,4,7,0,0,85
3,2,2026-07-11,5,7,0,0,109
3,2,2026-07-12,6,7,0,0,136
3,2,2026-07-13,0,7,0,1,128
3,2,2026-07-14,1,7,0,0,81
3,2,2026-07-15,2,7,0,0,136
3,2,2026-07-16,3,7,0,0,85
3,2,2026-07-17,4,7,0,0,89
3,2,2026-07-18,5,7,0,0,101
3,2,2026-07-19,6,7,0,0,103
3,2,2026-07-20,0,7,0,0,93
3,2,2026-07-21,1,7,0,0,106
3,2,2026-07-22,2,7,0,1,145
3,2,2026-07-23,3,7,0,0,109
3,2,2026-07-24,4,7,0,0,108
3,2,2026-07-25,5,7,0,0,112
3,2,2026-07-26,6,7,0,0,115
3,2,2026-07-27,0,7,0,0,109
3,2,2026-07-28,1,7,0,0,74
3,2,2026-07-29,2,7,0,0,132
3,2,2026-07-30,3,7,0,0,83
3,2,2026-07-31,4,7,0,0,86
3,2,2026-08-01,5,8,0,0,82
3,2,2026-08-02,6,8,0,0,82
3,2,2026-08-03,0,8,0,0,102
3,2,2026-08-04,1,8,0,0,122
3,2,2026-08-05,2,8,0,0,79
3,2,2026-08-06,3,8,0,0,93
3,2,2026-08-07,4,8,0,0,91
3,2,2026-08-08,5,8,0,0,122
3,2,2026-08-09,6,8,0,0,144
3,2,2026-08-10,0,8,0,1,166
3,2,2026-08-11,1,8,0,0,84
3,2,2026-08-12,2,8,0,0,96
3,2,2026-08-13,3,8,0,0,97
3,2,2026-08-14,4,8,0,0,87
3,2,2026-08-15,5,8,0,0,84
3,2,2026-08-16,6,8,0,0,89
3,2,2026-08-17,0,8,0,0,105
3,2,2026-08-18,1,8,0,0,107
3,2,2026-08-19,2,8,0,0,84
3,2,2026-08-20,3,8,0,0,91
3,2,2026-08-21,4,8,0,0,106
3,2,2026-08-22,5,8,0,0,73
3,2,2026-08-23,6,8,0,0,96
3,2,2026-08-24,0,8,0,0,118
3,2,2026-08-25,1,8,0,0,92
3,2,2026-08-26,2,8,0,0,70
3,2,2026-08-27,3,8,0,0,89
3,2,2026-08-28,4,8,0,0,103
3,2,2026-08-29,5,8,0,0,57
3,2,2026-08-30,6,8,0,0,107
3,2,2026-08-31,0,8,0,0,82
3,3,2024-09-01,6,9,0,0,102
3,3,2024-09-02,0,9,0,0,79
3,3,2024-09-03,1,9,0,0,81
3,3,2024-09-04,2,9,0,0,84
3,3,2024-09-05,3,9,0,0,72
3,3,2024-09-06,4,9,0,0,66
3,3,2024-09-07,5,9,0,0,114
3,3,2024-09-08,6,9,0,1,137
3,3,2024-09-09,0,9,0,0,90
3,3,2024-09-10,1,9,0,0,99
3,3,2024-09-11,2,9,0,0,84
3,3,2024-09-12,3,9,0,0,82
3,3,2024-09-13,4,9,0,0,119
3,3,2024-09-14,5,9,0,0,101
3,3,2024-09-15,6,9,0,0,79
3,3,2024-09-16,0,9,0,0,74
3,3,2024-09-17,1,9,0,0,98
3,3,2024-09-18,2,9,0,0,60
3,3,2024-09-19,3,9,0,0,67
3,3,2024-09-20,4,9,0,0,92
3,3,2024-09-21,5,9,0,0,93
3,3,2024-09-22,6,9,0,0,95
3,3,2024-09-23,0,9,0,0,91
3,3,2024-09-24,1,9,0,0,68
3,3,2024-09-25,2,9,0,0,58
3,3,2024-09-26,3,9,0,0,59
3,3,2024-09-27,4,9,0,0,85
3,3,2024-09-28,5,9,0,0,102
3,3,2024-09-29,6,9,0,0,86
3,3,2024-09-30,0,9,0,0,62
3,3,2024-10-01,1,10,0,0,75
3,3,2024-10-02,2,10,0,0,94
3,3,2024-10-03,3,10,0,0,68
3,3,2024-10-04,4,10,0,0,70
3,3,2024-10-05,5,10,0,0,79
3,3,2024-10-06,6,10,0,0,93
3,3,2024-10-07,0,10,0,0,83
3,3,2024-10-08,1,10,0,1,160
3,3,2024-10-09,2,10,0,0,82
3,3,2024-10-10,3,10,0,0,78
3,3,2024-10-11,4,10,0,0,90
3,3,2024-10-12,5,10,0,0,110
3,3,2024-10-13,6,10,0,0,89
3,3,2024-10-14,0,10,0,1,164
3,3,2024-10-15,1,10,0,0,78
3,3,2024-10-16,2,10,0,0,82
3,3,2024-10-17,3,10,0,0,86
3,3,2024-10-18,4,10,0,0,83
3,3,2024-10-19,5,10,0,0,124
3,3,2024-10-20,6,10,0,0,89
3,3,2024-10-21,0,10,0,0,89
3,3,2024-10-22,1,10,0,0,81
3,3,2024-10-23,2,10,0,0,92
3,3,2024-10-24,3,10,0,0,76
3,3,2024-10-25,4,10,0,0,74
3,3,2024-10-26,5,10,0,0,111
3,3,2024-10-27,6,10,0,0,105
3,3,2024-10-28,0,10,0,0,68
3,3,2024-10-29,1,10,0,0,97
3,3,2024-10-30,2,10,0,0,88
3,3,2024-10-31,3,10,0,0,78
3,3,2024-11-01,4,11,0,0,76
3,3,2024-11-02,5,11,0,0,109
3,3,2024-11-03,6,11,0,1,158
3,3,2024-11-04,0,11,0,0,60
3,3,2024-11-05,1,11,0,0,88
3,3,2024-11-06,2,11,0,0,92
3,3,2024-11-07,3,11,0,0,50
3,3,2024-11-08,4,11,0,0,85
3,3,2024-11-09,5,11,0,0,115
3,3,2024-11-10,6,11,0,0,113
3,3,2024-11-11,0,11,0,0,94
3,3,2024-11-12,1,11,0,0,78
3,3,2024-11-13,2,11,0,0,68
3,3,2024-11-14,3,11,0,0,58
3,3,2024-11-15,4,11,0,0,98
3,3,2024-11-16,5,11,0,0,115
3,3,2024-11-17,6,11,0,0,123
3,3,2024-11-18,0,11,0,0,73
3,3,2024-11-19,1,11,0,0,94
3,3,2024-11-20,2,11,0,0,62
3,3,2024-11-21,3,11,0,0,71
3,3,2024-11-22,4,11,1,0,138
3,3,2024-11-23,5,11,1,0,173
3,3,2024-11-24,6,11,1,0,199
3,3,2024-11-25,0,11,1,0,130
3,3,2024-11-26,1,11,1,0,116
3,3,2024-11-27,2,11,1,0,114
3,3,2024-11-28,3,11,1,0,120
3,3,2024-11-29,4,11,0,0,114
3,3,2024-11-30,5,11,0,0,116
3,3,2024-12-01,6,12,0,0,128
3,3,2024-12-02,0,12,0,0,84
3,3,2024-12-03,1,12,0,0,88
3,3,2024-12-04,2,12,0,1,142
3,3,2024-12-05,3,12,0,0,80
3,3,2024-12-06,4,12,0,0,84
3,3,2024-12-07,5,12,0,0,96
3,3,2024-12-08,6,12,0,0,100
3,3,2024-12-09,0,12,0,0,89
3,3,2024-12-10,1,12,0,0,76
3,3,2024-12-11,2,12,0,0,92
3,3,2024-12-12,3,12,0,0,92
3,3,2024-12-13,4,12,0,0,85
3,3,2024-12-14,5,12,0,0,93
3,3,2024-12-15,6,12,0,0,110
3,3,2024-12-16,0,12,0,0,80
3,3,2024-12-17,1,12,0,1,128
3,3,2024-12-18,2,12,0,0,104
3,3,2024-12-19,3,12,0,0,69
3,3,2024-12-20,4,12,0,0,120
3,3,2024-12-21,5,12,0,0,107
3,3,2024-12-22,6,12,0,1,158
3,3,2024-12-23,0,12,0,0,77
3,3,2024-12-24,1,12,1,0,168
3,3,2024-12-25,2,12,1,0,138
3,3,2024-12-26,3,12,0,0,82
3,3,2024-12-27,4,12,0,0,79
3,3,2024-12-28,5,12,0,0,103
3,3,2024-12-29,6,12,0,0,116
3,3,2024-12-30,0,12,0,0,91
3,3,2024-12-31,1,12,1,0,140
3,3,2025-01-01,2,1,0,0,82
3,3,2025-01-02,3,1,0,0,81
3,3,2025-01-03,4,1,0,0,86
3,3,2025-01-04,5,1,0,0,122
3,3,2025-01-05,6,1,0,0,126
3,3,2025-01-06,0,1,0,1,151
3,3,2025-01-07,1,1,0,1,133
3,3,2025-01-08,2,1,0,0,99
3,3,2025-01-09,3,1,0,0,91
3,3,2025-01-10,4,1,0,0,66
3,3,2025-01-11,5,1,0,0,109
3,3,2025-01-12,6,1,0,0,106
3,3,2025-01-13,0,1,0,0,77
3,3,2025-01-14,1,1,0,0,84
3,3,2025-01-15,2,1,0,0,95
3,3,2025-01-16,3,1,0,0,75
3,3,2025-01-17,4,1,0,0,82
3,3,2025-01-18,5,1,0,0,143
3,3,2025-01-19,6,1,0,0,83
3,3,2025-01-20,0,1,0,1,129
3,3,2025-01-21,1,1,0,0,75
3,3,2025-01-22,2,1,0,0,81
3,3,2025-01-23,3,1,0,0,90
3,3,2025-01-24,4,1,0,0,78
3,3,2025-01-25,5,1,0,0,124
3,3,2025-01-26,6,1,0,0,139
3,3,2025-01-27,0,1,0,0,106
3,3,2025-01-28,1,1,0,0,109
3,3,2025-01-29,2,1,0,0,72
3,3,2025-01-30,3,1,0,0,89
3,3,2025-01-31,4,1,0,0,101
3,3,2025-02-01,5,2,0,0,134
3,3,2025-02-02,6,2,0,0,152
3,3,2025-02-03,0,2,0,0,115
3,3,2025-02-04,1,2,0,0,112
3,3,2025-02-05,2,2,0,0,140
3,3,2025-02-06,3,2,0,0,99
3,3,2025-02-07,4,2,0,0,92
3,3,2025-02-08,5,2,0,0,121
3,3,2025-02-09,6,2,0,0,99
3,3,2025-02-10,0,2,0,0,98
3,3,2025-02-11,1,2,0,0,69
3,3,2025-02-12,2,2,0,0,88
3,3,2025-02-13,3,2,0,0,95
3,3,2025-02-14,4,2,0,0,113
3,3,2025-02-15,5,2,0,0,139
3,3,2025-02-16,6,2,0,0,98
3,3,2025-02-17,0,2,0,0,131
3,3,2025-02-18,1,2,0,0,100
3,3,2025-02-19,2,2,0,0,101
3,3,2025-02-20,3,2,0,0,71
3,3,2025-02-21,4,2,0,0,87
3,3,2025-02-22,5,2,0,0,138
3,3,2025-02-23,6,2,0,0,120
3,3,2025-02-24,0,2,0,0,99
3,3,2025-02-25,1,2,0,0,101
3,3,2025-02-26,2,2,0,0,74
3,3,2025-02-27,3,2,0,0,96
3,3,2025-02-28,4,2,0,0,120
3,3,2025-03-01,5,3,0,0,140
3,3,2025-03-02,6,3,0,0,116
3,3,2025-03-03,0,3,0,0,125
3,3,2025-03-04,1,3,0,0,78
3,3,2025-03-05,2,3,0,0,82
3,3,2025-03-06,3,3,0,0,130
3,3,2025-03-07,4,3,0,1,152
3,3,2025-03-08,5,3,0,0,113
3,3,2025-03-09,6,3,0,0,117
3,3,2025-03-10,0,3,0,1,119
3,3,2025-03-11,1,3,0,0,103
3,3,2025-03-12,2,3,0,0,102
3,3,2025-03-13,3,3,0,0,99
3,3,2025-03-14,4,3,0,0,79
3,3,2025-03-15,5,3,0,0,124
3,3,2025-03-16,6,3,0,0,108
3,3,2025-03-17,0,3,0,0,82
3,3,2025-03-18,1,3,0,0,120
3,3,2025-03-19,2,3,0,0,135
3,3,2025-03-20,3,3,0,0,131
3,3,2025-03-21,4,3,0,0,109
3,3,2025-03-22,5,3,0,0,113
3,3,2025-03-23,6,3,0,0,117
3,3,2025-03-24,0,3,0,0,105
3,3,2025-03-25,1,3,0,0,92
3,3,2025-03-26,2,3,0,0,121
3,3,2025-03-27,3,3,0,0,65
3,3,2025-03-28,4,3,0,0,94
3,3,2025-03-29,5,3,0,0,135
3,3,2025-03-30,6,3,0,0,102
3,3,2025-03-31,0,3,0,0,95
3,3,2025-04-01,1,4,0,0,107
3,3,2025-04-02,2,4,0,0,122
3,3,2025-04-03,3,4,0,0,76
3,3,2025-04-04,4,4,0,0,75
3,3,2025-04-05,5,4,0,0,98
3,3,2025-04-06,6,4,0,0,87
3,3,2025-04-07,0,4,0,0,73
3,3,2025-04-08,1,4,0,0,81
3,3,2025-04-09,2,4,0,0,117
3,3,2025-04-10,3,4,0,0,92
3,3,2025-04-11,4,4,0,0,98
3,3,2025-04-12,5,4,0,0,98
3,3,2025-04-13,6,4,0,0,130
3,3,2025-04-14,0,4,0,0,128
3,3,2025-04-15,1,4,0,0,83
3,3,2025-04-16,2,4,0,0,125
3,3,2025-04-17,3,4,0,0,103
3,3,2025-04-18,4,4,0,0,97
3,3,2025-04-19,5,4,0,0,125
3,3,2025-04-20,6,4,0,0,125
3,3,2025-04-21,0,4,0,0,128
3,3,2025-04-22,1,4,0,0,106
3,3,2025-04-23,2,4,0,0,106
3,3,2025-04-24,3,4,0,0,90
3,3,2025-04-25,4,4,0,0,111
3,3,2025-04-26,5,4,0,0,98
3,3,2025-04-27,6,4,0,0,119
3,3,2025-04-28,0,4,0,0,144
3,3,2025-04-29,1,4,0,0,56
3,3,2025-04-30,2,4,0,0,101
3,3,2025-05-01,3,5,0,0,98
3,3,2025-05-02,4,5,0,0,90
3,3,2025-05-03,5,5,0,0,109
3,3,2025-05-04,6,5,0,0,115
3,3,2025-05-05,0,5,0,0,89
3,3,2025-05-06,1,5,0,1,138
3,3,2025-05-07,2,5,0,0,86
3,3,2025-05-08,3,5,0,0,125
3,3,2025-05-09,4,5,0,0,89
3,3,2025-05-10,5,5,0,0,124
3,3,2025-05-11,6,5,0,0,101
3,3,2025-05-12,0,5,0,0,108
3,3,2025-05-13,1,5,0,0,105
3,3,2025-05-14,2,5,0,0,100
3,3,2025-05-15,3,5,0,0,77
3,3,2025-05-16,4,5,0,0,82
3,3,2025-05-17,5,5,0,0,146
3,3,2025-05-18,6,5,0,0,99
3,3,2025-05-19,0,5,0,1,147
3,3,2025-05-20,1,5,0,0,79
3,3,2025-05-21,2,5,0,0,109
3,3,2025-05-22,3,5,0,0,83
3,3,2025-05-23,4,5,0,0,78
3,3,2025-05-24,5,5,0,0,100
3,3,2025-05-25,6,5,0,0,103
3,3,2025-05-26,0,5,0,0,100
3,3,2025-05-27,1,5,0,0,94
3,3,2025-05-28,2,5,0,0,76
3,3,2025-05-29,3,5,0,0,93
3,3,2025-05-30,4,5,0,0,75
3,3,2025-05-31,5,5,0,0,126
3,3,2025-06-01,6,6,0,0,123
3,3,2025-06-02,0,6,0,0,88
3,3,2025-06-03,1,6,0,0,92
3,3,2025-06-04,2,6,0,0,114
3,3,2025-06-05,3,6,0,0,86
3,3,2025-06-06,4,6,0,0,74
3,3,2025-06-07,5,6,0,0,119
3,3,2025-06-08,6,6,0,0,87
3,3,2025-06-09,0,6,0,0,85
3,3,2025-06-10,1,6,0,0,79
3,3,2025-06-11,2,6,0,0,78
3,3,2025-06-12,3,6,0,0,84
3,3,2025-06-13,4,6,0,0,102
3,3,2025-06-14,5,6,0,1,175
3,3,2025-06-15,6,6,0,0,125
3,3,2025-06-16,0,6,0,0,93
3,3,2025-06-17,1,6,0,0,84
3,3,2025-06-18,2,6,0,0,53
3,3,2025-06-19,3,6,0,0,94
3,3,2025-06-20,4,6,0,0,54
3,3,2025-06-21,5,6,0,0,73
3,3,2025-06-22,6,6,0,0,105
3,3,2025-06-23,0,6,0,0,92
3,3,2025-06-24,1,6,0,0,81
3,3,2025-06-25,2,6,0,0,111
3,3,2025-06-26,3,6,0,0,95
3,3,2025-06-27,4,6,0,0,84
3,3,2025-06-28,5,6,0,0,133
3,3,2025-06-29,6,6,0,0,137
3,3,2025-06-30,0,6,0,0,96
3,3,2025-07-01,1,7,0,0,72
3,3,2025-07-02,2,7,0,0,75
3,3,2025-07-03,3,7,0,0,63
3,3,2025-07-04,4,7,0,0,82
3,3,2025-07-05,5,7,0,0,85
3,3,2025-07-06,6,7,0,1,134
3,3,2025-07-07,0,7,0,0,87
3,3,2025-07-08,1,7,0,0,55
3,3,2025-07-09,2,7,0,0,65
3,3,2025-07-10,3,7,0,0,76
3,3,2025-07-11,4,7,0,0,82
3,3,2025-07-12,5,7,0,0,94
3,3,2025-07-13,6,7,0,0,98
3,3,2025-07-14,0,7,0,0,73
3,3,2025-07-15,1,7,0,0,63
3,3,2025-07-16,2,7,0,0,75
3,3,2025-07-17,3,7,0,0,80
3,3,2025-07-18,4,7,0,0,79
3,3,2025-07-19,5,7,0,0,105
3,3,2025-07-20,6,7,0,0,110
3,3,2025-07-21,0,7,0,0,92
3,3,2025-07-22,1,7,0,1,109
3,3,2025-07-23,2,7,0,0,61
3,3,2025-07-24,3,7,0,0,101
3,3,2025-07-25,4,7,0,0,88
3,3,2025-07-26,5,7,0,0,86
3,3,2025-07-27,6,7,0,0,108
3,3,2025-07-28,0,7,0,0,98
3,3,2025-07-29,1,7,0,0,107
3,3,2025-07-30,2,7,0,0,86
3,3,2025-07-31,3,7,0,0,98
3,3,2025-08-01,4,8,0,0,63
3,3,2025-08-02,5,8,0,0,98
3,3,2025-08-03,6,8,0,0,93
3,3,2025-08-04,0,8,0,0,84
3,3,2025-08-05,1,8,0,0,101
3,3,2025-08-06,2,8,0,0,82
3,3,2025-08-07,3,8,0,0,67
3,3,2025-08-08,4,8,0,1,93
3,3,2025-08-09,5,8,0,0,127
3,3,2025-08-10,6,8,0,0,108
3,3,2025-08-11,0,8,0,0,85
3,3,2025-08-12,1,8,0,0,74
3,3,2025-08-13,2,8,0,0,83
3,3,2025-08-14,3,8,0,0,66
3,3,2025-08-15,4,8,0,0,84
3,3,2025-08-16,5,8,0,0,79
3,3,2025-08-17,6,8,0,0,93
3,3,2025-08-18,0,8,0,0,71
3,3,2025-08-19,1,8,0,0,36
3,3,2025-08-20,2,8,0,0,74
3,3,2025-08-21,3,8,0,0,67
3,3,2025-08-22,4,8,0,0,76
3,3,2025-08-23,5,8,0,0,99
3,3,2025-08-24,6,8,0,0,129
3,3,2025-08-25,0,8,0,0,83
3,3,2025-08-26,1,8,0,0,84
3,3,2025-08-27,2,8,0,1,129
3,3,2025-08-28,3,8,0,1,136
3,3,2025-08-29,4,8,0,0,85
3,3,2025-08-30,5,8,0,0,104
3,3,2025-08-31,6,8,0,0,111
3,3,2025-09-01,0,9,0,0,46
3,3,2025-09-02,1,9,0,0,105
3,3,2025-09-03,2,9,0,0,99
3,3,2025-09-04,3,9,0,0,81
3,3,2025-09-05,4,9,0,0,59
3,3,2025-09-06,5,9,0,0,118
3,3,2025-09-07,6,9,0,0,86
3,3,2025-09-08,0,9,0,0,85
3,3,2025-09-09,1,9,0,0,61
3,3,2025-09-10,2,9,0,0,107
3,3,2025-09-11,3,9,0,0,59
3,3,2025-09-12,4,9,0,0,79
3,3,2025-09-13,5,9,0,0,63
3,3,2025-09-14,6,9,0,0,97
3,3,2025-09-15,0,9,0,0,72
3,3,2025-09-16,1,9,0,0,93
3,3,2025-09-17,2,9,0,0,72
3,3,2025-09-18,3,9,0,0,93
3,3,2025-09-19,4,9,0,0,64
3,3,2025-09-20,5,9,0,0,93
3,3,2025-09-21,6,9,0,0,93
3,3,2025-09-22,0,9,0,0,84
3,3,2025-09-23,1,9,0,0,83
3,3,2025-09-24,2,9,0,0,87
3,3,2025-09-25,3,9,0,0,81
3,3,2025-09-26,4,9,0,0,86
3,3,2025-09-27,5,9,0,0,83
3,3,2025-09-28,6,9,0,0,104
3,3,2025-09-29,0,9,0,0,99
3,3,2025-09-30,1,9,0,0,56
3,3,2025-10-01,2,10,0,0,86
3,3,2025-10-02,3,10,0,0,88
3,3,2025-10-03,4,10,0,0,99
3,3,2025-10-04,5,10,0,0,111
3,3,2025-10-05,6,10,0,0,101
3,3,2025-10-06,0,10,0,0,85
3,3,2025-10-07,1,10,0,0,69
3,3,2025-10-08,2,10,0,0,74
3,3,2025-10-09,3,10,0,0,61
3,3,2025-10-10,4,10,0,0,99
3,3,2025-10-11,5,10,0,0,107
3,3,2025-10-12,6,10,0,0,84
3,3,2025-10-13,0,10,0,0,83
3,3,2025-10-14,1,10,0,0,95
3,3,2025-10-15,2,10,0,0,92
3,3,2025-10-16,3,10,0,0,67
3,3,2025-10-17,4,10,0,0,37
3,3,2025-10-18,5,10,0,0,106
3,3,2025-10-19,6,10,0,0,84
3,3,2025-10-20,0,10,0,0,87
3,3,2025-10-21,1,10,0,0,92
3,3,2025-10-22,2,10,0,0,94
3,3,2025-10-23,3,10,0,1,154
3,3,2025-10-24,4,10,0,0,96
3,3,2025-10-25,5,10,0,0,128
3,3,2025-10-26,6,10,0,0,122
3,3,2025-10-27,0,10,0,0,99
3,3,2025-10-28,1,10,0,0,79
3,3,2025-10-29,2,10,0,1,93
3,3,2025-10-30,3,10,0,1,168
3,3,2025-10-31,4,10,0,0,80
3,3,2025-11-01,5,11,0,0,124
3,3,2025-11-02,6,11,0,0,93
3,3,2025-11-03,0,11,0,0,97
3,3,2025-11-04,1,11,0,1,72
3,3,2025-11-05,2,11,0,0,77
3,3,2025-11-06,3,11,0,0,82
3,3,2025-11-07,4,11,0,0,90
3,3,2025-11-08,5,11,0,0,122
3,3,2025-11-09,6,11,0,1,116
3,3,2025-11-10,0,11,0,0,92
3,3,2025-11-11,1,11,0,0,100
3,3,2025-11-12,2,11,0,0,116
3,3,2025-11-13,3,11,0,0,93
3,3,2025-11-14,4,11,0,0,77
3,3,2025-11-15,5,11,0,0,81
3,3,2025-11-16,6,11,0,0,135
3,3,2025-11-17,0,11,0,0,93
3,3,2025-11-18,1,11,0,0,83
3,3,2025-11-19,2,11,0,0,60
3,3,2025-11-20,3,11,0,0,70
3,3,2025-11-21,4,11,0,0,92
3,3,2025-11-22,5,11,1,0,165
3,3,2025-11-23,6,11,1,0,105
3,3,2025-11-24,0,11,1,0,150
3,3,2025-11-25,1,11,1,0,100
3,3,2025-11-26,2,11,1,0,167
3,3,2025-11-27,3,11,1,0,141
3,3,2025-11-28,4,11,1,1,162
3,3,2025-11-29,5,11,0,0,120
3,3,2025-11-30,6,11,0,0,109
3,3,2025-12-01,0,12,0,0,108
3,3,2025-12-02,1,12,0,0,90
3,3,2025-12-03,2,12,0,0,90
3,3,2025-12-04,3,12,0,0,84
3,3,2025-12-05,4,12,0,0,92
3,3,2025-12-06,5,12,0,0,139
3,3,2025-12-07,6,12,0,0,99
3,3,2025-12-08,0,12,0,0,98
3,3,2025-12-09,1,12,0,0,75
3,3,2025-12-10,2,12,0,0,58
3,3,2025-12-11,3,12,0,0,91
3,3,2025-12-12,4,12,0,0,94
3,3,2025-12-13,5,12,0,0,106
3,3,2025-12-14,6,12,0,0,81
3,3,2025-12-15,0,12,0,0,93
3,3,2025-12-16,1,12,0,0,92
3,3,2025-12-17,2,12,0,0,75
3,3,2025-12-18,3,12,0,0,68
3,3,2025-12-19,4,12,0,0,85
3,3,2025-12-20,5,12,0,0,120
3,3,2025-12-21,6,12,0,0,116
3,3,2025-12-22,0,12,0,0,75
3,3,2025-12-23,1,12,0,0,90
3,3,2025-12-24,2,12,1,0,162
3,3,2025-12-25,3,12,1,0,113
3,3,2025-12-26,4,12,0,0,89
3,3,2025-12-27,5,12,0,0,133
3,3,2025-12-28,6,12,0,1,116
3,3,2025-12-29,0,12,0,0,106
3,3,2025-12-30,1,12,0,0,112
3,3,2025-12-31,2,12,1,0,136
3,3,2026-01-01,3,1,0,0,88
3,3,2026-01-02,4,1,0,0,110
3,3,2026-01-03,5,1,0,0,110
3,3,2026-01-04,6,1,0,0,69
3,3,2026-01-05,0,1,0,0,92
3,3,2026-01-06,1,1,0,0,101
3,3,2026-01-07,2,1,0,0,105
3,3,2026-01-08,3,1,0,0,80
3,3,2026-01-09,4,1,0,0,89
3,3,2026-01-10,5,1,0,0,132
3,3,2026-01-11,6,1,0,0,112
3,3,2026-01-12,0,1,0,0,70
3,3,2026-01-13,1,1,0,0,113
3,3,2026-01-14,2,1,0,0,90
3,3,2026-01-15,3,1,0,0,111
3,3,2026-01-16,4,1,0,1,102
3,3,2026-01-17,5,1,0,0,111
3,3,2026-01-18,6,1,0,0,123
3,3,2026-01-19,0,1,0,0,92
3,3,2026-01-20,1,1,0,0,75
3,3,2026-01-21,2,1,0,0,56
3,3,2026-01-22,3,1,0,0,118
3,3,2026-01-23,4,1,0,0,98
3,3,2026-01-24,5,1,0,0,136
3,3,2026-01-25,6,1,0,0,131
3,3,2026-01-26,0,1,0,0,103
3,3,2026-01-27,1,1,0,0,89
3,3,2026-01-28,2,1,0,1,144
3,3,2026-01-29,3,1,0,0,116
3,3,2026-01-30,4,1,0,0,95
3,3,2026-01-31,5,1,0,0,150
3,3,2026-02-01,6,2,0,0,88
3,3,2026-02-02,0,2,0,0,71
3,3,2026-02-03,1,2,0,0,114
3,3,2026-02-04,2,2,0,0,84
3,3,2026-02-05,3,2,0,0,131
3,3,2026-02-06,4,2,0,0,120
3,3,2026-02-07,5,2,0,0,149
3,3,2026-02-08,6,2,0,0,135
3,3,2026-02-09,0,2,0,0,82
3,3,2026-02-10,1,2,0,0,70
3,3,2026-02-11,2,2,0,0,122
3,3,2026-02-12,3,2,0,0,73
3,3,2026-02-13,4,2,0,0,124
3,3,2026-02-14,5,2,0,0,131
3,3,2026-02-15,6,2,0,0,116
3,3,2026-02-16,0,2,0,0,105
3,3,2026-02-17,1,2,0,1,148
3,3,2026-02-18,2,2,0,0,94
3,3,2026-02-19,3,2,0,0,121
3,3,2026-02-20,4,2,0,1,169
3,3,2026-02-21,5,2,0,0,121
3,3,2026-02-22,6,2,0,0,106
3,3,2026-02-23,0,2,0,0,119
3,3,2026-02-24,1,2,0,0,64
3,3,2026-02-25,2,2,0,0,105
3,3,2026-02-26,3,2,0,0,110
3,3,2026-02-27,4,2,0,0,84
3,3,2026-02-28,5,2,0,0,137
3,3,2026-03-01,6,3,0,0,118
3,3,2026-03-02,0,3,0,0,90
3,3,2026-03-03,1,3,0,0,115
3,3,2026-03-04,2,3,0,0,81
3,3,2026-03-05,3,3,0,0,113
3,3,2026-03-06,4,3,0,0,66
3,3,2026-03-07,5,3,0,0,125
3,3,2026-03-08,6,3,0,0,120
3,3,2026-03-09,0,3,0,0,90
3,3,2026-03-10,1,3,0,0,105
3,3,2026-03-11,2,3,0,0,98
3,3,2026-03-12,3,3,0,1,163
3,3,2026-03-13,4,3,0,1,152
3,3,2026-03-14,5,3,0,0,128
3,3,2026-03-15,6,3,0,0,125
3,3,2026-03-16,0,3,0,0,91
3,3,2026-03-17,1,3,0,0,94
3,3,2026-03-18,2,3,0,0,103
3,3,2026-03-19,3,3,0,0,96
3,3,2026-03-20,4,3,0,0,118
3,3,2026-03-21,5,3,0,0,121
3,3,2026-03-22,6,3,0,0,126
3,3,2026-03-23,0,3,0,1,106
3,3,2026-03-24,1,3,0,0,115
3,3,2026-03-25,2,3,0,0,89
3,3,2026-03-26,3,3,0,1,114
3,3,2026-03-27,4,3,0,0,126
3,3,2026-03-28,5,3,0,0,133
3,3,2026-03-29,6,3,0,0,139
3,3,2026-03-30,0,3,0,0,107
3,3,2026-03-31,1,3,0,0,97
3,3,2026-04-01,2,4,0,0,93
3,3,2026-04-02,3,4,0,1,155
3,3,2026-04-03,4,4,0,0,116
3,3,2026-04-04,5,4,0,0,116
3,3,2026-04-05,6,4,0,0,159
3,3,2026-04-06,0,4,0,0,94
3,3,2026-04-07,1,4,0,0,75
3,3,2026-04-08,2,4,0,0,69
3,3,2026-04-09,3,4,0,0,70
3,3,2026-04-10,4,4,0,0,91
3,3,2026-04-11,5,4,0,0,113
3,3,2026-04-12,6,4,0,0,131
3,3,2026-04-13,0,4,0,0,97
3,3,2026-04-14,1,4,0,0,111
3,3,2026-04-15,2,4,0,0,98
3,3,2026-04-16,3,4,0,0,98
3,3,2026-04-17,4,4,0,0,88
3,3,2026-04-18,5,4,0,0,146
3,3,2026-04-19,6,4,0,1,117
3,3,2026-04-20,0,4,0,0,103
3,3,2026-04-21,1,4,0,0,95
3,3,2026-04-22,2,4,0,0,110
3,3,2026-04-23,3,4,0,0,97
3,3,2026-04-24,4,4,0,1,137
3,3,2026-04-25,5,4,0,0,112
3,3,2026-04-26,6,4,0,0,145
3,3,2026-04-27,0,4,0,0,98
3,3,2026-04-28,1,4,0,0,130
3,3,2026-04-29,2,4,0,1,143
3,3,2026-04-30,3,4,0,0,98
3,3,2026-05-01,4,5,0,0,91
3,3,2026-05-02,5,5,0,0,125
3,3,2026-05-03,6,5,0,0,102
3,3,2026-05-04,0,5,0,0,96
3,3,2026-05-05,1,5,0,0,94
3,3,2026-05-06,2,5,0,0,99
3,3,2026-05-07,3,5,0,0,99
3,3,2026-05-08,4,5,0,0,100
3,3,2026-05-09,5,5,0,0,116
3,3,2026-05-10,6,5,0,0,144
3,3,2026-05-11,0,5,0,0,100
3,3,2026-05-12,1,5,0,0,135
3,3,2026-05-13,2,5,0,0,95
3,3,2026-05-14,3,5,0,0,109
3,3,2026-05-15,4,5,0,0,82
3,3,2026-05-16,5,5,0,0,141
3,3,2026-05-17,6,5,0,0,100
3,3,2026-05-18,0,5,0,0,101
3,3,2026-05-19,1,5,0,1,127
3,3,2026-05-20,2,5,0,0,101
3,3,2026-05-21,3,5,0,0,90
3,3,2026-05-22,4,5,0,0,81
3,3,2026-05-23,5,5,0,0,109
3,3,2026-05-24,6,5,0,0,143
3,3,2026-05-25,0,5,0,0,101
3,3,2026-05-26,1,5,0,0,73
3,3,2026-05-27,2,5,0,0,111
3,3,2026-05-28,3,5,0,0,80
3,3,2026-05-29,4,5,0,0,106
3,3,2026-05-30,5,5,0,0,124
3,3,2026-05-31,6,5,0,0,126
3,3,2026-06-01,0,6,0,0,116
3,3,2026-06-02,1,6,0,0,76
3,3,2026-06-03,2,6,0,0,98
3,3,2026-06-04,3,6,0,0,107
3,3,2026-06-05,4,6,0,0,79
3,3,2026-06-06,5,6,0,0,95
3,3,2026-06-07,6,6,0,0,103
3,3,2026-06-08,0,6,0,0,93
3,3,2026-06-09,1,6,0,0,67
3,3,2026-06-10,2,6,0,0,97
3,3,2026-06-11,3,6,0,0,68
3,3,2026-06-12,4,6,0,0,108
3,3,2026-06-13,5,6,0,0,118
3,3,2026-06-14,6,6,0,0,144
3,3,2026-06-15,0,6,0,0,99
3,3,2026-06-16,1,6,0,0,84
3,3,2026-06-17,2,6,0,0,77
3,3,2026-06-18,3,6,0,0,92
3,3,2026-06-19,4,6,0,0,88
3,3,2026-06-20,5,6,0,0,130
3,3,2026-06-21,6,6,0,0,92
3,3,2026-06-22,0,6,0,0,119
3,3,2026-06-23,1,6,0,0,108
3,3,2026-06-24,2,6,0,0,86
3,3,2026-06-25,3,6,0,0,115
3,3,2026-06-26,4,6,0,0,77
3,3,2026-06-27,5,6,0,0,112
3,3,2026-06-28,6,6,0,0,85
3,3,2026-06-29,0,6,0,1,168
3,3,2026-06-30,1,6,0,0,64
3,3,2026-07-01,2,7,0,0,63
3,3,2026-07-02,3,7,0,0,74
3,3,2026-07-03,4,7,0,0,102
3,3,2026-07-04,5,7,0,1,166
3,3,2026-07-05,6,7,0,0,105
3,3,2026-07-06,0,7,0,0,98
3,3,2026-07-07,1,7,0,0,82
3,3,2026-07-08,2,7,0,0,89
3,3,2026-07-09,3,7,0,0,107
3,3,2026-07-10,4,7,0,0,80
3,3,2026-07-11,5,7,0,0,90
3,3,2026-07-12,6,7,0,0,111
3,3,2026-07-13,0,7,0,0,94
3,3,2026-07-14,1,7,0,0,85
3,3,2026-07-15,2,7,0,0,97
3,3,2026-07-16,3,7,0,1,119
3,3,2026-07-17,4,7,0,0,85
3,3,2026-07-18,5,7,0,0,110
3,3,2026-07-19,6,7,0,0,108
3,3,2026-07-20,0,7,0,0,106
3,3,2026-07-21,1,7,0,0,89
3,3,2026-07-22,2,7,0,0,79
3,3,2026-07-23,3,7,0,0,91
3,3,2026-07-24,4,7,0,0,97
3,3,2026-07-25,5,7,0,0,117
3,3,2026-07-26,6,7,0,0,116
3,3,2026-07-27,0,7,0,0,62
3,3,2026-07-28,1,7,0,0,48
3,3,2026-07-29,2,7,0,0,101
3,3,2026-07-30,3,7,0,0,89
3,3,2026-07-31,4,7,0,0,83
3,3,2026-08-01,5,8,0,0,111
3,3,2026-08-02,6,8,0,0,132
3,3,2026-08-03,0,8,0,0,98
3,3,2026-08-04,1,8,0,0,92
3,3,2026-08-05,2,8,0,0,68
3,3,2026-08-06,3,8,0,0,69
3,3,2026-08-07,4,8,0,0,47
3,3,2026-08-08,5,8,0,0,110
3,3,2026-08-09,6,8,0,0,118
3,3,2026-08-10,0,8,0,0,95
3,3,2026-08-11,1,8,0,0,89
3,3,2026-08-12,2,8,0,0,77
3,3,2026-08-13,3,8,0,0,72
3,3,2026-08-14,4,8,0,0,68
3,3,2026-08-15,5,8,0,0,97
3,3,2026-08-16,6,8,0,0,83
3,3,2026-08-17,0,8,0,0,103
3,3,2026-08-18,1,8,0,0,62
3,3,2026-08-19,2,8,0,0,77
3,3,2026-08-20,3,8,0,0,54
3,3,2026-08-21,4,8,0,0,83
3,3,2026-08-22,5,8,0,0,99
3,3,2026-08-23,6,8,0,0,93
3,3,2026-08-24,0,8,0,0,67
3,3,2026-08-25,1,8,0,0,80
3,3,2026-08-26,2,8,0,0,72
3,3,2026-08-27,3,8,0,0,78
3,3,2026-08-28,4,8,0,0,106
3,3,2026-08-29,5,8,0,0,102
3,3,2026-08-30,6,8,0,0,108
3,3,2026-08-31,0,8,0,0,73
3,4,2024-09-01,6,9,0,0,56
3,4,2024-09-02,0,9,0,0,40
3,4,2024-09-03,1,9,0,0,49
3,4,2024-09-04,2,9,0,0,48
3,4,2024-09-05,3,9,0,0,49
3,4,2024-09-06,4,9,0,0,43
3,4,2024-09-07,5,9,0,0,52
3,4,2024-09-08,6,9,0,0,55
3,4,2024-09-09,0,9,0,0,40
3,4,2024-09-10,1,9,0,0,51
3,4,2024-09-11,2,9,0,0,48
3,4,2024-09-12,3,9,0,0,42
3,4,2024-09-13,4,9,0,0,37
3,4,2024-09-14,5,9,0,0,68
3,4,2024-09-15,6,9,0,0,57
3,4,2024-09-16,0,9,0,0,41
3,4,2024-09-17,1,9,0,0,52
3,4,2024-09-18,2,9,0,0,39
3,4,2024-09-19,3,9,0,1,61
3,4,2024-09-20,4,9,0,0,41
3,4,2024-09-21,5,9,0,0,45
3,4,2024-09-22,6,9,0,0,58
3,4,2024-09-23,0,9,0,0,38
3,4,2024-09-24,1,9,0,0,39
3,4,2024-09-25,2,9,0,1,58
3,4,2024-09-26,3,9,0,0,39
3,4,2024-09-27,4,9,0,0,37
3,4,2024-09-28,5,9,0,0,57
3,4,2024-09-29,6,9,0,0,54
3,4,2024-09-30,0,9,0,0,43
3,4,2024-10-01,1,10,0,0,57
3,4,2024-10-02,2,10,0,0,42
3,4,2024-10-03,3,10,0,0,47
3,4,2024-10-04,4,10,0,0,47
3,4,2024-10-05,5,10,0,0,56
3,4,2024-10-06,6,10,0,0,58
3,4,2024-10-07,0,10,0,0,43
3,4,2024-10-08,1,10,0,0,44
3,4,2024-10-09,2,10,0,0,39
3,4,2024-10-10,3,10,0,0,40
3,4,2024-10-11,4,10,0,0,43
3,4,2024-10-12,5,10,0,0,41
3,4,2024-10-13,6,10,0,0,68
3,4,2024-10-14,0,10,0,0,56
3,4,2024-10-15,1,10,0,0,44
3,4,2024-10-16,2,10,0,0,47
3,4,2024-10-17,3,10,0,0,50
3,4,2024-10-18,4,10,0,0,35
3,4,2024-10-19,5,10,0,0,64
3,4,2024-10-20,6,10,0,1,73
3,4,2024-10-21,0,10,0,0,57
3,4,2024-10-22,1,10,0,0,42
3,4,2024-10-23,2,10,0,1,73
3,4,2024-10-24,3,10,0,0,42
3,4,2024-10-25,4,10,0,0,56
3,4,2024-10-26,5,10,0,0,52
3,4,2024-10-27,6,10,0,0,66
3,4,2024-10-28,0,10,0,0,47
3,4,2024-10-29,1,10,0,0,46
3,4,2024-10-30,2,10,0,0,44
3,4,2024-10-31,3,10,0,0,39
3,4,2024-11-01,4,11,0,0,29
3,4,2024-11-02,5,11,0,0,67
3,4,2024-11-03,6,11,0,0,54
3,4,2024-11-04,0,11,0,0,53
3,4,2024-11-05,1,11,0,0,47
3,4,2024-11-06,2,11,0,0,53
3,4,2024-11-07,3,11,0,0,50
3,4,2024-11-08,4,11,0,0,29
3,4,2024-11-09,5,11,0,0,64
3,4,2024-11-10,6,11,0,0,56
3,4,2024-11-11,0,11,0,0,53
3,4,2024-11-12,1,11,0,0,49
3,4,2024-11-13,2,11,0,0,49
3,4,2024-11-14,3,11,0,0,43
3,4,2024-11-15,4,11,0,0,39
3,4,2024-11-16,5,11,0,0,55
3,4,2024-11-17,6,11,0,0,43
3,4,2024-11-18,0,11,0,0,41
3,4,2024-11-19,1,11,0,0,36
3,4,2024-11-20,2,11,0,0,36
3,4,2024-11-21,3,11,0,0,46
3,4,2024-11-22,4,11,1,0,80
3,4,2024-11-23,5,11,1,0,87
3,4,2024-11-24,6,11,1,0,81
3,4,2024-11-25,0,11,1,0,64
3,4,2024-11-26,1,11,1,0,71
3,4,2024-11-27,2,11,1,0,65
3,4,2024-11-28,3,11,1,0,73
3,4,2024-11-29,4,11,0,0,35
3,4,2024-11-30,5,11,0,0,64
3,4,2024-12-01,6,12,0,0,56
3,4,2024-12-02,0,12,0,0,51
3,4,2024-12-03,1,12,0,0,54
3,4,2024-12-04,2,12,0,0,50
3,4,2024-12-05,3,12,0,0,54
3,4,2024-12-06,4,12,0,0,34
3,4,2024-12-07,5,12,0,0,57
3,4,2024-12-08,6,12,0,0,71
3,4,2024-12-09,0,12,0,0,52
3,4,2024-12-10,1,12,0,0,61
3,4,2024-12-11,2,12,0,0,60
3,4,2024-12-12,3,12,0,0,50
3,4,2024-12-13,4,12,0,0,46
3,4,2024-12-14,5,12,0,0,53
3,4,2024-12-15,6,12,0,0,57
3,4,2024-12-16,0,12,0,0,45
3,4,2024-12-17,1,12,0,0,44
3,4,2024-12-18,2,12,0,0,42
3,4,2024-12-19,3,12,0,0,51
3,4,2024-12-20,4,12,0,0,60
3,4,2024-12-21,5,12,0,0,69
3,4,2024-12-22,6,12,0,1,79
3,4,2024-12-23,0,12,0,0,55
3,4,2024-12-24,1,12,1,0,81
3,4,2024-12-25,2,12,1,0,76
3,4,2024-12-26,3,12,0,0,47
3,4,2024-12-27,4,12,0,0,47
3,4,2024-12-28,5,12,0,0,67
3,4,2024-12-29,6,12,0,0,63
3,4,2024-12-30,0,12,0,0,43
3,4,2024-12-31,1,12,1,0,68
3,4,2025-01-01,2,1,0,0,53
3,4,2025-01-02,3,1,0,0,54
3,4,2025-01-03,4,1,0,0,49
3,4,2025-01-04,5,1,0,0,54
3,4,2025-01-05,6,1,0,0,76
3,4,2025-01-06,0,1,0,0,58
3,4,2025-01-07,1,1,0,0,37
3,4,2025-01-08,2,1,0,0,61
3,4,2025-01-09,3,1,0,0,49
3,4,2025-01-10,4,1,0,0,52
3,4,2025-01-11,5,1,0,0,75
3,4,2025-01-12,6,1,0,0,79
3,4,2025-01-13,0,1,0,0,58
3,4,2025-01-14,1,1,0,0,53
3,4,2025-01-15,2,1,0,0,41
3,4,2025-01-16,3,1,0,0,36
3,4,2025-01-17,4,1,0,0,57
3,4,2025-01-18,5,1,0,0,76
3,4,2025-01-19,6,1,0,0,57
3,4,2025-01-20,0,1,0,0,49
3,4,2025-01-21,1,1,0,0,47
3,4,2025-01-22,2,1,0,0,47
3,4,2025-01-23,3,1,0,0,59
3,4,2025-01-24,4,1,0,1,75
3,4,2025-01-25,5,1,0,0,62
3,4,2025-01-26,6,1,0,0,88
3,4,2025-01-27,0,1,0,0,41
3,4,2025-01-28,1,1,0,0,55
3,4,2025-01-29,2,1,0,0,43
3,4,2025-01-30,3,1,0,0,50
3,4,2025-01-31,4,1,0,0,52
3,4,2025-02-01,5,2,0,0,74
3,4,2025-02-02,6,2,0,0,64
3,4,2025-02-03,0,2,0,0,50
3,4,2025-02-04,1,2,0,0,51
3,4,2025-02-05,2,2,0,0,45
3,4,2025-02-06,3,2,0,0,58
3,4,2025-02-07,4,2,0,0,55
3,4,2025-02-08,5,2,0,0,70
3,4,2025-02-09,6,2,0,0,66
3,4,2025-02-10,0,2,0,0,52
3,4,2025-02-11,1,2,0,0,62
3,4,2025-02-12,2,2,0,0,61
3,4,2025-02-13,3,2,0,0,64
3,4,2025-02-14,4,2,0,0,56
3,4,2025-02-15,5,2,0,0,79
3,4,2025-02-16,6,2,0,0,62
3,4,2025-02-17,0,2,0,0,52
3,4,2025-02-18,1,2,0,0,62
3,4,2025-02-19,2,2,0,1,84
3,4,2025-02-20,3,2,0,0,51
3,4,2025-02-21,4,2,0,0,45
3,4,2025-02-22,5,2,0,0,64
3,4,2025-02-23,6,2,0,0,60
3,4,2025-02-24,0,2,0,0,66
3,4,2025-02-25,1,2,0,0,59
3,4,2025-02-26,2,2,0,0,47
3,4,2025-02-27,3,2,0,0,45
3,4,2025-02-28,4,2,0,1,66
3,4,2025-03-01,5,3,0,1,82
3,4,2025-03-02,6,3,0,0,66
3,4,2025-03-03,0,3,0,0,62
3,4,2025-03-04,1,3,0,0,47
3,4,2025-03-05,2,3,0,0,71
3,4,2025-03-06,3,3,0,0,47
3,4,2025-03-07,4,3,0,0,43
3,4,2025-03-08,5,3,0,0,83
3,4,2025-03-09,6,3,0,0,80
3,4,2025-03-10,0,3,0,0,53
3,4,2025-03-11,1,3,0,0,57
3,4,2025-03-12,2,3,0,0,57
3,4,2025-03-13,3,3,0,0,55
3,4,2025-03-14,4,3,0,0,44
3,4,2025-03-15,5,3,0,0,43
3,4,2025-03-16,6,3,0,0,59
3,4,2025-03-17,0,3,0,0,68
3,4,2025-03-18,1,3,0,0,68
3,4,2025-03-19,2,3,0,0,52
3,4,2025-03-20,3,3,0,0,47
3,4,2025-03-21,4,3,0,0,56
3,4,2025-03-22,5,3,0,0,71
3,4,2025-03-23,6,3,0,0,73
3,4,2025-03-24,0,3,0,0,35
3,4,2025-03-25,1,3,0,0,78
3,4,2025-03-26,2,3,0,0,63
3,4,2025-03-27,3,3,0,0,52
3,4,2025-03-28,4,3,0,1,68
3,4,2025-03-29,5,3,0,0,77
3,4,2025-03-30,6,3,0,0,72
3,4,2025-03-31,0,3,0,0,55
3,4,2025-04-01,1,4,0,0,57
3,4,2025-04-02,2,4,0,0,52
3,4,2025-04-03,3,4,0,1,79
3,4,2025-04-04,4,4,0,0,59
3,4,2025-04-05,5,4,0,0,70
3,4,2025-04-06,6,4,0,0,69
3,4,2025-04-07,0,4,0,0,64
3,4,2025-04-08,1,4,0,0,41
3,4,2025-04-09,2,4,0,0,47
3,4,2025-04-10,3,4,0,0,53
3,4,2025-04-11,4,4,0,0,48
3,4,2025-04-12,5,4,0,0,63
3,4,2025-04-13,6,4,0,0,79
3,4,2025-04-14,0,4,0,0,52
3,4,2025-04-15,1,4,0,0,39
3,4,2025-04-16,2,4,0,0,50
3,4,2025-04-17,3,4,0,0,54
3,4,2025-04-18,4,4,0,0,53
3,4,2025-04-19,5,4,0,0,72
3,4,2025-04-20,6,4,0,0,71
3,4,2025-04-21,0,4,0,0,52
3,4,2025-04-22,1,4,0,0,44
3,4,2025-04-23,2,4,0,0,50
3,4,2025-04-24,3,4,0,0,48
3,4,2025-04-25,4,4,0,0,51
3,4,2025-04-26,5,4,0,0,73
3,4,2025-04-27,6,4,0,0,70
3,4,2025-04-28,0,4,0,0,59
3,4,2025-04-29,1,4,0,0,50
3,4,2025-04-30,2,4,0,0,65
3,4,2025-05-01,3,5,0,0,56
3,4,2025-05-02,4,5,0,0,52
3,4,2025-05-03,5,5,0,0,70
3,4,2025-05-04,6,5,0,0,58
3,4,2025-05-05,0,5,0,0,36
3,4,2025-05-06,1,5,0,0,47
3,4,2025-05-07,2,5,0,0,56
3,4,2025-05-08,3,5,0,0,52
3,4,2025-05-09,4,5,0,0,50
3,4,2025-05-10,5,5,0,0,57
3,4,2025-05-11,6,5,0,0,46
3,4,2025-05-12,0,5,0,0,61
3,4,2025-05-13,1,5,0,0,50
3,4,2025-05-14,2,5,0,1,68
3,4,2025-05-15,3,5,0,0,46
3,4,2025-05-16,4,5,0,0,60
3,4,2025-05-17,5,5,0,0,72
3,4,2025-05-18,6,5,0,0,55
3,4,2025-05-19,0,5,0,0,60
3,4,2025-05-20,1,5,0,0,50
3,4,2025-05-21,2,5,0,0,47
3,4,2025-05-22,3,5,0,0,49
3,4,2025-05-23,4,5,0,0,45
3,4,2025-05-24,5,5,0,0,52
3,4,2025-05-25,6,5,0,0,71
3,4,2025-05-26,0,5,0,0,49
3,4,2025-05-27,1,5,0,0,56
3,4,2025-05-28,2,5,0,0,53
3,4,2025-05-29,3,5,0,0,55
3,4,2025-05-30,4,5,0,0,36
3,4,2025-05-31,5,5,0,0,56
3,4,2025-06-01,6,6,0,0,66
3,4,2025-06-02,0,6,0,0,39
3,4,2025-06-03,1,6,0,0,51
3,4,2025-06-04,2,6,0,0,39
3,4,2025-06-05,3,6,0,0,48
3,4,2025-06-06,4,6,0,0,59
3,4,2025-06-07,5,6,0,0,68
3,4,2025-06-08,6,6,0,0,45
3,4,2025-06-09,0,6,0,1,78
3,4,2025-06-10,1,6,0,0,61
3,4,2025-06-11,2,6,0,0,67
3,4,2025-06-12,3,6,0,0,51
3,4,2025-06-13,4,6,0,0,39
3,4,2025-06-14,5,6,0,0,65
3,4,2025-06-15,6,6,0,0,75
3,4,2025-06-16,0,6,0,0,47
3,4,2025-06-17,1,6,0,0,55
3,4,2025-06-18,2,6,0,0,42
3,4,2025-06-19,3,6,0,0,51
3,4,2025-06-20,4,6,0,0,31
3,4,2025-06-21,5,6,0,0,53
3,4,2025-06-22,6,6,0,1,83
3,4,2025-06-23,0,6,0,0,46
3,4,2025-06-24,1,6,0,0,39
3,4,2025-06-25,2,6,0,0,45
3,4,2025-06-26,3,6,0,0,50
3,4,2025-06-27,4,6,0,0,48
3,4,2025-06-28,5,6,0,0,62
3,4,2025-06-29,6,6,0,0,68
3,4,2025-06-30,0,6,0,0,46
3,4,2025-07-01,1,7,0,0,54
3,4,2025-07-02,2,7,0,0,39
3,4,2025-07-03,3,7,0,0,58
3,4,2025-07-04,4,7,0,0,52
3,4,2025-07-05,5,7,0,0,56
3,4,2025-07-06,6,7,0,0,56
3,4,2025-07-07,0,7,0,0,47
3,4,2025-07-08,1,7,0,0,49
3,4,2025-07-09,2,7,0,0,52
3,4,2025-07-10,3,7,0,0,37
3,4,2025-07-11,4,7,0,0,48
3,4,2025-07-12,5,7,0,0,41
3,4,2025-07-13,6,7,0,0,57
3,4,2025-07-14,0,7,0,0,55
3,4,2025-07-15,1,7,0,0,36
3,4,2025-07-16,2,7,0,0,35
3,4,2025-07-17,3,7,0,0,47
3,4,2025-07-18,4,7,0,0,54
3,4,2025-07-19,5,7,0,0,61
3,4,2025-07-20,6,7,0,0,43
3,4,2025-07-21,0,7,0,1,51
3,4,2025-07-22,1,7,0,1,68
3,4,2025-07-23,2,7,0,0,38
3,4,2025-07-24,3,7,0,0,46
3,4,2025-07-25,4,7,0,0,47
3,4,2025-07-26,5,7,0,0,54
3,4,2025-07-27,6,7,0,0,74
3,4,2025-07-28,0,7,0,0,49
3,4,2025-07-29,1,7,0,0,53
3,4,2025-07-30,2,7,0,0,51
3,4,2025-07-31,3,7,0,0,44
3,4,2025-08-01,4,8,0,0,42
3,4,2025-08-02,5,8,0,0,54
3,4,2025-08-03,6,8,0,0,62
3,4,2025-08-04,0,8,0,0,39
3,4,2025-08-05,1,8,0,0,54
3,4,2025-08-06,2,8,0,0,39
3,4,2025-08-07,3,8,0,0,45
3,4,2025-08-08,4,8,0,0,42
3,4,2025-08-09,5,8,0,1,73
3,4,2025-08-10,6,8,0,0,74
3,4,2025-08-11,0,8,0,0,41
3,4,2025-08-12,1,8,0,0,41
3,4,2025-08-13,2,8,0,0,39
3,4,2025-08-14,3,8,0,0,43
3,4,2025-08-15,4,8,0,0,43
3,4,2025-08-16,5,8,0,0,48
3,4,2025-08-17,6,8,0,0,53
3,4,2025-08-18,0,8,0,0,47
3,4,2025-08-19,1,8,0,0,50
3,4,2025-08-20,2,8,0,0,43
3,4,2025-08-21,3,8,0,0,44
3,4,2025-08-22,4,8,0,0,41
3,4,2025-08-23,5,8,0,0,52
3,4,2025-08-24,6,8,0,0,49
3,4,2025-08-25,0,8,0,0,34
3,4,2025-08-26,1,8,0,0,39
3,4,2025-08-27,2,8,0,0,49
3,4,2025-08-28,3,8,0,0,41
3,4,2025-08-29,4,8,0,0,41
3,4,2025-08-30,5,8,0,0,54
3,4,2025-08-31,6,8,0,0,66
3,4,2025-09-01,0,9,0,0,37
3,4,2025-09-02,1,9,0,0,44
3,4,2025-09-03,2,9,0,0,42
3,4,2025-09-04,3,9,0,0,43
3,4,2025-09-05,4,9,0,1,66
3,4,2025-09-06,5,9,0,0,56
3,4,2025-09-07,6,9,0,1,86
3,4,2025-09-08,0,9,0,0,42
3,4,2025-09-09,1,9,0,0,53
3,4,2025-09-10,2,9,0,0,43
3,4,2025-09-11,3,9,0,0,32
3,4,2025-09-12,4,9,0,0,46
3,4,2025-09-13,5,9,0,0,59
3,4,2025-09-14,6,9,0,0,56
3,4,2025-09-15,0,9,0,0,41
3,4,2025-09-16,1,9,0,0,30
3,4,2025-09-17,2,9,0,0,31
3,4,2025-09-18,3,9,0,0,52
3,4,2025-09-19,4,9,0,0,39
3,4,2025-09-20,5,9,0,0,63
3,4,2025-09-21,6,9,0,0,43
3,4,2025-09-22,0,9,0,0,36
3,4,2025-09-23,1,9,0,1,70
3,4,2025-09-24,2,9,0,0,42
3,4,2025-09-25,3,9,0,0,46
3,4,2025-09-26,4,9,0,1,64
3,4,2025-09-27,5,9,0,1,75
3,4,2025-09-28,6,9,0,0,50
3,4,2025-09-29,0,9,0,0,35
3,4,2025-09-30,1,9,0,0,51
3,4,2025-10-01,2,10,0,0,53
3,4,2025-10-02,3,10,0,0,37
3,4,2025-10-03,4,10,0,0,36
3,4,2025-10-04,5,10,0,0,54
3,4,2025-10-05,6,10,0,0,59
3,4,2025-10-06,0,10,0,0,42
3,4,2025-10-07,1,10,0,0,46
3,4,2025-10-08,2,10,0,1,64
3,4,2025-10-09,3,10,0,0,43
3,4,2025-10-10,4,10,0,0,58
3,4,2025-10-11,5,10,0,0,52
3,4,2025-10-12,6,10,0,0,70
3,4,2025-10-13,0,10,0,0,52
3,4,2025-10-14,1,10,0,0,46
3,4,2025-10-15,2,10,0,0,31
3,4,2025-10-16,3,10,0,0,43
3,4,2025-10-17,4,10,0,0,40
3,4,2025-10-18,5,10,0,0,57
3,4,2025-10-19,6,10,0,0,48
3,4,2025-10-20,0,10,0,0,48
3,4,2025-10-21,1,10,0,0,49
3,4,2025-10-22,2,10,0,0,50
3,4,2025-10-23,3,10,0,0,41
3,4,2025-10-24,4,10,0,0,37
3,4,2025-10-25,5,10,0,0,59
3,4,2025-10-26,6,10,0,0,71
3,4,2025-10-27,0,10,0,0,44
3,4,2025-10-28,1,10,0,0,46
3,4,2025-10-29,2,10,0,0,42
3,4,2025-10-30,3,10,0,1,60
3,4,2025-10-31,4,10,0,0,47
3,4,2025-11-01,5,11,0,0,58
3,4,2025-11-02,6,11,0,0,62
3,4,2025-11-03,0,11,0,1,72
3,4,2025-11-04,1,11,0,0,48
3,4,2025-11-05,2,11,0,1,72
3,4,2025-11-06,3,11,0,0,40
3,4,2025-11-07,4,11,0,0,40
3,4,2025-11-08,5,11,0,0,58
3,4,2025-11-09,6,11,0,0,58
3,4,2025-11-10,0,11,0,0,42
3,4,2025-11-11,1,11,0,0,47
3,4,2025-11-12,2,11,0,0,51
3,4,2025-11-13,3,11,0,0,53
3,4,2025-11-14,4,11,0,0,55
3,4,2025-11-15,5,11,0,0,48
3,4,2025-11-16,6,11,0,0,49
3,4,2025-11-17,0,11,0,0,44
3,4,2025-11-18,1,11,0,0,46
3,4,2025-11-19,2,11,0,0,44
3,4,2025-11-20,3,11,0,0,42
3,4,2025-11-21,4,11,0,0,43
3,4,2025-11-22,5,11,1,0,93
3,4,2025-11-23,6,11,1,0,71
3,4,2025-11-24,0,11,1,0,99
3,4,2025-11-25,1,11,1,0,74
3,4,2025-11-26,2,11,1,1,110
3,4,2025-11-27,3,11,1,1,88
3,4,2025-11-28,4,11,1,0,80
3,4,2025-11-29,5,11,0,0,59
3,4,2025-11-30,6,11,0,0,66
3,4,2025-12-01,0,12,0,0,47
3,4,2025-12-02,1,12,0,0,59
3,4,2025-12-03,2,12,0,0,38
3,4,2025-12-04,3,12,0,0,55
3,4,2025-12-05,4,12,0,0,49
3,4,2025-12-06,5,12,0,0,53
3,4,2025-12-07,6,12,0,0,79
3,4,2025-12-08,0,12,0,0,61
3,4,2025-12-09,1,12,0,0,34
3,4,2025-12-10,2,12,0,0,50
3,4,2025-12-11,3,12,0,0,53
3,4,2025-12-12,4,12,0,0,51
3,4,2025-12-13,5,12,0,0,75
3,4,2025-12-14,6,12,0,0,73
3,4,2025-12-15,0,12,0,0,50
3,4,2025-12-16,1,12,0,1,93
3,4,2025-12-17,2,12,0,0,55
3,4,2025-12-18,3,12,0,0,46
3,4,2025-12-19,4,12,0,0,45
3,4,2025-12-20,5,12,0,0,72
3,4,2025-12-21,6,12,0,0,55
3,4,2025-12-22,0,12,0,0,46
3,4,2025-12-23,1,12,0,0,47
3,4,2025-12-24,2,12,1,0,81
3,4,2025-12-25,3,12,1,0,75
3,4,2025-12-26,4,12,0,0,39
3,4,2025-12-27,5,12,0,1,97
3,4,2025-12-28,6,12,0,0,58
3,4,2025-12-29,0,12,0,0,62
3,4,2025-12-30,1,12,0,0,50
3,4,2025-12-31,2,12,1,0,91
3,4,2026-01-01,3,1,0,0,56
3,4,2026-01-02,4,1,0,0,61
3,4,2026-01-03,5,1,0,0,70
3,4,2026-01-04,6,1,0,0,67
3,4,2026-01-05,0,1,0,0,59
3,4,2026-01-06,1,1,0,0,69
3,4,2026-01-07,2,1,0,0,49
3,4,2026-01-08,3,1,0,0,57
3,4,2026-01-09,4,1,0,0,51
3,4,2026-01-10,5,1,0,0,69
3,4,2026-01-11,6,1,0,0,65
3,4,2026-01-12,0,1,0,0,36
3,4,2026-01-13,1,1,0,0,50
3,4,2026-01-14,2,1,0,0,58
3,4,2026-01-15,3,1,0,0,46
3,4,2026-01-16,4,1,0,0,58
3,4,2026-01-17,5,1,0,0,66
3,4,2026-01-18,6,1,0,0,63
3,4,2026-01-19,0,1,0,0,58
3,4,2026-01-20,1,1,0,0,56
3,4,2026-01-21,2,1,0,0,54
3,4,2026-01-22,3,1,0,0,59
3,4,2026-01-23,4,1,0,0,53
3,4,2026-01-24,5,1,0,0,49
3,4,2026-01-25,6,1,0,0,61
3,4,2026-01-26,0,1,0,0,38
3,4,2026-01-27,1,1,0,0,56
3,4,2026-01-28,2,1,0,0,58
3,4,2026-01-29,3,1,0,1,83
3,4,2026-01-30,4,1,0,0,55
3,4,2026-01-31,5,1,0,0,73
3,4,2026-02-01,6,2,0,0,52
3,4,2026-02-02,0,2,0,0,53
3,4,2026-02-03,1,2,0,0,43
3,4,2026-02-04,2,2,0,0,51
3,4,2026-02-05,3,2,0,0,66
3,4,2026-02-06,4,2,0,0,62
3,4,2026-02-07,5,2,0,1,96
3,4,2026-02-08,6,2,0,0,65
3,4,2026-02-09,0,2,0,0,46
3,4,2026-02-10,1,2,0,0,55
3,4,2026-02-11,2,2,0,1,87
3,4,2026-02-12,3,2,0,0,56
3,4,2026-02-13,4,2,0,1,58
3,4,2026-02-14,5,2,0,0,68
3,4,2026-02-15,6,2,0,0,48
3,4,2026-02-16,0,2,0,0,59
3,4,2026-02-17,1,2,0,0,48
3,4,2026-02-18,2,2,0,0,44
3,4,2026-02-19,3,2,0,0,60
3,4,2026-02-20,4,2,0,0,58
3,4,2026-02-21,5,2,0,0,69
3,4,2026-02-22,6,2,0,1,116
3,4,2026-02-23,0,2,0,0,58
3,4,2026-02-24,1,2,0,0,48
3,4,2026-02-25,2,2,0,0,57
3,4,2026-02-26,3,2,0,0,51
3,4,2026-02-27,4,2,0,0,63
3,4,2026-02-28,5,2,0,0,69
3,4,2026-03-01,6,3,0,0,71
3,4,2026-03-02,0,3,0,0,43
3,4,2026-03-03,1,3,0,0,55
3,4,2026-03-04,2,3,0,0,54
3,4,2026-03-05,3,3,0,1,65
3,4,2026-03-06,4,3,0,0,52
3,4,2026-03-07,5,3,0,0,72
3,4,2026-03-08,6,3,0,0,67
3,4,2026-03-09,0,3,0,0,43
3,4,2026-03-10,1,3,0,0,52
3,4,2026-03-11,2,3,0,0,51
3,4,2026-03-12,3,3,0,0,56
3,4,2026-03-13,4,3,0,0,55
3,4,2026-03-14,5,3,0,0,63
3,4,2026-03-15,6,3,0,0,63
3,4,2026-03-16,0,3,0,0,55
3,4,2026-03-17,1,3,0,0,62
3,4,2026-03-18,2,3,0,0,56
3,4,2026-03-19,3,3,0,1,91
3,4,2026-03-20,4,3,0,0,63
3,4,2026-03-21,5,3,0,0,82
3,4,2026-03-22,6,3,0,0,80
3,4,2026-03-23,0,3,0,0,66
3,4,2026-03-24,1,3,0,0,45
3,4,2026-03-25,2,3,0,0,59
3,4,2026-03-26,3,3,0,0,63
3,4,2026-03-27,4,3,0,0,65
3,4,2026-03-28,5,3,0,1,79
3,4,2026-03-29,6,3,0,0,74
3,4,2026-03-30,0,3,0,0,55
3,4,2026-03-31,1,3,0,0,68
3,4,2026-04-01,2,4,0,0,43
3,4,2026-04-02,3,4,0,0,48
3,4,2026-04-03,4,4,0,0,40
3,4,2026-04-04,5,4,0,0,68
3,4,2026-04-05,6,4,0,0,88
3,4,2026-04-06,0,4,0,0,53
3,4,2026-04-07,1,4,0,0,54
3,4,2026-04-08,2,4,0,0,58
3,4,2026-04-09,3,4,0,0,52
3,4,2026-04-10,4,4,0,0,56
3,4,2026-04-11,5,4,0,0,70
3,4,2026-04-12,6,4,0,0,59
3,4,2026-04-13,0,4,0,0,53
3,4,2026-04-14,1,4,0,0,59
3,4,2026-04-15,2,4,0,0,60
3,4,2026-04-16,3,4,0,0,63
3,4,2026-04-17,4,4,0,0,56
3,4,2026-04-18,5,4,0,0,70
3,4,2026-04-19,6,4,0,0,74
3,4,2026-04-20,0,4,0,0,49
3,4,2026-04-21,1,4,0,0,49
3,4,2026-04-22,2,4,0,0,52
3,4,2026-04-23,3,4,0,0,44
3,4,2026-04-24,4,4,0,0,56
3,4,2026-04-25,5,4,0,0,77
3,4,2026-04-26,6,4,0,0,60
3,4,2026-04-27,0,4,0,0,57
3,4,2026-04-28,1,4,0,0,49
3,4,2026-04-29,2,4,0,0,46
3,4,2026-04-30,3,4,0,0,69
3,4,2026-05-01,4,5,0,0,44
3,4,2026-05-02,5,5,0,0,53
3,4,2026-05-03,6,5,0,0,66
3,4,2026-05-04,0,5,0,0,53
3,4,2026-05-05,1,5,0,0,56
3,4,2026-05-06,2,5,0,0,66
3,4,2026-05-07,3,5,0,0,46
3,4,2026-05-08,4,5,0,0,47
3,4,2026-05-09,5,5,0,0,79
3,4,2026-05-10,6,5,0,0,73
3,4,2026-05-11,0,5,0,0,57
3,4,2026-05-12,1,5,0,0,47
3,4,2026-05-13,2,5,0,0,59
3,4,2026-05-14,3,5,0,0,57
3,4,2026-05-15,4,5,0,0,53
3,4,2026-05-16,5,5,0,0,59
3,4,2026-05-17,6,5,0,0,65
3,4,2026-05-18,0,5,0,0,63
3,4,2026-05-19,1,5,0,0,43
3,4,2026-05-20,2,5,0,0,45
3,4,2026-05-21,3,5,0,0,47
3,4,2026-05-22,4,5,0,0,48
3,4,2026-05-23,5,5,0,0,64
3,4,2026-05-24,6,5,0,0,73
3,4,2026-05-25,0,5,0,0,55
3,4,2026-05-26,1,5,0,0,52
3,4,2026-05-27,2,5,0,0,53
3,4,2026-05-28,3,5,0,0,56
3,4,2026-05-29,4,5,0,0,39
3,4,2026-05-30,5,5,0,0,74
3,4,2026-05-31,6,5,0,0,57
3,4,2026-06-01,0,6,0,0,45
3,4,2026-06-02,1,6,0,0,51
3,4,2026-06-03,2,6,0,0,48
3,4,2026-06-04,3,6,0,0,52
3,4,2026-06-05,4,6,0,0,49
3,4,2026-06-06,5,6,0,0,59
3,4,2026-06-07,6,6,0,0,75
3,4,2026-06-08,0,6,0,0,53
3,4,2026-06-09,1,6,0,0,50
3,4,2026-06-10,2,6,0,0,53
3,4,2026-06-11,3,6,0,0,44
3,4,2026-06-12,4,6,0,0,63
3,4,2026-06-13,5,6,0,0,52
3,4,2026-06-14,6,6,0,0,63
3,4,2026-06-15,0,6,0,0,46
3,4,2026-06-16,1,6,0,0,46
3,4,2026-06-17,2,6,0,1,66
3,4,2026-06-18,3,6,0,0,43
3,4,2026-06-19,4,6,0,0,57
3,4,2026-06-20,5,6,0,1,69
3,4,2026-06-21,6,6,0,0,70
3,4,2026-06-22,0,6,0,0,53
3,4,2026-06-23,1,6,0,0,46
3,4,2026-06-24,2,6,0,0,52
3,4,2026-06-25,3,6,0,0,47
3,4,2026-06-26,4,6,0,0,41
3,4,2026-06-27,5,6,0,0,52
3,4,2026-06-28,6,6,0,0,67
3,4,2026-06-29,0,6,0,0,53
3,4,2026-06-30,1,6,0,0,50
3,4,2026-07-01,2,7,0,0,43
3,4,2026-07-02,3,7,0,0,44
3,4,2026-07-03,4,7,0,0,43
3,4,2026-07-04,5,7,0,0,44
3,4,2026-07-05,6,7,0,0,59
3,4,2026-07-06,0,7,0,0,49
3,4,2026-07-07,1,7,0,0,46
3,4,2026-07-08,2,7,0,0,57
3,4,2026-07-09,3,7,0,0,39
3,4,2026-07-10,4,7,0,0,41
3,4,2026-07-11,5,7,0,1,82
3,4,2026-07-12,6,7,0,0,61
3,4,2026-07-13,0,7,0,0,33
3,4,2026-07-14,1,7,0,0,49
3,4,2026-07-15,2,7,0,0,47
3,4,2026-07-16,3,7,0,0,32
3,4,2026-07-17,4,7,0,0,45
3,4,2026-07-18,5,7,0,0,52
3,4,2026-07-19,6,7,0,0,55
3,4,2026-07-20,0,7,0,0,37
3,4,2026-07-21,1,7,0,0,48
3,4,2026-07-22,2,7,0,0,57
3,4,2026-07-23,3,7,0,0,47
3,4,2026-07-24,4,7,0,0,32
3,4,2026-07-25,5,7,0,0,61
3,4,2026-07-26,6,7,0,0,57
3,4,2026-07-27,0,7,0,0,38
3,4,2026-07-28,1,7,0,1,71
3,4,2026-07-29,2,7,0,0,51
3,4,2026-07-30,3,7,0,1,61
3,4,2026-07-31,4,7,0,0,35
3,4,2026-08-01,5,8,0,0,41
3,4,2026-08-02,6,8,0,0,51
3,4,2026-08-03,0,8,0,0,42
3,4,2026-08-04,1,8,0,0,40
3,4,2026-08-05,2,8,0,0,39
3,4,2026-08-06,3,8,0,0,47
3,4,2026-08-07,4,8,0,0,46
3,4,2026-08-08,5,8,0,0,58
3,4,2026-08-09,6,8,0,0,63
3,4,2026-08-10,0,8,0,0,39
3,4,2026-08-11,1,8,0,0,37
3,4,2026-08-12,2,8,0,0,40
3,4,2026-08-13,3,8,0,0,40
3,4,2026-08-14,4,8,0,0,31
3,4,2026-08-15,5,8,0,0,52
3,4,2026-08-16,6,8,0,0,66
3,4,2026-08-17,0,8,0,0,48
3,4,2026-08-18,1,8,0,0,47
3,4,2026-08-19,2,8,0,0,44
3,4,2026-08-20,3,8,0,0,52
3,4,2026-08-21,4,8,0,0,37
3,4,2026-08-22,5,8,0,0,49
3,4,2026-08-23,6,8,0,0,66
3,4,2026-08-24,0,8,0,0,44
3,4,2026-08-25,1,8,0,0,39
3,4,2026-08-26,2,8,0,0,47
3,4,2026-08-27,3,8,0,0,41
3,4,2026-08-28,4,8,0,0,38
3,4,2026-08-29,5,8,0,0,50
3,4,2026-08-30,6,8,0,0,59
3,4,2026-08-31,0,8,0,0,45
3,5,2024-09-01,6,9,0,0,48
3,5,2024-09-02,0,9,0,0,39
3,5,2024-09-03,1,9,0,0,36
3,5,2024-09-04,2,9,0,0,44
3,5,2024-09-05,3,9,0,0,37
3,5,2024-09-06,4,9,0,0,30
3,5,2024-09-07,5,9,0,0,46
3,5,2024-09-08,6,9,0,0,50
3,5,2024-09-09,0,9,0,0,40
3,5,2024-09-10,1,9,0,0,40
3,5,2024-09-11,2,9,0,0,45
3,5,2024-09-12,3,9,0,0,34
3,5,2024-09-13,4,9,0,0,37
3,5,2024-09-14,5,9,0,0,56
3,5,2024-09-15,6,9,0,0,37
3,5,2024-09-16,0,9,0,0,38
3,5,2024-09-17,1,9,0,0,44
3,5,2024-09-18,2,9,0,0,44
3,5,2024-09-19,3,9,0,0,41
3,5,2024-09-20,4,9,0,1,62
3,5,2024-09-21,5,9,0,0,42
3,5,2024-09-22,6,9,0,0,55
3,5,2024-09-23,0,9,0,0,33
3,5,2024-09-24,1,9,0,0,33
3,5,2024-09-25,2,9,0,0,40
3,5,2024-09-26,3,9,0,0,36
3,5,2024-09-27,4,9,0,0,39
3,5,2024-09-28,5,9,0,0,50
3,5,2024-09-29,6,9,0,0,57
3,5,2024-09-30,0,9,0,0,40
3,5,2024-10-01,1,10,0,0,36
3,5,2024-10-02,2,10,0,0,42
3,5,2024-10-03,3,10,0,0,35
3,5,2024-10-04,4,10,0,0,43
3,5,2024-10-05,5,10,0,0,49
3,5,2024-10-06,6,10,0,0,50
3,5,2024-10-07,0,10,0,0,31
3,5,2024-10-08,1,10,0,0,29
3,5,2024-10-09,2,10,0,0,33
3,5,2024-10-10,3,10,0,0,47
3,5,2024-10-11,4,10,0,0,34
3,5,2024-10-12,5,10,0,0,52
3,5,2024-10-13,6,10,0,0,45
3,5,2024-10-14,0,10,0,0,38
3,5,2024-10-15,1,10,0,0,39
3,5,2024-10-16,2,10,0,0,46
3,5,2024-10-17,3,10,0,0,42
3,5,2024-10-18,4,10,0,0,41
3,5,2024-10-19,5,10,0,0,55
3,5,2024-10-20,6,10,0,0,45
3,5,2024-10-21,0,10,0,0,44
3,5,2024-10-22,1,10,0,0,43
3,5,2024-10-23,2,10,0,0,43
3,5,2024-10-24,3,10,0,0,38
3,5,2024-10-25,4,10,0,0,37
3,5,2024-10-26,5,10,0,0,43
3,5,2024-10-27,6,10,0,0,44
3,5,2024-10-28,0,10,0,0,35
3,5,2024-10-29,1,10,0,0,41
3,5,2024-10-30,2,10,0,0,38
3,5,2024-10-31,3,10,0,0,41
3,5,2024-11-01,4,11,0,0,43
3,5,2024-11-02,5,11,0,0,44
3,5,2024-11-03,6,11,0,0,44
3,5,2024-11-04,0,11,0,0,40
3,5,2024-11-05,1,11,0,0,37
3,5,2024-11-06,2,11,0,0,37
3,5,2024-11-07,3,11,0,0,49
3,5,2024-11-08,4,11,0,0,34
3,5,2024-11-09,5,11,0,0,61
3,5,2024-11-10,6,11,0,1,72
3,5,2024-11-11,0,11,0,0,46
3,5,2024-11-12,1,11,0,0,45
3,5,2024-11-13,2,11,0,1,65
3,5,2024-11-14,3,11,0,0,49
3,5,2024-11-15,4,11,0,0,36
3,5,2024-11-16,5,11,0,0,49
3,5,2024-11-17,6,11,0,1,63
3,5,2024-11-18,0,11,0,0,33
3,5,2024-11-19,1,11,0,0,38
3,5,2024-11-20,2,11,0,0,50
3,5,2024-11-21,3,11,0,0,40
3,5,2024-11-22,4,11,1,0,82
3,5,2024-11-23,5,11,1,0,94
3,5,2024-11-24,6,11,1,0,102
3,5,2024-11-25,0,11,1,0,82
3,5,2024-11-26,1,11,1,0,85
3,5,2024-11-27,2,11,1,0,70
3,5,2024-11-28,3,11,1,0,69
3,5,2024-11-29,4,11,0,0,42
3,5,2024-11-30,5,11,0,0,50
3,5,2024-12-01,6,12,0,0,54
3,5,2024-12-02,0,12,0,0,47
3,5,2024-12-03,1,12,0,0,41
3,5,2024-12-04,2,12,0,0,37
3,5,2024-12-05,3,12,0,0,45
3,5,2024-12-06,4,12,0,0,40
3,5,2024-12-07,5,12,0,0,49
3,5,2024-12-08,6,12,0,0,52
3,5,2024-12-09,0,12,0,0,42
3,5,2024-12-10,1,12,0,0,49
3,5,2024-12-11,2,12,0,0,43
3,5,2024-12-12,3,12,0,1,72
3,5,2024-12-13,4,12,0,0,45
3,5,2024-12-14,5,12,0,0,52
3,5,2024-12-15,6,12,0,0,54
3,5,2024-12-16,0,12,0,0,37
3,5,2024-12-17,1,12,0,0,45
3,5,2024-12-18,2,12,0,0,48
3,5,2024-12-19,3,12,0,0,49
3,5,2024-12-20,4,12,0,0,37
3,5,2024-12-21,5,12,0,0,44
3,5,2024-12-22,6,12,0,0,50
3,5,2024-12-23,0,12,0,0,50
3,5,2024-12-24,1,12,1,0,72
3,5,2024-12-25,2,12,1,0,64
3,5,2024-12-26,3,12,0,0,37
3,5,2024-12-27,4,12,0,0,40
3,5,2024-12-28,5,12,0,0,48
3,5,2024-12-29,6,12,0,0,58
3,5,2024-12-30,0,12,0,0,49
3,5,2024-12-31,1,12,1,0,62
3,5,2025-01-01,2,1,0,1,72
3,5,2025-01-02,3,1,0,0,50
3,5,2025-01-03,4,1,0,0,40
3,5,2025-01-04,5,1,0,0,55
3,5,2025-01-05,6,1,0,0,58
3,5,2025-01-06,0,1,0,0,47
3,5,2025-01-07,1,1,0,0,37
3,5,2025-01-08,2,1,0,0,47
3,5,2025-01-09,3,1,0,0,50
3,5,2025-01-10,4,1,0,0,55
3,5,2025-01-11,5,1,0,0,51
3,5,2025-01-12,6,1,0,0,52
3,5,2025-01-13,0,1,0,0,45
3,5,2025-01-14,1,1,0,0,48
3,5,2025-01-15,2,1,0,0,47
3,5,2025-01-16,3,1,0,0,49
3,5,2025-01-17,4,1,0,0,40
3,5,2025-01-18,5,1,0,0,58
3,5,2025-01-19,6,1,0,0,51
3,5,2025-01-20,0,1,0,0,46
3,5,2025-01-21,1,1,0,0,55
3,5,2025-01-22,2,1,0,0,39
3,5,2025-01-23,3,1,0,0,45
3,5,2025-01-24,4,1,0,0,40
3,5,2025-01-25,5,1,0,0,56
3,5,2025-01-26,6,1,0,0,62
3,5,2025-01-27,0,1,0,0,47
3,5,2025-01-28,1,1,0,0,46
3,5,2025-01-29,2,1,0,0,53
3,5,2025-01-30,3,1,0,0,48
3,5,2025-01-31,4,1,0,0,51
3,5,2025-02-01,5,2,0,0,62
3,5,2025-02-02,6,2,0,0,39
3,5,2025-02-03,0,2,0,0,48
3,5,2025-02-04,1,2,0,0,42
3,5,2025-02-05,2,2,0,0,44
3,5,2025-02-06,3,2,0,0,56
3,5,2025-02-07,4,2,0,0,46
3,5,2025-02-08,5,2,0,0,69
3,5,2025-02-09,6,2,0,0,48
3,5,2025-02-10,0,2,0,0,42
3,5,2025-02-11,1,2,0,0,52
3,5,2025-02-12,2,2,0,0,46
3,5,2025-02-13,3,2,0,0,50
3,5,2025-02-14,4,2,0,0,48
3,5,2025-02-15,5,2,0,0,56
3,5,2025-02-16,6,2,0,0,55
3,5,2025-02-17,0,2,0,0,49
3,5,2025-02-18,1,2,0,0,52
3,5,2025-02-19,2,2,0,1,80
3,5,2025-02-20,3,2,0,0,47
3,5,2025-02-21,4,2,0,0,46
3,5,2025-02-22,5,2,0,0,54
3,5,2025-02-23,6,2,0,0,67
3,5,2025-02-24,0,2,0,0,52
3,5,2025-02-25,1,2,0,1,53
3,5,2025-02-26,2,2,0,0,38
3,5,2025-02-27,3,2,0,0,44
3,5,2025-02-28,4,2,0,0,49
3,5,2025-03-01,5,3,0,0,58
3,5,2025-03-02,6,3,0,0,61
3,5,2025-03-03,0,3,0,1,67
3,5,2025-03-04,1,3,0,0,57
3,5,2025-03-05,2,3,0,0,53
3,5,2025-03-06,3,3,0,0,49
3,5,2025-03-07,4,3,0,0,55
3,5,2025-03-08,5,3,0,0,47
3,5,2025-03-09,6,3,0,0,57
3,5,2025-03-10,0,3,0,0,50
3,5,2025-03-11,1,3,0,0,52
3,5,2025-03-12,2,3,0,0,40
3,5,2025-03-13,3,3,0,0,48
3,5,2025-03-14,4,3,0,0,51
3,5,2025-03-15,5,3,0,1,82
3,5,2025-03-16,6,3,0,0,66
3,5,2025-03-17,0,3,0,0,53
3,5,2025-03-18,1,3,0,0,49
3,5,2025-03-19,2,3,0,0,53
3,5,2025-03-20,3,3,0,0,48
3,5,2025-03-21,4,3,0,0,50
3,5,2025-03-22,5,3,0,0,63
3,5,2025-03-23,6,3,0,0,58
3,5,2025-03-24,0,3,0,0,51
3,5,2025-03-25,1,3,0,0,54
3,5,2025-03-26,2,3,0,0,53
3,5,2025-03-27,3,3,0,0,56
3,5,2025-03-28,4,3,0,0,62
3,5,2025-03-29,5,3,0,0,63
3,5,2025-03-30,6,3,0,0,55
3,5,2025-03-31,0,3,0,0,52
3,5,2025-04-01,1,4,0,0,51
3,5,2025-04-02,2,4,0,0,52
3,5,2025-04-03,3,4,0,0,56
3,5,2025-04-04,4,4,0,0,39
3,5,2025-04-05,5,4,0,0,67
3,5,2025-04-06,6,4,0,0,69
3,5,2025-04-07,0,4,0,0,51
3,5,2025-04-08,1,4,0,0,51
3,5,2025-04-09,2,4,0,0,47
3,5,2025-04-10,3,4,0,0,48
3,5,2025-04-11,4,4,0,0,52
3,5,2025-04-12,5,4,0,0,61
3,5,2025-04-13,6,4,0,0,62
3,5,2025-04-14,0,4,0,1,73
3,5,2025-04-15,1,4,0,0,53
3,5,2025-04-16,2,4,0,0,53
3,5,2025-04-17,3,4,0,0,43
3,5,2025-04-18,4,4,0,0,53
3,5,2025-04-19,5,4,0,0,69
3,5,2025-04-20,6,4,0,1,77
3,5,2025-04-21,0,4,0,0,56
3,5,2025-04-22,1,4,0,0,43
3,5,2025-04-23,2,4,0,0,48
3,5,2025-04-24,3,4,0,0,45
3,5,2025-04-25,4,4,0,0,56
3,5,2025-04-26,5,4,0,0,68
3,5,2025-04-27,6,4,0,0,57
3,5,2025-04-28,0,4,0,0,55
3,5,2025-04-29,1,4,0,0,57
3,5,2025-04-30,2,4,0,0,48
3,5,2025-05-01,3,5,0,0,47
3,5,2025-05-02,4,5,0,0,50
3,5,2025-05-03,5,5,0,0,50
3,5,2025-05-04,6,5,0,1,76
3,5,2025-05-05,0,5,0,0,58
3,5,2025-05-06,1,5,0,1,62
3,5,2025-05-07,2,5,0,1,72
3,5,2025-05-08,3,5,0,0,49
3,5,2025-05-09,4,5,0,0,46
3,5,2025-05-10,5,5,0,0,57
3,5,2025-05-11,6,5,0,1,90
3,5,2025-05-12,0,5,0,0,49
3,5,2025-05-13,1,5,0,1,71
3,5,2025-05-14,2,5,0,0,55
3,5,2025-05-15,3,5,0,0,45
3,5,2025-05-16,4,5,0,0,41
3,5,2025-05-17,5,5,0,0,66
3,5,2025-05-18,6,5,0,0,56
3,5,2025-05-19,0,5,0,0,51
3,5,2025-05-20,1,5,0,1,60
3,5,2025-05-21,2,5,0,0,48
3,5,2025-05-22,3,5,0,0,41
3,5,2025-05-23,4,5,0,0,47
3,5,2025-05-24,5,5,0,0,51
3,5,2025-05-25,6,5,0,1,68
3,5,2025-05-26,0,5,0,0,45
3,5,2025-05-27,1,5,0,0,34
3,5,2025-05-28,2,5,0,0,40
3,5,2025-05-29,3,5,0,0,50
3,5,2025-05-30,4,5,0,0,48
3,5,2025-05-31,5,5,0,0,49
3,5,2025-06-01,6,6,0,0,56
3,5,2025-06-02,0,6,0,0,39
3,5,2025-06-03,1,6,0,0,47
3,5,2025-06-04,2,6,0,0,43
3,5,2025-06-05,3,6,0,0,42
3,5,2025-06-06,4,6,0,0,43
3,5,2025-06-07,5,6,0,0,68
3,5,2025-06-08,6,6,0,0,48
3,5,2025-06-09,0,6,0,0,45
3,5,2025-06-10,1,6,0,0,48
3,5,2025-06-11,2,6,0,0,39
3,5,2025-06-12,3,6,0,0,36
3,5,2025-06-13,4,6,0,1,59
3,5,2025-06-14,5,6,0,0,57
3,5,2025-06-15,6,6,0,0,51
3,5,2025-06-16,0,6,0,0,43
3,5,2025-06-17,1,6,0,0,48
3,5,2025-06-18,2,6,0,0,40
3,5,2025-06-19,3,6,0,1,63
3,5,2025-06-20,4,6,0,0,36
3,5,2025-06-21,5,6,0,0,55
3,5,2025-06-22,6,6,0,0,54
3,5,2025-06-23,0,6,0,0,48
3,5,2025-06-24,1,6,0,0,38
3,5,2025-06-25,2,6,0,0,43
3,5,2025-06-26,3,6,0,0,37
3,5,2025-06-27,4,6,0,0,43
3,5,2025-06-28,5,6,0,0,62
3,5,2025-06-29,6,6,0,0,51
3,5,2025-06-30,0,6,0,0,37
3,5,2025-07-01,1,7,0,0,38
3,5,2025-07-02,2,7,0,0,34
3,5,2025-07-03,3,7,0,0,35
3,5,2025-07-04,4,7,0,0,44
3,5,2025-07-05,5,7,0,0,42
3,5,2025-07-06,6,7,0,0,52
3,5,2025-07-07,0,7,0,0,41
3,5,2025-07-08,1,7,0,0,39
3,5,2025-07-09,2,7,0,0,42
3,5,2025-07-10,3,7,0,0,37
3,5,2025-07-11,4,7,0,0,45
3,5,2025-07-12,5,7,0,0,46
3,5,2025-07-13,6,7,0,0,48
3,5,2025-07-14,0,7,0,0,39
3,5,2025-07-15,1,7,0,0,44
3,5,2025-07-16,2,7,0,1,65
3,5,2025-07-17,3,7,0,0,29
3,5,2025-07-18,4,7,0,0,42
3,5,2025-07-19,5,7,0,0,40
3,5,2025-07-20,6,7,0,0,48
3,5,2025-07-21,0,7,0,0,41
3,5,2025-07-22,1,7,0,0,40
3,5,2025-07-23,2,7,0,1,64
3,5,2025-07-24,3,7,0,0,45
3,5,2025-07-25,4,7,0,0,38
3,5,2025-07-26,5,7,0,0,46
3,5,2025-07-27,6,7,0,0,50
3,5,2025-07-28,0,7,0,0,34
3,5,2025-07-29,1,7,0,0,39
3,5,2025-07-30,2,7,0,0,47
3,5,2025-07-31,3,7,0,0,34
3,5,2025-08-01,4,8,0,0,38
3,5,2025-08-02,5,8,0,0,45
3,5,2025-08-03,6,8,0,0,59
3,5,2025-08-04,0,8,0,0,37
3,5,2025-08-05,1,8,0,0,37
3,5,2025-08-06,2,8,0,0,35
3,5,2025-08-07,3,8,0,0,39
3,5,2025-08-08,4,8,0,0,40
3,5,2025-08-09,5,8,0,0,44
3,5,2025-08-10,6,8,0,1,76
3,5,2025-08-11,0,8,0,0,40
3,5,2025-08-12,1,8,0,0,43
3,5,2025-08-13,2,8,0,0,38
3,5,2025-08-14,3,8,0,1,61
3,5,2025-08-15,4,8,0,0,38
3,5,2025-08-16,5,8,0,0,56
3,5,2025-08-17,6,8,0,0,49
3,5,2025-08-18,0,8,0,0,39
3,5,2025-08-19,1,8,0,0,37
3,5,2025-08-20,2,8,0,0,37
3,5,2025-08-21,3,8,0,0,40
3,5,2025-08-22,4,8,0,0,43
3,5,2025-08-23,5,8,0,0,45
3,5,2025-08-24,6,8,0,0,49
3,5,2025-08-25,0,8,0,0,40
3,5,2025-08-26,1,8,0,0,41
3,5,2025-08-27,2,8,0,0,32
3,5,2025-08-28,3,8,0,0,35
3,5,2025-08-29,4,8,0,0,33
3,5,2025-08-30,5,8,0,0,49
3,5,2025-08-31,6,8,0,0,43
3,5,2025-09-01,0,9,0,0,36
3,5,2025-09-02,1,9,0,0,33
3,5,2025-09-03,2,9,0,0,37
3,5,2025-09-04,3,9,0,0,34
3,5,2025-09-05,4,9,0,0,42
3,5,2025-09-06,5,9,0,0,50
3,5,2025-09-07,6,9,0,0,48
3,5,2025-09-08,0,9,0,0,37
3,5,2025-09-09,1,9,0,0,30
3,5,2025-09-10,2,9,0,0,37
3,5,2025-09-11,3,9,0,0,35
3,5,2025-09-12,4,9,0,0,40
3,5,2025-09-13,5,9,0,0,51
3,5,2025-09-14,6,9,0,0,49
3,5,2025-09-15,0,9,0,1,66
3,5,2025-09-16,1,9,0,0,36
3,5,2025-09-17,2,9,0,0,36
3,5,2025-09-18,3,9,0,0,43
3,5,2025-09-19,4,9,0,0,39
3,5,2025-09-20,5,9,0,0,46
3,5,2025-09-21,6,9,0,0,58
3,5,2025-09-22,0,9,0,0,41
3,5,2025-09-23,1,9,0,0,38
3,5,2025-09-24,2,9,0,0,36
3,5,2025-09-25,3,9,0,0,44
3,5,2025-09-26,4,9,0,0,39
3,5,2025-09-27,5,9,0,1,67
3,5,2025-09-28,6,9,0,0,51
3,5,2025-09-29,0,9,0,0,42
3,5,2025-09-30,1,9,0,0,41
3,5,2025-10-01,2,10,0,0,43
3,5,2025-10-02,3,10,0,0,41
3,5,2025-10-03,4,10,0,0,42
3,5,2025-10-04,5,10,0,0,44
3,5,2025-10-05,6,10,0,0,58
3,5,2025-10-06,0,10,0,0,34
3,5,2025-10-07,1,10,0,0,41
3,5,2025-10-08,2,10,0,0,33
3,5,2025-10-09,3,10,0,0,39
3,5,2025-10-10,4,10,0,0,37
3,5,2025-10-11,5,10,0,0,49
3,5,2025-10-12,6,10,0,0,50
3,5,2025-10-13,0,10,0,0,35
3,5,2025-10-14,1,10,0,0,39
3,5,2025-10-15,2,10,0,0,45
3,5,2025-10-16,3,10,0,0,34
3,5,2025-10-17,4,10,0,0,36
3,5,2025-10-18,5,10,0,0,53
3,5,2025-10-19,6,10,0,0,49
3,5,2025-10-20,0,10,0,0,40
3,5,2025-10-21,1,10,0,0,44
3,5,2025-10-22,2,10,0,1,54
3,5,2025-10-23,3,10,0,0,37
3,5,2025-10-24,4,10,0,0,36
3,5,2025-10-25,5,10,0,0,47
3,5,2025-10-26,6,10,0,0,56
3,5,2025-10-27,0,10,0,0,32
3,5,2025-10-28,1,10,0,0,34
3,5,2025-10-29,2,10,0,0,33
3,5,2025-10-30,3,10,0,0,46
3,5,2025-10-31,4,10,0,0,37
3,5,2025-11-01,5,11,0,0,48
3,5,2025-11-02,6,11,0,0,41
3,5,2025-11-03,0,11,0,0,40
3,5,2025-11-04,1,11,0,0,45
3,5,2025-11-05,2,11,0,0,42
3,5,2025-11-06,3,11,0,0,41
3,5,2025-11-07,4,11,0,0,34
3,5,2025-11-08,5,11,0,0,48
3,5,2025-11-09,6,11,0,0,51
3,5,2025-11-10,0,11,0,0,37
3,5,2025-11-11,1,11,0,0,44
3,5,2025-11-12,2,11,0,0,45
3,5,2025-11-13,3,11,0,0,39
3,5,2025-11-14,4,11,0,0,45
3,5,2025-11-15,5,11,0,0,50
3,5,2025-11-16,6,11,0,0,57
3,5,2025-11-17,0,11,0,0,51
3,5,2025-11-18,1,11,0,0,36
3,5,2025-11-19,2,11,0,0,45
3,5,2025-11-20,3,11,0,0,47
3,5,2025-11-21,4,11,0,0,37
3,5,2025-11-22,5,11,1,0,72
3,5,2025-11-23,6,11,1,0,71
3,5,2025-11-24,0,11,1,0,66
3,5,2025-11-25,1,11,1,0,65
3,5,2025-11-26,2,11,1,0,66
3,5,2025-11-27,3,11,1,0,74
3,5,2025-11-28,4,11,1,0,53
3,5,2025-11-29,5,11,0,0,45
3,5,2025-11-30,6,11,0,0,54
3,5,2025-12-01,0,12,0,0,47
3,5,2025-12-02,1,12,0,0,39
3,5,2025-12-03,2,12,0,0,47
3,5,2025-12-04,3,12,0,0,50
3,5,2025-12-05,4,12,0,0,44
3,5,2025-12-06,5,12,0,0,47
3,5,2025-12-07,6,12,0,0,58
3,5,2025-12-08,0,12,0,0,52
3,5,2025-12-09,1,12,0,0,40
3,5,2025-12-10,2,12,0,0,44
3,5,2025-12-11,3,12,0,0,49
3,5,2025-12-12,4,12,0,0,44
3,5,2025-12-13,5,12,0,0,43
3,5,2025-12-14,6,12,0,0,56
3,5,2025-12-15,0,12,0,0,39
3,5,2025-12-16,1,12,0,0,38
3,5,2025-12-17,2,12,0,0,35
3,5,2025-12-18,3,12,0,0,50
3,5,2025-12-19,4,12,0,0,40
3,5,2025-12-20,5,12,0,0,55
3,5,2025-12-21,6,12,0,0,56
3,5,2025-12-22,0,12,0,0,45
3,5,2025-12-23,1,12,0,0,45
3,5,2025-12-24,2,12,1,0,73
3,5,2025-12-25,3,12,1,0,71
3,5,2025-12-26,4,12,0,0,40
3,5,2025-12-27,5,12,0,0,48
3,5,2025-12-28,6,12,0,0,52
3,5,2025-12-29,0,12,0,0,43
3,5,2025-12-30,1,12,0,0,46
3,5,2025-12-31,2,12,1,0,79
3,5,2026-01-01,3,1,0,0,48
3,5,2026-01-02,4,1,0,0,42
3,5,2026-01-03,5,1,0,0,42
3,5,2026-01-04,6,1,0,0,51
3,5,2026-01-05,0,1,0,0,39
3,5,2026-01-06,1,1,0,0,43
3,5,2026-01-07,2,1,0,0,48
3,5,2026-01-08,3,1,0,0,47
3,5,2026-01-09,4,1,0,1,80
3,5,2026-01-10,5,1,0,0,59
3,5,2026-01-11,6,1,0,0,67
3,5,2026-01-12,0,1,0,0,50
3,5,2026-01-13,1,1,0,0,52
3,5,2026-01-14,2,1,0,0,45
3,5,2026-01-15,3,1,0,0,41
3,5,2026-01-16,4,1,0,0,44
3,5,2026-01-17,5,1,0,0,56
3,5,2026-01-18,6,1,0,0,52
3,5,2026-01-19,0,1,0,0,41
3,5,2026-01-20,1,1,0,0,49
3,5,2026-01-21,2,1,0,0,41
3,5,2026-01-22,3,1,0,0,39
3,5,2026-01-23,4,1,0,0,41
3,5,2026-01-24,5,1,0,0,54
3,5,2026-01-25,6,1,0,0,49
3,5,2026-01-26,0,1,0,0,45
3,5,2026-01-27,1,1,0,0,50
3,5,2026-01-28,2,1,0,0,50
3,5,2026-01-29,3,1,0,0,43
3,5,2026-01-30,4,1,0,0,40
3,5,2026-01-31,5,1,0,0,52
3,5,2026-02-01,6,2,0,0,62
3,5,2026-02-02,0,2,0,0,53
3,5,2026-02-03,1,2,0,0,50
3,5,2026-02-04,2,2,0,0,55
3,5,2026-02-05,3,2,0,0,58
3,5,2026-02-06,4,2,0,0,46
3,5,2026-02-07,5,2,0,0,67
3,5,2026-02-08,6,2,0,0,56
3,5,2026-02-09,0,2,0,0,54
3,5,2026-02-10,1,2,0,0,52
3,5,2026-02-11,2,2,0,0,38
3,5,2026-02-12,3,2,0,0,43
3,5,2026-02-13,4,2,0,0,42
3,5,2026-02-14,5,2,0,0,46
3,5,2026-02-15,6,2,0,0,63
3,5,2026-02-16,0,2,0,0,60
3,5,2026-02-17,1,2,0,0,47
3,5,2026-02-18,2,2,0,0,53
3,5,2026-02-19,3,2,0,0,57
3,5,2026-02-20,4,2,0,0,50
3,5,2026-02-21,5,2,0,0,57
3,5,2026-02-22,6,2,0,0,56
3,5,2026-02-23,0,2,0,0,51
3,5,2026-02-24,1,2,0,0,53
3,5,2026-02-25,2,2,0,0,51
3,5,2026-02-26,3,2,0,0,51
3,5,2026-02-27,4,2,0,0,48
3,5,2026-02-28,5,2,0,1,63
3,5,2026-03-01,6,3,0,0,64
3,5,2026-03-02,0,3,0,1,59
3,5,2026-03-03,1,3,0,0,53
3,5,2026-03-04,2,3,0,0,53
3,5,2026-03-05,3,3,0,0,43
3,5,2026-03-06,4,3,0,0,46
3,5,2026-03-07,5,3,0,0,72
3,5,2026-03-08,6,3,0,0,58
3,5,2026-03-09,0,3,0,0,42
3,5,2026-03-10,1,3,0,0,54
3,5,2026-03-11,2,3,0,0,45
3,5,2026-03-12,3,3,0,0,39
3,5,2026-03-13,4,3,0,0,52
3,5,2026-03-14,5,3,0,0,52
3,5,2026-03-15,6,3,0,0,60
3,5,2026-03-16,0,3,0,0,45
3,5,2026-03-17,1,3,0,0,53
3,5,2026-03-18,2,3,0,0,50
3,5,2026-03-19,3,3,0,0,35
3,5,2026-03-20,4,3,0,0,51
3,5,2026-03-21,5,3,0,0,56
3,5,2026-03-22,6,3,0,1,90
3,5,2026-03-23,0,3,0,0,51
3,5,2026-03-24,1,3,0,0,53
3,5,2026-03-25,2,3,0,0,45
3,5,2026-03-26,3,3,0,0,45
3,5,2026-03-27,4,3,0,0,49
3,5,2026-03-28,5,3,0,0,56
3,5,2026-03-29,6,3,0,0,67
3,5,2026-03-30,0,3,0,0,48
3,5,2026-03-31,1,3,0,0,42
3,5,2026-04-01,2,4,0,0,44
3,5,2026-04-02,3,4,0,0,54
3,5,2026-04-03,4,4,0,0,48
3,5,2026-04-04,5,4,0,0,56
3,5,2026-04-05,6,4,0,0,64
3,5,2026-04-06,0,4,0,0,43
3,5,2026-04-07,1,4,0,0,36
3,5,2026-04-08,2,4,0,0,44
3,5,2026-04-09,3,4,0,1,70
3,5,2026-04-10,4,4,0,0,47
3,5,2026-04-11,5,4,0,0,47
3,5,2026-04-12,6,4,0,0,64
3,5,2026-04-13,0,4,0,0,49
3,5,2026-04-14,1,4,0,0,51
3,5,2026-04-15,2,4,0,0,51
3,5,2026-04-16,3,4,0,1,58
3,5,2026-04-17,4,4,0,0,50
3,5,2026-04-18,5,4,0,0,63
3,5,2026-04-19,6,4,0,0,65
3,5,2026-04-20,0,4,0,0,52
3,5,2026-04-21,1,4,0,0,51
3,5,2026-04-22,2,4,0,0,39
3,5,2026-04-23,3,4,0,0,48
3,5,2026-04-24,4,4,0,0,43
3,5,2026-04-25,5,4,0,0,66
3,5,2026-04-26,6,4,0,1,87
3,5,2026-04-27,0,4,0,0,43
3,5,2026-04-28,1,4,0,0,48
3,5,2026-04-29,2,4,0,0,50
3,5,2026-04-30,3,4,0,0,53
3,5,2026-05-01,4,5,0,0,38
3,5,2026-05-02,5,5,0,0,42
3,5,2026-05-03,6,5,0,0,56
3,5,2026-05-04,0,5,0,1,47
3,5,2026-05-05,1,5,0,0,47
3,5,2026-05-06,2,5,0,0,50
3,5,2026-05-07,3,5,0,0,53
3,5,2026-05-08,4,5,0,0,43
3,5,2026-05-09,5,5,0,0,57
3,5,2026-05-10,6,5,0,0,60
3,5,2026-05-11,0,5,0,1,57
3,5,2026-05-12,1,5,0,0,51
3,5,2026-05-13,2,5,0,0,48
3,5,2026-05-14,3,5,0,0,43
3,5,2026-05-15,4,5,0,0,47
3,5,2026-05-16,5,5,0,0,55
3,5,2026-05-17,6,5,0,0,61
3,5,2026-05-18,0,5,0,0,45
3,5,2026-05-19,1,5,0,0,48
3,5,2026-05-20,2,5,0,0,43
3,5,2026-05-21,3,5,0,0,42
3,5,2026-05-22,4,5,0,0,47
3,5,2026-05-23,5,5,0,0,50
3,5,2026-05-24,6,5,0,0,61
3,5,2026-05-25,0,5,0,0,50
3,5,2026-05-26,1,5,0,0,43
3,5,2026-05-27,2,5,0,0,48
3,5,2026-05-28,3,5,0,0,43
3,5,2026-05-29,4,5,0,0,38
3,5,2026-05-30,5,5,0,0,52
3,5,2026-05-31,6,5,0,0,55
3,5,2026-06-01,0,6,0,0,47
3,5,2026-06-02,1,6,0,0,45
3,5,2026-06-03,2,6,0,0,48
3,5,2026-06-04,3,6,0,0,39
3,5,2026-06-05,4,6,0,0,42
3,5,2026-06-06,5,6,0,0,63
3,5,2026-06-07,6,6,0,0,42
3,5,2026-06-08,0,6,0,0,42
3,5,2026-06-09,1,6,0,0,39
3,5,2026-06-10,2,6,0,0,43
3,5,2026-06-11,3,6,0,0,42
3,5,2026-06-12,4,6,0,0,47
3,5,2026-06-13,5,6,0,0,55
3,5,2026-06-14,6,6,0,0,45
3,5,2026-06-15,0,6,0,1,59
3,5,2026-06-16,1,6,0,0,44
3,5,2026-06-17,2,6,0,0,48
3,5,2026-06-18,3,6,0,0,56
3,5,2026-06-19,4,6,0,0,47
3,5,2026-06-20,5,6,0,0,47
3,5,2026-06-21,6,6,0,1,72
3,5,2026-06-22,0,6,0,0,45
3,5,2026-06-23,1,6,0,0,41
3,5,2026-06-24,2,6,0,0,46
3,5,2026-06-25,3,6,0,0,33
3,5,2026-06-26,4,6,0,0,47
3,5,2026-06-27,5,6,0,0,50
3,5,2026-06-28,6,6,0,0,52
3,5,2026-06-29,0,6,0,0,51
3,5,2026-06-30,1,6,0,0,38
3,5,2026-07-01,2,7,0,0,43
3,5,2026-07-02,3,7,0,0,45
3,5,2026-07-03,4,7,0,0,42
3,5,2026-07-04,5,7,0,0,41
3,5,2026-07-05,6,7,0,0,58
3,5,2026-07-06,0,7,0,0,40
3,5,2026-07-07,1,7,0,0,39
3,5,2026-07-08,2,7,0,0,40
3,5,2026-07-09,3,7,0,0,40
3,5,2026-07-10,4,7,0,0,36
3,5,2026-07-11,5,7,0,0,51
3,5,2026-07-12,6,7,0,1,65
3,5,2026-07-13,0,7,0,0,44
3,5,2026-07-14,1,7,0,0,44
3,5,2026-07-15,2,7,0,0,49
3,5,2026-07-16,3,7,0,0,40
3,5,2026-07-17,4,7,0,0,38
3,5,2026-07-18,5,7,0,0,42
3,5,2026-07-19,6,7,0,0,63
3,5,2026-07-20,0,7,0,0,44
3,5,2026-07-21,1,7,0,0,38
3,5,2026-07-22,2,7,0,0,49
3,5,2026-07-23,3,7,0,0,48
3,5,2026-07-24,4,7,0,0,35
3,5,2026-07-25,5,7,0,0,46
3,5,2026-07-26,6,7,0,0,50
3,5,2026-07-27,0,7,0,0,36
3,5,2026-07-28,1,7,0,0,41
3,5,2026-07-29,2,7,0,0,45
3,5,2026-07-30,3,7,0,0,35
3,5,2026-07-31,4,7,0,0,43
3,5,2026-08-01,5,8,0,0,55
3,5,2026-08-02,6,8,0,0,51
3,5,2026-08-03,0,8,0,0,39
3,5,2026-08-04,1,8,0,0,37
3,5,2026-08-05,2,8,0,0,43
3,5,2026-08-06,3,8,0,0,34
3,5,2026-08-07,4,8,0,0,41
3,5,2026-08-08,5,8,0,0,49
3,5,2026-08-09,6,8,0,1,77
3,5,2026-08-10,0,8,0,1,55
3,5,2026-08-11,1,8,0,0,37
3,5,2026-08-12,2,8,0,0,34
3,5,2026-08-13,3,8,0,0,41
3,5,2026-08-14,4,8,0,0,38
3,5,2026-08-15,5,8,0,0,44
3,5,2026-08-16,6,8,0,0,44
3,5,2026-08-17,0,8,0,0,42
3,5,2026-08-18,1,8,0,0,35
3,5,2026-08-19,2,8,0,0,35
3,5,2026-08-20,3,8,0,0,43
3,5,2026-08-21,4,8,0,0,39
3,5,2026-08-22,5,8,0,0,54
3,5,2026-08-23,6,8,0,0,47
3,5,2026-08-24,0,8,0,1,59
3,5,2026-08-25,1,8,0,0,40
3,5,2026-08-26,2,8,0,0,46
3,5,2026-08-27,3,8,0,0,45
3,5,2026-08-28,4,8,0,0,45
3,5,2026-08-29,5,8,0,0,45
3,5,2026-08-30,6,8,0,0,43
3,5,2026-08-31,0,8,0,0,43
4,0,2024-09-01,6,9,0,0,67
4,0,2024-09-02,0,9,0,0,93
4,0,2024-09-03,1,9,0,1,108
4,0,2024-09-04,2,9,0,0,45
4,0,2024-09-05,3,9,0,1,99
4,0,2024-09-06,4,9,0,0,64
4,0,2024-09-07,5,9,0,0,88
4,0,2024-09-08,6,9,0,0,92
4,0,2024-09-09,0,9,0,0,66
4,0,2024-09-10,1,9,0,0,65
4,0,2024-09-11,2,9,0,0,61
4,0,2024-09-12,3,9,0,0,81
4,0,2024-09-13,4,9,0,0,84
4,0,2024-09-14,5,9,0,0,93
4,0,2024-09-15,6,9,0,0,96
4,0,2024-09-16,0,9,0,0,62
4,0,2024-09-17,1,9,0,0,73
4,0,2024-09-18,2,9,0,0,75
4,0,2024-09-19,3,9,0,0,71
4,0,2024-09-20,4,9,0,0,77
4,0,2024-09-21,5,9,0,0,101
4,0,2024-09-22,6,9,0,0,83
4,0,2024-09-23,0,9,0,0,84
4,0,2024-09-24,1,9,0,0,71
4,0,2024-09-25,2,9,0,0,89
4,0,2024-09-26,3,9,0,0,77
4,0,2024-09-27,4,9,0,0,92
4,0,2024-09-28,5,9,0,0,112
4,0,2024-09-29,6,9,0,0,100
4,0,2024-09-30,0,9,0,0,66
4,0,2024-10-01,1,10,0,1,101
4,0,2024-10-02,2,10,0,0,79
4,0,2024-10-03,3,10,0,0,76
4,0,2024-10-04,4,10,0,0,68
4,0,2024-10-05,5,10,0,0,109
4,0,2024-10-06,6,10,0,0,99
4,0,2024-10-07,0,10,0,0,83
4,0,2024-10-08,1,10,0,0,64
4,0,2024-10-09,2,10,0,0,84
4,0,2024-10-10,3,10,0,0,79
4,0,2024-10-11,4,10,0,0,86
4,0,2024-10-12,5,10,0,0,111
4,0,2024-10-13,6,10,0,0,97
4,0,2024-10-14,0,10,0,0,73
4,0,2024-10-15,1,10,0,0,92
4,0,2024-10-16,2,10,0,0,71
4,0,2024-10-17,3,10,0,0,82
4,0,2024-10-18,4,10,0,0,70
4,0,2024-10-19,5,10,0,0,74
4,0,2024-10-20,6,10,0,0,82
4,0,2024-10-21,0,10,0,0,78
4,0,2024-10-22,1,10,0,1,122
4,0,2024-10-23,2,10,0,0,78
4,0,2024-10-24,3,10,0,0,86
4,0,2024-10-25,4,10,0,0,78
4,0,2024-10-26,5,10,0,0,88
4,0,2024-10-27,6,10,0,0,106
4,0,2024-10-28,0,10,0,0,76
4,0,2024-10-29,1,10,0,0,69
4,0,2024-10-30,2,10,0,0,79
4,0,2024-10-31,3,10,0,0,75
4,0,2024-11-01,4,11,0,0,72
4,0,2024-11-02,5,11,0,0,99
4,0,2024-11-03,6,11,0,0,121
4,0,2024-11-04,0,11,0,0,93
4,0,2024-11-05,1,11,0,0,80
4,0,2024-11-06,2,11,0,0,79
4,0,2024-11-07,3,11,0,0,63
4,0,2024-11-08,4,11,0,0,96
4,0,2024-11-09,5,11,0,0,116
4,0,2024-11-10,6,11,0,0,112
4,0,2024-11-11,0,11,0,0,54
4,0,2024-11-12,1,11,0,0,78
4,0,2024-11-13,2,11,0,0,77
4,0,2024-11-14,3,11,0,0,85
4,0,2024-11-15,4,11,0,0,73
4,0,2024-11-16,5,11,0,0,99
4,0,2024-11-17,6,11,0,0,111
4,0,2024-11-18,0,11,0,0,70
4,0,2024-11-19,1,11,0,0,72
4,0,2024-11-20,2,11,0,0,80
4,0,2024-11-21,3,11,0,0,92
4,0,2024-11-22,4,11,1,0,142
4,0,2024-11-23,5,11,1,0,174
4,0,2024-11-24,6,11,1,0,153
4,0,2024-11-25,0,11,1,0,153
4,0,2024-11-26,1,11,1,0,98
4,0,2024-11-27,2,11,1,0,162
4,0,2024-11-28,3,11,1,0,165
4,0,2024-11-29,4,11,0,0,83
4,0,2024-11-30,5,11,0,0,114
4,0,2024-12-01,6,12,0,0,106
4,0,2024-12-02,0,12,0,0,81
4,0,2024-12-03,1,12,0,0,76
4,0,2024-12-04,2,12,0,0,83
4,0,2024-12-05,3,12,0,0,89
4,0,2024-12-06,4,12,0,0,88
4,0,2024-12-07,5,12,0,0,136
4,0,2024-12-08,6,12,0,0,109
4,0,2024-12-09,0,12,0,0,66
4,0,2024-12-10,1,12,0,0,102
4,0,2024-12-11,2,12,0,0,69
4,0,2024-12-12,3,12,0,0,77
4,0,2024-12-13,4,12,0,0,86
4,0,2024-12-14,5,12,0,0,113
4,0,2024-12-15,6,12,0,0,86
4,0,2024-12-16,0,12,0,0,75
4,0,2024-12-17,1,12,0,0,67
4,0,2024-12-18,2,12,0,0,90
4,0,2024-12-19,3,12,0,0,97
4,0,2024-12-20,4,12,0,1,101
4,0,2024-12-21,5,12,0,0,122
4,0,2024-12-22,6,12,0,0,121
4,0,2024-12-23,0,12,0,0,76
4,0,2024-12-24,1,12,1,0,97
4,0,2024-12-25,2,12,1,0,114
4,0,2024-12-26,3,12,0,0,77
4,0,2024-12-27,4,12,0,0,101
4,0,2024-12-28,5,12,0,0,105
4,0,2024-12-29,6,12,0,0,93
4,0,2024-12-30,0,12,0,0,85
4,0,2024-12-31,1,12,1,0,110
4,0,2025-01-01,2,1,0,0,94
4,0,2025-01-02,3,1,0,0,77
4,0,2025-01-03,4,1,0,0,78
4,0,2025-01-04,5,1,0,0,118
4,0,2025-01-05,6,1,0,0,139
4,0,2025-01-06,0,1,0,0,114
4,0,2025-01-07,1,1,0,0,76
4,0,2025-01-08,2,1,0,0,81
4,0,2025-01-09,3,1,0,0,94
4,0,2025-01-10,4,1,0,0,102
4,0,2025-01-11,5,1,0,0,79
4,0,2025-01-12,6,1,0,0,114
4,0,2025-01-13,0,1,0,0,83
4,0,2025-01-14,1,1,0,0,65
4,0,2025-01-15,2,1,0,1,103
4,0,2025-01-16,3,1,0,0,82
4,0,2025-01-17,4,1,0,0,89
4,0,2025-01-18,5,1,0,0,128
4,0,2025-01-19,6,1,0,0,118
4,0,2025-01-20,0,1,0,0,100
4,0,2025-01-21,1,1,0,0,89
4,0,2025-01-22,2,1,0,0,80
4,0,2025-01-23,3,1,0,0,86
4,0,2025-01-24,4,1,0,0,97
4,0,2025-01-25,5,1,0,0,128
4,0,2025-01-26,6,1,0,0,110
4,0,2025-01-27,0,1,0,0,77
4,0,2025-01-28,1,1,0,0,92
4,0,2025-01-29,2,1,0,0,94
4,0,2025-01-30,3,1,0,0,103
4,0,2025-01-31,4,1,0,1,114
4,0,2025-02-01,5,2,0,0,106
4,0,2025-02-02,6,2,0,0,128
4,0,2025-02-03,0,2,0,0,87
4,0,2025-02-04,1,2,0,0,87
4,0,2025-02-05,2,2,0,0,108
4,0,2025-02-06,3,2,0,0,75
4,0,2025-02-07,4,2,0,0,118
4,0,2025-02-08,5,2,0,0,106
4,0,2025-02-09,6,2,0,0,130
4,0,2025-02-10,0,2,0,0,91
4,0,2025-02-11,1,2,0,0,96
4,0,2025-02-12,2,2,0,0,89
4,0,2025-02-13,3,2,0,1,144
4,0,2025-02-14,4,2,0,0,88
4,0,2025-02-15,5,2,0,0,107
4,0,2025-02-16,6,2,0,0,145
4,0,2025-02-17,0,2,0,0,93
4,0,2025-02-18,1,2,0,0,84
4,0,2025-02-19,2,2,0,0,74
4,0,2025-02-20,3,2,0,0,115
4,0,2025-02-21,4,2,0,0,85
4,0,2025-02-22,5,2,0,0,148
4,0,2025-02-23,6,2,0,0,122
4,0,2025-02-24,0,2,0,0,94
4,0,2025-02-25,1,2,0,0,94
4,0,2025-02-26,2,2,0,0,120
4,0,2025-02-27,3,2,0,0,65
4,0,2025-02-28,4,2,0,0,95
4,0,2025-03-01,5,3,0,0,113
4,0,2025-03-02,6,3,0,0,114
4,0,2025-03-03,0,3,0,0,96
4,0,2025-03-04,1,3,0,0,90
4,0,2025-03-05,2,3,0,0,96
4,0,2025-03-06,3,3,0,0,93
4,0,2025-03-07,4,3,0,0,77
4,0,2025-03-08,5,3,0,0,124
4,0,2025-03-09,6,3,0,0,129
4,0,2025-03-10,0,3,0,0,87
4,0,2025-03-11,1,3,0,0,117
4,0,2025-03-12,2,3,0,0,111
4,0,2025-03-13,3,3,0,0,104
4,0,2025-03-14,4,3,0,0,104
4,0,2025-03-15,5,3,0,0,118
4,0,2025-03-16,6,3,0,0,136
4,0,2025-03-17,0,3,0,0,114
4,0,2025-03-18,1,3,0,0,104
4,0,2025-03-19,2,3,0,0,87
4,0,2025-03-20,3,3,0,0,93
4,0,2025-03-21,4,3,0,0,101
4,0,2025-03-22,5,3,0,1,172
4,0,2025-03-23,6,3,0,0,116
4,0,2025-03-24,0,3,0,0,87
4,0,2025-03-25,1,3,0,0,114
4,0,2025-03-26,2,3,0,0,80
4,0,2025-03-27,3,3,0,0,82
4,0,2025-03-28,4,3,0,0,77
4,0,2025-03-29,5,3,0,0,103
4,0,2025-03-30,6,3,0,0,138
4,0,2025-03-31,0,3,0,0,110
4,0,2025-04-01,1,4,0,1,128
4,0,2025-04-02,2,4,0,0,99
4,0,2025-04-03,3,4,0,0,92
4,0,2025-04-04,4,4,0,0,78
4,0,2025-04-05,5,4,0,0,151
4,0,2025-04-06,6,4,0,0,138
4,0,2025-04-07,0,4,0,0,97
4,0,2025-04-08,1,4,0,0,82
4,0,2025-04-09,2,4,0,0,90
4,0,2025-04-10,3,4,0,0,84
4,0,2025-04-11,4,4,0,0,94
4,0,2025-04-12,5,4,0,0,121
4,0,2025-04-13,6,4,0,0,111
4,0,2025-04-14,0,4,0,0,74
4,0,2025-04-15,1,4,0,0,119
4,0,2025-04-16,2,4,0,0,96
4,0,2025-04-17,3,4,0,0,98
4,0,2025-04-18,4,4,0,0,87
4,0,2025-04-19,5,4,0,0,92
4,0,2025-04-20,6,4,0,1,152
4,0,2025-04-21,0,4,0,0,89
4,0,2025-04-22,1,4,0,0,102
4,0,2025-04-23,2,4,0,0,104
4,0,2025-04-24,3,4,0,0,102
4,0,2025-04-25,4,4,0,0,105
4,0,2025-04-26,5,4,0,0,145
4,0,2025-04-27,6,4,0,0,123
4,0,2025-04-28,0,4,0,0,106
4,0,2025-04-29,1,4,0,0,99
4,0,2025-04-30,2,4,0,0,69
4,0,2025-05-01,3,5,0,0,87
4,0,2025-05-02,4,5,0,0,79
4,0,2025-05-03,5,5,0,0,117
4,0,2025-05-04,6,5,0,0,101
4,0,2025-05-05,0,5,0,0,96
4,0,2025-05-06,1,5,0,0,101
4,0,2025-05-07,2,5,0,0,104
4,0,2025-05-08,3,5,0,0,109
4,0,2025-05-09,4,5,0,0,69
4,0,2025-05-10,5,5,0,0,95
4,0,2025-05-11,6,5,0,1,210
4,0,2025-05-12,0,5,0,0,101
4,0,2025-05-13,1,5,0,0,92
4,0,2025-05-14,2,5,0,0,90
4,0,2025-05-15,3,5,0,0,88
4,0,2025-05-16,4,5,0,0,66
4,0,2025-05-17,5,5,0,0,101
4,0,2025-05-18,6,5,0,0,111
4,0,2025-05-19,0,5,0,0,81
4,0,2025-05-20,1,5,0,0,82
4,0,2025-05-21,2,5,0,0,120
4,0,2025-05-22,3,5,0,0,86
4,0,2025-05-23,4,5,0,0,93
4,0,2025-05-24,5,5,0,0,117
4,0,2025-05-25,6,5,0,1,162
4,0,2025-05-26,0,5,0,0,84
4,0,2025-05-27,1,5,0,0,104
4,0,2025-05-28,2,5,0,1,134
4,0,2025-05-29,3,5,0,0,74
4,0,2025-05-30,4,5,0,0,88
4,0,2025-05-31,5,5,0,0,111
4,0,2025-06-01,6,6,0,0,105
4,0,2025-06-02,0,6,0,0,90
4,0,2025-06-03,1,6,0,0,92
4,0,2025-06-04,2,6,0,0,90
4,0,2025-06-05,3,6,0,0,88
4,0,2025-06-06,4,6,0,0,85
4,0,2025-06-07,5,6,0,0,77
4,0,2025-06-08,6,6,0,0,120
4,0,2025-06-09,0,6,0,0,90
4,0,2025-06-10,1,6,0,0,73
4,0,2025-06-11,2,6,0,0,88
4,0,2025-06-12,3,6,0,0,92
4,0,2025-06-13,4,6,0,0,98
4,0,2025-06-14,5,6,0,1,155
4,0,2025-06-15,6,6,0,0,113
4,0,2025-06-16,0,6,0,0,95
4,0,2025-06-17,1,6,0,0,81
4,0,2025-06-18,2,6,0,0,89
4,0,2025-06-19,3,6,0,0,77
4,0,2025-06-20,4,6,0,0,97
4,0,2025-06-21,5,6,0,0,85
4,0,2025-06-22,6,6,0,0,120
4,0,2025-06-23,0,6,0,0,85
4,0,2025-06-24,1,6,0,0,95
4,0,2025-06-25,2,6,0,0,76
4,0,2025-06-26,3,6,0,0,86
4,0,2025-06-27,4,6,0,0,85
4,0,2025-06-28,5,6,0,0,115
4,0,2025-06-29,6,6,0,0,93
4,0,2025-06-30,0,6,0,0,92
4,0,2025-07-01,1,7,0,0,60
4,0,2025-07-02,2,7,0,0,72
4,0,2025-07-03,3,7,0,0,63
4,0,2025-07-04,4,7,0,0,89
4,0,2025-07-05,5,7,0,0,109
4,0,2025-07-06,6,7,0,0,110
4,0,2025-07-07,0,7,0,1,140
4,0,2025-07-08,1,7,0,0,76
4,0,2025-07-09,2,7,0,0,86
4,0,2025-07-10,3,7,0,0,80
4,0,2025-07-11,4,7,0,0,79
4,0,2025-07-12,5,7,0,0,122
4,0,2025-07-13,6,7,0,0,133
4,0,2025-07-14,0,7,0,0,75
4,0,2025-07-15,1,7,0,1,130
4,0,2025-07-16,2,7,0,0,83
4,0,2025-07-17,3,7,0,0,83
4,0,2025-07-18,4,7,0,0,82
4,0,2025-07-19,5,7,0,0,99
4,0,2025-07-20,6,7,0,0,54
4,0,2025-07-21,0,7,0,0,96
4,0,2025-07-22,1,7,0,0,72
4,0,2025-07-23,2,7,0,0,77
4,0,2025-07-24,3,7,0,0,77
4,0,2025-07-25,4,7,0,0,71
4,0,2025-07-26,5,7,0,0,107
4,0,2025-07-27,6,7,0,0,103
4,0,2025-07-28,0,7,0,0,72
4,0,2025-07-29,1,7,0,0,81
4,0,2025-07-30,2,7,0,0,79
4,0,2025-07-31,3,7,0,0,90
4,0,2025-08-01,4,8,0,0,62
4,0,2025-08-02,5,8,0,0,89
4,0,2025-08-03,6,8,0,1,151
4,0,2025-08-04,0,8,0,0,70
4,0,2025-08-05,1,8,0,0,67
4,0,2025-08-06,2,8,0,0,70
4,0,2025-08-07,3,8,0,0,75
4,0,2025-08-08,4,8,0,0,75
4,0,2025-08-09,5,8,0,0,97
4,0,2025-08-10,6,8,0,1,118
4,0,2025-08-11,0,8,0,0,84
4,0,2025-08-12,1,8,0,0,90
4,0,2025-08-13,2,8,0,0,57
4,0,2025-08-14,3,8,0,0,60
4,0,2025-08-15,4,8,0,0,87
4,0,2025-08-16,5,8,0,0,121
4,0,2025-08-17,6,8,0,1,98
4,0,2025-08-18,0,8,0,0,85
4,0,2025-08-19,1,8,0,0,93
4,0,2025-08-20,2,8,0,0,67
4,0,2025-08-21,3,8,0,1,138
4,0,2025-08-22,4,8,0,0,74
4,0,2025-08-23,5,8,0,0,104
4,0,2025-08-24,6,8,0,0,91
4,0,2025-08-25,0,8,0,0,87
4,0,2025-08-26,1,8,0,0,85
4,0,2025-08-27,2,8,0,0,94
4,0,2025-08-28,3,8,0,0,91
4,0,2025-08-29,4,8,0,0,76
4,0,2025-08-30,5,8,0,0,142
4,0,2025-08-31,6,8,0,0,119
4,0,2025-09-01,0,9,0,0,81
4,0,2025-09-02,1,9,0,0,65
4,0,2025-09-03,2,9,0,0,60
4,0,2025-09-04,3,9,0,0,60
4,0,2025-09-05,4,9,0,0,66
4,0,2025-09-06,5,9,0,0,117
4,0,2025-09-07,6,9,0,0,106
4,0,2025-09-08,0,9,0,0,69
4,0,2025-09-09,1,9,0,0,74
4,0,2025-09-10,2,9,0,0,73
4,0,2025-09-11,3,9,0,0,83
4,0,2025-09-12,4,9,0,0,66
4,0,2025-09-13,5,9,0,0,104
4,0,2025-09-14,6,9,0,0,103
4,0,2025-09-15,0,9,0,0,67
4,0,2025-09-16,1,9,0,0,91
4,0,2025-09-17,2,9,0,0,72
4,0,2025-09-18,3,9,0,0,65
4,0,2025-09-19,4,9,0,0,84
4,0,2025-09-20,5,9,0,0,100
4,0,2025-09-21,6,9,0,0,105
4,0,2025-09-22,0,9,0,0,63
4,0,2025-09-23,1,9,0,0,83
4,0,2025-09-24,2,9,0,0,97
4,0,2025-09-25,3,9,0,0,62
4,0,2025-09-26,4,9,0,0,79
4,0,2025-09-27,5,9,0,0,89
4,0,2025-09-28,6,9,0,0,135
4,0,2025-09-29,0,9,0,0,88
4,0,2025-09-30,1,9,0,0,78
4,0,2025-10-01,2,10,0,0,64
4,0,2025-10-02,3,10,0,1,99
4,0,2025-10-03,4,10,0,0,84
4,0,2025-10-04,5,10,0,0,82
4,0,2025-10-05,6,10,0,0,82
4,0,2025-10-06,0,10,0,0,77
4,0,2025-10-07,1,10,0,0,78
4,0,2025-10-08,2,10,0,0,81
4,0,2025-10-09,3,10,0,0,72
4,0,2025-10-10,4,10,0,0,86
4,0,2025-10-11,5,10,0,0,89
4,0,2025-10-12,6,10,0,0,109
4,0,2025-10-13,0,10,0,0,79
4,0,2025-10-14,1,10,0,0,83
4,0,2025-10-15,2,10,0,0,89
4,0,2025-10-16,3,10,0,0,72
4,0,2025-10-17,4,10,0,0,70
4,0,2025-10-18,5,10,0,0,78
4,0,2025-10-19,6,10,0,0,73
4,0,2025-10-20,0,10,0,0,75
4,0,2025-10-21,1,10,0,1,112
4,0,2025-10-22,2,10,0,0,65
4,0,2025-10-23,3,10,0,0,68
4,0,2025-10-24,4,10,0,0,93
4,0,2025-10-25,5,10,0,0,113
4,0,2025-10-26,6,10,0,0,84
4,0,2025-10-27,0,10,0,0,72
4,0,2025-10-28,1,10,0,0,81
4,0,2025-10-29,2,10,0,0,70
4,0,2025-10-30,3,10,0,0,68
4,0,2025-10-31,4,10,0,0,73
4,0,2025-11-01,5,11,0,0,120
4,0,2025-11-02,6,11,0,0,121
4,0,2025-11-03,0,11,0,0,72
4,0,2025-11-04,1,11,0,1,125
4,0,2025-11-05,2,11,0,0,80
4,0,2025-11-06,3,11,0,0,70
4,0,2025-11-07,4,11,0,0,77
4,0,2025-11-08,5,11,0,0,87
4,0,2025-11-09,6,11,0,0,121
4,0,2025-11-10,0,11,0,1,142
4,0,2025-11-11,1,11,0,0,76
4,0,2025-11-12,2,11,0,0,73
4,0,2025-11-13,3,11,0,0,92
4,0,2025-11-14,4,11,0,0,94
4,0,2025-11-15,5,11,0,0,89
4,0,2025-11-16,6,11,0,0,102
4,0,2025-11-17,0,11,0,0,80
4,0,2025-11-18,1,11,0,0,72
4,0,2025-11-19,2,11,0,0,85
4,0,2025-11-20,3,11,0,0,73
4,0,2025-11-21,4,11,0,0,75
4,0,2025-11-22,5,11,1,0,152
4,0,2025-11-23,6,11,1,0,123
4,0,2025-11-24,0,11,1,0,94
4,0,2025-11-25,1,11,1,0,146
4,0,2025-11-26,2,11,1,0,117
4,0,2025-11-27,3,11,1,0,168
4,0,2025-11-28,4,11,1,0,165
4,0,2025-11-29,5,11,0,0,97
4,0,2025-11-30,6,11,0,0,138
4,0,2025-12-01,0,12,0,0,96
4,0,2025-12-02,1,12,0,0,78
4,0,2025-12-03,2,12,0,0,56
4,0,2025-12-04,3,12,0,0,94
4,0,2025-12-05,4,12,0,0,86
4,0,2025-12-06,5,12,0,0,116
4,0,2025-12-07,6,12,0,0,106
4,0,2025-12-08,0,12,0,0,72
4,0,2025-12-09,1,12,0,0,81
4,0,2025-12-10,2,12,0,0,94
4,0,2025-12-11,3,12,0,0,82
4,0,2025-12-12,4,12,0,0,81
4,0,2025-12-13,5,12,0,0,87
4,0,2025-12-14,6,12,0,0,111
4,0,2025-12-15,0,12,0,0,73
4,0,2025-12-16,1,12,0,0,96
4,0,2025-12-17,2,12,0,0,77
4,0,2025-12-18,3,12,0,0,82
4,0,2025-12-19,4,12,0,0,111
4,0,2025-12-20,5,12,0,0,105
4,0,2025-12-21,6,12,0,0,103
4,0,2025-12-22,0,12,0,0,92
4,0,2025-12-23,1,12,0,0,65
4,0,2025-12-24,2,12,1,0,158
4,0,2025-12-25,3,12,1,0,153
4,0,2025-12-26,4,12,0,0,92
4,0,2025-12-27,5,12,0,0,60
4,0,2025-12-28,6,12,0,0,106
4,0,2025-12-29,0,12,0,0,71
4,0,2025-12-30,1,12,0,0,99
4,0,2025-12-31,2,12,1,0,154
4,0,2026-01-01,3,1,0,0,95
4,0,2026-01-02,4,1,0,0,76
4,0,2026-01-03,5,1,0,0,138
4,0,2026-01-04,6,1,0,0,111
4,0,2026-01-05,0,1,0,0,113
4,0,2026-01-06,1,1,0,0,94
4,0,2026-01-07,2,1,0,1,137
4,0,2026-01-08,3,1,0,0,85
4,0,2026-01-09,4,1,0,0,108
4,0,2026-01-10,5,1,0,0,124
4,0,2026-01-11,6,1,0,0,137
4,0,2026-01-12,0,1,0,0,93
4,0,2026-01-13,1,1,0,0,90
4,0,2026-01-14,2,1,0,0,98
4,0,2026-01-15,3,1,0,0,108
4,0,2026-01-16,4,1,0,0,103
4,0,2026-01-17,5,1,0,0,117
4,0,2026-01-18,6,1,0,0,86
4,0,2026-01-19,0,1,0,0,101
4,0,2026-01-20,1,1,0,0,73
4,0,2026-01-21,2,1,0,0,91
4,0,2026-01-22,3,1,0,0,89
4,0,2026-01-23,4,1,0,0,73
4,0,2026-01-24,5,1,0,0,121
4,0,2026-01-25,6,1,0,0,148
4,0,2026-01-26,0,1,0,0,87
4,0,2026-01-27,1,1,0,0,100
4,0,2026-01-28,2,1,0,0,120
4,0,2026-01-29,3,1,0,0,101
4,0,2026-01-30,4,1,0,0,83
4,0,2026-01-31,5,1,0,0,119
4,0,2026-02-01,6,2,0,0,126
4,0,2026-02-02,0,2,0,1,157
4,0,2026-02-03,1,2,0,0,110
4,0,2026-02-04,2,2,0,0,59
4,0,2026-02-05,3,2,0,0,84
4,0,2026-02-06,4,2,0,0,94
4,0,2026-02-07,5,2,0,0,102
4,0,2026-02-08,6,2,0,1,78
4,0,2026-02-09,0,2,0,0,85
4,0,2026-02-10,1,2,0,0,95
4,0,2026-02-11,2,2,0,0,88
4,0,2026-02-12,3,2,0,0,82
4,0,2026-02-13,4,2,0,0,95
4,0,2026-02-14,5,2,0,0,124
4,0,2026-02-15,6,2,0,0,111
4,0,2026-02-16,0,2,0,0,112
4,0,2026-02-17,1,2,0,0,95
4,0,2026-02-18,2,2,0,0,84
4,0,2026-02-19,3,2,0,1,112
4,0,2026-02-20,4,2,0,0,92
4,0,2026-02-21,5,2,0,0,136
4,0,2026-02-22,6,2,0,0,105
4,0,2026-02-23,0,2,0,0,102
4,0,2026-02-24,1,2,0,0,96
4,0,2026-02-25,2,2,0,1,167
4,0,2026-02-26,3,2,0,0,100
4,0,2026-02-27,4,2,0,0,86
4,0,2026-02-28,5,2,0,0,130
4,0,2026-03-01,6,3,0,0,132
4,0,2026-03-02,0,3,0,0,91
4,0,2026-03-03,1,3,0,0,81
4,0,2026-03-04,2,3,0,0,103
4,0,2026-03-05,3,3,0,0,97
4,0,2026-03-06,4,3,0,0,76
4,0,2026-03-07,5,3,0,0,124
4,0,2026-03-08,6,3,0,0,110
4,0,2026-03-09,0,3,0,0,76
4,0,2026-03-10,1,3,0,0,92
4,0,2026-03-11,2,3,0,0,113
4,0,2026-03-12,3,3,0,0,112
4,0,2026-03-13,4,3,0,0,108
4,0,2026-03-14,5,3,0,0,124
4,0,2026-03-15,6,3,0,0,130
4,0,2026-03-16,0,3,0,0,97
4,0,2026-03-17,1,3,0,0,82
4,0,2026-03-18,2,3,0,0,84
4,0,2026-03-19,3,3,0,0,88
4,0,2026-03-20,4,3,0,0,114
4,0,2026-03-21,5,3,0,0,138
4,0,2026-03-22,6,3,0,1,134
4,0,2026-03-23,0,3,0,0,97
4,0,2026-03-24,1,3,0,0,91
4,0,2026-03-25,2,3,0,0,94
4,0,2026-03-26,3,3,0,0,89
4,0,2026-03-27,4,3,0,0,114
4,0,2026-03-28,5,3,0,0,120
4,0,2026-03-29,6,3,0,1,162
4,0,2026-03-30,0,3,0,1,137
4,0,2026-03-31,1,3,0,0,83
4,0,2026-04-01,2,4,0,0,96
4,0,2026-04-02,3,4,0,0,109
4,0,2026-04-03,4,4,0,0,114
4,0,2026-04-04,5,4,0,0,100
4,0,2026-04-05,6,4,0,0,95
4,0,2026-04-06,0,4,0,1,133
4,0,2026-04-07,1,4,0,0,109
4,0,2026-04-08,2,4,0,0,100
4,0,2026-04-09,3,4,0,0,104
4,0,2026-04-10,4,4,0,0,78
4,0,2026-04-11,5,4,0,0,110
4,0,2026-04-12,6,4,0,0,84
4,0,2026-04-13,0,4,0,0,93
4,0,2026-04-14,1,4,0,0,67
4,0,2026-04-15,2,4,0,0,112
4,0,2026-04-16,3,4,0,0,115
4,0,2026-04-17,4,4,0,0,97
4,0,2026-04-18,5,4,0,0,95
4,0,2026-04-19,6,4,0,0,125
4,0,2026-04-20,0,4,0,1,165
4,0,2026-04-21,1,4,0,0,101
4,0,2026-04-22,2,4,0,0,110
4,0,2026-04-23,3,4,0,0,89
4,0,2026-04-24,4,4,0,0,84
4,0,2026-04-25,5,4,0,0,118
4,0,2026-04-26,6,4,0,0,88
4,0,2026-04-27,0,4,0,0,124
4,0,2026-04-28,1,4,0,0,97
4,0,2026-04-29,2,4,0,0,106
4,0,2026-04-30,3,4,0,0,89
4,0,2026-05-01,4,5,0,1,102
4,0,2026-05-02,5,5,0,0,138
4,0,2026-05-03,6,5,0,0,98
4,0,2026-05-04,0,5,0,0,96
4,0,2026-05-05,1,5,0,0,97
4,0,2026-05-06,2,5,0,0,92
4,0,2026-05-07,3,5,0,1,115
4,0,2026-05-08,4,5,0,0,90
4,0,2026-05-09,5,5,0,0,101
4,0,2026-05-10,6,5,0,0,128
4,0,2026-05-11,0,5,0,0,99
4,0,2026-05-12,1,5,0,0,91
4,0,2026-05-13,2,5,0,0,85
4,0,2026-05-14,3,5,0,0,118
4,0,2026-05-15,4,5,0,0,76
4,0,2026-05-16,5,5,0,0,91
4,0,2026-05-17,6,5,0,0,114
4,0,2026-05-18,0,5,0,0,88
4,0,2026-05-19,1,5,0,0,105
4,0,2026-05-20,2,5,0,0,100
4,0,2026-05-21,3,5,0,0,92
4,0,2026-05-22,4,5,0,0,98
4,0,2026-05-23,5,5,0,0,123
4,0,2026-05-24,6,5,0,0,148
4,0,2026-05-25,0,5,0,0,95
4,0,2026-05-26,1,5,0,0,83
4,0,2026-05-27,2,5,0,0,94
4,0,2026-05-28,3,5,0,0,59
4,0,2026-05-29,4,5,0,0,91
4,0,2026-05-30,5,5,0,0,133
4,0,2026-05-31,6,5,0,0,125
4,0,2026-06-01,0,6,0,0,90
4,0,2026-06-02,1,6,0,0,94
4,0,2026-06-03,2,6,0,0,100
4,0,2026-06-04,3,6,0,0,104
4,0,2026-06-05,4,6,0,0,92
4,0,2026-06-06,5,6,0,0,106
4,0,2026-06-07,6,6,0,0,76
4,0,2026-06-08,0,6,0,0,98
4,0,2026-06-09,1,6,0,0,93
4,0,2026-06-10,2,6,0,0,89
4,0,2026-06-11,3,6,0,0,79
4,0,2026-06-12,4,6,0,0,98
4,0,2026-06-13,5,6,0,0,107
4,0,2026-06-14,6,6,0,0,110
4,0,2026-06-15,0,6,0,1,123
4,0,2026-06-16,1,6,0,0,92
4,0,2026-06-17,2,6,0,0,73
4,0,2026-06-18,3,6,0,0,94
4,0,2026-06-19,4,6,0,0,78
4,0,2026-06-20,5,6,0,1,134
4,0,2026-06-21,6,6,0,0,124
4,0,2026-06-22,0,6,0,0,75
4,0,2026-06-23,1,6,0,0,97
4,0,2026-06-24,2,6,0,0,88
4,0,2026-06-25,3,6,0,0,68
4,0,2026-06-26,4,6,0,0,103
4,0,2026-06-27,5,6,0,0,116
4,0,2026-06-28,6,6,0,0,117
4,0,2026-06-29,0,6,0,0,99
4,0,2026-06-30,1,6,0,0,105
4,0,2026-07-01,2,7,0,0,84
4,0,2026-07-02,3,7,0,0,89
4,0,2026-07-03,4,7,0,0,86
4,0,2026-07-04,5,7,0,0,101
4,0,2026-07-05,6,7,0,0,83
4,0,2026-07-06,0,7,0,0,84
4,0,2026-07-07,1,7,0,0,97
4,0,2026-07-08,2,7,0,0,89
4,0,2026-07-09,3,7,0,1,102
4,0,2026-07-10,4,7,0,0,94
4,0,2026-07-11,5,7,0,0,102
4,0,2026-07-12,6,7,0,0,76
4,0,2026-07-13,0,7,0,0,93
4,0,2026-07-14,1,7,0,0,72
4,0,2026-07-15,2,7,0,0,102
4,0,2026-07-16,3,7,0,0,95
4,0,2026-07-17,4,7,0,0,80
4,0,2026-07-18,5,7,0,0,113
4,0,2026-07-19,6,7,0,0,141
4,0,2026-07-20,0,7,0,0,93
4,0,2026-07-21,1,7,0,0,85
4,0,2026-07-22,2,7,0,0,114
4,0,2026-07-23,3,7,0,0,83
4,0,2026-07-24,4,7,0,0,89
4,0,2026-07-25,5,7,0,0,93
4,0,2026-07-26,6,7,0,0,82
4,0,2026-07-27,0,7,0,0,79
4,0,2026-07-28,1,7,0,0,83
4,0,2026-07-29,2,7,0,0,86
4,0,2026-07-30,3,7,0,0,66
4,0,2026-07-31,4,7,0,1,130
4,0,2026-08-01,5,8,0,0,91
4,0,2026-08-02,6,8,0,0,111
4,0,2026-08-03,0,8,0,0,89
4,0,2026-08-04,1,8,0,0,74
4,0,2026-08-05,2,8,0,0,68
4,0,2026-08-06,3,8,0,0,95
4,0,2026-08-07,4,8,0,0,88
4,0,2026-08-08,5,8,0,0,105
4,0,2026-08-09,6,8,0,0,123
4,0,2026-08-10,0,8,0,0,80
4,0,2026-08-11,1,8,0,0,72
4,0,2026-08-12,2,8,0,0,68
4,0,2026-08-13,3,8,0,1,114
4,0,2026-08-14,4,8,0,0,87
4,0,2026-08-15,5,8,0,0,122
4,0,2026-08-16,6,8,0,0,103
4,0,2026-08-17,0,8,0,0,92
4,0,2026-08-18,1,8,0,0,76
4,0,2026-08-19,2,8,0,0,70
4,0,2026-08-20,3,8,0,1,95
4,0,2026-08-21,4,8,0,0,73
4,0,2026-08-22,5,8,0,0,85
4,0,2026-08-23,6,8,0,0,131
4,0,2026-08-24,0,8,0,0,83
4,0,2026-08-25,1,8,0,0,78
4,0,2026-08-26,2,8,0,0,97
4,0,2026-08-27,3,8,0,0,65
4,0,2026-08-28,4,8,0,0,77
4,0,2026-08-29,5,8,0,0,130
4,0,2026-08-30,6,8,0,0,101
4,0,2026-08-31,0,8,0,0,105
4,1,2024-09-01,6,9,0,0,57
4,1,2024-09-02,0,9,0,0,62
4,1,2024-09-03,1,9,0,0,52
4,1,2024-09-04,2,9,0,0,43
4,1,2024-09-05,3,9,0,0,44
4,1,2024-09-06,4,9,0,0,54
4,1,2024-09-07,5,9,0,0,49
4,1,2024-09-08,6,9,0,0,82
4,1,2024-09-09,0,9,0,0,61
4,1,2024-09-10,1,9,0,0,68
4,1,2024-09-11,2,9,0,1,101
4,1,2024-09-12,3,9,0,0,50
4,1,2024-09-13,4,9,0,0,46
4,1,2024-09-14,5,9,0,0,38
4,1,2024-09-15,6,9,0,0,60
4,1,2024-09-16,0,9,0,0,67
4,1,2024-09-17,1,9,0,0,46
4,1,2024-09-18,2,9,0,0,51
4,1,2024-09-19,3,9,0,0,49
4,1,2024-09-20,4,9,0,0,56
4,1,2024-09-21,5,9,0,0,77
4,1,2024-09-22,6,9,0,0,49
4,1,2024-09-23,0,9,0,0,42
4,1,2024-09-24,1,9,0,0,65
4,1,2024-09-25,2,9,0,0,59
4,1,2024-09-26,3,9,0,0,51
4,1,2024-09-27,4,9,0,0,67
4,1,2024-09-28,5,9,0,0,51
4,1,2024-09-29,6,9,0,0,74
4,1,2024-09-30,0,9,0,0,52
4,1,2024-10-01,1,10,0,0,59
4,1,2024-10-02,2,10,0,0,34
4,1,2024-10-03,3,10,0,0,52
4,1,2024-10-04,4,10,0,0,60
4,1,2024-10-05,5,10,0,0,65
4,1,2024-10-06,6,10,0,0,78
4,1,2024-10-07,0,10,0,0,64
4,1,2024-10-08,1,10,0,0,46
4,1,2024-10-09,2,10,0,0,61
4,1,2024-10-10,3,10,0,1,69
4,1,2024-10-11,4,10,0,0,54
4,1,2024-10-12,5,10,0,0,72
4,1,2024-10-13,6,10,0,0,57
4,1,2024-10-14,0,10,0,0,61
4,1,2024-10-15,1,10,0,0,50
4,1,2024-10-16,2,10,0,0,49
4,1,2024-10-17,3,10,0,0,60
4,1,2024-10-18,4,10,0,0,47
4,1,2024-10-19,5,10,0,0,57
4,1,2024-10-20,6,10,0,0,76
4,1,2024-10-21,0,10,0,0,55
4,1,2024-10-22,1,10,0,0,42
4,1,2024-10-23,2,10,0,0,61
4,1,2024-10-24,3,10,0,0,51
4,1,2024-10-25,4,10,0,0,43
4,1,2024-10-26,5,10,0,0,41
4,1,2024-10-27,6,10,0,0,75
4,1,2024-10-28,0,10,0,0,47
4,1,2024-10-29,1,10,0,0,44
4,1,2024-10-30,2,10,0,0,59
4,1,2024-10-31,3,10,0,0,61
4,1,2024-11-01,4,11,0,0,50
4,1,2024-11-02,5,11,0,0,78
4,1,2024-11-03,6,11,0,0,89
4,1,2024-11-04,0,11,0,0,68
4,1,2024-11-05,1,11,0,0,67
4,1,2024-11-06,2,11,0,0,60
4,1,2024-11-07,3,11,0,0,53
4,1,2024-11-08,4,11,0,0,56
4,1,2024-11-09,5,11,0,0,73
4,1,2024-11-10,6,11,0,0,55
4,1,2024-11-11,0,11,0,0,50
4,1,2024-11-12,1,11,0,0,45
4,1,2024-11-13,2,11,0,1,87
4,1,2024-11-14,3,11,0,0,58
4,1,2024-11-15,4,11,0,0,51
4,1,2024-11-16,5,11,0,0,77
4,1,2024-11-17,6,11,0,0,57
4,1,2024-11-18,0,11,0,0,51
4,1,2024-11-19,1,11,0,0,64
4,1,2024-11-20,2,11,0,0,65
4,1,2024-11-21,3,11,0,0,50
4,1,2024-11-22,4,11,1,0,96
4,1,2024-11-23,5,11,1,0,92
4,1,2024-11-24,6,11,1,0,101
4,1,2024-11-25,0,11,1,0,95
4,1,2024-11-26,1,11,1,1,130
4,1,2024-11-27,2,11,1,0,97
4,1,2024-11-28,3,11,1,0,97
4,1,2024-11-29,4,11,0,0,48
4,1,2024-11-30,5,11,0,0,72
4,1,2024-12-01,6,12,0,0,78
4,1,2024-12-02,0,12,0,0,67
4,1,2024-12-03,1,12,0,0,54
4,1,2024-12-04,2,12,0,0,69
4,1,2024-12-05,3,12,0,0,48
4,1,2024-12-06,4,12,0,0,57
4,1,2024-12-07,5,12,0,0,69
4,1,2024-12-08,6,12,0,0,58
4,1,2024-12-09,0,12,0,0,58
4,1,2024-12-10,1,12,0,0,63
4,1,2024-12-11,2,12,0,0,44
4,1,2024-12-12,3,12,0,0,57
4,1,2024-12-13,4,12,0,0,45
4,1,2024-12-14,5,12,0,0,94
4,1,2024-12-15,6,12,0,0,74
4,1,2024-12-16,0,12,0,0,62
4,1,2024-12-17,1,12,0,0,63
4,1,2024-12-18,2,12,0,0,66
4,1,2024-12-19,3,12,0,0,70
4,1,2024-12-20,4,12,0,0,46
4,1,2024-12-21,5,12,0,0,86
4,1,2024-12-22,6,12,0,0,86
4,1,2024-12-23,0,12,0,0,60
4,1,2024-12-24,1,12,1,0,95
4,1,2024-12-25,2,12,1,0,51
4,1,2024-12-26,3,12,0,0,49
4,1,2024-12-27,4,12,0,0,65
4,1,2024-12-28,5,12,0,0,85
4,1,2024-12-29,6,12,0,0,80
4,1,2024-12-30,0,12,0,0,60
4,1,2024-12-31,1,12,1,0,125
4,1,2025-01-01,2,1,0,0,74
4,1,2025-01-02,3,1,0,0,60
4,1,2025-01-03,4,1,0,0,86
4,1,2025-01-04,5,1,0,1,86
4,1,2025-01-05,6,1,0,0,59
4,1,2025-01-06,0,1,0,0,60
4,1,2025-01-07,1,1,0,0,57
4,1,2025-01-08,2,1,0,0,61
4,1,2025-01-09,3,1,0,0,72
4,1,2025-01-10,4,1,0,0,64
4,1,2025-01-11,5,1,0,0,76
4,1,2025-01-12,6,1,0,0,76
4,1,2025-01-13,0,1,0,0,42
4,1,2025-01-14,1,1,0,0,50
4,1,2025-01-15,2,1,0,0,61
4,1,2025-01-16,3,1,0,0,56
4,1,2025-01-17,4,1,0,0,62
4,1,2025-01-18,5,1,0,0,92
4,1,2025-01-19,6,1,0,0,75
4,1,2025-01-20,0,1,0,1,73
4,1,2025-01-21,1,1,0,0,57
4,1,2025-01-22,2,1,0,0,81
4,1,2025-01-23,3,1,0,0,79
4,1,2025-01-24,4,1,0,0,70
4,1,2025-01-25,5,1,0,0,58
4,1,2025-01-26,6,1,0,0,79
4,1,2025-01-27,0,1,0,0,68
4,1,2025-01-28,1,1,0,0,65
4,1,2025-01-29,2,1,0,0,59
4,1,2025-01-30,3,1,0,1,86
4,1,2025-01-31,4,1,0,0,58
4,1,2025-02-01,5,2,0,0,65
4,1,2025-02-02,6,2,0,0,95
4,1,2025-02-03,0,2,0,0,76
4,1,2025-02-04,1,2,0,0,64
4,1,2025-02-05,2,2,0,0,71
4,1,2025-02-06,3,2,0,0,71
4,1,2025-02-07,4,2,0,0,91
4,1,2025-02-08,5,2,0,0,89
4,1,2025-02-09,6,2,0,0,88
4,1,2025-02-10,0,2,0,0,68
4,1,2025-02-11,1,2,0,0,63
4,1,2025-02-12,2,2,0,0,81
4,1,2025-02-13,3,2,0,0,74
4,1,2025-02-14,4,2,0,0,59
4,1,2025-02-15,5,2,0,0,84
4,1,2025-02-16,6,2,0,0,89
4,1,2025-02-17,0,2,0,0,46
4,1,2025-02-18,1,2,0,0,58
4,1,2025-02-19,2,2,0,0,71
4,1,2025-02-20,3,2,0,0,48
4,1,2025-02-21,4,2,0,1,69
4,1,2025-02-22,5,2,0,0,75
4,1,2025-02-23,6,2,0,0,84
4,1,2025-02-24,0,2,0,0,73
4,1,2025-02-25,1,2,0,0,83
4,1,2025-02-26,2,2,0,0,68
4,1,2025-02-27,3,2,0,0,63
4,1,2025-02-28,4,2,0,0,54
4,1,2025-03-01,5,3,0,0,75
4,1,2025-03-02,6,3,0,0,88
4,1,2025-03-03,0,3,0,0,76
4,1,2025-03-04,1,3,0,0,71
4,1,2025-03-05,2,3,0,0,74
4,1,2025-03-06,3,3,0,1,114
4,1,2025-03-07,4,3,0,0,69
4,1,2025-03-08,5,3,0,0,96
4,1,2025-03-09,6,3,0,0,71
4,1,2025-03-10,0,3,0,1,94
4,1,2025-03-11,1,3,0,0,63
4,1,2025-03-12,2,3,0,0,76
4,1,2025-03-13,3,3,0,0,58
4,1,2025-03-14,4,3,0,0,65
4,1,2025-03-15,5,3,0,1,77
4,1,2025-03-16,6,3,0,0,87
4,1,2025-03-17,0,3,0,0,81
4,1,2025-03-18,1,3,0,0,78
4,1,2025-03-19,2,3,0,0,77
4,1,2025-03-20,3,3,0,0,77
4,1,2025-03-21,4,3,0,0,76
4,1,2025-03-22,5,3,0,0,87
4,1,2025-03-23,6,3,0,0,88
4,1,2025-03-24,0,3,0,0,62
4,1,2025-03-25,1,3,0,0,66
4,1,2025-03-26,2,3,0,0,69
4,1,2025-03-27,3,3,0,0,65
4,1,2025-03-28,4,3,0,0,52
4,1,2025-03-29,5,3,0,0,65
4,1,2025-03-30,6,3,0,0,83
4,1,2025-03-31,0,3,0,1,108
4,1,2025-04-01,1,4,0,0,67
4,1,2025-04-02,2,4,0,0,96
4,1,2025-04-03,3,4,0,0,58
4,1,2025-04-04,4,4,0,0,72
4,1,2025-04-05,5,4,0,0,94
4,1,2025-04-06,6,4,0,1,123
4,1,2025-04-07,0,4,0,0,74
4,1,2025-04-08,1,4,0,0,78
4,1,2025-04-09,2,4,0,0,68
4,1,2025-04-10,3,4,0,1,118
4,1,2025-04-11,4,4,0,0,81
4,1,2025-04-12,5,4,0,0,69
4,1,2025-04-13,6,4,0,0,83
4,1,2025-04-14,0,4,0,0,52
4,1,2025-04-15,1,4,0,0,83
4,1,2025-04-16,2,4,0,0,70
4,1,2025-04-17,3,4,0,0,81
4,1,2025-04-18,4,4,0,0,66
4,1,2025-04-19,5,4,0,0,57
4,1,2025-04-20,6,4,0,0,110
4,1,2025-04-21,0,4,0,0,69
4,1,2025-04-22,1,4,0,0,57
4,1,2025-04-23,2,4,0,0,79
4,1,2025-04-24,3,4,0,0,88
4,1,2025-04-25,4,4,0,0,65
4,1,2025-04-26,5,4,0,0,78
4,1,2025-04-27,6,4,0,0,82
4,1,2025-04-28,0,4,0,0,56
4,1,2025-04-29,1,4,0,0,60
4,1,2025-04-30,2,4,0,0,86
4,1,2025-05-01,3,5,0,0,64
4,1,2025-05-02,4,5,0,0,57
4,1,2025-05-03,5,5,0,0,71
4,1,2025-05-04,6,5,0,0,89
4,1,2025-05-05,0,5,0,0,45
4,1,2025-05-06,1,5,0,0,67
4,1,2025-05-07,2,5,0,0,89
4,1,2025-05-08,3,5,0,0,85
4,1,2025-05-09,4,5,0,0,71
4,1,2025-05-10,5,5,0,0,92
4,1,2025-05-11,6,5,0,0,91
4,1,2025-05-12,0,5,0,0,64
4,1,2025-05-13,1,5,0,0,74
4,1,2025-05-14,2,5,0,0,83
4,1,2025-05-15,3,5,0,0,52
4,1,2025-05-16,4,5,0,0,71
4,1,2025-05-17,5,5,0,0,81
4,1,2025-05-18,6,5,0,0,78
4,1,2025-05-19,0,5,0,0,65
4,1,2025-05-20,1,5,0,0,67
4,1,2025-05-21,2,5,0,0,68
4,1,2025-05-22,3,5,0,0,76
4,1,2025-05-23,4,5,0,0,70
4,1,2025-05-24,5,5,0,0,74
4,1,2025-05-25,6,5,0,0,67
4,1,2025-05-26,0,5,0,0,60
4,1,2025-05-27,1,5,0,0,68
4,1,2025-05-28,2,5,0,0,58
4,1,2025-05-29,3,5,0,0,74
4,1,2025-05-30,4,5,0,0,69
4,1,2025-05-31,5,5,0,0,90
4,1,2025-06-01,6,6,0,0,66
4,1,2025-06-02,0,6,0,0,54
4,1,2025-06-03,1,6,0,0,72
4,1,2025-06-04,2,6,0,0,63
4,1,2025-06-05,3,6,0,0,60
4,1,2025-06-06,4,6,0,1,98
4,1,2025-06-07,5,6,0,0,80
4,1,2025-06-08,6,6,0,0,59
4,1,2025-06-09,0,6,0,1,107
4,1,2025-06-10,1,6,0,0,58
4,1,2025-06-11,2,6,0,0,77
4,1,2025-06-12,3,6,0,0,49
4,1,2025-06-13,4,6,0,0,64
4,1,2025-06-14,5,6,0,0,71
4,1,2025-06-15,6,6,0,0,51
4,1,2025-06-16,0,6,0,1,97
4,1,2025-06-17,1,6,0,0,44
4,1,2025-06-18,2,6,0,0,59
4,1,2025-06-19,3,6,0,0,72
4,1,2025-06-20,4,6,0,0,57
4,1,2025-06-21,5,6,0,0,63
4,1,2025-06-22,6,6,0,0,82
4,1,2025-06-23,0,6,0,0,59
4,1,2025-06-24,1,6,0,0,58
4,1,2025-06-25,2,6,0,0,73
4,1,2025-06-26,3,6,0,0,51
4,1,2025-06-27,4,6,0,0,57
4,1,2025-06-28,5,6,0,0,83
4,1,2025-06-29,6,6,0,0,59
4,1,2025-06-30,0,6,0,0,78
4,1,2025-07-01,1,7,0,0,56
4,1,2025-07-02,2,7,0,0,66
4,1,2025-07-03,3,7,0,0,66
4,1,2025-07-04,4,7,0,0,57
4,1,2025-07-05,5,7,0,0,64
4,1,2025-07-06,6,7,0,0,69
4,1,2025-07-07,0,7,0,0,64
4,1,2025-07-08,1,7,0,0,49
4,1,2025-07-09,2,7,0,0,47
4,1,2025-07-10,3,7,0,0,71
4,1,2025-07-11,4,7,0,0,52
4,1,2025-07-12,5,7,0,0,73
4,1,2025-07-13,6,7,0,1,94
4,1,2025-07-14,0,7,0,0,57
4,1,2025-07-15,1,7,0,0,71
4,1,2025-07-16,2,7,0,0,57
4,1,2025-07-17,3,7,0,0,55
4,1,2025-07-18,4,7,0,0,56
4,1,2025-07-19,5,7,0,0,64
4,1,2025-07-20,6,7,0,0,62
4,1,2025-07-21,0,7,0,0,54
4,1,2025-07-22,1,7,0,0,73
4,1,2025-07-23,2,7,0,0,64
4,1,2025-07-24,3,7,0,0,55
4,1,2025-07-25,4,7,0,0,67
4,1,2025-07-26,5,7,0,0,53
4,1,2025-07-27,6,7,0,0,84
4,1,2025-07-28,0,7,0,0,70
4,1,2025-07-29,1,7,0,0,78
4,1,2025-07-30,2,7,0,0,67
4,1,2025-07-31,3,7,0,0,62
4,1,2025-08-01,4,8,0,0,66
4,1,2025-08-02,5,8,0,0,61
4,1,2025-08-03,6,8,0,0,63
4,1,2025-08-04,0,8,0,0,55
4,1,2025-08-05,1,8,0,0,67
4,1,2025-08-06,2,8,0,0,48
4,1,2025-08-07,3,8,0,0,47
4,1,2025-08-08,4,8,0,0,58
4,1,2025-08-09,5,8,0,0,74
4,1,2025-08-10,6,8,0,0,60
4,1,2025-08-11,0,8,0,0,61
4,1,2025-08-12,1,8,0,1,100
4,1,2025-08-13,2,8,0,0,66
4,1,2025-08-14,3,8,0,0,59
4,1,2025-08-15,4,8,0,0,55
4,1,2025-08-16,5,8,0,0,85
4,1,2025-08-17,6,8,0,0,67
4,1,2025-08-18,0,8,0,0,63
4,1,2025-08-19,1,8,0,0,72
4,1,2025-08-20,2,8,0,0,63
4,1,2025-08-21,3,8,0,1,70
4,1,2025-08-22,4,8,0,0,45
4,1,2025-08-23,5,8,0,0,64
4,1,2025-08-24,6,8,0,0,74
4,1,2025-08-25,0,8,0,0,59
4,1,2025-08-26,1,8,0,0,74
4,1,2025-08-27,2,8,0,0,59
4,1,2025-08-28,3,8,0,0,53
4,1,2025-08-29,4,8,0,0,46
4,1,2025-08-30,5,8,0,0,79
4,1,2025-08-31,6,8,0,0,67
4,1,2025-09-01,0,9,0,0,42
4,1,2025-09-02,1,9,0,0,55
4,1,2025-09-03,2,9,0,0,46
4,1,2025-09-04,3,9,0,0,51
4,1,2025-09-05,4,9,0,0,55
4,1,2025-09-06,5,9,0,0,57
4,1,2025-09-07,6,9,0,0,61
4,1,2025-09-08,0,9,0,0,49
4,1,2025-09-09,1,9,0,0,49
4,1,2025-09-10,2,9,0,0,46
4,1,2025-09-11,3,9,0,0,51
4,1,2025-09-12,4,9,0,0,47
4,1,2025-09-13,5,9,0,0,72
4,1,2025-09-14,6,9,0,0,68
4,1,2025-09-15,0,9,0,0,65
4,1,2025-09-16,1,9,0,0,70
4,1,2025-09-17,2,9,0,0,60
4,1,2025-09-18,3,9,0,0,58
4,1,2025-09-19,4,9,0,0,61
4,1,2025-09-20,5,9,0,0,71
4,1,2025-09-21,6,9,0,0,67
4,1,2025-09-22,0,9,0,0,55
4,1,2025-09-23,1,9,0,0,46
4,1,2025-09-24,2,9,0,1,92
4,1,2025-09-25,3,9,0,0,55
4,1,2025-09-26,4,9,0,0,67
4,1,2025-09-27,5,9,0,0,75
4,1,2025-09-28,6,9,0,0,60
4,1,2025-09-29,0,9,0,0,65
4,1,2025-09-30,1,9,0,0,34
4,1,2025-10-01,2,10,0,0,72
4,1,2025-10-02,3,10,0,0,44
4,1,2025-10-03,4,10,0,0,60
4,1,2025-10-04,5,10,0,0,72
4,1,2025-10-05,6,10,0,0,79
4,1,2025-10-06,0,10,0,0,53
4,1,2025-10-07,1,10,0,0,38
4,1,2025-10-08,2,10,0,0,53
4,1,2025-10-09,3,10,0,0,54
4,1,2025-10-10,4,10,0,1,57
4,1,2025-10-11,5,10,0,0,68
4,1,2025-10-12,6,10,0,0,56
4,1,2025-10-13,0,10,0,0,61
4,1,2025-10-14,1,10,0,0,54
4,1,2025-10-15,2,10,0,0,72
4,1,2025-10-16,3,10,0,0,54
4,1,2025-10-17,4,10,0,0,60
4,1,2025-10-18,5,10,0,0,65
4,1,2025-10-19,6,10,0,0,51
4,1,2025-10-20,0,10,0,0,54
4,1,2025-10-21,1,10,0,0,62
4,1,2025-10-22,2,10,0,1,90
4,1,2025-10-23,3,10,0,1,79
4,1,2025-10-24,4,10,0,0,44
4,1,2025-10-25,5,10,0,0,74
4,1,2025-10-26,6,10,0,0,72
4,1,2025-10-27,0,10,0,0,63
4,1,2025-10-28,1,10,0,0,54
4,1,2025-10-29,2,10,0,0,42
4,1,2025-10-30,3,10,0,0,60
4,1,2025-10-31,4,10,0,0,56
4,1,2025-11-01,5,11,0,0,85
4,1,2025-11-02,6,11,0,0,70
4,1,2025-11-03,0,11,0,0,58
4,1,2025-11-04,1,11,0,0,62
4,1,2025-11-05,2,11,0,0,53
4,1,2025-11-06,3,11,0,0,53
4,1,2025-11-07,4,11,0,0,58
4,1,2025-11-08,5,11,0,0,60
4,1,2025-11-09,6,11,0,0,68
4,1,2025-11-10,0,11,0,0,76
4,1,2025-11-11,1,11,0,0,68
4,1,2025-11-12,2,11,0,0,61
4,1,2025-11-13,3,11,0,0,72
4,1,2025-11-14,4,11,0,0,51
4,1,2025-11-15,5,11,0,0,97
4,1,2025-11-16,6,11,0,0,65
4,1,2025-11-17,0,11,0,0,76
4,1,2025-11-18,1,11,0,0,76
4,1,2025-11-19,2,11,0,0,43
4,1,2025-11-20,3,11,0,0,72
4,1,2025-11-21,4,11,0,0,56
4,1,2025-11-22,5,11,1,0,97
4,1,2025-11-23,6,11,1,0,115
4,1,2025-11-24,0,11,1,0,80
4,1,2025-11-25,1,11,1,0,102
4,1,2025-11-26,2,11,1,0,81
4,1,2025-11-27,3,11,1,0,97
4,1,2025-11-28,4,11,1,0,114
4,1,2025-11-29,5,11,0,0,74
4,1,2025-11-30,6,11,0,0,66
4,1,2025-12-01,0,12,0,0,67
4,1,2025-12-02,1,12,0,0,49
4,1,2025-12-03,2,12,0,0,54
4,1,2025-12-04,3,12,0,0,58
4,1,2025-12-05,4,12,0,1,100
4,1,2025-12-06,5,12,0,0,78
4,1,2025-12-07,6,12,0,0,80
4,1,2025-12-08,0,12,0,0,62
4,1,2025-12-09,1,12,0,1,79
4,1,2025-12-10,2,12,0,0,76
4,1,2025-12-11,3,12,0,0,56
4,1,2025-12-12,4,12,0,0,66
4,1,2025-12-13,5,12,0,0,73
4,1,2025-12-14,6,12,0,0,80
4,1,2025-12-15,0,12,0,0,57
4,1,2025-12-16,1,12,0,0,72
4,1,2025-12-17,2,12,0,0,75
4,1,2025-12-18,3,12,0,0,72
4,1,2025-12-19,4,12,0,0,64
4,1,2025-12-20,5,12,0,0,69
4,1,2025-12-21,6,12,0,0,105
4,1,2025-12-22,0,12,0,0,53
4,1,2025-12-23,1,12,0,0,71
4,1,2025-12-24,2,12,1,0,103
4,1,2025-12-25,3,12,1,0,98
4,1,2025-12-26,4,12,0,0,64
4,1,2025-12-27,5,12,0,0,68
4,1,2025-12-28,6,12,0,0,79
4,1,2025-12-29,0,12,0,1,94
4,1,2025-12-30,1,12,0,0,88
4,1,2025-12-31,2,12,1,0,115
4,1,2026-01-01,3,1,0,0,71
4,1,2026-01-02,4,1,0,1,101
4,1,2026-01-03,5,1,0,0,99
4,1,2026-01-04,6,1,0,0,66
4,1,2026-01-05,0,1,0,0,64
4,1,2026-01-06,1,1,0,0,47
4,1,2026-01-07,2,1,0,0,72
4,1,2026-01-08,3,1,0,0,75
4,1,2026-01-09,4,1,0,0,56
4,1,2026-01-10,5,1,0,0,94
4,1,2026-01-11,6,1,0,0,69
4,1,2026-01-12,0,1,0,0,63
4,1,2026-01-13,1,1,0,0,67
4,1,2026-01-14,2,1,0,0,82
4,1,2026-01-15,3,1,0,0,58
4,1,2026-01-16,4,1,0,0,69
4,1,2026-01-17,5,1,0,0,87
4,1,2026-01-18,6,1,0,0,84
4,1,2026-01-19,0,1,0,0,72
4,1,2026-01-20,1,1,0,0,74
4,1,2026-01-21,2,1,0,0,61
4,1,2026-01-22,3,1,0,0,83
4,1,2026-01-23,4,1,0,0,65
4,1,2026-01-24,5,1,0,0,75
4,1,2026-01-25,6,1,0,0,93
4,1,2026-01-26,0,1,0,0,60
4,1,2026-01-27,1,1,0,0,69
4,1,2026-01-28,2,1,0,0,59
4,1,2026-01-29,3,1,0,0,92
4,1,2026-01-30,4,1,0,0,89
4,1,2026-01-31,5,1,0,1,103
4,1,2026-02-01,6,2,0,0,87
4,1,2026-02-02,0,2,0,0,69
4,1,2026-02-03,1,2,0,0,65
4,1,2026-02-04,2,2,0,0,70
4,1,2026-02-05,3,2,0,0,68
4,1,2026-02-06,4,2,0,0,53
4,1,2026-02-07,5,2,0,0,84
4,1,2026-02-08,6,2,0,0,80
4,1,2026-02-09,0,2,0,0,72
4,1,2026-02-10,1,2,0,0,68
4,1,2026-02-11,2,2,0,0,65
4,1,2026-02-12,3,2,0,0,78
4,1,2026-02-13,4,2,0,0,75
4,1,2026-02-14,5,2,0,0,97
4,1,2026-02-15,6,2,0,1,115
4,1,2026-02-16,0,2,0,0,67
4,1,2026-02-17,1,2,0,0,75
4,1,2026-02-18,2,2,0,0,48
4,1,2026-02-19,3,2,0,0,91
4,1,2026-02-20,4,2,0,0,72
4,1,2026-02-21,5,2,0,0,107
4,1,2026-02-22,6,2,0,0,70
4,1,2026-02-23,0,2,0,0,57
4,1,2026-02-24,1,2,0,0,73
4,1,2026-02-25,2,2,0,0,73
4,1,2026-02-26,3,2,0,0,73
4,1,2026-02-27,4,2,0,0,71
4,1,2026-02-28,5,2,0,0,73
4,1,2026-03-01,6,3,0,0,63
4,1,2026-03-02,0,3,0,0,73
4,1,2026-03-03,1,3,0,0,56
4,1,2026-03-04,2,3,0,0,55
4,1,2026-03-05,3,3,0,0,66
4,1,2026-03-06,4,3,0,0,75
4,1,2026-03-07,5,3,0,0,106
4,1,2026-03-08,6,3,0,0,94
4,1,2026-03-09,0,3,0,0,85
4,1,2026-03-10,1,3,0,0,77
4,1,2026-03-11,2,3,0,0,74
4,1,2026-03-12,3,3,0,0,97
4,1,2026-03-13,4,3,0,0,56
4,1,2026-03-14,5,3,0,0,76
4,1,2026-03-15,6,3,0,0,77
4,1,2026-03-16,0,3,0,0,80
4,1,2026-03-17,1,3,0,0,60
4,1,2026-03-18,2,3,0,0,78
4,1,2026-03-19,3,3,0,1,106
4,1,2026-03-20,4,3,0,0,79
4,1,2026-03-21,5,3,0,0,91
4,1,2026-03-22,6,3,0,0,101
4,1,2026-03-23,0,3,0,0,70
4,1,2026-03-24,1,3,0,1,105
4,1,2026-03-25,2,3,0,0,62
4,1,2026-03-26,3,3,0,0,60
4,1,2026-03-27,4,3,0,0,89
4,1,2026-03-28,5,3,0,0,71
4,1,2026-03-29,6,3,0,0,89
4,1,2026-03-30,0,3,0,0,76
4,1,2026-03-31,1,3,0,0,83
4,1,2026-04-01,2,4,0,0,52
4,1,2026-04-02,3,4,0,0,79
4,1,2026-04-03,4,4,0,0,69
4,1,2026-04-04,5,4,0,0,73
4,1,2026-04-05,6,4,0,0,78
4,1,2026-04-06,0,4,0,0,80
4,1,2026-04-07,1,4,0,0,77
4,1,2026-04-08,2,4,0,0,68
4,1,2026-04-09,3,4,0,0,57
4,1,2026-04-10,4,4,0,0,58
4,1,2026-04-11,5,4,0,0,90
4,1,2026-04-12,6,4,0,0,65
4,1,2026-04-13,0,4,0,0,68
4,1,2026-04-14,1,4,0,0,97
4,1,2026-04-15,2,4,0,0,74
4,1,2026-04-16,3,4,0,0,77
4,1,2026-04-17,4,4,0,0,58
4,1,2026-04-18,5,4,0,0,66
4,1,2026-04-19,6,4,0,0,90
4,1,2026-04-20,0,4,0,0,66
4,1,2026-04-21,1,4,0,0,82
4,1,2026-04-22,2,4,0,0,71
4,1,2026-04-23,3,4,0,0,107
4,1,2026-04-24,4,4,0,0,64
4,1,2026-04-25,5,4,0,0,85
4,1,2026-04-26,6,4,0,0,71
4,1,2026-04-27,0,4,0,1,113
4,1,2026-04-28,1,4,0,0,75
4,1,2026-04-29,2,4,0,0,60
4,1,2026-04-30,3,4,0,0,67
4,1,2026-05-01,4,5,0,0,82
4,1,2026-05-02,5,5,0,0,94
4,1,2026-05-03,6,5,0,0,63
4,1,2026-05-04,0,5,0,0,63
4,1,2026-05-05,1,5,0,1,121
4,1,2026-05-06,2,5,0,1,93
4,1,2026-05-07,3,5,0,0,70
4,1,2026-05-08,4,5,0,0,78
4,1,2026-05-09,5,5,0,0,64
4,1,2026-05-10,6,5,0,1,92
4,1,2026-05-11,0,5,0,0,64
4,1,2026-05-12,1,5,0,0,80
4,1,2026-05-13,2,5,0,0,78
4,1,2026-05-14,3,5,0,0,75
4,1,2026-05-15,4,5,0,1,93
4,1,2026-05-16,5,5,0,0,93
4,1,2026-05-17,6,5,0,0,78
4,1,2026-05-18,0,5,0,1,103
4,1,2026-05-19,1,5,0,0,77
4,1,2026-05-20,2,5,0,0,85
4,1,2026-05-21,3,5,0,0,67
4,1,2026-05-22,4,5,0,1,90
4,1,2026-05-23,5,5,0,0,95
4,1,2026-05-24,6,5,0,0,96
4,1,2026-05-25,0,5,0,0,62
4,1,2026-05-26,1,5,0,0,57
4,1,2026-05-27,2,5,0,0,80
4,1,2026-05-28,3,5,0,0,51
4,1,2026-05-29,4,5,0,0,51
4,1,2026-05-30,5,5,0,0,76
4,1,2026-05-31,6,5,0,0,79
4,1,2026-06-01,0,6,0,0,53
4,1,2026-06-02,1,6,0,0,65
4,1,2026-06-03,2,6,0,0,66
4,1,2026-06-04,3,6,0,0,59
4,1,2026-06-05,4,6,0,0,83
4,1,2026-06-06,5,6,0,0,80
4,1,2026-06-07,6,6,0,0,87
4,1,2026-06-08,0,6,0,0,49
4,1,2026-06-09,1,6,0,0,49
4,1,2026-06-10,2,6,0,0,68
4,1,2026-06-11,3,6,0,0,81
4,1,2026-06-12,4,6,0,0,54
4,1,2026-06-13,5,6,0,0,76
4,1,2026-06-14,6,6,0,0,61
4,1,2026-06-15,0,6,0,0,56
4,1,2026-06-16,1,6,0,0,65
4,1,2026-06-17,2,6,0,0,59
4,1,2026-06-18,3,6,0,1,72
4,1,2026-06-19,4,6,0,0,51
4,1,2026-06-20,5,6,0,0,53
4,1,2026-06-21,6,6,0,0,80
4,1,2026-06-22,0,6,0,0,69
4,1,2026-06-23,1,6,0,0,69
4,1,2026-06-24,2,6,0,0,55
4,1,2026-06-25,3,6,0,0,73
4,1,2026-06-26,4,6,0,0,70
4,1,2026-06-27,5,6,0,0,75
4,1,2026-06-28,6,6,0,0,73
4,1,2026-06-29,0,6,0,0,57
4,1,2026-06-30,1,6,0,0,65
4,1,2026-07-01,2,7,0,0,74
4,1,2026-07-02,3,7,0,0,70
4,1,2026-07-03,4,7,0,0,57
4,1,2026-07-04,5,7,0,0,77
4,1,2026-07-05,6,7,0,0,59
4,1,2026-07-06,0,7,0,0,66
4,1,2026-07-07,1,7,0,0,52
4,1,2026-07-08,2,7,0,0,66
4,1,2026-07-09,3,7,0,0,87
4,1,2026-07-10,4,7,0,0,55
4,1,2026-07-11,5,7,0,0,103
4,1,2026-07-12,6,7,0,0,77
4,1,2026-07-13,0,7,0,0,53
4,1,2026-07-14,1,7,0,1,76
4,1,2026-07-15,2,7,0,0,81
4,1,2026-07-16,3,7,0,0,64
4,1,2026-07-17,4,7,0,0,55
4,1,2026-07-18,5,7,0,0,69
4,1,2026-07-19,6,7,0,0,76
4,1,2026-07-20,0,7,0,0,60
4,1,2026-07-21,1,7,0,0,63
4,1,2026-07-22,2,7,0,0,76
4,1,2026-07-23,3,7,0,0,50
4,1,2026-07-24,4,7,0,0,66
4,1,2026-07-25,5,7,0,0,71
4,1,2026-07-26,6,7,0,1,91
4,1,2026-07-27,0,7,0,0,70
4,1,2026-07-28,1,7,0,0,47
4,1,2026-07-29,2,7,0,0,38
4,1,2026-07-30,3,7,0,0,62
4,1,2026-07-31,4,7,0,0,59
4,1,2026-08-01,5,8,0,0,55
4,1,2026-08-02,6,8,0,0,51
4,1,2026-08-03,0,8,0,0,74
4,1,2026-08-04,1,8,0,0,61
4,1,2026-08-05,2,8,0,0,57
4,1,2026-08-06,3,8,0,0,76
4,1,2026-08-07,4,8,0,0,66
4,1,2026-08-08,5,8,0,0,87
4,1,2026-08-09,6,8,0,0,56
4,1,2026-08-10,0,8,0,0,47
4,1,2026-08-11,1,8,0,0,63
4,1,2026-08-12,2,8,0,0,61
4,1,2026-08-13,3,8,0,0,68
4,1,2026-08-14,4,8,0,0,43
4,1,2026-08-15,5,8,0,0,76
4,1,2026-08-16,6,8,0,0,79
4,1,2026-08-17,0,8,0,0,65
4,1,2026-08-18,1,8,0,0,54
4,1,2026-08-19,2,8,0,0,62
4,1,2026-08-20,3,8,0,0,51
4,1,2026-08-21,4,8,0,0,55
4,1,2026-08-22,5,8,0,0,58
4,1,2026-08-23,6,8,0,0,61
4,1,2026-08-24,0,8,0,0,55
4,1,2026-08-25,1,8,0,0,53
4,1,2026-08-26,2,8,0,1,75
4,1,2026-08-27,3,8,0,0,46
4,1,2026-08-28,4,8,0,0,74
4,1,2026-08-29,5,8,0,0,64
4,1,2026-08-30,6,8,0,0,72
4,1,2026-08-31,0,8,0,0,42
4,2,2024-09-01,6,9,0,0,171
4,2,2024-09-02,0,9,0,0,132
4,2,2024-09-03,1,9,0,0,124
4,2,2024-09-04,2,9,0,0,137
4,2,2024-09-05,3,9,0,0,121
4,2,2024-09-06,4,9,0,0,113
4,2,2024-09-07,5,9,0,0,175
4,2,2024-09-08,6,9,0,0,176
4,2,2024-09-09,0,9,0,0,109
4,2,2024-09-10,1,9,0,0,123
4,2,2024-09-11,2,9,0,0,112
4,2,2024-09-12,3,9,0,0,86
4,2,2024-09-13,4,9,0,1,187
4,2,2024-09-14,5,9,0,0,130
4,2,2024-09-15,6,9,0,0,164
4,2,2024-09-16,0,9,0,1,141
4,2,2024-09-17,1,9,0,0,106
4,2,2024-09-18,2,9,0,0,110
4,2,2024-09-19,3,9,0,0,136
4,2,2024-09-20,4,9,0,0,109
4,2,2024-09-21,5,9,0,0,135
4,2,2024-09-22,6,9,0,0,165
4,2,2024-09-23,0,9,0,0,114
4,2,2024-09-24,1,9,0,0,130
4,2,2024-09-25,2,9,0,0,101
4,2,2024-09-26,3,9,0,0,120
4,2,2024-09-27,4,9,0,0,156
4,2,2024-09-28,5,9,0,0,152
4,2,2024-09-29,6,9,0,0,161
4,2,2024-09-30,0,9,0,0,91
4,2,2024-10-01,1,10,0,0,106
4,2,2024-10-02,2,10,0,0,127
4,2,2024-10-03,3,10,0,0,114
4,2,2024-10-04,4,10,0,0,129
4,2,2024-10-05,5,10,0,0,169
4,2,2024-10-06,6,10,0,0,132
4,2,2024-10-07,0,10,0,0,136
4,2,2024-10-08,1,10,0,0,100
4,2,2024-10-09,2,10,0,0,107
4,2,2024-10-10,3,10,0,0,123
4,2,2024-10-11,4,10,0,0,144
4,2,2024-10-12,5,10,0,0,138
4,2,2024-10-13,6,10,0,0,163
4,2,2024-10-14,0,10,0,0,122
4,2,2024-10-15,1,10,0,1,195
4,2,2024-10-16,2,10,0,0,138
4,2,2024-10-17,3,10,0,0,113
4,2,2024-10-18,4,10,0,0,136
4,2,2024-10-19,5,10,0,0,188
4,2,2024-10-20,6,10,0,0,198
4,2,2024-10-21,0,10,0,0,128
4,2,2024-10-22,1,10,0,0,122
4,2,2024-10-23,2,10,0,0,112
4,2,2024-10-24,3,10,0,0,96
4,2,2024-10-25,4,10,0,0,115
4,2,2024-10-26,5,10,0,0,162
4,2,2024-10-27,6,10,0,0,157
4,2,2024-10-28,0,10,0,0,129
4,2,2024-10-29,1,10,0,0,97
4,2,2024-10-30,2,10,0,0,117
4,2,2024-10-31,3,10,0,0,151
4,2,2024-11-01,4,11,0,0,142
4,2,2024-11-02,5,11,0,0,179
4,2,2024-11-03,6,11,0,0,174
4,2,2024-11-04,0,11,0,0,119
4,2,2024-11-05,1,11,0,0,96
4,2,2024-11-06,2,11,0,1,197
4,2,2024-11-07,3,11,0,0,85
4,2,2024-11-08,4,11,0,0,120
4,2,2024-11-09,5,11,0,0,166
4,2,2024-11-10,6,11,0,0,156
4,2,2024-11-11,0,11,0,0,162
4,2,2024-11-12,1,11,0,0,156
4,2,2024-11-13,2,11,0,0,143
4,2,2024-11-14,3,11,0,0,110
4,2,2024-11-15,4,11,0,0,158
4,2,2024-11-16,5,11,0,0,179
4,2,2024-11-17,6,11,0,0,145
4,2,2024-11-18,0,11,0,0,126
4,2,2024-11-19,1,11,0,0,142
4,2,2024-11-20,2,11,0,0,116
4,2,2024-11-21,3,11,0,0,128
4,2,2024-11-22,4,11,1,0,214
4,2,2024-11-23,5,11,1,0,210
4,2,2024-11-24,6,11,1,0,237
4,2,2024-11-25,0,11,1,0,178
4,2,2024-11-26,1,11,1,0,229
4,2,2024-11-27,2,11,1,0,181
4,2,2024-11-28,3,11,1,0,214
4,2,2024-11-29,4,11,0,0,103
4,2,2024-11-30,5,11,0,0,141
4,2,2024-12-01,6,12,0,0,147
4,2,2024-12-02,0,12,0,0,129
4,2,2024-12-03,1,12,0,0,137
4,2,2024-12-04,2,12,0,0,140
4,2,2024-12-05,3,12,0,0,102
4,2,2024-12-06,4,12,0,0,131
4,2,2024-12-07,5,12,0,0,157
4,2,2024-12-08,6,12,0,0,186
4,2,2024-12-09,0,12,0,0,129
4,2,2024-12-10,1,12,0,0,133
4,2,2024-12-11,2,12,0,1,175
4,2,2024-12-12,3,12,0,0,165
4,2,2024-12-13,4,12,0,0,111
4,2,2024-12-14,5,12,0,0,165
4,2,2024-12-15,6,12,0,0,177
4,2,2024-12-16,0,12,0,0,130
4,2,2024-12-17,1,12,0,0,120
4,2,2024-12-18,2,12,0,0,102
4,2,2024-12-19,3,12,0,0,122
4,2,2024-12-20,4,12,0,0,117
4,2,2024-12-21,5,12,0,0,213
4,2,2024-12-22,6,12,0,0,227
4,2,2024-12-23,0,12,0,0,133
4,2,2024-12-24,1,12,1,0,174
4,2,2024-12-25,2,12,1,0,235
4,2,2024-12-26,3,12,0,1,169
4,2,2024-12-27,4,12,0,0,124
4,2,2024-12-28,5,12,0,0,160
4,2,2024-12-29,6,12,0,0,163
4,2,2024-12-30,0,12,0,0,128
4,2,2024-12-31,1,12,1,0,177
4,2,2025-01-01,2,1,0,0,129
4,2,2025-01-02,3,1,0,0,161
4,2,2025-01-03,4,1,0,0,142
4,2,2025-01-04,5,1,0,0,185
4,2,2025-01-05,6,1,0,0,128
4,2,2025-01-06,0,1,0,0,160
4,2,2025-01-07,1,1,0,0,129
4,2,2025-01-08,2,1,0,0,164
4,2,2025-01-09,3,1,0,0,145
4,2,2025-01-10,4,1,0,0,132
4,2,2025-01-11,5,1,0,0,142
4,2,2025-01-12,6,1,0,0,235
4,2,2025-01-13,0,1,0,0,158
4,2,2025-01-14,1,1,0,0,159
4,2,2025-01-15,2,1,0,0,177
4,2,2025-01-16,3,1,0,0,147
4,2,2025-01-17,4,1,0,0,168
4,2,2025-01-18,5,1,0,1,227
4,2,2025-01-19,6,1,0,0,200
4,2,2025-01-20,0,1,0,0,130
4,2,2025-01-21,1,1,0,0,133
4,2,2025-01-22,2,1,0,0,144
4,2,2025-01-23,3,1,0,0,118
4,2,2025-01-24,4,1,0,0,149
4,2,2025-01-25,5,1,0,0,175
4,2,2025-01-26,6,1,0,0,134
4,2,2025-01-27,0,1,0,0,134
4,2,2025-01-28,1,1,0,0,136
4,2,2025-01-29,2,1,0,0,159
4,2,2025-01-30,3,1,0,0,148
4,2,2025-01-31,4,1,0,0,170
4,2,2025-02-01,5,2,0,0,201
4,2,2025-02-02,6,2,0,0,175
4,2,2025-02-03,0,2,0,0,147
4,2,2025-02-04,1,2,0,0,142
4,2,2025-02-05,2,2,0,0,158
4,2,2025-02-06,3,2,0,0,150
4,2,2025-02-07,4,2,0,0,136
4,2,2025-02-08,5,2,0,0,189
4,2,2025-02-09,6,2,0,0,200
4,2,2025-02-10,0,2,0,0,129
4,2,2025-02-11,1,2,0,0,155
4,2,2025-02-12,2,2,0,0,117
4,2,2025-02-13,3,2,0,0,170
4,2,2025-02-14,4,2,0,0,159
4,2,2025-02-15,5,2,0,0,229
4,2,2025-02-16,6,2,0,0,161
4,2,2025-02-17,0,2,0,0,171
4,2,2025-02-18,1,2,0,0,167
4,2,2025-02-19,2,2,0,0,145
4,2,2025-02-20,3,2,0,0,141
4,2,2025-02-21,4,2,0,0,127
4,2,2025-02-22,5,2,0,1,204
4,2,2025-02-23,6,2,0,0,170
4,2,2025-02-24,0,2,0,0,124
4,2,2025-02-25,1,2,0,0,180
4,2,2025-02-26,2,2,0,0,119
4,2,2025-02-27,3,2,0,0,152
4,2,2025-02-28,4,2,0,0,157
4,2,2025-03-01,5,3,0,0,200
4,2,2025-03-02,6,3,0,0,202
4,2,2025-03-03,0,3,0,0,170
4,2,2025-03-04,1,3,0,0,142
4,2,2025-03-05,2,3,0,0,153
4,2,2025-03-06,3,3,0,0,145
4,2,2025-03-07,4,3,0,0,177
4,2,2025-03-08,5,3,0,0,244
4,2,2025-03-09,6,3,0,0,161
4,2,2025-03-10,0,3,0,0,110
4,2,2025-03-11,1,3,0,0,162
4,2,2025-03-12,2,3,0,0,172
4,2,2025-03-13,3,3,0,0,190
4,2,2025-03-14,4,3,0,0,166
4,2,2025-03-15,5,3,0,0,226
4,2,2025-03-16,6,3,0,0,233
4,2,2025-03-17,0,3,0,0,180
4,2,2025-03-18,1,3,0,0,169
4,2,2025-03-19,2,3,0,0,125
4,2,2025-03-20,3,3,0,0,151
4,2,2025-03-21,4,3,0,0,157
4,2,2025-03-22,5,3,0,0,189
4,2,2025-03-23,6,3,0,0,190
4,2,2025-03-24,0,3,0,0,183
4,2,2025-03-25,1,3,0,0,136
4,2,2025-03-26,2,3,0,0,167
4,2,2025-03-27,3,3,0,0,157
4,2,2025-03-28,4,3,0,0,134
4,2,2025-03-29,5,3,0,0,164
4,2,2025-03-30,6,3,0,0,148
4,2,2025-03-31,0,3,0,0,161
4,2,2025-04-01,1,4,0,0,148
4,2,2025-04-02,2,4,0,0,133
4,2,2025-04-03,3,4,0,0,112
4,2,2025-04-04,4,4,0,0,158
4,2,2025-04-05,5,4,0,0,185
4,2,2025-04-06,6,4,0,0,171
4,2,2025-04-07,0,4,0,0,130
4,2,2025-04-08,1,4,0,0,144
4,2,2025-04-09,2,4,0,0,158
4,2,2025-04-10,3,4,0,0,143
4,2,2025-04-11,4,4,0,0,126
4,2,2025-04-12,5,4,0,0,188
4,2,2025-04-13,6,4,0,0,216
4,2,2025-04-14,0,4,0,0,150
4,2,2025-04-15,1,4,0,0,150
4,2,2025-04-16,2,4,0,0,143
4,2,2025-04-17,3,4,0,1,184
4,2,2025-04-18,4,4,0,0,131
4,2,2025-04-19,5,4,0,0,147
4,2,2025-04-20,6,4,0,0,219
4,2,2025-04-21,0,4,0,1,222
4,2,2025-04-22,1,4,0,1,211
4,2,2025-04-23,2,4,0,0,155
4,2,2025-04-24,3,4,0,0,156
4,2,2025-04-25,4,4,0,0,135
4,2,2025-04-26,5,4,0,0,181
4,2,2025-04-27,6,4,0,0,177
4,2,2025-04-28,0,4,0,0,199
4,2,2025-04-29,1,4,0,0,170
4,2,2025-04-30,2,4,0,0,153
4,2,2025-05-01,3,5,0,0,170
4,2,2025-05-02,4,5,0,0,167
4,2,2025-05-03,5,5,0,0,150
4,2,2025-05-04,6,5,0,0,178
4,2,2025-05-05,0,5,0,1,203
4,2,2025-05-06,1,5,0,0,155
4,2,2025-05-07,2,5,0,0,139
4,2,2025-05-08,3,5,0,1,201
4,2,2025-05-09,4,5,0,0,135
4,2,2025-05-10,5,5,0,0,209
4,2,2025-05-11,6,5,0,0,148
4,2,2025-05-12,0,5,0,0,135
4,2,2025-05-13,1,5,0,0,108
4,2,2025-05-14,2,5,0,0,124
4,2,2025-05-15,3,5,0,1,212
4,2,2025-05-16,4,5,0,0,150
4,2,2025-05-17,5,5,0,0,176
4,2,2025-05-18,6,5,0,0,211
4,2,2025-05-19,0,5,0,0,170
4,2,2025-05-20,1,5,0,0,142
4,2,2025-05-21,2,5,0,0,148
4,2,2025-05-22,3,5,0,0,135
4,2,2025-05-23,4,5,0,0,156
4,2,2025-05-24,5,5,0,0,155
4,2,2025-05-25,6,5,0,0,228
4,2,2025-05-26,0,5,0,0,166
4,2,2025-05-27,1,5,0,0,121
4,2,2025-05-28,2,5,0,0,129
4,2,2025-05-29,3,5,0,0,152
4,2,2025-05-30,4,5,0,0,137
4,2,2025-05-31,5,5,0,0,197
4,2,2025-06-01,6,6,0,0,168
4,2,2025-06-02,0,6,0,0,163
4,2,2025-06-03,1,6,0,0,136
4,2,2025-06-04,2,6,0,0,180
4,2,2025-06-05,3,6,0,1,211
4,2,2025-06-06,4,6,0,0,112
4,2,2025-06-07,5,6,0,0,225
4,2,2025-06-08,6,6,0,0,202
4,2,2025-06-09,0,6,0,0,143
4,2,2025-06-10,1,6,0,0,148
4,2,2025-06-11,2,6,0,0,114
4,2,2025-06-12,3,6,0,0,103
4,2,2025-06-13,4,6,0,0,135
4,2,2025-06-14,5,6,0,0,208
4,2,2025-06-15,6,6,0,0,185
4,2,2025-06-16,0,6,0,0,167
4,2,2025-06-17,1,6,0,0,160
4,2,2025-06-18,2,6,0,0,136
4,2,2025-06-19,3,6,0,0,157
4,2,2025-06-20,4,6,0,0,164
4,2,2025-06-21,5,6,0,0,174
4,2,2025-06-22,6,6,0,0,171
4,2,2025-06-23,0,6,0,0,139
4,2,2025-06-24,1,6,0,0,92
4,2,2025-06-25,2,6,0,0,141
4,2,2025-06-26,3,6,0,0,149
4,2,2025-06-27,4,6,0,0,139
4,2,2025-06-28,5,6,0,0,184
4,2,2025-06-29,6,6,0,0,175
4,2,2025-06-30,0,6,0,0,100
4,2,2025-07-01,1,7,0,0,157
4,2,2025-07-02,2,7,0,0,122
4,2,2025-07-03,3,7,0,0,118
4,2,2025-07-04,4,7,0,0,151
4,2,2025-07-05,5,7,0,0,190
4,2,2025-07-06,6,7,0,0,174
4,2,2025-07-07,0,7,0,0,141
4,2,2025-07-08,1,7,0,0,109
4,2,2025-07-09,2,7,0,0,127
4,2,2025-07-10,3,7,0,0,150
4,2,2025-07-11,4,7,0,0,117
4,2,2025-07-12,5,7,0,0,146
4,2,2025-07-13,6,7,0,0,170
4,2,2025-07-14,0,7,0,0,130
4,2,2025-07-15,1,7,0,0,139
4,2,2025-07-16,2,7,0,0,105
4,2,2025-07-17,3,7,0,0,85
4,2,2025-07-18,4,7,0,0,144
4,2,2025-07-19,5,7,0,0,144
4,2,2025-07-20,6,7,0,0,155
4,2,2025-07-21,0,7,0,0,91
4,2,2025-07-22,1,7,0,0,146
4,2,2025-07-23,2,7,0,1,197
4,2,2025-07-24,3,7,0,0,134
4,2,2025-07-25,4,7,0,0,134
4,2,2025-07-26,5,7,0,0,122
4,2,2025-07-27,6,7,0,0,146
4,2,2025-07-28,0,7,0,0,121
4,2,2025-07-29,1,7,0,0,116
4,2,2025-07-30,2,7,0,0,124
4,2,2025-07-31,3,7,0,1,194
4,2,2025-08-01,4,8,0,0,139
4,2,2025-08-02,5,8,0,0,131
4,2,2025-08-03,6,8,0,0,163
4,2,2025-08-04,0,8,0,0,134
4,2,2025-08-05,1,8,0,0,108
4,2,2025-08-06,2,8,0,0,120
4,2,2025-08-07,3,8,0,0,130
4,2,2025-08-08,4,8,0,0,123
4,2,2025-08-09,5,8,0,1,243
4,2,2025-08-10,6,8,0,0,165
4,2,2025-08-11,0,8,0,0,118
4,2,2025-08-12,1,8,0,0,104
4,2,2025-08-13,2,8,0,0,127
4,2,2025-08-14,3,8,0,0,124
4,2,2025-08-15,4,8,0,0,107
4,2,2025-08-16,5,8,0,0,176
4,2,2025-08-17,6,8,0,0,190
4,2,2025-08-18,0,8,0,0,112
4,2,2025-08-19,1,8,0,0,111
4,2,2025-08-20,2,8,0,0,110
4,2,2025-08-21,3,8,0,0,95
4,2,2025-08-22,4,8,0,0,156
4,2,2025-08-23,5,8,0,1,210
4,2,2025-08-24,6,8,0,0,144
4,2,2025-08-25,0,8,0,0,105
4,2,2025-08-26,1,8,0,0,117
4,2,2025-08-27,2,8,0,0,112
4,2,2025-08-28,3,8,0,0,146
4,2,2025-08-29,4,8,0,0,103
4,2,2025-08-30,5,8,0,0,130
4,2,2025-08-31,6,8,0,0,175
4,2,2025-09-01,0,9,0,0,119
4,2,2025-09-02,1,9,0,0,117
4,2,2025-09-03,2,9,0,0,130
4,2,2025-09-04,3,9,0,0,123
4,2,2025-09-05,4,9,0,0,120
4,2,2025-09-06,5,9,0,0,131
4,2,2025-09-07,6,9,0,1,172
4,2,2025-09-08,0,9,0,0,110
4,2,2025-09-09,1,9,0,0,104
4,2,2025-09-10,2,9,0,0,125
4,2,2025-09-11,3,9,0,0,92
4,2,2025-09-12,4,9,0,0,114
4,2,2025-09-13,5,9,0,0,157
4,2,2025-09-14,6,9,0,0,160
4,2,2025-09-15,0,9,0,0,127
4,2,2025-09-16,1,9,0,0,116
4,2,2025-09-17,2,9,0,0,110
4,2,2025-09-18,3,9,0,0,141
4,2,2025-09-19,4,9,0,0,116
4,2,2025-09-20,5,9,0,0,192
4,2,2025-09-21,6,9,0,0,154
4,2,2025-09-22,0,9,0,0,121
4,2,2025-09-23,1,9,0,0,119
4,2,2025-09-24,2,9,0,0,125
4,2,2025-09-25,3,9,0,0,114
4,2,2025-09-26,4,9,0,0,123
4,2,2025-09-27,5,9,0,0,194
4,2,2025-09-28,6,9,0,0,184
4,2,2025-09-29,0,9,0,0,138
4,2,2025-09-30,1,9,0,0,100
4,2,2025-10-01,2,10,0,0,104
4,2,2025-10-02,3,10,0,0,127
4,2,2025-10-03,4,10,0,0,136
4,2,2025-10-04,5,10,0,0,152
4,2,2025-10-05,6,10,0,0,148
4,2,2025-10-06,0,10,0,0,146
4,2,2025-10-07,1,10,0,0,135
4,2,2025-10-08,2,10,0,0,141
4,2,2025-10-09,3,10,0,0,116
4,2,2025-10-10,4,10,0,0,115
4,2,2025-10-11,5,10,0,0,184
4,2,2025-10-12,6,10,0,0,158
4,2,2025-10-13,0,10,0,0,113
4,2,2025-10-14,1,10,0,0,108
4,2,2025-10-15,2,10,0,0,115
4,2,2025-10-16,3,10,0,0,138
4,2,2025-10-17,4,10,0,0,99
4,2,2025-10-18,5,10,0,0,177
4,2,2025-10-19,6,10,0,0,148
4,2,2025-10-20,0,10,0,0,120
4,2,2025-10-21,1,10,0,0,121
4,2,2025-10-22,2,10,0,0,120
4,2,2025-10-23,3,10,0,0,119
4,2,2025-10-24,4,10,0,0,116
4,2,2025-10-25,5,10,0,0,151
4,2,2025-10-26,6,10,0,0,192
4,2,2025-10-27,0,10,0,0,124
4,2,2025-10-28,1,10,0,0,122
4,2,2025-10-29,2,10,0,0,113
4,2,2025-10-30,3,10,0,0,117
4,2,2025-10-31,4,10,0,0,113
4,2,2025-11-01,5,11,0,0,187
4,2,2025-11-02,6,11,0,0,153
4,2,2025-11-03,0,11,0,0,91
4,2,2025-11-04,1,11,0,0,131
4,2,2025-11-05,2,11,0,0,125
4,2,2025-11-06,3,11,0,0,119
4,2,2025-11-07,4,11,0,0,145
4,2,2025-11-08,5,11,0,0,108
4,2,2025-11-09,6,11,0,0,205
4,2,2025-11-10,0,11,0,0,148
4,2,2025-11-11,1,11,0,0,119
4,2,2025-11-12,2,11,0,0,122
4,2,2025-11-13,3,11,0,0,138
4,2,2025-11-14,4,11,0,1,203
4,2,2025-11-15,5,11,0,0,155
4,2,2025-11-16,6,11,0,0,133
4,2,2025-11-17,0,11,0,0,166
4,2,2025-11-18,1,11,0,0,146
4,2,2025-11-19,2,11,0,0,132
4,2,2025-11-20,3,11,0,1,194
4,2,2025-11-21,4,11,0,0,140
4,2,2025-11-22,5,11,1,0,274
4,2,2025-11-23,6,11,1,0,180
4,2,2025-11-24,0,11,1,0,200
4,2,2025-11-25,1,11,1,0,197
4,2,2025-11-26,2,11,1,0,205
4,2,2025-11-27,3,11,1,0,231
4,2,2025-11-28,4,11,1,0,160
4,2,2025-11-29,5,11,0,0,139
4,2,2025-11-30,6,11,0,0,155
4,2,2025-12-01,0,12,0,0,141
4,2,2025-12-02,1,12,0,0,153
4,2,2025-12-03,2,12,0,0,168
4,2,2025-12-04,3,12,0,0,133
4,2,2025-12-05,4,12,0,0,153
4,2,2025-12-06,5,12,0,1,260
4,2,2025-12-07,6,12,0,0,191
4,2,2025-12-08,0,12,0,0,137
4,2,2025-12-09,1,12,0,0,131
4,2,2025-12-10,2,12,0,0,118
4,2,2025-12-11,3,12,0,0,117
4,2,2025-12-12,4,12,0,0,144
4,2,2025-12-13,5,12,0,0,177
4,2,2025-12-14,6,12,0,0,168
4,2,2025-12-15,0,12,0,0,150
4,2,2025-12-16,1,12,0,0,134
4,2,2025-12-17,2,12,0,0,121
4,2,2025-12-18,3,12,0,0,133
4,2,2025-12-19,4,12,0,0,153
4,2,2025-12-20,5,12,0,0,154
4,2,2025-12-21,6,12,0,0,183
4,2,2025-12-22,0,12,0,0,137
4,2,2025-12-23,1,12,0,0,124
4,2,2025-12-24,2,12,1,0,209
4,2,2025-12-25,3,12,1,1,220
4,2,2025-12-26,4,12,0,0,140
4,2,2025-12-27,5,12,0,0,146
4,2,2025-12-28,6,12,0,0,204
4,2,2025-12-29,0,12,0,0,136
4,2,2025-12-30,1,12,0,1,183
4,2,2025-12-31,2,12,1,0,251
4,2,2026-01-01,3,1,0,0,126
4,2,2026-01-02,4,1,0,0,132
4,2,2026-01-03,5,1,0,0,141
4,2,2026-01-04,6,1,0,0,219
4,2,2026-01-05,0,1,0,0,183
4,2,2026-01-06,1,1,0,0,114
4,2,2026-01-07,2,1,0,0,130
4,2,2026-01-08,3,1,0,0,148
4,2,2026-01-09,4,1,0,0,136
4,2,2026-01-10,5,1,0,0,186
4,2,2026-01-11,6,1,0,0,183
4,2,2026-01-12,0,1,0,0,154
4,2,2026-01-13,1,1,0,0,128
4,2,2026-01-14,2,1,0,0,150
4,2,2026-01-15,3,1,0,0,125
4,2,2026-01-16,4,1,0,0,138
4,2,2026-01-17,5,1,0,0,143
4,2,2026-01-18,6,1,0,0,176
4,2,2026-01-19,0,1,0,0,135
4,2,2026-01-20,1,1,0,0,165
4,2,2026-01-21,2,1,0,0,145
4,2,2026-01-22,3,1,0,0,149
4,2,2026-01-23,4,1,0,0,146
4,2,2026-01-24,5,1,0,0,134
4,2,2026-01-25,6,1,0,0,137
4,2,2026-01-26,0,1,0,0,140
4,2,2026-01-27,1,1,0,0,152
4,2,2026-01-28,2,1,0,0,142
4,2,2026-01-29,3,1,0,0,130
4,2,2026-01-30,4,1,0,0,142
4,2,2026-01-31,5,1,0,0,178
4,2,2026-02-01,6,2,0,0,212
4,2,2026-02-02,0,2,0,0,167
4,2,2026-02-03,1,2,0,0,141
4,2,2026-02-04,2,2,0,0,151
4,2,2026-02-05,3,2,0,0,158
4,2,2026-02-06,4,2,0,0,161
4,2,2026-02-07,5,2,0,0,235
4,2,2026-02-08,6,2,0,0,192
4,2,2026-02-09,0,2,0,0,176
4,2,2026-02-10,1,2,0,1,179
4,2,2026-02-11,2,2,0,0,139
4,2,2026-02-12,3,2,0,0,109
4,2,2026-02-13,4,2,0,0,155
4,2,2026-02-14,5,2,0,0,209
4,2,2026-02-15,6,2,0,0,127
4,2,2026-02-16,0,2,0,0,156
4,2,2026-02-17,1,2,0,0,165
4,2,2026-02-18,2,2,0,0,164
4,2,2026-02-19,3,2,0,0,128
4,2,2026-02-20,4,2,0,0,168
4,2,2026-02-21,5,2,0,0,193
4,2,2026-02-22,6,2,0,0,208
4,2,2026-02-23,0,2,0,1,209
4,2,2026-02-24,1,2,0,0,160
4,2,2026-02-25,2,2,0,0,175
4,2,2026-02-26,3,2,0,0,148
4,2,2026-02-27,4,2,0,0,158
4,2,2026-02-28,5,2,0,0,225
4,2,2026-03-01,6,3,0,0,191
4,2,2026-03-02,0,3,0,0,132
4,2,2026-03-03,1,3,0,1,234
4,2,2026-03-04,2,3,0,0,184
4,2,2026-03-05,3,3,0,0,181
4,2,2026-03-06,4,3,0,0,170
4,2,2026-03-07,5,3,0,0,134
4,2,2026-03-08,6,3,0,0,178
4,2,2026-03-09,0,3,0,0,143
4,2,2026-03-10,1,3,0,0,156
4,2,2026-03-11,2,3,0,0,190
4,2,2026-03-12,3,3,0,0,133
4,2,2026-03-13,4,3,0,0,201
4,2,2026-03-14,5,3,0,0,185
4,2,2026-03-15,6,3,0,0,175
4,2,2026-03-16,0,3,0,0,172
4,2,2026-03-17,1,3,0,0,174
4,2,2026-03-18,2,3,0,0,168
4,2,2026-03-19,3,3,0,0,139
4,2,2026-03-20,4,3,0,0,165
4,2,2026-03-21,5,3,0,0,168
4,2,2026-03-22,6,3,0,0,174
4,2,2026-03-23,0,3,0,0,153
4,2,2026-03-24,1,3,0,0,138
4,2,2026-03-25,2,3,0,0,177
4,2,2026-03-26,3,3,0,0,143
4,2,2026-03-27,4,3,0,0,150
4,2,2026-03-28,5,3,0,1,225
4,2,2026-03-29,6,3,0,0,222
4,2,2026-03-30,0,3,0,0,141
4,2,2026-03-31,1,3,0,0,179
4,2,2026-04-01,2,4,0,0,175
4,2,2026-04-02,3,4,0,0,144
4,2,2026-04-03,4,4,0,0,154
4,2,2026-04-04,5,4,0,0,181
4,2,2026-04-05,6,4,0,0,207
4,2,2026-04-06,0,4,0,1,207
4,2,2026-04-07,1,4,0,0,145
4,2,2026-04-08,2,4,0,0,154
4,2,2026-04-09,3,4,0,0,121
4,2,2026-04-10,4,4,0,0,151
4,2,2026-04-11,5,4,0,0,210
4,2,2026-04-12,6,4,0,0,197
4,2,2026-04-13,0,4,0,0,172
4,2,2026-04-14,1,4,0,0,145
4,2,2026-04-15,2,4,0,0,144
4,2,2026-04-16,3,4,0,0,130
4,2,2026-04-17,4,4,0,0,145
4,2,2026-04-18,5,4,0,0,244
4,2,2026-04-19,6,4,0,0,200
4,2,2026-04-20,0,4,0,0,141
4,2,2026-04-21,1,4,0,0,133
4,2,2026-04-22,2,4,0,0,121
4,2,2026-04-23,3,4,0,0,136
4,2,2026-04-24,4,4,0,0,169
4,2,2026-04-25,5,4,0,0,182
4,2,2026-04-26,6,4,0,0,169
4,2,2026-04-27,0,4,0,0,136
4,2,2026-04-28,1,4,0,0,166
4,2,2026-04-29,2,4,0,0,152
4,2,2026-04-30,3,4,0,0,140
4,2,2026-05-01,4,5,0,0,141
4,2,2026-05-02,5,5,0,0,243
4,2,2026-05-03,6,5,0,0,218
4,2,2026-05-04,0,5,0,1,248
4,2,2026-05-05,1,5,0,0,113
4,2,2026-05-06,2,5,0,0,145
4,2,2026-05-07,3,5,0,0,135
4,2,2026-05-08,4,5,0,0,158
4,2,2026-05-09,5,5,0,0,214
4,2,2026-05-10,6,5,0,0,196
4,2,2026-05-11,0,5,0,0,130
4,2,2026-05-12,1,5,0,0,135
4,2,2026-05-13,2,5,0,0,160
4,2,2026-05-14,3,5,0,0,162
4,2,2026-05-15,4,5,0,0,150
4,2,2026-05-16,5,5,0,0,191
4,2,2026-05-17,6,5,0,0,189
4,2,2026-05-18,0,5,0,0,153
4,2,2026-05-19,1,5,0,0,162
4,2,2026-05-20,2,5,0,0,160
4,2,2026-05-21,3,5,0,0,148
4,2,2026-05-22,4,5,0,0,147
4,2,2026-05-23,5,5,0,0,186
4,2,2026-05-24,6,5,0,0,168
4,2,2026-05-25,0,5,0,0,132
4,2,2026-05-26,1,5,0,0,158
4,2,2026-05-27,2,5,0,0,134
4,2,2026-05-28,3,5,0,0,164
4,2,2026-05-29,4,5,0,0,147
4,2,2026-05-30,5,5,0,0,208
4,2,2026-05-31,6,5,0,0,204
4,2,2026-06-01,0,6,0,0,155
4,2,2026-06-02,1,6,0,0,131
4,2,2026-06-03,2,6,0,0,147
4,2,2026-06-04,3,6,0,0,154
4,2,2026-06-05,4,6,0,0,111
4,2,2026-06-06,5,6,0,0,221
4,2,2026-06-07,6,6,0,0,234
4,2,2026-06-08,0,6,0,0,157
4,2,2026-06-09,1,6,0,0,155
4,2,2026-06-10,2,6,0,0,151
4,2,2026-06-11,3,6,0,1,191
4,2,2026-06-12,4,6,0,0,138
4,2,2026-06-13,5,6,0,0,203
4,2,2026-06-14,6,6,0,0,157
4,2,2026-06-15,0,6,0,0,120
4,2,2026-06-16,1,6,0,0,133
4,2,2026-06-17,2,6,0,1,217
4,2,2026-06-18,3,6,0,1,177
4,2,2026-06-19,4,6,0,0,136
4,2,2026-06-20,5,6,0,0,178
4,2,2026-06-21,6,6,0,0,156
4,2,2026-06-22,0,6,0,0,95
4,2,2026-06-23,1,6,0,1,173
4,2,2026-06-24,2,6,0,0,145
4,2,2026-06-25,3,6,0,1,213
4,2,2026-06-26,4,6,0,0,149
4,2,2026-06-27,5,6,0,1,259
4,2,2026-06-28,6,6,0,0,165
4,2,2026-06-29,0,6,0,0,124
4,2,2026-06-30,1,6,0,0,147
4,2,2026-07-01,2,7,0,0,128
4,2,2026-07-02,3,7,0,0,148
4,2,2026-07-03,4,7,0,0,139
4,2,2026-07-04,5,7,0,0,202
4,2,2026-07-05,6,7,0,0,162
4,2,2026-07-06,0,7,0,0,151
4,2,2026-07-07,1,7,0,0,168
4,2,2026-07-08,2,7,0,0,133
4,2,2026-07-09,3,7,0,0,141
4,2,2026-07-10,4,7,0,0,116
4,2,2026-07-11,5,7,0,0,193
4,2,2026-07-12,6,7,0,0,198
4,2,2026-07-13,0,7,0,0,124
4,2,2026-07-14,1,7,0,0,143
4,2,2026-07-15,2,7,0,0,137
4,2,2026-07-16,3,7,0,0,139
4,2,2026-07-17,4,7,0,0,147
4,2,2026-07-18,5,7,0,0,184
4,2,2026-07-19,6,7,0,1,228
4,2,2026-07-20,0,7,0,0,147
4,2,2026-07-21,1,7,0,0,152
4,2,2026-07-22,2,7,0,0,123
4,2,2026-07-23,3,7,0,0,132
4,2,2026-07-24,4,7,0,0,101
4,2,2026-07-25,5,7,0,0,186
4,2,2026-07-26,6,7,0,0,201
4,2,2026-07-27,0,7,0,0,128
4,2,2026-07-28,1,7,0,0,135
4,2,2026-07-29,2,7,0,0,129
4,2,2026-07-30,3,7,0,0,126
4,2,2026-07-31,4,7,0,0,137
4,2,2026-08-01,5,8,0,1,203
4,2,2026-08-02,6,8,0,0,162
4,2,2026-08-03,0,8,0,1,164
4,2,2026-08-04,1,8,0,0,137
4,2,2026-08-05,2,8,0,0,131
4,2,2026-08-06,3,8,0,0,119
4,2,2026-08-07,4,8,0,1,187
4,2,2026-08-08,5,8,0,0,162
4,2,2026-08-09,6,8,0,0,192
4,2,2026-08-10,0,8,0,0,119
4,2,2026-08-11,1,8,0,0,137
4,2,2026-08-12,2,8,0,0,115
4,2,2026-08-13,3,8,0,0,140
4,2,2026-08-14,4,8,0,0,144
4,2,2026-08-15,5,8,0,0,191
4,2,2026-08-16,6,8,0,0,200
4,2,2026-08-17,0,8,0,0,132
4,2,2026-08-18,1,8,0,1,217
4,2,2026-08-19,2,8,0,0,154
4,2,2026-08-20,3,8,0,0,108
4,2,2026-08-21,4,8,0,0,117
4,2,2026-08-22,5,8,0,0,134
4,2,2026-08-23,6,8,0,0,191
4,2,2026-08-24,0,8,0,0,101
4,2,2026-08-25,1,8,0,0,97
4,2,2026-08-26,2,8,0,0,108
4,2,2026-08-27,3,8,0,0,98
4,2,2026-08-28,4,8,0,1,193
4,2,2026-08-29,5,8,0,0,143
4,2,2026-08-30,6,8,0,0,130
4,2,2026-08-31,0,8,0,0,126
4,3,2024-09-01,6,9,0,0,77
4,3,2024-09-02,0,9,0,0,57
4,3,2024-09-03,1,9,0,0,61
4,3,2024-09-04,2,9,0,0,64
4,3,2024-09-05,3,9,0,0,66
4,3,2024-09-06,4,9,0,0,64
4,3,2024-09-07,5,9,0,0,73
4,3,2024-09-08,6,9,0,0,81
4,3,2024-09-09,0,9,0,0,63
4,3,2024-09-10,1,9,0,0,57
4,3,2024-09-11,2,9,0,0,58
4,3,2024-09-12,3,9,0,0,64
4,3,2024-09-13,4,9,0,0,67
4,3,2024-09-14,5,9,0,0,65
4,3,2024-09-15,6,9,0,0,88
4,3,2024-09-16,0,9,0,0,66
4,3,2024-09-17,1,9,0,0,61
4,3,2024-09-18,2,9,0,1,89
4,3,2024-09-19,3,9,0,0,62
4,3,2024-09-20,4,9,0,0,57
4,3,2024-09-21,5,9,0,0,76
4,3,2024-09-22,6,9,0,0,68
4,3,2024-09-23,0,9,0,0,52
4,3,2024-09-24,1,9,0,0,72
4,3,2024-09-25,2,9,0,1,92
4,3,2024-09-26,3,9,0,0,62
4,3,2024-09-27,4,9,0,0,60
4,3,2024-09-28,5,9,0,0,72
4,3,2024-09-29,6,9,0,0,75
4,3,2024-09-30,0,9,0,0,61
4,3,2024-10-01,1,10,0,0,61
4,3,2024-10-02,2,10,0,0,58
4,3,2024-10-03,3,10,0,0,64
4,3,2024-10-04,4,10,0,0,63
4,3,2024-10-05,5,10,0,0,81
4,3,2024-10-06,6,10,0,0,83
4,3,2024-10-07,0,10,0,0,61
4,3,2024-10-08,1,10,0,0,61
4,3,2024-10-09,2,10,0,0,69
4,3,2024-10-10,3,10,0,0,57
4,3,2024-10-11,4,10,0,0,52
4,3,2024-10-12,5,10,0,0,82
4,3,2024-10-13,6,10,0,0,74
4,3,2024-10-14,0,10,0,0,56
4,3,2024-10-15,1,10,0,0,66
4,3,2024-10-16,2,10,0,0,61
4,3,2024-10-17,3,10,0,0,55
4,3,2024-10-18,4,10,0,0,72
4,3,2024-10-19,5,10,0,0,68
4,3,2024-10-20,6,10,0,0,78
4,3,2024-10-21,0,10,0,0,52
4,3,2024-10-22,1,10,0,0,63
4,3,2024-10-23,2,10,0,0,58
4,3,2024-10-24,3,10,0,0,66
4,3,2024-10-25,4,10,0,0,62
4,3,2024-10-26,5,10,0,0,87
4,3,2024-10-27,6,10,0,1,105
4,3,2024-10-28,0,10,0,0,53
4,3,2024-10-29,1,10,0,0,63
4,3,2024-10-30,2,10,0,0,60
4,3,2024-10-31,3,10,0,0,52
4,3,2024-11-01,4,11,0,0,59
4,3,2024-11-02,5,11,0,0,76
4,3,2024-11-03,6,11,0,0,92
4,3,2024-11-04,0,11,0,0,69
4,3,2024-11-05,1,11,0,1,93
4,3,2024-11-06,2,11,0,0,67
4,3,2024-11-07,3,11,0,1,79
4,3,2024-11-08,4,11,0,0,62
4,3,2024-11-09,5,11,0,0,84
4,3,2024-11-10,6,11,0,1,114
4,3,2024-11-11,0,11,0,0,62
4,3,2024-11-12,1,11,0,0,65
4,3,2024-11-13,2,11,0,0,67
4,3,2024-11-14,3,11,0,0,65
4,3,2024-11-15,4,11,0,0,70
4,3,2024-11-16,5,11,0,0,84
4,3,2024-11-17,6,11,0,0,85
4,3,2024-11-18,0,11,0,0,74
4,3,2024-11-19,1,11,0,0,69
4,3,2024-11-20,2,11,0,0,74
4,3,2024-11-21,3,11,0,1,90
4,3,2024-11-22,4,11,1,0,92
4,3,2024-11-23,5,11,1,0,121
4,3,2024-11-24,6,11,1,0,120
4,3,2024-11-25,0,11,1,0,119
4,3,2024-11-26,1,11,1,0,96
4,3,2024-11-27,2,11,1,0,105
4,3,2024-11-28,3,11,1,0,110
4,3,2024-11-29,4,11,0,0,66
4,3,2024-11-30,5,11,0,0,80
4,3,2024-12-01,6,12,0,0,88
4,3,2024-12-02,0,12,0,1,109
4,3,2024-12-03,1,12,0,0,78
4,3,2024-12-04,2,12,0,0,69
4,3,2024-12-05,3,12,0,0,64
4,3,2024-12-06,4,12,0,0,78
4,3,2024-12-07,5,12,0,0,78
4,3,2024-12-08,6,12,0,0,99
4,3,2024-12-09,0,12,0,0,77
4,3,2024-12-10,1,12,0,0,78
4,3,2024-12-11,2,12,0,0,73
4,3,2024-12-12,3,12,0,0,57
4,3,2024-12-13,4,12,0,0,63
4,3,2024-12-14,5,12,0,0,88
4,3,2024-12-15,6,12,0,0,81
4,3,2024-12-16,0,12,0,0,67
4,3,2024-12-17,1,12,0,0,73
4,3,2024-12-18,2,12,0,0,68
4,3,2024-12-19,3,12,0,0,62
4,3,2024-12-20,4,12,0,1,107
4,3,2024-12-21,5,12,0,1,122
4,3,2024-12-22,6,12,0,0,84
4,3,2024-12-23,0,12,0,0,73
4,3,2024-12-24,1,12,1,0,111
4,3,2024-12-25,2,12,1,0,123
4,3,2024-12-26,3,12,0,0,70
4,3,2024-12-27,4,12,0,0,77
4,3,2024-12-28,5,12,0,0,72
4,3,2024-12-29,6,12,0,0,89
4,3,2024-12-30,0,12,0,1,97
4,3,2024-12-31,1,12,1,0,102
4,3,2025-01-01,2,1,0,0,81
4,3,2025-01-02,3,1,0,0,79
4,3,2025-01-03,4,1,0,0,61
4,3,2025-01-04,5,1,0,0,95
4,3,2025-01-05,6,1,0,0,95
4,3,2025-01-06,0,1,0,0,69
4,3,2025-01-07,1,1,0,0,68
4,3,2025-01-08,2,1,0,0,64
4,3,2025-01-09,3,1,0,0,71
4,3,2025-01-10,4,1,0,0,72
4,3,2025-01-11,5,1,0,0,96
4,3,2025-01-12,6,1,0,1,124
4,3,2025-01-13,0,1,0,0,67
4,3,2025-01-14,1,1,0,0,75
4,3,2025-01-15,2,1,0,0,72
4,3,2025-01-16,3,1,0,0,68
4,3,2025-01-17,4,1,0,0,64
4,3,2025-01-18,5,1,0,0,95
4,3,2025-01-19,6,1,0,0,94
4,3,2025-01-20,0,1,0,0,77
4,3,2025-01-21,1,1,0,0,69
4,3,2025-01-22,2,1,0,0,75
4,3,2025-01-23,3,1,0,0,65
4,3,2025-01-24,4,1,0,0,67
4,3,2025-01-25,5,1,0,0,90
4,3,2025-01-26,6,1,0,0,92
4,3,2025-01-27,0,1,0,0,63
4,3,2025-01-28,1,1,0,0,67
4,3,2025-01-29,2,1,0,0,71
4,3,2025-01-30,3,1,0,0,79
4,3,2025-01-31,4,1,0,0,69
4,3,2025-02-01,5,2,0,0,94
4,3,2025-02-02,6,2,0,0,95
4,3,2025-02-03,0,2,0,0,75
4,3,2025-02-04,1,2,0,0,78
4,3,2025-02-05,2,2,0,0,68
4,3,2025-02-06,3,2,0,0,72
4,3,2025-02-07,4,2,0,0,86
4,3,2025-02-08,5,2,0,0,105
4,3,2025-02-09,6,2,0,0,100
4,3,2025-02-10,0,2,0,0,84
4,3,2025-02-11,1,2,0,0,65
4,3,2025-02-12,2,2,0,0,71
4,3,2025-02-13,3,2,0,0,75
4,3,2025-02-14,4,2,0,0,92
4,3,2025-02-15,5,2,0,0,91
4,3,2025-02-16,6,2,0,0,99
4,3,2025-02-17,0,2,0,0,79
4,3,2025-02-18,1,2,0,0,79
4,3,2025-02-19,2,2,0,0,77
4,3,2025-02-20,3,2,0,0,69
4,3,2025-02-21,4,2,0,0,59
4,3,2025-02-22,5,2,0,0,103
4,3,2025-02-23,6,2,0,0,89
4,3,2025-02-24,0,2,0,0,65
4,3,2025-02-25,1,2,0,0,80
4,3,2025-02-26,2,2,0,1,111
4,3,2025-02-27,3,2,0,0,82
4,3,2025-02-28,4,2,0,0,84
4,3,2025-03-01,5,3,0,0,87
4,3,2025-03-02,6,3,0,0,88
4,3,2025-03-03,0,3,0,0,76
4,3,2025-03-04,1,3,0,0,83
4,3,2025-03-05,2,3,0,0,64
4,3,2025-03-06,3,3,0,0,79
4,3,2025-03-07,4,3,0,0,84
4,3,2025-03-08,5,3,0,0,102
4,3,2025-03-09,6,3,0,0,100
4,3,2025-03-10,0,3,0,0,85
4,3,2025-03-11,1,3,0,0,60
4,3,2025-03-12,2,3,0,0,88
4,3,2025-03-13,3,3,0,0,80
4,3,2025-03-14,4,3,0,0,87
4,3,2025-03-15,5,3,0,0,85
4,3,2025-03-16,6,3,0,0,81
4,3,2025-03-17,0,3,0,0,90
4,3,2025-03-18,1,3,0,0,72
4,3,2025-03-19,2,3,0,0,76
4,3,2025-03-20,3,3,0,0,81
4,3,2025-03-21,4,3,0,0,83
4,3,2025-03-22,5,3,0,0,103
4,3,2025-03-23,6,3,0,0,96
4,3,2025-03-24,0,3,0,0,71
4,3,2025-03-25,1,3,0,0,83
4,3,2025-03-26,2,3,0,0,83
4,3,2025-03-27,3,3,0,0,66
4,3,2025-03-28,4,3,0,0,87
4,3,2025-03-29,5,3,0,0,75
4,3,2025-03-30,6,3,0,0,103
4,3,2025-03-31,0,3,0,0,74
4,3,2025-04-01,1,4,0,0,81
4,3,2025-04-02,2,4,0,0,80
4,3,2025-04-03,3,4,0,0,77
4,3,2025-04-04,4,4,0,0,80
4,3,2025-04-05,5,4,0,0,93
4,3,2025-04-06,6,4,0,0,99
4,3,2025-04-07,0,4,0,0,91
4,3,2025-04-08,1,4,0,0,68
4,3,2025-04-09,2,4,0,0,56
4,3,2025-04-10,3,4,0,0,74
4,3,2025-04-11,4,4,0,0,74
4,3,2025-04-12,5,4,0,0,91
4,3,2025-04-13,6,4,0,0,86
4,3,2025-04-14,0,4,0,0,83
4,3,2025-04-15,1,4,0,0,68
4,3,2025-04-16,2,4,0,0,80
4,3,2025-04-17,3,4,0,0,81
4,3,2025-04-18,4,4,0,0,79
4,3,2025-04-19,5,4,0,0,98
4,3,2025-04-20,6,4,0,0,101
4,3,2025-04-21,0,4,0,0,77
4,3,2025-04-22,1,4,0,0,75
4,3,2025-04-23,2,4,0,0,80
4,3,2025-04-24,3,4,0,0,81
4,3,2025-04-25,4,4,0,0,83
4,3,2025-04-26,5,4,0,0,80
4,3,2025-04-27,6,4,0,0,92
4,3,2025-04-28,0,4,0,0,70
4,3,2025-04-29,1,4,0,0,81
4,3,2025-04-30,2,4,0,0,82
4,3,2025-05-01,3,5,0,0,72
4,3,2025-05-02,4,5,0,0,70
4,3,2025-05-03,5,5,0,0,95
4,3,2025-05-04,6,5,0,0,90
4,3,2025-05-05,0,5,0,0,83
4,3,2025-05-06,1,5,0,0,85
4,3,2025-05-07,2,5,0,0,80
4,3,2025-05-08,3,5,0,0,76
4,3,2025-05-09,4,5,0,0,85
4,3,2025-05-10,5,5,0,0,93
4,3,2025-05-11,6,5,0,0,87
4,3,2025-05-12,0,5,0,0,70
4,3,2025-05-13,1,5,0,0,70
4,3,2025-05-14,2,5,0,0,74
4,3,2025-05-15,3,5,0,0,77
4,3,2025-05-16,4,5,0,0,65
4,3,2025-05-17,5,5,0,1,117
4,3,2025-05-18,6,5,0,0,92
4,3,2025-05-19,0,5,0,0,78
4,3,2025-05-20,1,5,0,0,74
4,3,2025-05-21,2,5,0,0,76
4,3,2025-05-22,3,5,0,0,66
4,3,2025-05-23,4,5,0,0,68
4,3,2025-05-24,5,5,0,0,90
4,3,2025-05-25,6,5,0,0,95
4,3,2025-05-26,0,5,0,0,76
4,3,2025-05-27,1,5,0,0,69
4,3,2025-05-28,2,5,0,0,73
4,3,2025-05-29,3,5,0,0,84
4,3,2025-05-30,4,5,0,0,78
4,3,2025-05-31,5,5,0,0,90
4,3,2025-06-01,6,6,0,0,79
4,3,2025-06-02,0,6,0,0,66
4,3,2025-06-03,1,6,0,0,70
4,3,2025-06-04,2,6,0,0,72
4,3,2025-06-05,3,6,0,0,73
4,3,2025-06-06,4,6,0,0,72
4,3,2025-06-07,5,6,0,0,84
4,3,2025-06-08,6,6,0,0,83
4,3,2025-06-09,0,6,0,0,82
4,3,2025-06-10,1,6,0,0,67
4,3,2025-06-11,2,6,0,0,63
4,3,2025-06-12,3,6,0,0,61
4,3,2025-06-13,4,6,0,0,68
4,3,2025-06-14,5,6,0,0,94
4,3,2025-06-15,6,6,0,0,83
4,3,2025-06-16,0,6,0,0,79
4,3,2025-06-17,1,6,0,0,70
4,3,2025-06-18,2,6,0,0,77
4,3,2025-06-19,3,6,0,0,66
4,3,2025-06-20,4,6,0,0,66
4,3,2025-06-21,5,6,0,0,88
4,3,2025-06-22,6,6,0,0,90
4,3,2025-06-23,0,6,0,0,69
4,3,2025-06-24,1,6,0,0,72
4,3,2025-06-25,2,6,0,0,74
4,3,2025-06-26,3,6,0,0,62
4,3,2025-06-27,4,6,0,0,68
4,3,2025-06-28,5,6,0,0,83
4,3,2025-06-29,6,6,0,0,84
4,3,2025-06-30,0,6,0,0,73
4,3,2025-07-01,1,7,0,0,63
4,3,2025-07-02,2,7,0,0,55
4,3,2025-07-03,3,7,0,0,65
4,3,2025-07-04,4,7,0,0,60
4,3,2025-07-05,5,7,0,0,86
4,3,2025-07-06,6,7,0,0,88
4,3,2025-07-07,0,7,0,0,54
4,3,2025-07-08,1,7,0,0,62
4,3,2025-07-09,2,7,0,0,68
4,3,2025-07-10,3,7,0,0,58
4,3,2025-07-11,4,7,0,0,71
4,3,2025-07-12,5,7,0,0,90
4,3,2025-07-13,6,7,0,0,82
4,3,2025-07-14,0,7,0,0,62
4,3,2025-07-15,1,7,0,0,53
4,3,2025-07-16,2,7,0,0,71
4,3,2025-07-17,3,7,0,0,77
4,3,2025-07-18,4,7,0,0,76
4,3,2025-07-19,5,7,0,0,82
4,3,2025-07-20,6,7,0,0,75
4,3,2025-07-21,0,7,0,0,71
4,3,2025-07-22,1,7,0,0,66
4,3,2025-07-23,2,7,0,0,69
4,3,2025-07-24,3,7,0,0,68
4,3,2025-07-25,4,7,0,0,67
4,3,2025-07-26,5,7,0,0,90
4,3,2025-07-27,6,7,0,0,90
4,3,2025-07-28,0,7,0,0,63
4,3,2025-07-29,1,7,0,0,61
4,3,2025-07-30,2,7,0,0,52
4,3,2025-07-31,3,7,0,0,64
4,3,2025-08-01,4,8,0,0,58
4,3,2025-08-02,5,8,0,0,83
4,3,2025-08-03,6,8,0,0,78
4,3,2025-08-04,0,8,0,0,62
4,3,2025-08-05,1,8,0,0,68
4,3,2025-08-06,2,8,0,0,65
4,3,2025-08-07,3,8,0,0,63
4,3,2025-08-08,4,8,0,0,72
4,3,2025-08-09,5,8,0,0,85
4,3,2025-08-10,6,8,0,0,77
4,3,2025-08-11,0,8,0,0,61
4,3,2025-08-12,1,8,0,0,68
4,3,2025-08-13,2,8,0,0,64
4,3,2025-08-14,3,8,0,0,57
4,3,2025-08-15,4,8,0,0,68
4,3,2025-08-16,5,8,0,0,89
4,3,2025-08-17,6,8,0,0,88
4,3,2025-08-18,0,8,0,0,72
4,3,2025-08-19,1,8,0,0,74
4,3,2025-08-20,2,8,0,0,73
4,3,2025-08-21,3,8,0,0,65
4,3,2025-08-22,4,8,0,1,93
4,3,2025-08-23,5,8,0,0,68
4,3,2025-08-24,6,8,0,0,80
4,3,2025-08-25,0,8,0,0,66
4,3,2025-08-26,1,8,0,0,64
4,3,2025-08-27,2,8,0,0,53
4,3,2025-08-28,3,8,0,0,62
4,3,2025-08-29,4,8,0,0,67
4,3,2025-08-30,5,8,0,0,73
4,3,2025-08-31,6,8,0,1,113
4,3,2025-09-01,0,9,0,0,65
4,3,2025-09-02,1,9,0,0,68
4,3,2025-09-03,2,9,0,0,71
4,3,2025-09-04,3,9,0,0,60
4,3,2025-09-05,4,9,0,0,63
4,3,2025-09-06,5,9,0,0,81
4,3,2025-09-07,6,9,0,1,116
4,3,2025-09-08,0,9,0,0,65
4,3,2025-09-09,1,9,0,0,70
4,3,2025-09-10,2,9,0,0,50
4,3,2025-09-11,3,9,0,0,65
4,3,2025-09-12,4,9,0,0,65
4,3,2025-09-13,5,9,0,0,78
4,3,2025-09-14,6,9,0,0,64
4,3,2025-09-15,0,9,0,0,62
4,3,2025-09-16,1,9,0,0,59
4,3,2025-09-17,2,9,0,0,71
4,3,2025-09-18,3,9,0,0,64
4,3,2025-09-19,4,9,0,0,58
4,3,2025-09-20,5,9,0,0,66
4,3,2025-09-21,6,9,0,0,83
4,3,2025-09-22,0,9,0,0,66
4,3,2025-09-23,1,9,0,0,61
4,3,2025-09-24,2,9,0,0,66
4,3,2025-09-25,3,9,0,0,61
4,3,2025-09-26,4,9,0,0,68
4,3,2025-09-27,5,9,0,0,86
4,3,2025-09-28,6,9,0,0,68
4,3,2025-09-29,0,9,0,0,55
4,3,2025-09-30,1,9,0,0,73
4,3,2025-10-01,2,10,0,0,69
4,3,2025-10-02,3,10,0,0,57
4,3,2025-10-03,4,10,0,0,55
4,3,2025-10-04,5,10,0,0,82
4,3,2025-10-05,6,10,0,0,73
4,3,2025-10-06,0,10,0,0,62
4,3,2025-10-07,1,10,0,0,63
4,3,2025-10-08,2,10,0,0,63
4,3,2025-10-09,3,10,0,0,70
4,3,2025-10-10,4,10,0,0,74
4,3,2025-10-11,5,10,0,0,77
4,3,2025-10-12,6,10,0,0,73
4,3,2025-10-13,0,10,0,0,66
4,3,2025-10-14,1,10,0,0,72
4,3,2025-10-15,2,10,0,0,62
4,3,2025-10-16,3,10,0,0,68
4,3,2025-10-17,4,10,0,0,59
4,3,2025-10-18,5,10,0,0,81
4,3,2025-10-19,6,10,0,0,73
4,3,2025-10-20,0,10,0,1,95
4,3,2025-10-21,1,10,0,0,63
4,3,2025-10-22,2,10,0,0,67
4,3,2025-10-23,3,10,0,0,73
4,3,2025-10-24,4,10,0,0,62
4,3,2025-10-25,5,10,0,0,67
4,3,2025-10-26,6,10,0,0,79
4,3,2025-10-27,0,10,0,0,65
4,3,2025-10-28,1,10,0,0,65
4,3,2025-10-29,2,10,0,1,93
4,3,2025-10-30,3,10,0,0,72
4,3,2025-10-31,4,10,0,0,65
4,3,2025-11-01,5,11,0,0,83
4,3,2025-11-02,6,11,0,0,78
4,3,2025-11-03,0,11,0,0,57
4,3,2025-11-04,1,11,0,0,69
4,3,2025-11-05,2,11,0,0,68
4,3,2025-11-06,3,11,0,1,89
4,3,2025-11-07,4,11,0,0,67
4,3,2025-11-08,5,11,0,0,83
4,3,2025-11-09,6,11,0,0,79
4,3,2025-11-10,0,11,0,1,91
4,3,2025-11-11,1,11,0,0,69
4,3,2025-11-12,2,11,0,0,66
4,3,2025-11-13,3,11,0,0,64
4,3,2025-11-14,4,11,0,1,91
4,3,2025-11-15,5,11,0,0,83
4,3,2025-11-16,6,11,0,1,123
4,3,2025-11-17,0,11,0,0,68
4,3,2025-11-18,1,11,0,0,66
4,3,2025-11-19,2,11,0,0,69
4,3,2025-11-20,3,11,0,0,75
4,3,2025-11-21,4,11,0,0,70
4,3,2025-11-22,5,11,1,0,128
4,3,2025-11-23,6,11,1,0,131
4,3,2025-11-24,0,11,1,0,107
4,3,2025-11-25,1,11,1,0,110
4,3,2025-11-26,2,11,1,0,104
4,3,2025-11-27,3,11,1,0,94
4,3,2025-11-28,4,11,1,0,111
4,3,2025-11-29,5,11,0,0,86
4,3,2025-11-30,6,11,0,0,82
4,3,2025-12-01,0,12,0,0,77
4,3,2025-12-02,1,12,0,0,67
4,3,2025-12-03,2,12,0,0,61
4,3,2025-12-04,3,12,0,0,67
4,3,2025-12-05,4,12,0,0,62
4,3,2025-12-06,5,12,0,0,90
4,3,2025-12-07,6,12,0,0,82
4,3,2025-12-08,0,12,0,0,77
4,3,2025-12-09,1,12,0,0,77
4,3,2025-12-10,2,12,0,0,66
4,3,2025-12-11,3,12,0,0,66
4,3,2025-12-12,4,12,0,0,74
4,3,2025-12-13,5,12,0,0,95
4,3,2025-12-14,6,12,0,0,73
4,3,2025-12-15,0,12,0,0,73
4,3,2025-12-16,1,12,0,0,58
4,3,2025-12-17,2,12,0,0,68
4,3,2025-12-18,3,12,0,0,78
4,3,2025-12-19,4,12,0,1,128
4,3,2025-12-20,5,12,0,0,86
4,3,2025-12-21,6,12,0,0,79
4,3,2025-12-22,0,12,0,0,68
4,3,2025-12-23,1,12,0,0,72
4,3,2025-12-24,2,12,1,0,106
4,3,2025-12-25,3,12,1,0,104
4,3,2025-12-26,4,12,0,0,69
4,3,2025-12-27,5,12,0,0,91
4,3,2025-12-28,6,12,0,0,87
4,3,2025-12-29,0,12,0,0,66
4,3,2025-12-30,1,12,0,0,67
4,3,2025-12-31,2,12,1,0,109
4,3,2026-01-01,3,1,0,0,69
4,3,2026-01-02,4,1,0,0,71
4,3,2026-01-03,5,1,0,0,97
4,3,2026-01-04,6,1,0,0,90
4,3,2026-01-05,0,1,0,1,91
4,3,2026-01-06,1,1,0,0,82
4,3,2026-01-07,2,1,0,0,78
4,3,2026-01-08,3,1,0,0,67
4,3,2026-01-09,4,1,0,0,73
4,3,2026-01-10,5,1,0,0,86
4,3,2026-01-11,6,1,0,0,97
4,3,2026-01-12,0,1,0,0,73
4,3,2026-01-13,1,1,0,0,75
4,3,2026-01-14,2,1,0,0,74
4,3,2026-01-15,3,1,0,0,66
4,3,2026-01-16,4,1,0,1,119
4,3,2026-01-17,5,1,0,1,130
4,3,2026-01-18,6,1,0,0,86
4,3,2026-01-19,0,1,0,0,77
4,3,2026-01-20,1,1,0,0,82
4,3,2026-01-21,2,1,0,0,76
4,3,2026-01-22,3,1,0,0,85
4,3,2026-01-23,4,1,0,0,94
4,3,2026-01-24,5,1,0,1,122
4,3,2026-01-25,6,1,0,0,88
4,3,2026-01-26,0,1,0,0,69
4,3,2026-01-27,1,1,0,0,62
4,3,2026-01-28,2,1,0,0,83
4,3,2026-01-29,3,1,0,0,73
4,3,2026-01-30,4,1,0,0,81
4,3,2026-01-31,5,1,0,0,101
4,3,2026-02-01,6,2,0,0,87
4,3,2026-02-02,0,2,0,0,72
4,3,2026-02-03,1,2,0,0,90
4,3,2026-02-04,2,2,0,1,109
4,3,2026-02-05,3,2,0,0,74
4,3,2026-02-06,4,2,0,0,72
4,3,2026-02-07,5,2,0,0,94
4,3,2026-02-08,6,2,0,0,107
4,3,2026-02-09,0,2,0,0,83
4,3,2026-02-10,1,2,0,0,80
4,3,2026-02-11,2,2,0,0,89
4,3,2026-02-12,3,2,0,0,88
4,3,2026-02-13,4,2,0,0,81
4,3,2026-02-14,5,2,0,0,118
4,3,2026-02-15,6,2,0,0,93
4,3,2026-02-16,0,2,0,0,86
4,3,2026-02-17,1,2,0,0,76
4,3,2026-02-18,2,2,0,0,85
4,3,2026-02-19,3,2,0,0,77
4,3,2026-02-20,4,2,0,0,82
4,3,2026-02-21,5,2,0,0,115
4,3,2026-02-22,6,2,0,0,103
4,3,2026-02-23,0,2,0,0,82
4,3,2026-02-24,1,2,0,1,102
4,3,2026-02-25,2,2,0,0,80
4,3,2026-02-26,3,2,0,0,72
4,3,2026-02-27,4,2,0,0,85
4,3,2026-02-28,5,2,0,0,102
4,3,2026-03-01,6,3,0,0,95
4,3,2026-03-02,0,3,0,1,126
4,3,2026-03-03,1,3,0,0,90
4,3,2026-03-04,2,3,0,1,112
4,3,2026-03-05,3,3,0,0,84
4,3,2026-03-06,4,3,0,0,76
4,3,2026-03-07,5,3,0,0,94
4,3,2026-03-08,6,3,0,0,88
4,3,2026-03-09,0,3,0,1,106
4,3,2026-03-10,1,3,0,0,79
4,3,2026-03-11,2,3,0,0,69
4,3,2026-03-12,3,3,0,0,84
4,3,2026-03-13,4,3,0,0,87
4,3,2026-03-14,5,3,0,0,97
4,3,2026-03-15,6,3,0,0,75
4,3,2026-03-16,0,3,0,0,78
4,3,2026-03-17,1,3,0,0,71
4,3,2026-03-18,2,3,0,1,105
4,3,2026-03-19,3,3,0,0,90
4,3,2026-03-20,4,3,0,0,64
4,3,2026-03-21,5,3,0,0,90
4,3,2026-03-22,6,3,0,0,103
4,3,2026-03-23,0,3,0,0,75
4,3,2026-03-24,1,3,0,0,75
4,3,2026-03-25,2,3,0,0,94
4,3,2026-03-26,3,3,0,0,83
4,3,2026-03-27,4,3,0,0,86
4,3,2026-03-28,5,3,0,0,101
4,3,2026-03-29,6,3,0,0,98
4,3,2026-03-30,0,3,0,0,89
4,3,2026-03-31,1,3,0,0,93
4,3,2026-04-01,2,4,0,0,68
4,3,2026-04-02,3,4,0,0,79
4,3,2026-04-03,4,4,0,0,79
4,3,2026-04-04,5,4,0,0,92
4,3,2026-04-05,6,4,0,0,104
4,3,2026-04-06,0,4,0,0,81
4,3,2026-04-07,1,4,0,0,92
4,3,2026-04-08,2,4,0,0,86
4,3,2026-04-09,3,4,0,0,88
4,3,2026-04-10,4,4,0,0,71
4,3,2026-04-11,5,4,0,0,89
4,3,2026-04-12,6,4,0,0,90
4,3,2026-04-13,0,4,0,0,88
4,3,2026-04-14,1,4,0,0,73
4,3,2026-04-15,2,4,0,0,73
4,3,2026-04-16,3,4,0,0,72
4,3,2026-04-17,4,4,0,0,97
4,3,2026-04-18,5,4,0,0,95
4,3,2026-04-19,6,4,0,1,132
4,3,2026-04-20,0,4,0,1,99
4,3,2026-04-21,1,4,0,0,85
4,3,2026-04-22,2,4,0,1,94
4,3,2026-04-23,3,4,0,0,73
4,3,2026-04-24,4,4,0,0,74
4,3,2026-04-25,5,4,0,0,98
4,3,2026-04-26,6,4,0,0,89
4,3,2026-04-27,0,4,0,0,89
4,3,2026-04-28,1,4,0,1,115
4,3,2026-04-29,2,4,0,0,75
4,3,2026-04-30,3,4,0,0,86
4,3,2026-05-01,4,5,0,0,74
4,3,2026-05-02,5,5,0,0,88
4,3,2026-05-03,6,5,0,0,100
4,3,2026-05-04,0,5,0,0,60
4,3,2026-05-05,1,5,0,0,81
4,3,2026-05-06,2,5,0,0,72
4,3,2026-05-07,3,5,0,0,72
4,3,2026-05-08,4,5,0,0,89
4,3,2026-05-09,5,5,0,0,89
4,3,2026-05-10,6,5,0,0,100
4,3,2026-05-11,0,5,0,0,78
4,3,2026-05-12,1,5,0,0,79
4,3,2026-05-13,2,5,0,0,75
4,3,2026-05-14,3,5,0,0,74
4,3,2026-05-15,4,5,0,0,86
4,3,2026-05-16,5,5,0,0,100
4,3,2026-05-17,6,5,0,0,89
4,3,2026-05-18,0,5,0,0,69
4,3,2026-05-19,1,5,0,0,72
4,3,2026-05-20,2,5,0,0,82
4,3,2026-05-21,3,5,0,0,84
4,3,2026-05-22,4,5,0,0,80
4,3,2026-05-23,5,5,0,0,80
4,3,2026-05-24,6,5,0,0,99
4,3,2026-05-25,0,5,0,0,85
4,3,2026-05-26,1,5,0,0,77
4,3,2026-05-27,2,5,0,0,89
4,3,2026-05-28,3,5,0,0,68
4,3,2026-05-29,4,5,0,0,81
4,3,2026-05-30,5,5,0,0,85
4,3,2026-05-31,6,5,0,0,101
4,3,2026-06-01,0,6,0,0,76
4,3,2026-06-02,1,6,0,0,83
4,3,2026-06-03,2,6,0,0,75
4,3,2026-06-04,3,6,0,0,70
4,3,2026-06-05,4,6,0,0,69
4,3,2026-06-06,5,6,0,0,87
4,3,2026-06-07,6,6,0,0,85
4,3,2026-06-08,0,6,0,0,80
4,3,2026-06-09,1,6,0,0,80
4,3,2026-06-10,2,6,0,0,63
4,3,2026-06-11,3,6,0,0,72
4,3,2026-06-12,4,6,0,0,73
4,3,2026-06-13,5,6,0,0,83
4,3,2026-06-14,6,6,0,0,92
4,3,2026-06-15,0,6,0,0,81
4,3,2026-06-16,1,6,0,0,78
4,3,2026-06-17,2,6,0,0,80
4,3,2026-06-18,3,6,0,0,68
4,3,2026-06-19,4,6,0,0,72
4,3,2026-06-20,5,6,0,0,83
4,3,2026-06-21,6,6,0,0,91
4,3,2026-06-22,0,6,0,0,74
4,3,2026-06-23,1,6,0,0,78
4,3,2026-06-24,2,6,0,0,80
4,3,2026-06-25,3,6,0,0,76
4,3,2026-06-26,4,6,0,0,67
4,3,2026-06-27,5,6,0,1,106
4,3,2026-06-28,6,6,0,1,125
4,3,2026-06-29,0,6,0,0,81
4,3,2026-06-30,1,6,0,0,72
4,3,2026-07-01,2,7,0,0,59
4,3,2026-07-02,3,7,0,0,80
4,3,2026-07-03,4,7,0,0,71
4,3,2026-07-04,5,7,0,0,86
4,3,2026-07-05,6,7,0,1,104
4,3,2026-07-06,0,7,0,0,68
4,3,2026-07-07,1,7,0,0,72
4,3,2026-07-08,2,7,0,0,71
4,3,2026-07-09,3,7,0,0,64
4,3,2026-07-10,4,7,0,0,68
4,3,2026-07-11,5,7,0,0,81
4,3,2026-07-12,6,7,0,0,97
4,3,2026-07-13,0,7,0,0,73
4,3,2026-07-14,1,7,0,0,65
4,3,2026-07-15,2,7,0,0,62
4,3,2026-07-16,3,7,0,0,70
4,3,2026-07-17,4,7,0,0,65
4,3,2026-07-18,5,7,0,0,82
4,3,2026-07-19,6,7,0,0,77
4,3,2026-07-20,0,7,0,0,63
4,3,2026-07-21,1,7,0,0,69
4,3,2026-07-22,2,7,0,0,67
4,3,2026-07-23,3,7,0,0,83
4,3,2026-07-24,4,7,0,0,72
4,3,2026-07-25,5,7,0,0,77
4,3,2026-07-26,6,7,0,0,74
4,3,2026-07-27,0,7,0,0,71
4,3,2026-07-28,1,7,0,0,66
4,3,2026-07-29,2,7,0,0,76
4,3,2026-07-30,3,7,0,0,70
4,3,2026-07-31,4,7,0,1,83
4,3,2026-08-01,5,8,0,0,75
4,3,2026-08-02,6,8,0,0,77
4,3,2026-08-03,0,8,0,0,68
4,3,2026-08-04,1,8,0,0,60
4,3,2026-08-05,2,8,0,0,66
4,3,2026-08-06,3,8,0,0,58
4,3,2026-08-07,4,8,0,0,65
4,3,2026-08-08,5,8,0,0,85
4,3,2026-08-09,6,8,0,0,92
4,3,2026-08-10,0,8,0,0,67
4,3,2026-08-11,1,8,0,1,90
4,3,2026-08-12,2,8,0,0,74
4,3,2026-08-13,3,8,0,0,64
4,3,2026-08-14,4,8,0,0,70
4,3,2026-08-15,5,8,0,0,78
4,3,2026-08-16,6,8,0,0,83
4,3,2026-08-17,0,8,0,0,61
4,3,2026-08-18,1,8,0,0,67
4,3,2026-08-19,2,8,0,0,70
4,3,2026-08-20,3,8,0,0,63
4,3,2026-08-21,4,8,0,0,62
4,3,2026-08-22,5,8,0,0,85
4,3,2026-08-23,6,8,0,0,76
4,3,2026-08-24,0,8,0,0,57
4,3,2026-08-25,1,8,0,0,67
4,3,2026-08-26,2,8,0,0,65
4,3,2026-08-27,3,8,0,0,65
4,3,2026-08-28,4,8,0,0,68
4,3,2026-08-29,5,8,0,0,87
4,3,2026-08-30,6,8,0,0,81
4,3,2026-08-31,0,8,0,0,59
4,4,2024-09-01,6,9,0,0,90
4,4,2024-09-02,0,9,0,0,57
4,4,2024-09-03,1,9,0,0,71
4,4,2024-09-04,2,9,0,0,76
4,4,2024-09-05,3,9,0,0,84
4,4,2024-09-06,4,9,0,0,72
4,4,2024-09-07,5,9,0,0,99
4,4,2024-09-08,6,9,0,0,80
4,4,2024-09-09,0,9,0,0,66
4,4,2024-09-10,1,9,0,0,83
4,4,2024-09-11,2,9,0,0,56
4,4,2024-09-12,3,9,0,0,65
4,4,2024-09-13,4,9,0,1,122
4,4,2024-09-14,5,9,0,0,83
4,4,2024-09-15,6,9,0,0,82
4,4,2024-09-16,0,9,0,0,67
4,4,2024-09-17,1,9,0,1,107
4,4,2024-09-18,2,9,0,0,80
4,4,2024-09-19,3,9,0,0,79
4,4,2024-09-20,4,9,0,0,70
4,4,2024-09-21,5,9,0,1,140
4,4,2024-09-22,6,9,0,0,90
4,4,2024-09-23,0,9,0,0,78
4,4,2024-09-24,1,9,0,0,59
4,4,2024-09-25,2,9,0,0,87
4,4,2024-09-26,3,9,0,0,72
4,4,2024-09-27,4,9,0,0,42
4,4,2024-09-28,5,9,0,0,106
4,4,2024-09-29,6,9,0,1,122
4,4,2024-09-30,0,9,0,0,66
4,4,2024-10-01,1,10,0,1,97
4,4,2024-10-02,2,10,0,0,75
4,4,2024-10-03,3,10,0,0,62
4,4,2024-10-04,4,10,0,0,65
4,4,2024-10-05,5,10,0,1,113
4,4,2024-10-06,6,10,0,0,84
4,4,2024-10-07,0,10,0,0,66
4,4,2024-10-08,1,10,0,1,119
4,4,2024-10-09,2,10,0,0,74
4,4,2024-10-10,3,10,0,0,75
4,4,2024-10-11,4,10,0,0,77
4,4,2024-10-12,5,10,0,0,86
4,4,2024-10-13,6,10,0,0,75
4,4,2024-10-14,0,10,0,0,89
4,4,2024-10-15,1,10,0,0,80
4,4,2024-10-16,2,10,0,0,87
4,4,2024-10-17,3,10,0,0,81
4,4,2024-10-18,4,10,0,0,66
4,4,2024-10-19,5,10,0,0,58
4,4,2024-10-20,6,10,0,0,72
4,4,2024-10-21,0,10,0,0,77
4,4,2024-10-22,1,10,0,0,70
4,4,2024-10-23,2,10,0,0,67
4,4,2024-10-24,3,10,0,0,46
4,4,2024-10-25,4,10,0,0,71
4,4,2024-10-26,5,10,0,0,74
4,4,2024-10-27,6,10,0,0,78
4,4,2024-10-28,0,10,0,0,80
4,4,2024-10-29,1,10,0,0,61
4,4,2024-10-30,2,10,0,0,62
4,4,2024-10-31,3,10,0,0,73
4,4,2024-11-01,4,11,0,0,84
4,4,2024-11-02,5,11,0,0,86
4,4,2024-11-03,6,11,0,0,110
4,4,2024-11-04,0,11,0,0,61
4,4,2024-11-05,1,11,0,0,59
4,4,2024-11-06,2,11,0,0,58
4,4,2024-11-07,3,11,0,0,57
4,4,2024-11-08,4,11,0,0,78
4,4,2024-11-09,5,11,0,0,78
4,4,2024-11-10,6,11,0,0,73
4,4,2024-11-11,0,11,0,0,79
4,4,2024-11-12,1,11,0,0,83
4,4,2024-11-13,2,11,0,0,86
4,4,2024-11-14,3,11,0,0,84
4,4,2024-11-15,4,11,0,0,65
4,4,2024-11-16,5,11,0,0,95
4,4,2024-11-17,6,11,0,0,98
4,4,2024-11-18,0,11,0,0,70
4,4,2024-11-19,1,11,0,0,76
4,4,2024-11-20,2,11,0,1,90
4,4,2024-11-21,3,11,0,0,68
4,4,2024-11-22,4,11,1,0,128
4,4,2024-11-23,5,11,1,1,211
4,4,2024-11-24,6,11,1,0,161
4,4,2024-11-25,0,11,1,0,133
4,4,2024-11-26,1,11,1,0,123
4,4,2024-11-27,2,11,1,0,121
4,4,2024-11-28,3,11,1,0,97
4,4,2024-11-29,4,11,0,0,66
4,4,2024-11-30,5,11,0,0,81
4,4,2024-12-01,6,12,0,0,104
4,4,2024-12-02,0,12,0,0,90
4,4,2024-12-03,1,12,0,0,88
4,4,2024-12-04,2,12,0,0,93
4,4,2024-12-05,3,12,0,0,80
4,4,2024-12-06,4,12,0,0,68
4,4,2024-12-07,5,12,0,0,95
4,4,2024-12-08,6,12,0,0,86
4,4,2024-12-09,0,12,0,1,126
4,4,2024-12-10,1,12,0,1,109
4,4,2024-12-11,2,12,0,0,78
4,4,2024-12-12,3,12,0,0,87
4,4,2024-12-13,4,12,0,0,71
4,4,2024-12-14,5,12,0,0,109
4,4,2024-12-15,6,12,0,0,77
4,4,2024-12-16,0,12,0,0,83
4,4,2024-12-17,1,12,0,0,78
4,4,2024-12-18,2,12,0,0,89
4,4,2024-12-19,3,12,0,0,64
4,4,2024-12-20,4,12,0,1,90
4,4,2024-12-21,5,12,0,0,106
4,4,2024-12-22,6,12,0,0,91
4,4,2024-12-23,0,12,0,1,114
4,4,2024-12-24,1,12,1,0,115
4,4,2024-12-25,2,12,1,0,143
4,4,2024-12-26,3,12,0,0,83
4,4,2024-12-27,4,12,0,0,82
4,4,2024-12-28,5,12,0,0,80
4,4,2024-12-29,6,12,0,0,103
4,4,2024-12-30,0,12,0,0,68
4,4,2024-12-31,1,12,1,0,115
4,4,2025-01-01,2,1,0,0,68
4,4,2025-01-02,3,1,0,1,117
4,4,2025-01-03,4,1,0,0,97
4,4,2025-01-04,5,1,0,0,104
4,4,2025-01-05,6,1,0,0,94
4,4,2025-01-06,0,1,0,0,86
4,4,2025-01-07,1,1,0,0,86
4,4,2025-01-08,2,1,0,0,85
4,4,2025-01-09,3,1,0,0,87
4,4,2025-01-10,4,1,0,0,72
4,4,2025-01-11,5,1,0,0,102
4,4,2025-01-12,6,1,0,1,102
4,4,2025-01-13,0,1,0,0,91
4,4,2025-01-14,1,1,0,0,71
4,4,2025-01-15,2,1,0,0,99
4,4,2025-01-16,3,1,0,0,55
4,4,2025-01-17,4,1,0,0,105
4,4,2025-01-18,5,1,0,0,77
4,4,2025-01-19,6,1,0,0,84
4,4,2025-01-20,0,1,0,0,88
4,4,2025-01-21,1,1,0,0,92
4,4,2025-01-22,2,1,0,0,81
4,4,2025-01-23,3,1,0,0,95
4,4,2025-01-24,4,1,0,0,75
4,4,2025-01-25,5,1,0,0,95
4,4,2025-01-26,6,1,0,0,97
4,4,2025-01-27,0,1,0,0,78
4,4,2025-01-28,1,1,0,0,61
4,4,2025-01-29,2,1,0,0,84
4,4,2025-01-30,3,1,0,0,83
4,4,2025-01-31,4,1,0,0,98
4,4,2025-02-01,5,2,0,0,85
4,4,2025-02-02,6,2,0,0,95
4,4,2025-02-03,0,2,0,0,103
4,4,2025-02-04,1,2,0,0,92
4,4,2025-02-05,2,2,0,0,95
4,4,2025-02-06,3,2,0,0,94
4,4,2025-02-07,4,2,0,0,94
4,4,2025-02-08,5,2,0,0,132
4,4,2025-02-09,6,2,0,0,106
4,4,2025-02-10,0,2,0,0,75
4,4,2025-02-11,1,2,0,0,96
4,4,2025-02-12,2,2,0,0,81
4,4,2025-02-13,3,2,0,0,87
4,4,2025-02-14,4,2,0,0,93
4,4,2025-02-15,5,2,0,0,92
4,4,2025-02-16,6,2,0,0,97
4,4,2025-02-17,0,2,0,0,94
4,4,2025-02-18,1,2,0,0,81
4,4,2025-02-19,2,2,0,0,100
4,4,2025-02-20,3,2,0,0,76
4,4,2025-02-21,4,2,0,0,76
4,4,2025-02-22,5,2,0,0,133
4,4,2025-02-23,6,2,0,1,109
4,4,2025-02-24,0,2,0,0,88
4,4,2025-02-25,1,2,0,0,112
4,4,2025-02-26,2,2,0,0,88
4,4,2025-02-27,3,2,0,0,105
4,4,2025-02-28,4,2,0,0,96
4,4,2025-03-01,5,3,0,0,106
4,4,2025-03-02,6,3,0,0,104
4,4,2025-03-03,0,3,0,0,62
4,4,2025-03-04,1,3,0,0,85
4,4,2025-03-05,2,3,0,0,92
4,4,2025-03-06,3,3,0,0,92
4,4,2025-03-07,4,3,0,0,121
4,4,2025-03-08,5,3,0,0,110
4,4,2025-03-09,6,3,0,0,116
4,4,2025-03-10,0,3,0,0,104
4,4,2025-03-11,1,3,0,0,96
4,4,2025-03-12,2,3,0,1,123
4,4,2025-03-13,3,3,0,0,88
4,4,2025-03-14,4,3,0,0,85
4,4,2025-03-15,5,3,0,0,113
4,4,2025-03-16,6,3,0,0,103
4,4,2025-03-17,0,3,0,0,98
4,4,2025-03-18,1,3,0,0,77
4,4,2025-03-19,2,3,0,1,128
4,4,2025-03-20,3,3,0,1,153
4,4,2025-03-21,4,3,0,0,87
4,4,2025-03-22,5,3,0,0,134
4,4,2025-03-23,6,3,0,0,109
4,4,2025-03-24,0,3,0,0,89
4,4,2025-03-25,1,3,0,0,91
4,4,2025-03-26,2,3,0,0,86
4,4,2025-03-27,3,3,0,0,64
4,4,2025-03-28,4,3,0,0,101
4,4,2025-03-29,5,3,0,0,139
4,4,2025-03-30,6,3,0,0,113
4,4,2025-03-31,0,3,0,0,97
4,4,2025-04-01,1,4,0,0,86
4,4,2025-04-02,2,4,0,0,103
4,4,2025-04-03,3,4,0,0,88
4,4,2025-04-04,4,4,0,0,92
4,4,2025-04-05,5,4,0,0,81
4,4,2025-04-06,6,4,0,0,97
4,4,2025-04-07,0,4,0,0,93
4,4,2025-04-08,1,4,0,0,100
4,4,2025-04-09,2,4,0,0,100
4,4,2025-04-10,3,4,0,0,68
4,4,2025-04-11,4,4,0,0,70
4,4,2025-04-12,5,4,0,1,152
4,4,2025-04-13,6,4,0,0,94
4,4,2025-04-14,0,4,0,0,100
4,4,2025-04-15,1,4,0,0,68
4,4,2025-04-16,2,4,0,0,87
4,4,2025-04-17,3,4,0,0,88
4,4,2025-04-18,4,4,0,0,95
4,4,2025-04-19,5,4,0,0,89
4,4,2025-04-20,6,4,0,0,75
4,4,2025-04-21,0,4,0,0,91
4,4,2025-04-22,1,4,0,1,133
4,4,2025-04-23,2,4,0,1,142
4,4,2025-04-24,3,4,0,0,84
4,4,2025-04-25,4,4,0,0,98
4,4,2025-04-26,5,4,0,0,112
4,4,2025-04-27,6,4,0,0,125
4,4,2025-04-28,0,4,0,0,88
4,4,2025-04-29,1,4,0,0,67
4,4,2025-04-30,2,4,0,0,88
4,4,2025-05-01,3,5,0,0,86
4,4,2025-05-02,4,5,0,0,91
4,4,2025-05-03,5,5,0,0,79
4,4,2025-05-04,6,5,0,0,97
4,4,2025-05-05,0,5,0,0,96
4,4,2025-05-06,1,5,0,0,84
4,4,2025-05-07,2,5,0,0,81
4,4,2025-05-08,3,5,0,0,108
4,4,2025-05-09,4,5,0,0,72
4,4,2025-05-10,5,5,0,1,161
4,4,2025-05-11,6,5,0,0,117
4,4,2025-05-12,0,5,0,0,82
4,4,2025-05-13,1,5,0,0,85
4,4,2025-05-14,2,5,0,0,85
4,4,2025-05-15,3,5,0,0,87
4,4,2025-05-16,4,5,0,0,78
4,4,2025-05-17,5,5,0,0,95
4,4,2025-05-18,6,5,0,0,97
4,4,2025-05-19,0,5,0,0,81
4,4,2025-05-20,1,5,0,0,81
4,4,2025-05-21,2,5,0,0,58
4,4,2025-05-22,3,5,0,0,86
4,4,2025-05-23,4,5,0,0,79
4,4,2025-05-24,5,5,0,0,75
4,4,2025-05-25,6,5,0,0,97
4,4,2025-05-26,0,5,0,0,81
4,4,2025-05-27,1,5,0,0,101
4,4,2025-05-28,2,5,0,0,79
4,4,2025-05-29,3,5,0,0,93
4,4,2025-05-30,4,5,0,0,102
4,4,2025-05-31,5,5,0,0,93
4,4,2025-06-01,6,6,0,0,96
4,4,2025-06-02,0,6,0,0,101
4,4,2025-06-03,1,6,0,0,83
4,4,2025-06-04,2,6,0,0,85
4,4,2025-06-05,3,6,0,0,76
4,4,2025-06-06,4,6,0,0,89
4,4,2025-06-07,5,6,0,0,97
4,4,2025-06-08,6,6,0,0,72
4,4,2025-06-09,0,6,0,0,77
4,4,2025-06-10,1,6,0,0,67
4,4,2025-06-11,2,6,0,0,82
4,4,2025-06-12,3,6,0,1,101
4,4,2025-06-13,4,6,0,0,86
4,4,2025-06-14,5,6,0,0,98
4,4,2025-06-15,6,6,0,0,80
4,4,2025-06-16,0,6,0,0,75
4,4,2025-06-17,1,6,0,0,88
4,4,2025-06-18,2,6,0,0,94
4,4,2025-06-19,3,6,0,0,70
4,4,2025-06-20,4,6,0,0,68
4,4,2025-06-21,5,6,0,0,124
4,4,2025-06-22,6,6,0,0,97
4,4,2025-06-23,0,6,0,0,82
4,4,2025-06-24,1,6,0,0,72
4,4,2025-06-25,2,6,0,0,83
4,4,2025-06-26,3,6,0,0,101
4,4,2025-06-27,4,6,0,0,84
4,4,2025-06-28,5,6,0,0,112
4,4,2025-06-29,6,6,0,0,98
4,4,2025-06-30,0,6,0,0,69
4,4,2025-07-01,1,7,0,0,69
4,4,2025-07-02,2,7,0,0,64
4,4,2025-07-03,3,7,0,0,78
4,4,2025-07-04,4,7,0,0,89
4,4,2025-07-05,5,7,0,0,95
4,4,2025-07-06,6,7,0,0,88
4,4,2025-07-07,0,7,0,0,67
4,4,2025-07-08,1,7,0,0,80
4,4,2025-07-09,2,7,0,1,92
4,4,2025-07-10,3,7,0,0,64
4,4,2025-07-11,4,7,0,0,86
4,4,2025-07-12,5,7,0,0,89
4,4,2025-07-13,6,7,0,0,89
4,4,2025-07-14,0,7,0,0,74
4,4,2025-07-15,1,7,0,0,84
4,4,2025-07-16,2,7,0,0,78
4,4,2025-07-17,3,7,0,0,68
4,4,2025-07-18,4,7,0,0,68
4,4,2025-07-19,5,7,0,0,90
4,4,2025-07-20,6,7,0,1,134
4,4,2025-07-21,0,7,0,0,76
4,4,2025-07-22,1,7,0,0,75
4,4,2025-07-23,2,7,0,0,77
4,4,2025-07-24,3,7,0,0,76
4,4,2025-07-25,4,7,0,0,68
4,4,2025-07-26,5,7,0,0,107
4,4,2025-07-27,6,7,0,0,86
4,4,2025-07-28,0,7,0,0,78
4,4,2025-07-29,1,7,0,0,54
4,4,2025-07-30,2,7,0,0,74
4,4,2025-07-31,3,7,0,0,64
4,4,2025-08-01,4,8,0,0,63
4,4,2025-08-02,5,8,0,0,120
4,4,2025-08-03,6,8,0,0,92
4,4,2025-08-04,0,8,0,0,86
4,4,2025-08-05,1,8,0,0,82
4,4,2025-08-06,2,8,0,0,83
4,4,2025-08-07,3,8,0,0,71
4,4,2025-08-08,4,8,0,0,90
4,4,2025-08-09,5,8,0,0,100
4,4,2025-08-10,6,8,0,0,90
4,4,2025-08-11,0,8,0,0,76
4,4,2025-08-12,1,8,0,0,71
4,4,2025-08-13,2,8,0,0,73
4,4,2025-08-14,3,8,0,0,72
4,4,2025-08-15,4,8,0,0,77
4,4,2025-08-16,5,8,0,0,112
4,4,2025-08-17,6,8,0,0,74
4,4,2025-08-18,0,8,0,0,85
4,4,2025-08-19,1,8,0,0,69
4,4,2025-08-20,2,8,0,0,86
4,4,2025-08-21,3,8,0,0,69
4,4,2025-08-22,4,8,0,0,77
4,4,2025-08-23,5,8,0,0,87
4,4,2025-08-24,6,8,0,0,67
4,4,2025-08-25,0,8,0,0,91
4,4,2025-08-26,1,8,0,0,63
4,4,2025-08-27,2,8,0,0,74
4,4,2025-08-28,3,8,0,0,62
4,4,2025-08-29,4,8,0,0,59
4,4,2025-08-30,5,8,0,0,87
4,4,2025-08-31,6,8,0,0,82
4,4,2025-09-01,0,9,0,0,60
4,4,2025-09-02,1,9,0,0,71
4,4,2025-09-03,2,9,0,0,56
4,4,2025-09-04,3,9,0,0,73
4,4,2025-09-05,4,9,0,0,70
4,4,2025-09-06,5,9,0,0,57
4,4,2025-09-07,6,9,0,0,82
4,4,2025-09-08,0,9,0,0,77
4,4,2025-09-09,1,9,0,0,61
4,4,2025-09-10,2,9,0,0,77
4,4,2025-09-11,3,9,0,0,76
4,4,2025-09-12,4,9,0,0,61
4,4,2025-09-13,5,9,0,0,88
4,4,2025-09-14,6,9,0,1,138
4,4,2025-09-15,0,9,0,0,63
4,4,2025-09-16,1,9,0,0,70
4,4,2025-09-17,2,9,0,0,84
4,4,2025-09-18,3,9,0,1,94
4,4,2025-09-19,4,9,0,0,77
4,4,2025-09-20,5,9,0,0,75
4,4,2025-09-21,6,9,0,0,86
4,4,2025-09-22,0,9,0,0,76
4,4,2025-09-23,1,9,0,0,47
4,4,2025-09-24,2,9,0,0,66
4,4,2025-09-25,3,9,0,0,76
4,4,2025-09-26,4,9,0,0,74
4,4,2025-09-27,5,9,0,0,82
4,4,2025-09-28,6,9,0,0,74
4,4,2025-09-29,0,9,0,0,78
4,4,2025-09-30,1,9,0,0,69
4,4,2025-10-01,2,10,0,0,79
4,4,2025-10-02,3,10,0,0,77
4,4,2025-10-03,4,10,0,0,68
4,4,2025-10-04,5,10,0,0,103
4,4,2025-10-05,6,10,0,0,82
4,4,2025-10-06,0,10,0,0,86
4,4,2025-10-07,1,10,0,0,87
4,4,2025-10-08,2,10,0,0,84
4,4,2025-10-09,3,10,0,0,71
4,4,2025-10-10,4,10,0,0,100
4,4,2025-10-11,5,10,0,0,92
4,4,2025-10-12,6,10,0,1,130
4,4,2025-10-13,0,10,0,0,73
4,4,2025-10-14,1,10,0,0,61
4,4,2025-10-15,2,10,0,0,87
4,4,2025-10-16,3,10,0,0,67
4,4,2025-10-17,4,10,0,0,83
4,4,2025-10-18,5,10,0,0,105
4,4,2025-10-19,6,10,0,0,98
4,4,2025-10-20,0,10,0,0,66
4,4,2025-10-21,1,10,0,0,70
4,4,2025-10-22,2,10,0,0,45
4,4,2025-10-23,3,10,0,0,72
4,4,2025-10-24,4,10,0,0,82
4,4,2025-10-25,5,10,0,0,87
4,4,2025-10-26,6,10,0,0,82
4,4,2025-10-27,0,10,0,0,70
4,4,2025-10-28,1,10,0,0,86
4,4,2025-10-29,2,10,0,0,73
4,4,2025-10-30,3,10,0,0,93
4,4,2025-10-31,4,10,0,0,67
4,4,2025-11-01,5,11,0,0,96
4,4,2025-11-02,6,11,0,0,88
4,4,2025-11-03,0,11,0,0,100
4,4,2025-11-04,1,11,0,0,79
4,4,2025-11-05,2,11,0,0,100
4,4,2025-11-06,3,11,0,0,72
4,4,2025-11-07,4,11,0,0,94
4,4,2025-11-08,5,11,0,1,131
4,4,2025-11-09,6,11,0,0,105
4,4,2025-11-10,0,11,0,0,63
4,4,2025-11-11,1,11,0,0,81
4,4,2025-11-12,2,11,0,0,65
4,4,2025-11-13,3,11,0,0,80
4,4,2025-11-14,4,11,0,1,88
4,4,2025-11-15,5,11,0,0,92
4,4,2025-11-16,6,11,0,0,108
4,4,2025-11-17,0,11,0,1,121
4,4,2025-11-18,1,11,0,0,63
4,4,2025-11-19,2,11,0,0,56
4,4,2025-11-20,3,11,0,0,82
4,4,2025-11-21,4,11,0,0,94
4,4,2025-11-22,5,11,1,0,121
4,4,2025-11-23,6,11,1,1,229
4,4,2025-11-24,0,11,1,0,124
4,4,2025-11-25,1,11,1,0,89
4,4,2025-11-26,2,11,1,0,96
4,4,2025-11-27,3,11,1,0,138
4,4,2025-11-28,4,11,1,0,127
4,4,2025-11-29,5,11,0,0,113
4,4,2025-11-30,6,11,0,0,77
4,4,2025-12-01,0,12,0,0,83
4,4,2025-12-02,1,12,0,0,82
4,4,2025-12-03,2,12,0,0,80
4,4,2025-12-04,3,12,0,0,77
4,4,2025-12-05,4,12,0,0,78
4,4,2025-12-06,5,12,0,0,101
4,4,2025-12-07,6,12,0,0,103
4,4,2025-12-08,0,12,0,0,85
4,4,2025-12-09,1,12,0,0,96
4,4,2025-12-10,2,12,0,0,68
4,4,2025-12-11,3,12,0,0,61
4,4,2025-12-12,4,12,0,0,94
4,4,2025-12-13,5,12,0,0,85
4,4,2025-12-14,6,12,0,0,93
4,4,2025-12-15,0,12,0,1,107
4,4,2025-12-16,1,12,0,0,74
4,4,2025-12-17,2,12,0,0,65
4,4,2025-12-18,3,12,0,0,75
4,4,2025-12-19,4,12,0,0,89
4,4,2025-12-20,5,12,0,1,134
4,4,2025-12-21,6,12,0,0,105
4,4,2025-12-22,0,12,0,0,76
4,4,2025-12-23,1,12,0,0,92
4,4,2025-12-24,2,12,1,0,120
4,4,2025-12-25,3,12,1,0,90
4,4,2025-12-26,4,12,0,0,86
4,4,2025-12-27,5,12,0,0,109
4,4,2025-12-28,6,12,0,0,91
4,4,2025-12-29,0,12,0,0,96
4,4,2025-12-30,1,12,0,0,72
4,4,2025-12-31,2,12,1,0,142
4,4,2026-01-01,3,1,0,0,108
4,4,2026-01-02,4,1,0,0,87
4,4,2026-01-03,5,1,0,0,100
4,4,2026-01-04,6,1,0,0,102
4,4,2026-01-05,0,1,0,1,151
4,4,2026-01-06,1,1,0,0,92
4,4,2026-01-07,2,1,0,0,113
4,4,2026-01-08,3,1,0,0,90
4,4,2026-01-09,4,1,0,0,79
4,4,2026-01-10,5,1,0,0,95
4,4,2026-01-11,6,1,0,0,104
4,4,2026-01-12,0,1,0,0,61
4,4,2026-01-13,1,1,0,0,81
4,4,2026-01-14,2,1,0,0,81
4,4,2026-01-15,3,1,0,1,126
4,4,2026-01-16,4,1,0,0,111
4,4,2026-01-17,5,1,0,0,104
4,4,2026-01-18,6,1,0,0,75
4,4,2026-01-19,0,1,0,0,75
4,4,2026-01-20,1,1,0,0,90
4,4,2026-01-21,2,1,0,0,88
4,4,2026-01-22,3,1,0,0,107
4,4,2026-01-23,4,1,0,0,99
4,4,2026-01-24,5,1,0,0,117
4,4,2026-01-25,6,1,0,0,100
4,4,2026-01-26,0,1,0,0,101
4,4,2026-01-27,1,1,0,0,76
4,4,2026-01-28,2,1,0,0,99
4,4,2026-01-29,3,1,0,0,83
4,4,2026-01-30,4,1,0,0,69
4,4,2026-01-31,5,1,0,0,112
4,4,2026-02-01,6,2,0,0,128
4,4,2026-02-02,0,2,0,0,85
4,4,2026-02-03,1,2,0,0,111
4,4,2026-02-04,2,2,0,0,69
4,4,2026-02-05,3,2,0,0,75
4,4,2026-02-06,4,2,0,0,88
4,4,2026-02-07,5,2,0,0,101
4,4,2026-02-08,6,2,0,0,97
4,4,2026-02-09,0,2,0,0,92
4,4,2026-02-10,1,2,0,0,84
4,4,2026-02-11,2,2,0,0,86
4,4,2026-02-12,3,2,0,0,94
4,4,2026-02-13,4,2,0,0,82
4,4,2026-02-14,5,2,0,0,105
4,4,2026-02-15,6,2,0,0,97
4,4,2026-02-16,0,2,0,0,75
4,4,2026-02-17,1,2,0,1,140
4,4,2026-02-18,2,2,0,0,113
4,4,2026-02-19,3,2,0,0,104
4,4,2026-02-20,4,2,0,0,95
4,4,2026-02-21,5,2,0,0,97
4,4,2026-02-22,6,2,0,0,103
4,4,2026-02-23,0,2,0,0,104
4,4,2026-02-24,1,2,0,0,61
4,4,2026-02-25,2,2,0,0,86
4,4,2026-02-26,3,2,0,0,100
4,4,2026-02-27,4,2,0,0,76
4,4,2026-02-28,5,2,0,0,114
4,4,2026-03-01,6,3,0,0,114
4,4,2026-03-02,0,3,0,0,73
4,4,2026-03-03,1,3,0,0,93
4,4,2026-03-04,2,3,0,0,84
4,4,2026-03-05,3,3,0,0,97
4,4,2026-03-06,4,3,0,0,101
4,4,2026-03-07,5,3,0,0,115
4,4,2026-03-08,6,3,0,0,109
4,4,2026-03-09,0,3,0,0,96
4,4,2026-03-10,1,3,0,0,76
4,4,2026-03-11,2,3,0,0,91
4,4,2026-03-12,3,3,0,0,81
4,4,2026-03-13,4,3,0,0,105
4,4,2026-03-14,5,3,0,0,119
4,4,2026-03-15,6,3,0,0,119
4,4,2026-03-16,0,3,0,0,114
4,4,2026-03-17,1,3,0,0,88
4,4,2026-03-18,2,3,0,0,85
4,4,2026-03-19,3,3,0,0,87
4,4,2026-03-20,4,3,0,0,71
4,4,2026-03-21,5,3,0,0,85
4,4,2026-03-22,6,3,0,0,118
4,4,2026-03-23,0,3,0,0,74
4,4,2026-03-24,1,3,0,1,108
4,4,2026-03-25,2,3,0,0,91
4,4,2026-03-26,3,3,0,0,87
4,4,2026-03-27,4,3,0,0,104
4,4,2026-03-28,5,3,0,0,109
4,4,2026-03-29,6,3,0,0,96
4,4,2026-03-30,0,3,0,0,105
4,4,2026-03-31,1,3,0,0,102
4,4,2026-04-01,2,4,0,0,72
4,4,2026-04-02,3,4,0,0,94
4,4,2026-04-03,4,4,0,0,81
4,4,2026-04-04,5,4,0,0,96
4,4,2026-04-05,6,4,0,0,136
4,4,2026-04-06,0,4,0,0,92
4,4,2026-04-07,1,4,0,0,88
4,4,2026-04-08,2,4,0,0,92
4,4,2026-04-09,3,4,0,0,102
4,4,2026-04-10,4,4,0,0,82
4,4,2026-04-11,5,4,0,0,99
4,4,2026-04-12,6,4,0,0,117
4,4,2026-04-13,0,4,0,0,71
4,4,2026-04-14,1,4,0,1,144
4,4,2026-04-15,2,4,0,0,70
4,4,2026-04-16,3,4,0,0,88
4,4,2026-04-17,4,4,0,0,70
4,4,2026-04-18,5,4,0,0,91
4,4,2026-04-19,6,4,0,0,127
4,4,2026-04-20,0,4,0,0,104
4,4,2026-04-21,1,4,0,0,106
4,4,2026-04-22,2,4,0,0,72
4,4,2026-04-23,3,4,0,0,77
4,4,2026-04-24,4,4,0,0,95
4,4,2026-04-25,5,4,0,0,118
4,4,2026-04-26,6,4,0,0,95
4,4,2026-04-27,0,4,0,0,83
4,4,2026-04-28,1,4,0,0,76
4,4,2026-04-29,2,4,0,0,113
4,4,2026-04-30,3,4,0,0,85
4,4,2026-05-01,4,5,0,0,88
4,4,2026-05-02,5,5,0,1,141
4,4,2026-05-03,6,5,0,0,120
4,4,2026-05-04,0,5,0,0,76
4,4,2026-05-05,1,5,0,0,102
4,4,2026-05-06,2,5,0,0,71
4,4,2026-05-07,3,5,0,0,102
4,4,2026-05-08,4,5,0,0,66
4,4,2026-05-09,5,5,0,0,102
4,4,2026-05-10,6,5,0,1,172
4,4,2026-05-11,0,5,0,0,96
4,4,2026-05-12,1,5,0,0,93
4,4,2026-05-13,2,5,0,0,74
4,4,2026-05-14,3,5,0,0,78
4,4,2026-05-15,4,5,0,0,104
4,4,2026-05-16,5,5,0,0,111
4,4,2026-05-17,6,5,0,0,117
4,4,2026-05-18,0,5,0,0,88
4,4,2026-05-19,1,5,0,0,84
4,4,2026-05-20,2,5,0,0,97
4,4,2026-05-21,3,5,0,0,91
4,4,2026-05-22,4,5,0,0,85
4,4,2026-05-23,5,5,0,0,83
4,4,2026-05-24,6,5,0,0,118
4,4,2026-05-25,0,5,0,0,93
4,4,2026-05-26,1,5,0,0,80
4,4,2026-05-27,2,5,0,0,102
4,4,2026-05-28,3,5,0,0,91
4,4,2026-05-29,4,5,0,0,91
4,4,2026-05-30,5,5,0,0,117
4,4,2026-05-31,6,5,0,0,114
4,4,2026-06-01,0,6,0,0,86
4,4,2026-06-02,1,6,0,0,81
4,4,2026-06-03,2,6,0,0,107
4,4,2026-06-04,3,6,0,0,74
4,4,2026-06-05,4,6,0,0,92
4,4,2026-06-06,5,6,0,0,98
4,4,2026-06-07,6,6,0,0,106
4,4,2026-06-08,0,6,0,0,98
4,4,2026-06-09,1,6,0,0,79
4,4,2026-06-10,2,6,0,0,90
4,4,2026-06-11,3,6,0,0,86
4,4,2026-06-12,4,6,0,1,108
4,4,2026-06-13,5,6,0,0,117
4,4,2026-06-14,6,6,0,0,110
4,4,2026-06-15,0,6,0,0,78
4,4,2026-06-16,1,6,0,0,96
4,4,2026-06-17,2,6,0,0,73
4,4,2026-06-18,3,6,0,0,83
4,4,2026-06-19,4,6,0,0,78
4,4,2026-06-20,5,6,0,0,110
4,4,2026-06-21,6,6,0,0,93
4,4,2026-06-22,0,6,0,0,92
4,4,2026-06-23,1,6,0,0,90
4,4,2026-06-24,2,6,0,0,79
4,4,2026-06-25,3,6,0,0,105
4,4,2026-06-26,4,6,0,0,74
4,4,2026-06-27,5,6,0,0,79
4,4,2026-06-28,6,6,0,0,112
4,4,2026-06-29,0,6,0,0,58
4,4,2026-06-30,1,6,0,0,101
4,4,2026-07-01,2,7,0,0,80
4,4,2026-07-02,3,7,0,0,62
4,4,2026-07-03,4,7,0,0,68
4,4,2026-07-04,5,7,0,0,73
4,4,2026-07-05,6,7,0,0,100
4,4,2026-07-06,0,7,0,0,64
4,4,2026-07-07,1,7,0,0,84
4,4,2026-07-08,2,7,0,0,75
4,4,2026-07-09,3,7,0,0,73
4,4,2026-07-10,4,7,0,0,84
4,4,2026-07-11,5,7,0,0,103
4,4,2026-07-12,6,7,0,0,111
4,4,2026-07-13,0,7,0,0,71
4,4,2026-07-14,1,7,0,0,78
4,4,2026-07-15,2,7,0,0,71
4,4,2026-07-16,3,7,0,0,80
4,4,2026-07-17,4,7,0,0,70
4,4,2026-07-18,5,7,0,0,89
4,4,2026-07-19,6,7,0,0,89
4,4,2026-07-20,0,7,0,0,82
4,4,2026-07-21,1,7,0,0,79
4,4,2026-07-22,2,7,0,0,84
4,4,2026-07-23,3,7,0,0,77
4,4,2026-07-24,4,7,0,0,72
4,4,2026-07-25,5,7,0,0,98
4,4,2026-07-26,6,7,0,0,83
4,4,2026-07-27,0,7,0,0,85
4,4,2026-07-28,1,7,0,0,75
4,4,2026-07-29,2,7,0,0,81
4,4,2026-07-30,3,7,0,0,81
4,4,2026-07-31,4,7,0,0,97
4,4,2026-08-01,5,8,0,0,97
4,4,2026-08-02,6,8,0,0,93
4,4,2026-08-03,0,8,0,0,68
4,4,2026-08-04,1,8,0,0,84
4,4,2026-08-05,2,8,0,0,72
4,4,2026-08-06,3,8,0,0,59
4,4,2026-08-07,4,8,0,0,73
4,4,2026-08-08,5,8,0,0,94
4,4,2026-08-09,6,8,0,0,81
4,4,2026-08-10,0,8,0,0,74
4,4,2026-08-11,1,8,0,0,74
4,4,2026-08-12,2,8,0,0,75
4,4,2026-08-13,3,8,0,0,89
4,4,2026-08-14,4,8,0,0,61
4,4,2026-08-15,5,8,0,0,118
4,4,2026-08-16,6,8,0,0,91
4,4,2026-08-17,0,8,0,0,81
4,4,2026-08-18,1,8,0,0,77
4,4,2026-08-19,2,8,0,0,57
4,4,2026-08-20,3,8,0,0,64
4,4,2026-08-21,4,8,0,0,70
4,4,2026-08-22,5,8,0,0,105
4,4,2026-08-23,6,8,0,0,74
4,4,2026-08-24,0,8,0,0,66
4,4,2026-08-25,1,8,0,0,77
4,4,2026-08-26,2,8,0,0,80
4,4,2026-08-27,3,8,0,0,80
4,4,2026-08-28,4,8,0,0,65
4,4,2026-08-29,5,8,0,0,71
4,4,2026-08-30,6,8,0,0,99
4,4,2026-08-31,0,8,0,0,91
4,5,2024-09-01,6,9,0,0,80
4,5,2024-09-02,0,9,0,0,59
4,5,2024-09-03,1,9,0,0,49
4,5,2024-09-04,2,9,0,0,39
4,5,2024-09-05,3,9,0,0,49
4,5,2024-09-06,4,9,0,0,54
4,5,2024-09-07,5,9,0,0,67
4,5,2024-09-08,6,9,0,0,72
4,5,2024-09-09,0,9,0,0,57
4,5,2024-09-10,1,9,0,0,54
4,5,2024-09-11,2,9,0,0,49
4,5,2024-09-12,3,9,0,0,54
4,5,2024-09-13,4,9,0,0,67
4,5,2024-09-14,5,9,0,0,52
4,5,2024-09-15,6,9,0,0,71
4,5,2024-09-16,0,9,0,0,64
4,5,2024-09-17,1,9,0,0,42
4,5,2024-09-18,2,9,0,0,58
4,5,2024-09-19,3,9,0,0,59
4,5,2024-09-20,4,9,0,0,40
4,5,2024-09-21,5,9,0,0,73
4,5,2024-09-22,6,9,0,0,64
4,5,2024-09-23,0,9,0,0,50
4,5,2024-09-24,1,9,0,0,48
4,5,2024-09-25,2,9,0,0,60
4,5,2024-09-26,3,9,0,0,50
4,5,2024-09-27,4,9,0,0,47
4,5,2024-09-28,5,9,0,0,62
4,5,2024-09-29,6,9,0,0,63
4,5,2024-09-30,0,9,0,0,43
4,5,2024-10-01,1,10,0,0,48
4,5,2024-10-02,2,10,0,0,52
4,5,2024-10-03,3,10,0,0,55
4,5,2024-10-04,4,10,0,0,61
4,5,2024-10-05,5,10,0,0,69
4,5,2024-10-06,6,10,0,0,63
4,5,2024-10-07,0,10,0,0,44
4,5,2024-10-08,1,10,0,0,54
4,5,2024-10-09,2,10,0,1,76
4,5,2024-10-10,3,10,0,0,51
4,5,2024-10-11,4,10,0,0,54
4,5,2024-10-12,5,10,0,0,72
4,5,2024-10-13,6,10,0,0,70
4,5,2024-10-14,0,10,0,0,50
4,5,2024-10-15,1,10,0,0,46
4,5,2024-10-16,2,10,0,0,47
4,5,2024-10-17,3,10,0,0,58
4,5,2024-10-18,4,10,0,0,49
4,5,2024-10-19,5,10,0,1,75
4,5,2024-10-20,6,10,0,0,78
4,5,2024-10-21,0,10,0,0,45
4,5,2024-10-22,1,10,0,0,52
4,5,2024-10-23,2,10,0,0,55
4,5,2024-10-24,3,10,0,0,52
4,5,2024-10-25,4,10,0,0,33
4,5,2024-10-26,5,10,0,0,71
4,5,2024-10-27,6,10,0,0,80
4,5,2024-10-28,0,10,0,0,58
4,5,2024-10-29,1,10,0,0,36
4,5,2024-10-30,2,10,0,0,68
4,5,2024-10-31,3,10,0,0,42
4,5,2024-11-01,4,11,0,0,46
4,5,2024-11-02,5,11,0,0,78
4,5,2024-11-03,6,11,0,0,74
4,5,2024-11-04,0,11,0,0,55
4,5,2024-11-05,1,11,0,0,50
4,5,2024-11-06,2,11,0,0,65
4,5,2024-11-07,3,11,0,0,54
4,5,2024-11-08,4,11,0,0,42
4,5,2024-11-09,5,11,0,0,82
4,5,2024-11-10,6,11,0,0,72
4,5,2024-11-11,0,11,0,0,63
4,5,2024-11-12,1,11,0,0,59
4,5,2024-11-13,2,11,0,1,108
4,5,2024-11-14,3,11,0,1,77
4,5,2024-11-15,4,11,0,1,80
4,5,2024-11-16,5,11,0,0,77
4,5,2024-11-17,6,11,0,0,67
4,5,2024-11-18,0,11,0,0,61
4,5,2024-11-19,1,11,0,0,31
4,5,2024-11-20,2,11,0,0,54
4,5,2024-11-21,3,11,0,0,54
4,5,2024-11-22,4,11,1,0,87
4,5,2024-11-23,5,11,1,0,91
4,5,2024-11-24,6,11,1,0,118
4,5,2024-11-25,0,11,1,0,82
4,5,2024-11-26,1,11,1,0,91
4,5,2024-11-27,2,11,1,0,88
4,5,2024-11-28,3,11,1,0,95
4,5,2024-11-29,4,11,0,0,66
4,5,2024-11-30,5,11,0,1,98
4,5,2024-12-01,6,12,0,0,82
4,5,2024-12-02,0,12,0,1,85
4,5,2024-12-03,1,12,0,0,54
4,5,2024-12-04,2,12,0,0,57
4,5,2024-12-05,3,12,0,0,55
4,5,2024-12-06,4,12,0,0,63
4,5,2024-12-07,5,12,0,1,101
4,5,2024-12-08,6,12,0,0,65
4,5,2024-12-09,0,12,0,0,56
4,5,2024-12-10,1,12,0,0,45
4,5,2024-12-11,2,12,0,0,56
4,5,2024-12-12,3,12,0,0,58
4,5,2024-12-13,4,12,0,0,73
4,5,2024-12-14,5,12,0,0,88
4,5,2024-12-15,6,12,0,0,62
4,5,2024-12-16,0,12,0,0,60
4,5,2024-12-17,1,12,0,0,60
4,5,2024-12-18,2,12,0,0,56
4,5,2024-12-19,3,12,0,1,82
4,5,2024-12-20,4,12,0,0,55
4,5,2024-12-21,5,12,0,0,93
4,5,2024-12-22,6,12,0,0,69
4,5,2024-12-23,0,12,0,0,61
4,5,2024-12-24,1,12,1,0,59
4,5,2024-12-25,2,12,1,1,132
4,5,2024-12-26,3,12,0,1,98
4,5,2024-12-27,4,12,0,0,49
4,5,2024-12-28,5,12,0,0,68
4,5,2024-12-29,6,12,0,0,78
4,5,2024-12-30,0,12,0,0,58
4,5,2024-12-31,1,12,1,0,99
4,5,2025-01-01,2,1,0,0,59
4,5,2025-01-02,3,1,0,0,78
4,5,2025-01-03,4,1,0,0,55
4,5,2025-01-04,5,1,0,0,107
4,5,2025-01-05,6,1,0,0,91
4,5,2025-01-06,0,1,0,1,98
4,5,2025-01-07,1,1,0,0,52
4,5,2025-01-08,2,1,0,0,70
4,5,2025-01-09,3,1,0,0,67
4,5,2025-01-10,4,1,0,0,43
4,5,2025-01-11,5,1,0,0,61
4,5,2025-01-12,6,1,0,0,81
4,5,2025-01-13,0,1,0,0,60
4,5,2025-01-14,1,1,0,0,57
4,5,2025-01-15,2,1,0,0,71
4,5,2025-01-16,3,1,0,0,54
4,5,2025-01-17,4,1,0,0,57
4,5,2025-01-18,5,1,0,0,70
4,5,2025-01-19,6,1,0,0,83
4,5,2025-01-20,0,1,0,0,46
4,5,2025-01-21,1,1,0,0,57
4,5,2025-01-22,2,1,0,1,66
4,5,2025-01-23,3,1,0,0,59
4,5,2025-01-24,4,1,0,0,68
4,5,2025-01-25,5,1,0,0,85
4,5,2025-01-26,6,1,0,0,69
4,5,2025-01-27,0,1,0,0,66
4,5,2025-01-28,1,1,0,0,60
4,5,2025-01-29,2,1,0,0,74
4,5,2025-01-30,3,1,0,0,60
4,5,2025-01-31,4,1,0,0,35
4,5,2025-02-01,5,2,0,0,90
4,5,2025-02-02,6,2,0,0,74
4,5,2025-02-03,0,2,0,0,62
4,5,2025-02-04,1,2,0,0,67
4,5,2025-02-05,2,2,0,0,51
4,5,2025-02-06,3,2,0,0,65
4,5,2025-02-07,4,2,0,0,69
4,5,2025-02-08,5,2,0,0,84
4,5,2025-02-09,6,2,0,0,73
4,5,2025-02-10,0,2,0,0,73
4,5,2025-02-11,1,2,0,0,55
4,5,2025-02-12,2,2,0,0,58
4,5,2025-02-13,3,2,0,0,63
4,5,2025-02-14,4,2,0,0,67
4,5,2025-02-15,5,2,0,0,76
4,5,2025-02-16,6,2,0,0,94
4,5,2025-02-17,0,2,0,0,67
4,5,2025-02-18,1,2,0,0,65
4,5,2025-02-19,2,2,0,0,67
4,5,2025-02-20,3,2,0,0,71
4,5,2025-02-21,4,2,0,0,66
4,5,2025-02-22,5,2,0,0,59
4,5,2025-02-23,6,2,0,0,92
4,5,2025-02-24,0,2,0,0,65
4,5,2025-02-25,1,2,0,0,71
4,5,2025-02-26,2,2,0,0,60
4,5,2025-02-27,3,2,0,0,47
4,5,2025-02-28,4,2,0,0,43
4,5,2025-03-01,5,3,0,0,70
4,5,2025-03-02,6,3,0,0,87
4,5,2025-03-03,0,3,0,0,77
4,5,2025-03-04,1,3,0,0,68
4,5,2025-03-05,2,3,0,0,55
4,5,2025-03-06,3,3,0,0,58
4,5,2025-03-07,4,3,0,0,78
4,5,2025-03-08,5,3,0,0,65
4,5,2025-03-09,6,3,0,0,105
4,5,2025-03-10,0,3,0,1,116
4,5,2025-03-11,1,3,0,0,85
4,5,2025-03-12,2,3,0,0,69
4,5,2025-03-13,3,3,0,0,62
4,5,2025-03-14,4,3,0,0,69
4,5,2025-03-15,5,3,0,0,91
4,5,2025-03-16,6,3,0,0,73
4,5,2025-03-17,0,3,0,0,55
4,5,2025-03-18,1,3,0,1,87
4,5,2025-03-19,2,3,0,1,81
4,5,2025-03-20,3,3,0,0,77
4,5,2025-03-21,4,3,0,0,59
4,5,2025-03-22,5,3,0,0,82
4,5,2025-03-23,6,3,0,0,92
4,5,2025-03-24,0,3,0,0,77
4,5,2025-03-25,1,3,0,1,94
4,5,2025-03-26,2,3,0,0,69
4,5,2025-03-27,3,3,0,0,56
4,5,2025-03-28,4,3,0,0,75
4,5,2025-03-29,5,3,0,0,96
4,5,2025-03-30,6,3,0,0,59
4,5,2025-03-31,0,3,0,0,82
4,5,2025-04-01,1,4,0,0,58
4,5,2025-04-02,2,4,0,0,70
4,5,2025-04-03,3,4,0,0,65
4,5,2025-04-04,4,4,0,0,64
4,5,2025-04-05,5,4,0,0,78
4,5,2025-04-06,6,4,0,0,68
4,5,2025-04-07,0,4,0,0,69
4,5,2025-04-08,1,4,0,0,62
4,5,2025-04-09,2,4,0,0,52
4,5,2025-04-10,3,4,0,0,55
4,5,2025-04-11,4,4,0,0,52
4,5,2025-04-12,5,4,0,0,74
4,5,2025-04-13,6,4,0,0,86
4,5,2025-04-14,0,4,0,0,58
4,5,2025-04-15,1,4,0,0,74
4,5,2025-04-16,2,4,0,0,63
4,5,2025-04-17,3,4,0,0,62
4,5,2025-04-18,4,4,0,0,65
4,5,2025-04-19,5,4,0,0,96
4,5,2025-04-20,6,4,0,0,64
4,5,2025-04-21,0,4,0,0,80
4,5,2025-04-22,1,4,0,0,73
4,5,2025-04-23,2,4,0,0,64
4,5,2025-04-24,3,4,0,0,76
4,5,2025-04-25,4,4,0,0,61
4,5,2025-04-26,5,4,0,0,83
4,5,2025-04-27,6,4,0,0,74
4,5,2025-04-28,0,4,0,0,74
4,5,2025-04-29,1,4,0,0,58
4,5,2025-04-30,2,4,0,0,64
4,5,2025-05-01,3,5,0,0,68
4,5,2025-05-02,4,5,0,0,71
4,5,2025-05-03,5,5,0,0,68
4,5,2025-05-04,6,5,0,0,86
4,5,2025-05-05,0,5,0,0,53
4,5,2025-05-06,1,5,0,0,43
4,5,2025-05-07,2,5,0,0,55
4,5,2025-05-08,3,5,0,1,98
4,5,2025-05-09,4,5,0,0,62
4,5,2025-05-10,5,5,0,0,72
4,5,2025-05-11,6,5,0,0,78
4,5,2025-05-12,0,5,0,0,62
4,5,2025-05-13,1,5,0,0,68
4,5,2025-05-14,2,5,0,0,48
4,5,2025-05-15,3,5,0,0,61
4,5,2025-05-16,4,5,0,0,63
4,5,2025-05-17,5,5,0,0,62
4,5,2025-05-18,6,5,0,0,62
4,5,2025-05-19,0,5,0,0,59
4,5,2025-05-20,1,5,0,0,62
4,5,2025-05-21,2,5,0,0,62
4,5,2025-05-22,3,5,0,0,57
4,5,2025-05-23,4,5,0,0,57
4,5,2025-05-24,5,5,0,0,73
4,5,2025-05-25,6,5,0,0,81
4,5,2025-05-26,0,5,0,0,73
4,5,2025-05-27,1,5,0,0,42
4,5,2025-05-28,2,5,0,0,68
4,5,2025-05-29,3,5,0,0,61
4,5,2025-05-30,4,5,0,0,67
4,5,2025-05-31,5,5,0,0,91
4,5,2025-06-01,6,6,0,0,66
4,5,2025-06-02,0,6,0,0,67
4,5,2025-06-03,1,6,0,0,48
4,5,2025-06-04,2,6,0,0,60
4,5,2025-06-05,3,6,0,0,57
4,5,2025-06-06,4,6,0,0,59
4,5,2025-06-07,5,6,0,0,64
4,5,2025-06-08,6,6,0,0,79
4,5,2025-06-09,0,6,0,0,72
4,5,2025-06-10,1,6,0,0,50
4,5,2025-06-11,2,6,0,0,60
4,5,2025-06-12,3,6,0,0,66
4,5,2025-06-13,4,6,0,0,56
4,5,2025-06-14,5,6,0,0,89
4,5,2025-06-15,6,6,0,0,70
4,5,2025-06-16,0,6,0,0,58
4,5,2025-06-17,1,6,0,0,50
4,5,2025-06-18,2,6,0,0,60
4,5,2025-06-19,3,6,0,0,59
4,5,2025-06-20,4,6,0,0,64
4,5,2025-06-21,5,6,0,0,67
4,5,2025-06-22,6,6,0,0,67
4,5,2025-06-23,0,6,0,0,63
4,5,2025-06-24,1,6,0,0,71
4,5,2025-06-25,2,6,0,0,64
4,5,2025-06-26,3,6,0,0,75
4,5,2025-06-27,4,6,0,0,64
4,5,2025-06-28,5,6,0,0,80
4,5,2025-06-29,6,6,0,0,82
4,5,2025-06-30,0,6,0,0,72
4,5,2025-07-01,1,7,0,0,65
4,5,2025-07-02,2,7,0,0,47
4,5,2025-07-03,3,7,0,0,62
4,5,2025-07-04,4,7,0,0,58
4,5,2025-07-05,5,7,0,0,69
4,5,2025-07-06,6,7,0,0,53
4,5,2025-07-07,0,7,0,0,43
4,5,2025-07-08,1,7,0,0,52
4,5,2025-07-09,2,7,0,0,44
4,5,2025-07-10,3,7,0,0,53
4,5,2025-07-11,4,7,0,0,61
4,5,2025-07-12,5,7,0,0,65
4,5,2025-07-13,6,7,0,1,98
4,5,2025-07-14,0,7,0,0,47
4,5,2025-07-15,1,7,0,0,58
4,5,2025-07-16,2,7,0,0,60
4,5,2025-07-17,3,7,0,0,44
4,5,2025-07-18,4,7,0,0,49
4,5,2025-07-19,5,7,0,0,58
4,5,2025-07-20,6,7,0,0,76
4,5,2025-07-21,0,7,0,1,83
4,5,2025-07-22,1,7,0,0,55
4,5,2025-07-23,2,7,0,0,54
4,5,2025-07-24,3,7,0,0,58
4,5,2025-07-25,4,7,0,0,58
4,5,2025-07-26,5,7,0,1,90
4,5,2025-07-27,6,7,0,0,65
4,5,2025-07-28,0,7,0,0,55
4,5,2025-07-29,1,7,0,0,54
4,5,2025-07-30,2,7,0,0,72
4,5,2025-07-31,3,7,0,0,52
4,5,2025-08-01,4,8,0,0,55
4,5,2025-08-02,5,8,0,0,73
4,5,2025-08-03,6,8,0,0,82
4,5,2025-08-04,0,8,0,0,47
4,5,2025-08-05,1,8,0,0,63
4,5,2025-08-06,2,8,0,0,52
4,5,2025-08-07,3,8,0,0,72
4,5,2025-08-08,4,8,0,0,56
4,5,2025-08-09,5,8,0,0,56
4,5,2025-08-10,6,8,0,0,67
4,5,2025-08-11,0,8,0,0,63
4,5,2025-08-12,1,8,0,0,54
4,5,2025-08-13,2,8,0,0,53
4,5,2025-08-14,3,8,0,0,59
4,5,2025-08-15,4,8,0,0,50
4,5,2025-08-16,5,8,0,0,67
4,5,2025-08-17,6,8,0,0,59
4,5,2025-08-18,0,8,0,0,66
4,5,2025-08-19,1,8,0,0,44
4,5,2025-08-20,2,8,0,0,54
4,5,2025-08-21,3,8,0,0,57
4,5,2025-08-22,4,8,0,0,53
4,5,2025-08-23,5,8,0,0,56
4,5,2025-08-24,6,8,0,0,59
4,5,2025-08-25,0,8,0,0,57
4,5,2025-08-26,1,8,0,0,47
4,5,2025-08-27,2,8,0,0,37
4,5,2025-08-28,3,8,0,0,56
4,5,2025-08-29,4,8,0,0,46
4,5,2025-08-30,5,8,0,0,75
4,5,2025-08-31,6,8,0,0,67
4,5,2025-09-01,0,9,0,0,50
4,5,2025-09-02,1,9,0,0,53
4,5,2025-09-03,2,9,0,0,44
4,5,2025-09-04,3,9,0,0,46
4,5,2025-09-05,4,9,0,0,50
4,5,2025-09-06,5,9,0,0,57
4,5,2025-09-07,6,9,0,0,75
4,5,2025-09-08,0,9,0,0,50
4,5,2025-09-09,1,9,0,0,41
4,5,2025-09-10,2,9,0,0,48
4,5,2025-09-11,3,9,0,0,53
4,5,2025-09-12,4,9,0,0,49
4,5,2025-09-13,5,9,0,0,72
4,5,2025-09-14,6,9,0,0,73
4,5,2025-09-15,0,9,0,0,70
4,5,2025-09-16,1,9,0,0,61
4,5,2025-09-17,2,9,0,0,40
4,5,2025-09-18,3,9,0,0,50
4,5,2025-09-19,4,9,0,0,50
4,5,2025-09-20,5,9,0,0,74
4,5,2025-09-21,6,9,0,0,59
4,5,2025-09-22,0,9,0,0,48
4,5,2025-09-23,1,9,0,0,43
4,5,2025-09-24,2,9,0,0,48
4,5,2025-09-25,3,9,0,0,48
4,5,2025-09-26,4,9,0,0,50
4,5,2025-09-27,5,9,0,1,78
4,5,2025-09-28,6,9,0,0,78
4,5,2025-09-29,0,9,0,0,56
4,5,2025-09-30,1,9,0,0,41
4,5,2025-10-01,2,10,0,0,53
4,5,2025-10-02,3,10,0,0,41
4,5,2025-10-03,4,10,0,0,64
4,5,2025-10-04,5,10,0,0,85
4,5,2025-10-05,6,10,0,0,68
4,5,2025-10-06,0,10,0,0,47
4,5,2025-10-07,1,10,0,0,48
4,5,2025-10-08,2,10,0,0,50
4,5,2025-10-09,3,10,0,0,53
4,5,2025-10-10,4,10,0,0,64
4,5,2025-10-11,5,10,0,0,78
4,5,2025-10-12,6,10,0,0,79
4,5,2025-10-13,0,10,0,0,55
4,5,2025-10-14,1,10,0,0,44
4,5,2025-10-15,2,10,0,0,47
4,5,2025-10-16,3,10,0,0,54
4,5,2025-10-17,4,10,0,0,44
4,5,2025-10-18,5,10,0,0,72
4,5,2025-10-19,6,10,0,0,77
4,5,2025-10-20,0,10,0,0,58
4,5,2025-10-21,1,10,0,0,57
4,5,2025-10-22,2,10,0,0,39
4,5,2025-10-23,3,10,0,0,64
4,5,2025-10-24,4,10,0,0,41
4,5,2025-10-25,5,10,0,1,93
4,5,2025-10-26,6,10,0,0,75
4,5,2025-10-27,0,10,0,0,56
4,5,2025-10-28,1,10,0,1,65
4,5,2025-10-29,2,10,0,0,45
4,5,2025-10-30,3,10,0,0,56
4,5,2025-10-31,4,10,0,0,57
4,5,2025-11-01,5,11,0,0,60
4,5,2025-11-02,6,11,0,0,76
4,5,2025-11-03,0,11,0,0,44
4,5,2025-11-04,1,11,0,0,61
4,5,2025-11-05,2,11,0,0,49
4,5,2025-11-06,3,11,0,0,57
4,5,2025-11-07,4,11,0,0,55
4,5,2025-11-08,5,11,0,0,84
4,5,2025-11-09,6,11,0,0,74
4,5,2025-11-10,0,11,0,0,51
4,5,2025-11-11,1,11,0,0,59
4,5,2025-11-12,2,11,0,1,107
4,5,2025-11-13,3,11,0,0,62
4,5,2025-11-14,4,11,0,0,56
4,5,2025-11-15,5,11,0,0,63
4,5,2025-11-16,6,11,0,0,65
4,5,2025-11-17,0,11,0,0,62
4,5,2025-11-18,1,11,0,0,49
4,5,2025-11-19,2,11,0,0,56
4,5,2025-11-20,3,11,0,0,68
4,5,2025-11-21,4,11,0,1,84
4,5,2025-11-22,5,11,1,0,89
4,5,2025-11-23,6,11,1,0,139
4,5,2025-11-24,0,11,1,0,114
4,5,2025-11-25,1,11,1,0,97
4,5,2025-11-26,2,11,1,1,138
4,5,2025-11-27,3,11,1,0,87
4,5,2025-11-28,4,11,1,0,100
4,5,2025-11-29,5,11,0,1,91
4,5,2025-11-30,6,11,0,0,58
4,5,2025-12-01,0,12,0,1,117
4,5,2025-12-02,1,12,0,0,47
4,5,2025-12-03,2,12,0,0,62
4,5,2025-12-04,3,12,0,0,62
4,5,2025-12-05,4,12,0,0,64
4,5,2025-12-06,5,12,0,0,74
4,5,2025-12-07,6,12,0,0,74
4,5,2025-12-08,0,12,0,1,87
4,5,2025-12-09,1,12,0,0,64
4,5,2025-12-10,2,12,0,0,60
4,5,2025-12-11,3,12,0,0,59
4,5,2025-12-12,4,12,0,0,48
4,5,2025-12-13,5,12,0,0,97
4,5,2025-12-14,6,12,0,0,81
4,5,2025-12-15,0,12,0,0,61
4,5,2025-12-16,1,12,0,0,54
4,5,2025-12-17,2,12,0,0,51
4,5,2025-12-18,3,12,0,0,67
4,5,2025-12-19,4,12,0,0,58
4,5,2025-12-20,5,12,0,0,82
4,5,2025-12-21,6,12,0,0,60
4,5,2025-12-22,0,12,0,0,73
4,5,2025-12-23,1,12,0,0,67
4,5,2025-12-24,2,12,1,0,93
4,5,2025-12-25,3,12,1,0,100
4,5,2025-12-26,4,12,0,0,66
4,5,2025-12-27,5,12,0,0,61
4,5,2025-12-28,6,12,0,0,93
4,5,2025-12-29,0,12,0,0,64
4,5,2025-12-30,1,12,0,0,54
4,5,2025-12-31,2,12,1,0,79
4,5,2026-01-01,3,1,0,0,72
4,5,2026-01-02,4,1,0,0,65
4,5,2026-01-03,5,1,0,0,84
4,5,2026-01-04,6,1,0,0,79
4,5,2026-01-05,0,1,0,1,76
4,5,2026-01-06,1,1,0,0,68
4,5,2026-01-07,2,1,0,0,61
4,5,2026-01-08,3,1,0,0,63
4,5,2026-01-09,4,1,0,0,85
4,5,2026-01-10,5,1,0,0,89
4,5,2026-01-11,6,1,0,0,89
4,5,2026-01-12,0,1,0,0,88
4,5,2026-01-13,1,1,0,1,94
4,5,2026-01-14,2,1,0,0,64
4,5,2026-01-15,3,1,0,0,57
4,5,2026-01-16,4,1,0,0,59
4,5,2026-01-17,5,1,0,0,55
4,5,2026-01-18,6,1,0,0,88
4,5,2026-01-19,0,1,0,0,52
4,5,2026-01-20,1,1,0,0,71
4,5,2026-01-21,2,1,0,0,63
4,5,2026-01-22,3,1,0,0,64
4,5,2026-01-23,4,1,0,0,63
4,5,2026-01-24,5,1,0,0,95
4,5,2026-01-25,6,1,0,0,93
4,5,2026-01-26,0,1,0,0,63
4,5,2026-01-27,1,1,0,0,55
4,5,2026-01-28,2,1,0,0,72
4,5,2026-01-29,3,1,0,0,54
4,5,2026-01-30,4,1,0,0,49
4,5,2026-01-31,5,1,0,0,84
4,5,2026-02-01,6,2,0,0,96
4,5,2026-02-02,0,2,0,0,62
4,5,2026-02-03,1,2,0,0,70
4,5,2026-02-04,2,2,0,0,62
4,5,2026-02-05,3,2,0,0,73
4,5,2026-02-06,4,2,0,0,76
4,5,2026-02-07,5,2,0,0,78
4,5,2026-02-08,6,2,0,0,69
4,5,2026-02-09,0,2,0,1,72
4,5,2026-02-10,1,2,0,0,75
4,5,2026-02-11,2,2,0,0,55
4,5,2026-02-12,3,2,0,0,69
4,5,2026-02-13,4,2,0,0,73
4,5,2026-02-14,5,2,0,0,75
4,5,2026-02-15,6,2,0,0,79
4,5,2026-02-16,0,2,0,0,75
4,5,2026-02-17,1,2,0,0,58
4,5,2026-02-18,2,2,0,0,57
4,5,2026-02-19,3,2,0,0,64
4,5,2026-02-20,4,2,0,0,78
4,5,2026-02-21,5,2,0,0,100
4,5,2026-02-22,6,2,0,0,80
4,5,2026-02-23,0,2,0,1,82
4,5,2026-02-24,1,2,0,0,76
4,5,2026-02-25,2,2,0,0,50
4,5,2026-02-26,3,2,0,0,68
4,5,2026-02-27,4,2,0,0,66
4,5,2026-02-28,5,2,0,0,97
4,5,2026-03-01,6,3,0,0,99
4,5,2026-03-02,0,3,0,0,58
4,5,2026-03-03,1,3,0,0,68
4,5,2026-03-04,2,3,0,0,61
4,5,2026-03-05,3,3,0,0,64
4,5,2026-03-06,4,3,0,0,73
4,5,2026-03-07,5,3,0,0,78
4,5,2026-03-08,6,3,0,0,85
4,5,2026-03-09,0,3,0,0,76
4,5,2026-03-10,1,3,0,1,113
4,5,2026-03-11,2,3,0,0,70
4,5,2026-03-12,3,3,0,0,68
4,5,2026-03-13,4,3,0,0,56
4,5,2026-03-14,5,3,0,0,101
4,5,2026-03-15,6,3,0,0,88
4,5,2026-03-16,0,3,0,0,68
4,5,2026-03-17,1,3,0,0,68
4,5,2026-03-18,2,3,0,0,70
4,5,2026-03-19,3,3,0,0,74
4,5,2026-03-20,4,3,0,0,76
4,5,2026-03-21,5,3,0,0,102
4,5,2026-03-22,6,3,0,0,85
4,5,2026-03-23,0,3,0,0,84
4,5,2026-03-24,1,3,0,0,77
4,5,2026-03-25,2,3,0,0,66
4,5,2026-03-26,3,3,0,0,51
4,5,2026-03-27,4,3,0,0,68
4,5,2026-03-28,5,3,0,0,101
4,5,2026-03-29,6,3,0,0,73
4,5,2026-03-30,0,3,0,0,68
4,5,2026-03-31,1,3,0,0,69
4,5,2026-04-01,2,4,0,1,104
4,5,2026-04-02,3,4,0,1,87
4,5,2026-04-03,4,4,0,0,58
4,5,2026-04-04,5,4,0,0,88
4,5,2026-04-05,6,4,0,0,73
4,5,2026-04-06,0,4,0,0,49
4,5,2026-04-07,1,4,0,0,84
4,5,2026-04-08,2,4,0,0,75
4,5,2026-04-09,3,4,0,0,84
4,5,2026-04-10,4,4,0,0,74
4,5,2026-04-11,5,4,0,0,90
4,5,2026-04-12,6,4,0,0,86
4,5,2026-04-13,0,4,0,0,64
4,5,2026-04-14,1,4,0,0,71
4,5,2026-04-15,2,4,0,0,61
4,5,2026-04-16,3,4,0,0,56
4,5,2026-04-17,4,4,0,0,63
4,5,2026-04-18,5,4,0,0,97
4,5,2026-04-19,6,4,0,0,67
4,5,2026-04-20,0,4,0,0,55
4,5,2026-04-21,1,4,0,0,72
4,5,2026-04-22,2,4,0,0,62
4,5,2026-04-23,3,4,0,0,71
4,5,2026-04-24,4,4,0,0,76
4,5,2026-04-25,5,4,0,0,87
4,5,2026-04-26,6,4,0,0,74
4,5,2026-04-27,0,4,0,0,79
4,5,2026-04-28,1,4,0,0,73
4,5,2026-04-29,2,4,0,0,66
4,5,2026-04-30,3,4,0,0,66
4,5,2026-05-01,4,5,0,0,67
4,5,2026-05-02,5,5,0,0,76
4,5,2026-05-03,6,5,0,0,61
4,5,2026-05-04,0,5,0,0,71
4,5,2026-05-05,1,5,0,0,70
4,5,2026-05-06,2,5,0,0,42
4,5,2026-05-07,3,5,0,0,68
4,5,2026-05-08,4,5,0,0,80
4,5,2026-05-09,5,5,0,0,66
4,5,2026-05-10,6,5,0,0,78
4,5,2026-05-11,0,5,0,0,62
4,5,2026-05-12,1,5,0,0,79
4,5,2026-05-13,2,5,0,0,74
4,5,2026-05-14,3,5,0,0,56
4,5,2026-05-15,4,5,0,0,67
4,5,2026-05-16,5,5,0,0,106
4,5,2026-05-17,6,5,0,0,72
4,5,2026-05-18,0,5,0,0,64
4,5,2026-05-19,1,5,0,0,69
4,5,2026-05-20,2,5,0,0,58
4,5,2026-05-21,3,5,0,0,80
4,5,2026-05-22,4,5,0,0,59
4,5,2026-05-23,5,5,0,0,63
4,5,2026-05-24,6,5,0,0,73
4,5,2026-05-25,0,5,0,0,70
4,5,2026-05-26,1,5,0,0,56
4,5,2026-05-27,2,5,0,0,67
4,5,2026-05-28,3,5,0,0,69
4,5,2026-05-29,4,5,0,0,53
4,5,2026-05-30,5,5,0,0,73
4,5,2026-05-31,6,5,0,0,83
4,5,2026-06-01,0,6,0,0,67
4,5,2026-06-02,1,6,0,0,56
4,5,2026-06-03,2,6,0,0,62
4,5,2026-06-04,3,6,0,0,58
4,5,2026-06-05,4,6,0,0,67
4,5,2026-06-06,5,6,0,0,82
4,5,2026-06-07,6,6,0,0,72
4,5,2026-06-08,0,6,0,0,65
4,5,2026-06-09,1,6,0,0,57
4,5,2026-06-10,2,6,0,0,64
4,5,2026-06-11,3,6,0,0,65
4,5,2026-06-12,4,6,0,1,116
4,5,2026-06-13,5,6,0,0,72
4,5,2026-06-14,6,6,0,0,74
4,5,2026-06-15,0,6,0,0,55
4,5,2026-06-16,1,6,0,0,51
4,5,2026-06-17,2,6,0,0,56
4,5,2026-06-18,3,6,0,0,66
4,5,2026-06-19,4,6,0,1,96
4,5,2026-06-20,5,6,0,0,79
4,5,2026-06-21,6,6,0,0,73
4,5,2026-06-22,0,6,0,0,56
4,5,2026-06-23,1,6,0,0,52
4,5,2026-06-24,2,6,0,0,56
4,5,2026-06-25,3,6,0,0,49
4,5,2026-06-26,4,6,0,0,72
4,5,2026-06-27,5,6,0,0,96
4,5,2026-06-28,6,6,0,0,55
4,5,2026-06-29,0,6,0,0,63
4,5,2026-06-30,1,6,0,0,63
4,5,2026-07-01,2,7,0,0,59
4,5,2026-07-02,3,7,0,0,52
4,5,2026-07-03,4,7,0,0,66
4,5,2026-07-04,5,7,0,0,77
4,5,2026-07-05,6,7,0,0,84
4,5,2026-07-06,0,7,0,0,51
4,5,2026-07-07,1,7,0,0,46
4,5,2026-07-08,2,7,0,0,61
4,5,2026-07-09,3,7,0,0,49
4,5,2026-07-10,4,7,0,0,66
4,5,2026-07-11,5,7,0,0,50
4,5,2026-07-12,6,7,0,0,68
4,5,2026-07-13,0,7,0,0,52
4,5,2026-07-14,1,7,0,0,54
4,5,2026-07-15,2,7,0,0,59
4,5,2026-07-16,3,7,0,0,60
4,5,2026-07-17,4,7,0,0,62
4,5,2026-07-18,5,7,0,0,81
4,5,2026-07-19,6,7,0,0,71
4,5,2026-07-20,0,7,0,0,75
4,5,2026-07-21,1,7,0,1,100
4,5,2026-07-22,2,7,0,0,55
4,5,2026-07-23,3,7,0,0,56
4,5,2026-07-24,4,7,0,0,54
4,5,2026-07-25,5,7,0,0,77
4,5,2026-07-26,6,7,0,0,63
4,5,2026-07-27,0,7,0,1,74
4,5,2026-07-28,1,7,0,0,39
4,5,2026-07-29,2,7,0,0,54
4,5,2026-07-30,3,7,0,1,96
4,5,2026-07-31,4,7,0,1,81
4,5,2026-08-01,5,8,0,0,69
4,5,2026-08-02,6,8,0,0,73
4,5,2026-08-03,0,8,0,0,47
4,5,2026-08-04,1,8,0,0,55
4,5,2026-08-05,2,8,0,0,62
4,5,2026-08-06,3,8,0,0,57
4,5,2026-08-07,4,8,0,0,63
4,5,2026-08-08,5,8,0,0,83
4,5,2026-08-09,6,8,0,0,77
4,5,2026-08-10,0,8,0,0,49
4,5,2026-08-11,1,8,0,0,52
4,5,2026-08-12,2,8,0,0,70
4,5,2026-08-13,3,8,0,0,57
4,5,2026-08-14,4,8,0,0,56
4,5,2026-08-15,5,8,0,0,62
4,5,2026-08-16,6,8,0,0,69
4,5,2026-08-17,0,8,0,0,60
4,5,2026-08-18,1,8,0,0,55
4,5,2026-08-19,2,8,0,0,51
4,5,2026-08-20,3,8,0,0,53
4,5,2026-08-21,4,8,0,0,64
4,5,2026-08-22,5,8,0,0,77
4,5,2026-08-23,6,8,0,0,76
4,5,2026-08-24,0,8,0,0,58
4,5,2026-08-25,1,8,0,0,45
4,5,2026-08-26,2,8,0,0,57
4,5,2026-08-27,3,8,0,0,63
4,5,2026-08-28,4,8,0,0,53
4,5,2026-08-29,5,8,0,0,80
4,5,2026-08-30,6,8,0,0,76
4,5,2026-08-31,0,8,0,0,61
5,0,2024-09-01,6,9,0,0,153
5,0,2024-09-02,0,9,0,0,146
5,0,2024-09-03,1,9,0,0,156
5,0,2024-09-04,2,9,0,0,103
5,0,2024-09-05,3,9,0,0,95
5,0,2024-09-06,4,9,0,0,127
5,0,2024-09-07,5,9,0,0,150
5,0,2024-09-08,6,9,0,0,117
5,0,2024-09-09,0,9,0,0,120
5,0,2024-09-10,1,9,0,1,200
5,0,2024-09-11,2,9,0,0,97
5,0,2024-09-12,3,9,0,0,101
5,0,2024-09-13,4,9,0,0,108
5,0,2024-09-14,5,9,0,0,140
5,0,2024-09-15,6,9,0,0,161
5,0,2024-09-16,0,9,0,0,114
5,0,2024-09-17,1,9,0,0,122
5,0,2024-09-18,2,9,0,0,164
5,0,2024-09-19,3,9,0,0,102
5,0,2024-09-20,4,9,0,0,108
5,0,2024-09-21,5,9,0,1,229
5,0,2024-09-22,6,9,0,0,168
5,0,2024-09-23,0,9,0,0,129
5,0,2024-09-24,1,9,0,0,155
5,0,2024-09-25,2,9,0,0,127
5,0,2024-09-26,3,9,0,0,83
5,0,2024-09-27,4,9,0,0,122
5,0,2024-09-28,5,9,0,0,132
5,0,2024-09-29,6,9,0,0,177
5,0,2024-09-30,0,9,0,0,139
5,0,2024-10-01,1,10,0,0,92
5,0,2024-10-02,2,10,0,0,149
5,0,2024-10-03,3,10,0,1,212
5,0,2024-10-04,4,10,0,1,175
5,0,2024-10-05,5,10,0,0,145
5,0,2024-10-06,6,10,0,0,180
5,0,2024-10-07,0,10,0,0,84
5,0,2024-10-08,1,10,0,0,131
5,0,2024-10-09,2,10,0,0,144
5,0,2024-10-10,3,10,0,0,121
5,0,2024-10-11,4,10,0,0,135
5,0,2024-10-12,5,10,0,0,149
5,0,2024-10-13,6,10,0,0,128
5,0,2024-10-14,0,10,0,0,107
5,0,2024-10-15,1,10,0,0,137
5,0,2024-10-16,2,10,0,0,110
5,0,2024-10-17,3,10,0,0,93
5,0,2024-10-18,4,10,0,0,125
5,0,2024-10-19,5,10,0,0,135
5,0,2024-10-20,6,10,0,0,119
5,0,2024-10-21,0,10,0,0,124
5,0,2024-10-22,1,10,0,0,138
5,0,2024-10-23,2,10,0,0,123
5,0,2024-10-24,3,10,0,0,102
5,0,2024-10-25,4,10,0,0,132
5,0,2024-10-26,5,10,0,0,171
5,0,2024-10-27,6,10,0,0,199
5,0,2024-10-28,0,10,0,0,151
5,0,2024-10-29,1,10,0,0,103
5,0,2024-10-30,2,10,0,0,140
5,0,2024-10-31,3,10,0,1,192
5,0,2024-11-01,4,11,0,0,105
5,0,2024-11-02,5,11,0,0,160
5,0,2024-11-03,6,11,0,0,200
5,0,2024-11-04,0,11,0,0,153
5,0,2024-11-05,1,11,0,0,108
5,0,2024-11-06,2,11,0,0,129
5,0,2024-11-07,3,11,0,0,139
5,0,2024-11-08,4,11,0,0,93
5,0,2024-11-09,5,11,0,1,156
5,0,2024-11-10,6,11,0,0,157
5,0,2024-11-11,0,11,0,0,132
5,0,2024-11-12,1,11,0,0,91
5,0,2024-11-13,2,11,0,0,137
5,0,2024-11-14,3,11,0,1,223
5,0,2024-11-15,4,11,0,0,124
5,0,2024-11-16,5,11,0,0,154
5,0,2024-11-17,6,11,0,0,167
5,0,2024-11-18,0,11,0,0,138
5,0,2024-11-19,1,11,0,0,94
5,0,2024-11-20,2,11,0,0,110
5,0,2024-11-21,3,11,0,0,121
5,0,2024-11-22,4,11,1,0,182
5,0,2024-11-23,5,11,1,0,290
5,0,2024-11-24,6,11,1,0,259
5,0,2024-11-25,0,11,1,0,174
5,0,2024-11-26,1,11,1,0,204
5,0,2024-11-27,2,11,1,0,249
5,0,2024-11-28,3,11,1,0,189
5,0,2024-11-29,4,11,0,0,146
5,0,2024-11-30,5,11,0,0,187
5,0,2024-12-01,6,12,0,0,192
5,0,2024-12-02,0,12,0,0,141
5,0,2024-12-03,1,12,0,0,164
5,0,2024-12-04,2,12,0,0,125
5,0,2024-12-05,3,12,0,0,191
5,0,2024-12-06,4,12,0,0,142
5,0,2024-12-07,5,12,0,0,190
5,0,2024-12-08,6,12,0,0,152
5,0,2024-12-09,0,12,0,0,148
5,0,2024-12-10,1,12,0,0,149
5,0,2024-12-11,2,12,0,0,117
5,0,2024-12-12,3,12,0,0,116
5,0,2024-12-13,4,12,0,0,132
5,0,2024-12-14,5,12,0,0,189
5,0,2024-12-15,6,12,0,0,114
5,0,2024-12-16,0,12,0,0,129
5,0,2024-12-17,1,12,0,0,165
5,0,2024-12-18,2,12,0,0,110
5,0,2024-12-19,3,12,0,0,164
5,0,2024-12-20,4,12,0,0,112
5,0,2024-12-21,5,12,0,0,137
5,0,2024-12-22,6,12,0,0,157
5,0,2024-12-23,0,12,0,0,178
5,0,2024-12-24,1,12,1,0,197
5,0,2024-12-25,2,12,1,0,158
5,0,2024-12-26,3,12,0,0,106
5,0,2024-12-27,4,12,0,1,228
5,0,2024-12-28,5,12,0,0,126
5,0,2024-12-29,6,12,0,0,191
5,0,2024-12-30,0,12,0,0,138
5,0,2024-12-31,1,12,1,0,218
5,0,2025-01-01,2,1,0,1,217
5,0,2025-01-02,3,1,0,0,126
5,0,2025-01-03,4,1,0,0,148
5,0,2025-01-04,5,1,0,0,137
5,0,2025-01-05,6,1,0,0,206
5,0,2025-01-06,0,1,0,0,121
5,0,2025-01-07,1,1,0,0,155
5,0,2025-01-08,2,1,0,0,121
5,0,2025-01-09,3,1,0,0,133
5,0,2025-01-10,4,1,0,0,136
5,0,2025-01-11,5,1,0,1,341
5,0,2025-01-12,6,1,0,0,169
5,0,2025-01-13,0,1,0,0,126
5,0,2025-01-14,1,1,0,0,135
5,0,2025-01-15,2,1,0,0,110
5,0,2025-01-16,3,1,0,0,141
5,0,2025-01-17,4,1,0,0,188
5,0,2025-01-18,5,1,0,0,178
5,0,2025-01-19,6,1,0,0,194
5,0,2025-01-20,0,1,0,0,124
5,0,2025-01-21,1,1,0,0,140
5,0,2025-01-22,2,1,0,0,150
5,0,2025-01-23,3,1,0,0,128
5,0,2025-01-24,4,1,0,0,154
5,0,2025-01-25,5,1,0,0,186
5,0,2025-01-26,6,1,0,0,184
5,0,2025-01-27,0,1,0,1,202
5,0,2025-01-28,1,1,0,0,170
5,0,2025-01-29,2,1,0,0,139
5,0,2025-01-30,3,1,0,0,137
5,0,2025-01-31,4,1,0,0,178
5,0,2025-02-01,5,2,0,1,195
5,0,2025-02-02,6,2,0,0,127
5,0,2025-02-03,0,2,0,0,130
5,0,2025-02-04,1,2,0,0,160
5,0,2025-02-05,2,2,0,0,182
5,0,2025-02-06,3,2,0,0,135
5,0,2025-02-07,4,2,0,0,195
5,0,2025-02-08,5,2,0,0,176
5,0,2025-02-09,6,2,0,0,172
5,0,2025-02-10,0,2,0,0,130
5,0,2025-02-11,1,2,0,0,198
5,0,2025-02-12,2,2,0,0,147
5,0,2025-02-13,3,2,0,0,119
5,0,2025-02-14,4,2,0,0,210
5,0,2025-02-15,5,2,0,1,252
5,0,2025-02-16,6,2,0,0,197
5,0,2025-02-17,0,2,0,0,191
5,0,2025-02-18,1,2,0,0,166
5,0,2025-02-19,2,2,0,0,174
5,0,2025-02-20,3,2,0,0,152
5,0,2025-02-21,4,2,0,0,169
5,0,2025-02-22,5,2,0,0,174
5,0,2025-02-23,6,2,0,0,174
5,0,2025-02-24,0,2,0,1,217
5,0,2025-02-25,1,2,0,1,199
5,0,2025-02-26,2,2,0,0,163
5,0,2025-02-27,3,2,0,0,163
5,0,2025-02-28,4,2,0,0,171
5,0,2025-03-01,5,3,0,0,195
5,0,2025-03-02,6,3,0,1,315
5,0,2025-03-03,0,3,0,0,179
5,0,2025-03-04,1,3,0,0,148
5,0,2025-03-05,2,3,0,0,164
5,0,2025-03-06,3,3,0,0,188
5,0,2025-03-07,4,3,0,0,130
5,0,2025-03-08,5,3,0,0,234
5,0,2025-03-09,6,3,0,0,155
5,0,2025-03-10,0,3,0,0,175
5,0,2025-03-11,1,3,0,0,153
5,0,2025-03-12,2,3,0,0,152
5,0,2025-03-13,3,3,0,0,121
5,0,2025-03-14,4,3,0,0,175
5,0,2025-03-15,5,3,0,0,141
5,0,2025-03-16,6,3,0,0,136
5,0,2025-03-17,0,3,0,0,181
5,0,2025-03-18,1,3,0,0,197
5,0,2025-03-19,2,3,0,0,137
5,0,2025-03-20,3,3,0,0,178
5,0,2025-03-21,4,3,0,0,173
5,0,2025-03-22,5,3,0,0,175
5,0,2025-03-23,6,3,0,0,215
5,0,2025-03-24,0,3,0,0,149
5,0,2025-03-25,1,3,0,0,166
5,0,2025-03-26,2,3,0,0,122
5,0,2025-03-27,3,3,0,0,123
5,0,2025-03-28,4,3,0,0,182
5,0,2025-03-29,5,3,0,0,193
5,0,2025-03-30,6,3,0,0,173
5,0,2025-03-31,0,3,0,1,280
5,0,2025-04-01,1,4,0,0,197
5,0,2025-04-02,2,4,0,0,161
5,0,2025-04-03,3,4,0,0,116
5,0,2025-04-04,4,4,0,0,148
5,0,2025-04-05,5,4,0,0,152
5,0,2025-04-06,6,4,0,0,177
5,0,2025-04-07,0,4,0,0,128
5,0,2025-04-08,1,4,0,0,122
5,0,2025-04-09,2,4,0,0,96
5,0,2025-04-10,3,4,0,0,155
5,0,2025-04-11,4,4,0,0,95
5,0,2025-04-12,5,4,0,0,166
5,0,2025-04-13,6,4,0,0,194
5,0,2025-04-14,0,4,0,0,133
5,0,2025-04-15,1,4,0,0,125
5,0,2025-04-16,2,4,0,0,149
5,0,2025-04-17,3,4,0,0,131
5,0,2025-04-18,4,4,0,0,155
5,0,2025-04-19,5,4,0,0,146
5,0,2025-04-20,6,4,0,1,233
5,0,2025-04-21,0,4,0,0,142
5,0,2025-04-22,1,4,0,0,150
5,0,2025-04-23,2,4,0,0,190
5,0,2025-04-24,3,4,0,0,156
5,0,2025-04-25,4,4,0,0,163
5,0,2025-04-26,5,4,0,0,157
5,0,2025-04-27,6,4,0,1,245
5,0,2025-04-28,0,4,0,0,144
5,0,2025-04-29,1,4,0,0,151
5,0,2025-04-30,2,4,0,0,166
5,0,2025-05-01,3,5,0,0,133
5,0,2025-05-02,4,5,0,0,136
5,0,2025-05-03,5,5,0,0,156
5,0,2025-05-04,6,5,0,0,155
5,0,2025-05-05,0,5,0,0,149
5,0,2025-05-06,1,5,0,0,136
5,0,2025-05-07,2,5,0,0,179
5,0,2025-05-08,3,5,0,0,207
5,0,2025-05-09,4,5,0,0,132
5,0,2025-05-10,5,5,0,1,241
5,0,2025-05-11,6,5,0,0,197
5,0,2025-05-12,0,5,0,0,139
5,0,2025-05-13,1,5,0,0,122
5,0,2025-05-14,2,5,0,0,185
5,0,2025-05-15,3,5,0,0,161
5,0,2025-05-16,4,5,0,0,152
5,0,2025-05-17,5,5,0,0,208
5,0,2025-05-18,6,5,0,0,190
5,0,2025-05-19,0,5,0,1,205
5,0,2025-05-20,1,5,0,0,122
5,0,2025-05-21,2,5,0,0,133
5,0,2025-05-22,3,5,0,0,172
5,0,2025-05-23,4,5,0,0,160
5,0,2025-05-24,5,5,0,0,164
5,0,2025-05-25,6,5,0,0,216
5,0,2025-05-26,0,5,0,0,141
5,0,2025-05-27,1,5,0,1,239
5,0,2025-05-28,2,5,0,0,150
5,0,2025-05-29,3,5,0,0,189
5,0,2025-05-30,4,5,0,0,162
5,0,2025-05-31,5,5,0,0,170
5,0,2025-06-01,6,6,0,1,216
5,0,2025-06-02,0,6,0,0,136
5,0,2025-06-03,1,6,0,0,121
5,0,2025-06-04,2,6,0,0,107
5,0,2025-06-05,3,6,0,0,143
5,0,2025-06-06,4,6,0,0,125
5,0,2025-06-07,5,6,0,0,147
5,0,2025-06-08,6,6,0,0,158
5,0,2025-06-09,0,6,0,0,138
5,0,2025-06-10,1,6,0,0,137
5,0,2025-06-11,2,6,0,0,174
5,0,2025-06-12,3,6,0,0,151
5,0,2025-06-13,4,6,0,0,182
5,0,2025-06-14,5,6,0,0,149
5,0,2025-06-15,6,6,0,0,181
5,0,2025-06-16,0,6,0,0,128
5,0,2025-06-17,1,6,0,0,124
5,0,2025-06-18,2,6,0,0,183
5,0,2025-06-19,3,6,0,0,120
5,0,2025-06-20,4,6,0,0,88
5,0,2025-06-21,5,6,0,0,142
5,0,2025-06-22,6,6,0,0,109
5,0,2025-06-23,0,6,0,0,116
5,0,2025-06-24,1,6,0,0,118
5,0,2025-06-25,2,6,0,0,137
5,0,2025-06-26,3,6,0,0,92
5,0,2025-06-27,4,6,0,0,162
5,0,2025-06-28,5,6,0,0,112
5,0,2025-06-29,6,6,0,0,157
5,0,2025-06-30,0,6,0,0,129
5,0,2025-07-01,1,7,0,0,145
5,0,2025-07-02,2,7,0,0,135
5,0,2025-07-03,3,7,0,0,152
5,0,2025-07-04,4,7,0,0,121
5,0,2025-07-05,5,7,0,0,141
5,0,2025-07-06,6,7,0,0,162
5,0,2025-07-07,0,7,0,1,221
5,0,2025-07-08,1,7,0,0,145
5,0,2025-07-09,2,7,0,0,135
5,0,2025-07-10,3,7,0,0,133
5,0,2025-07-11,4,7,0,0,127
5,0,2025-07-12,5,7,0,0,162
5,0,2025-07-13,6,7,0,0,202
5,0,2025-07-14,0,7,0,1,182
5,0,2025-07-15,1,7,0,0,121
5,0,2025-07-16,2,7,0,1,176
5,0,2025-07-17,3,7,0,0,136
5,0,2025-07-18,4,7,0,0,85
5,0,2025-07-19,5,7,0,0,149
5,0,2025-07-20,6,7,0,1,244
5,0,2025-07-21,0,7,0,0,117
5,0,2025-07-22,1,7,0,0,132
5,0,2025-07-23,2,7,0,0,171
5,0,2025-07-24,3,7,0,0,135
5,0,2025-07-25,4,7,0,0,82
5,0,2025-07-26,5,7,0,0,118
5,0,2025-07-27,6,7,0,0,146
5,0,2025-07-28,0,7,0,0,112
5,0,2025-07-29,1,7,0,0,130
5,0,2025-07-30,2,7,0,0,122
5,0,2025-07-31,3,7,0,0,152
5,0,2025-08-01,4,8,0,0,101
5,0,2025-08-02,5,8,0,0,141
5,0,2025-08-03,6,8,0,0,151
5,0,2025-08-04,0,8,0,0,129
5,0,2025-08-05,1,8,0,0,125
5,0,2025-08-06,2,8,0,0,75
5,0,2025-08-07,3,8,0,0,124
5,0,2025-08-08,4,8,0,0,119
5,0,2025-08-09,5,8,0,0,166
5,0,2025-08-10,6,8,0,0,163
5,0,2025-08-11,0,8,0,0,127
5,0,2025-08-12,1,8,0,0,128
5,0,2025-08-13,2,8,0,0,148
5,0,2025-08-14,3,8,0,0,144
5,0,2025-08-15,4,8,0,0,127
5,0,2025-08-16,5,8,0,0,196
5,0,2025-08-17,6,8,0,0,131
5,0,2025-08-18,0,8,0,0,99
5,0,2025-08-19,1,8,0,0,122
5,0,2025-08-20,2,8,0,0,115
5,0,2025-08-21,3,8,0,0,74
5,0,2025-08-22,4,8,0,0,109
5,0,2025-08-23,5,8,0,0,154
5,0,2025-08-24,6,8,0,1,206
5,0,2025-08-25,0,8,0,0,107
5,0,2025-08-26,1,8,0,0,123
5,0,2025-08-27,2,8,0,0,124
5,0,2025-08-28,3,8,0,0,136
5,0,2025-08-29,4,8,0,0,109
5,0,2025-08-30,5,8,0,0,166
5,0,2025-08-31,6,8,0,0,121
5,0,2025-09-01,0,9,0,0,110
5,0,2025-09-02,1,9,0,0,152
5,0,2025-09-03,2,9,0,0,100
5,0,2025-09-04,3,9,0,0,107
5,0,2025-09-05,4,9,0,0,96
5,0,2025-09-06,5,9,0,0,125
5,0,2025-09-07,6,9,0,0,147
5,0,2025-09-08,0,9,0,0,133
5,0,2025-09-09,1,9,0,0,119
5,0,2025-09-10,2,9,0,0,113
5,0,2025-09-11,3,9,0,0,96
5,0,2025-09-12,4,9,0,0,106
5,0,2025-09-13,5,9,0,0,108
5,0,2025-09-14,6,9,0,0,161
5,0,2025-09-15,0,9,0,1,205
5,0,2025-09-16,1,9,0,0,119
5,0,2025-09-17,2,9,0,0,128
5,0,2025-09-18,3,9,0,0,136
5,0,2025-09-19,4,9,0,0,122
5,0,2025-09-20,5,9,0,0,176
5,0,2025-09-21,6,9,0,0,120
5,0,2025-09-22,0,9,0,0,113
5,0,2025-09-23,1,9,0,0,111
5,0,2025-09-24,2,9,0,0,132
5,0,2025-09-25,3,9,0,0,92
5,0,2025-09-26,4,9,0,0,147
5,0,2025-09-27,5,9,0,0,157
5,0,2025-09-28,6,9,0,0,184
5,0,2025-09-29,0,9,0,0,119
5,0,2025-09-30,1,9,0,0,109
5,0,2025-10-01,2,10,0,0,135
5,0,2025-10-02,3,10,0,0,142
5,0,2025-10-03,4,10,0,0,108
5,0,2025-10-04,5,10,0,0,99
5,0,2025-10-05,6,10,0,0,103
5,0,2025-10-06,0,10,0,0,127
5,0,2025-10-07,1,10,0,0,152
5,0,2025-10-08,2,10,0,0,97
5,0,2025-10-09,3,10,0,0,117
5,0,2025-10-10,4,10,0,0,115
5,0,2025-10-11,5,10,0,0,191
5,0,2025-10-12,6,10,0,0,199
5,0,2025-10-13,0,10,0,0,130
5,0,2025-10-14,1,10,0,0,139
5,0,2025-10-15,2,10,0,0,139
5,0,2025-10-16,3,10,0,0,97
5,0,2025-10-17,4,10,0,0,135
5,0,2025-10-18,5,10,0,0,122
5,0,2025-10-19,6,10,0,0,142
5,0,2025-10-20,0,10,0,0,144
5,0,2025-10-21,1,10,0,0,123
5,0,2025-10-22,2,10,0,1,216
5,0,2025-10-23,3,10,0,0,147
5,0,2025-10-24,4,10,0,1,132
5,0,2025-10-25,5,10,0,0,95
5,0,2025-10-26,6,10,0,0,173
5,0,2025-10-27,0,10,0,0,145
5,0,2025-10-28,1,10,0,0,127
5,0,2025-10-29,2,10,0,1,195
5,0,2025-10-30,3,10,0,0,139
5,0,2025-10-31,4,10,0,0,139
5,0,2025-11-01,5,11,0,0,145
5,0,2025-11-02,6,11,0,0,175
5,0,2025-11-03,0,11,0,0,121
5,0,2025-11-04,1,11,0,0,133
5,0,2025-11-05,2,11,0,0,132
5,0,2025-11-06,3,11,0,0,110
5,0,2025-11-07,4,11,0,0,113
5,0,2025-11-08,5,11,0,0,206
5,0,2025-11-09,6,11,0,0,130
5,0,2025-11-10,0,11,0,0,135
5,0,2025-11-11,1,11,0,0,140
5,0,2025-11-12,2,11,0,0,127
5,0,2025-11-13,3,11,0,0,141
5,0,2025-11-14,4,11,0,0,134
5,0,2025-11-15,5,11,0,0,131
5,0,2025-11-16,6,11,0,0,165
5,0,2025-11-17,0,11,0,0,117
5,0,2025-11-18,1,11,0,0,163
5,0,2025-11-19,2,11,0,0,136
5,0,2025-11-20,3,11,0,0,113
5,0,2025-11-21,4,11,0,0,135
5,0,2025-11-22,5,11,1,0,200
5,0,2025-11-23,6,11,1,0,244
5,0,2025-11-24,0,11,1,1,262
5,0,2025-11-25,1,11,1,0,182
5,0,2025-11-26,2,11,1,0,182
5,0,2025-11-27,3,11,1,1,377
5,0,2025-11-28,4,11,1,0,213
5,0,2025-11-29,5,11,0,0,141
5,0,2025-11-30,6,11,0,0,137
5,0,2025-12-01,0,12,0,0,146
5,0,2025-12-02,1,12,0,0,122
5,0,2025-12-03,2,12,0,0,112
5,0,2025-12-04,3,12,0,0,135
5,0,2025-12-05,4,12,0,1,196
5,0,2025-12-06,5,12,0,0,149
5,0,2025-12-07,6,12,0,0,137
5,0,2025-12-08,0,12,0,0,127
5,0,2025-12-09,1,12,0,0,126
5,0,2025-12-10,2,12,0,0,123
5,0,2025-12-11,3,12,0,0,142
5,0,2025-12-12,4,12,0,0,184
5,0,2025-12-13,5,12,0,0,194
5,0,2025-12-14,6,12,0,0,210
5,0,2025-12-15,0,12,0,0,124
5,0,2025-12-16,1,12,0,0,172
5,0,2025-12-17,2,12,0,0,141
5,0,2025-12-18,3,12,0,0,157
5,0,2025-12-19,4,12,0,0,146
5,0,2025-12-20,5,12,0,0,151
5,0,2025-12-21,6,12,0,0,178
5,0,2025-12-22,0,12,0,0,146
5,0,2025-12-23,1,12,0,0,97
5,0,2025-12-24,2,12,1,0,214
5,0,2025-12-25,3,12,1,0,249
5,0,2025-12-26,4,12,0,0,142
5,0,2025-12-27,5,12,0,0,172
5,0,2025-12-28,6,12,0,0,141
5,0,2025-12-29,0,12,0,0,141
5,0,2025-12-30,1,12,0,0,134
5,0,2025-12-31,2,12,1,0,211
5,0,2026-01-01,3,1,0,0,128
5,0,2026-01-02,4,1,0,0,165
5,0,2026-01-03,5,1,0,0,178
5,0,2026-01-04,6,1,0,0,175
5,0,2026-01-05,0,1,0,0,191
5,0,2026-01-06,1,1,0,0,155
5,0,2026-01-07,2,1,0,0,172
5,0,2026-01-08,3,1,0,0,150
5,0,2026-01-09,4,1,0,0,136
5,0,2026-01-10,5,1,0,0,140
5,0,2026-01-11,6,1,0,0,175
5,0,2026-01-12,0,1,0,0,83
5,0,2026-01-13,1,1,0,0,150
5,0,2026-01-14,2,1,0,0,151
5,0,2026-01-15,3,1,0,0,139
5,0,2026-01-16,4,1,0,0,142
5,0,2026-01-17,5,1,0,0,135
5,0,2026-01-18,6,1,0,0,205
5,0,2026-01-19,0,1,0,0,136
5,0,2026-01-20,1,1,0,0,122
5,0,2026-01-21,2,1,0,0,157
5,0,2026-01-22,3,1,0,0,147
5,0,2026-01-23,4,1,0,0,136
5,0,2026-01-24,5,1,0,0,156
5,0,2026-01-25,6,1,0,1,230
5,0,2026-01-26,0,1,0,0,175
5,0,2026-01-27,1,1,0,0,155
5,0,2026-01-28,2,1,0,0,143
5,0,2026-01-29,3,1,0,0,164
5,0,2026-01-30,4,1,0,0,145
5,0,2026-01-31,5,1,0,0,179
5,0,2026-02-01,6,2,0,0,178
5,0,2026-02-02,0,2,0,0,164
5,0,2026-02-03,1,2,0,0,139
5,0,2026-02-04,2,2,0,0,123
5,0,2026-02-05,3,2,0,0,172
5,0,2026-02-06,4,2,0,0,186
5,0,2026-02-07,5,2,0,0,144
5,0,2026-02-08,6,2,0,0,179
5,0,2026-02-09,0,2,0,0,139
5,0,2026-02-10,1,2,0,0,171
5,0,2026-02-11,2,2,0,0,156
5,0,2026-02-12,3,2,0,0,230
5,0,2026-02-13,4,2,0,0,143
5,0,2026-02-14,5,2,0,0,217
5,0,2026-02-15,6,2,0,0,220
5,0,2026-02-16,0,2,0,0,163
5,0,2026-02-17,1,2,0,0,151
5,0,2026-02-18,2,2,0,0,152
5,0,2026-02-19,3,2,0,0,150
5,0,2026-02-20,4,2,0,0,177
5,0,2026-02-21,5,2,0,0,150
5,0,2026-02-22,6,2,0,0,170
5,0,2026-02-23,0,2,0,0,143
5,0,2026-02-24,1,2,0,0,109
5,0,2026-02-25,2,2,0,0,171
5,0,2026-02-26,3,2,0,0,175
5,0,2026-02-27,4,2,0,0,135
5,0,2026-02-28,5,2,0,0,203
5,0,2026-03-01,6,3,0,0,132
5,0,2026-03-02,0,3,0,0,153
5,0,2026-03-03,1,3,0,0,149
5,0,2026-03-04,2,3,0,0,154
5,0,2026-03-05,3,3,0,0,154
5,0,2026-03-06,4,3,0,0,150
5,0,2026-03-07,5,3,0,0,165
5,0,2026-03-08,6,3,0,0,173
5,0,2026-03-09,0,3,0,0,185
5,0,2026-03-10,1,3,0,0,138
5,0,2026-03-11,2,3,0,0,207
5,0,2026-03-12,3,3,0,1,192
5,0,2026-03-13,4,3,0,0,158
5,0,2026-03-14,5,3,0,1,260
5,0,2026-03-15,6,3,0,0,168
5,0,2026-03-16,0,3,0,0,186
5,0,2026-03-17,1,3,0,0,165
5,0,2026-03-18,2,3,0,0,147
5,0,2026-03-19,3,3,0,0,185
5,0,2026-03-20,4,3,0,0,127
5,0,2026-03-21,5,3,0,0,160
5,0,2026-03-22,6,3,0,0,192
5,0,2026-03-23,0,3,0,0,172
5,0,2026-03-24,1,3,0,0,160
5,0,2026-03-25,2,3,0,0,149
5,0,2026-03-26,3,3,0,0,146
5,0,2026-03-27,4,3,0,0,180
5,0,2026-03-28,5,3,0,0,183
5,0,2026-03-29,6,3,0,0,152
5,0,2026-03-30,0,3,0,0,129
5,0,2026-03-31,1,3,0,0,189
5,0,2026-04-01,2,4,0,0,133
5,0,2026-04-02,3,4,0,0,156
5,0,2026-04-03,4,4,0,0,182
5,0,2026-04-04,5,4,0,0,189
5,0,2026-04-05,6,4,0,1,207
5,0,2026-04-06,0,4,0,0,126
5,0,2026-04-07,1,4,0,0,195
5,0,2026-04-08,2,4,0,0,125
5,0,2026-04-09,3,4,0,0,137
5,0,2026-04-10,4,4,0,0,159
5,0,2026-04-11,5,4,0,0,168
5,0,2026-04-12,6,4,0,0,190
5,0,2026-04-13,0,4,0,0,115
5,0,2026-04-14,1,4,0,0,145
5,0,2026-04-15,2,4,0,0,166
5,0,2026-04-16,3,4,0,0,166
5,0,2026-04-17,4,4,0,0,136
5,0,2026-04-18,5,4,0,0,146
5,0,2026-04-19,6,4,0,0,180
5,0,2026-04-20,0,4,0,0,118
5,0,2026-04-21,1,4,0,0,181
5,0,2026-04-22,2,4,0,0,154
5,0,2026-04-23,3,4,0,0,133
5,0,2026-04-24,4,4,0,0,125
5,0,2026-04-25,5,4,0,0,156
5,0,2026-04-26,6,4,0,0,131
5,0,2026-04-27,0,4,0,0,162
5,0,2026-04-28,1,4,0,0,131
5,0,2026-04-29,2,4,0,0,159
5,0,2026-04-30,3,4,0,0,163
5,0,2026-05-01,4,5,0,0,166
5,0,2026-05-02,5,5,0,0,175
5,0,2026-05-03,6,5,0,0,198
5,0,2026-05-04,0,5,0,0,176
5,0,2026-05-05,1,5,0,0,150
5,0,2026-05-06,2,5,0,0,151
5,0,2026-05-07,3,5,0,0,131
5,0,2026-05-08,4,5,0,0,121
5,0,2026-05-09,5,5,0,0,202
5,0,2026-05-10,6,5,0,0,184
5,0,2026-05-11,0,5,0,0,160
5,0,2026-05-12,1,5,0,0,130
5,0,2026-05-13,2,5,0,0,181
5,0,2026-05-14,3,5,0,0,138
5,0,2026-05-15,4,5,0,0,125
5,0,2026-05-16,5,5,0,0,152
5,0,2026-05-17,6,5,0,0,210
5,0,2026-05-18,0,5,0,0,118
5,0,2026-05-19,1,5,0,0,126
5,0,2026-05-20,2,5,0,0,210
5,0,2026-05-21,3,5,0,0,165
5,0,2026-05-22,4,5,0,0,127
5,0,2026-05-23,5,5,0,0,139
5,0,2026-05-24,6,5,0,0,123
5,0,2026-05-25,0,5,0,0,146
5,0,2026-05-26,1,5,0,0,160
5,0,2026-05-27,2,5,0,0,179
5,0,2026-05-28,3,5,0,0,100
5,0,2026-05-29,4,5,0,0,113
5,0,2026-05-30,5,5,0,0,165
5,0,2026-05-31,6,5,0,0,243
5,0,2026-06-01,0,6,0,0,155
5,0,2026-06-02,1,6,0,0,144
5,0,2026-06-03,2,6,0,0,109
5,0,2026-06-04,3,6,0,0,90
5,0,2026-06-05,4,6,0,0,136
5,0,2026-06-06,5,6,0,0,157
5,0,2026-06-07,6,6,0,0,153
5,0,2026-06-08,0,6,0,0,127
5,0,2026-06-09,1,6,0,0,119
5,0,2026-06-10,2,6,0,0,114
5,0,2026-06-11,3,6,0,0,166
5,0,2026-06-12,4,6,0,0,116
5,0,2026-06-13,5,6,0,1,212
5,0,2026-06-14,6,6,0,0,159
5,0,2026-06-15,0,6,0,0,151
5,0,2026-06-16,1,6,0,0,117
5,0,2026-06-17,2,6,0,0,157
5,0,2026-06-18,3,6,0,0,123
5,0,2026-06-19,4,6,0,0,132
5,0,2026-06-20,5,6,0,0,201
5,0,2026-06-21,6,6,0,1,187
5,0,2026-06-22,0,6,0,0,151
5,0,2026-06-23,1,6,0,0,157
5,0,2026-06-24,2,6,0,0,142
5,0,2026-06-25,3,6,0,0,133
5,0,2026-06-26,4,6,0,0,181
5,0,2026-06-27,5,6,0,0,159
5,0,2026-06-28,6,6,0,1,228
5,0,2026-06-29,0,6,0,0,128
5,0,2026-06-30,1,6,0,0,139
5,0,2026-07-01,2,7,0,0,147
5,0,2026-07-02,3,7,0,0,122
5,0,2026-07-03,4,7,0,0,84
5,0,2026-07-04,5,7,0,0,164
5,0,2026-07-05,6,7,0,0,125
5,0,2026-07-06,0,7,0,0,142
5,0,2026-07-07,1,7,0,1,189
5,0,2026-07-08,2,7,0,0,146
5,0,2026-07-09,3,7,0,0,108
5,0,2026-07-10,4,7,0,0,116
5,0,2026-07-11,5,7,0,0,143
5,0,2026-07-12,6,7,0,0,115
5,0,2026-07-13,0,7,0,0,150
5,0,2026-07-14,1,7,0,0,94
5,0,2026-07-15,2,7,0,0,149
5,0,2026-07-16,3,7,0,0,136
5,0,2026-07-17,4,7,0,0,123
5,0,2026-07-18,5,7,0,0,160
5,0,2026-07-19,6,7,0,0,159
5,0,2026-07-20,0,7,0,0,119
5,0,2026-07-21,1,7,0,0,133
5,0,2026-07-22,2,7,0,0,142
5,0,2026-07-23,3,7,0,0,108
5,0,2026-07-24,4,7,0,0,134
5,0,2026-07-25,5,7,0,0,88
5,0,2026-07-26,6,7,0,0,105
5,0,2026-07-27,0,7,0,0,139
5,0,2026-07-28,1,7,0,0,119
5,0,2026-07-29,2,7,0,0,110
5,0,2026-07-30,3,7,0,0,126
5,0,2026-07-31,4,7,0,0,119
5,0,2026-08-01,5,8,0,0,122
5,0,2026-08-02,6,8,0,0,107
5,0,2026-08-03,0,8,0,0,83
5,0,2026-08-04,1,8,0,0,135
5,0,2026-08-05,2,8,0,0,113
5,0,2026-08-06,3,8,0,0,140
5,0,2026-08-07,4,8,0,0,113
5,0,2026-08-08,5,8,0,0,153
5,0,2026-08-09,6,8,0,0,142
5,0,2026-08-10,0,8,0,0,122
5,0,2026-08-11,1,8,0,0,123
5,0,2026-08-12,2,8,0,0,112
5,0,2026-08-13,3,8,0,0,97
5,0,2026-08-14,4,8,0,0,136
5,0,2026-08-15,5,8,0,0,182
5,0,2026-08-16,6,8,0,0,184
5,0,2026-08-17,0,8,0,0,110
5,0,2026-08-18,1,8,0,0,107
5,0,2026-08-19,2,8,0,0,110
5,0,2026-08-20,3,8,0,0,118
5,0,2026-08-21,4,8,0,0,120
5,0,2026-08-22,5,8,0,0,122
5,0,2026-08-23,6,8,0,0,111
5,0,2026-08-24,0,8,0,0,122
5,0,2026-08-25,1,8,0,0,53
5,0,2026-08-26,2,8,0,0,119
5,0,2026-08-27,3,8,0,0,103
5,0,2026-08-28,4,8,0,0,136
5,0,2026-08-29,5,8,0,0,169
5,0,2026-08-30,6,8,0,0,170
5,0,2026-08-31,0,8,0,0,114
5,1,2024-09-01,6,9,0,0,124
5,1,2024-09-02,0,9,0,0,112
5,1,2024-09-03,1,9,0,0,101
5,1,2024-09-04,2,9,0,0,105
5,1,2024-09-05,3,9,0,0,103
5,1,2024-09-06,4,9,0,0,125
5,1,2024-09-07,5,9,0,0,166
5,1,2024-09-08,6,9,0,0,127
5,1,2024-09-09,0,9,0,1,118
5,1,2024-09-10,1,9,0,1,143
5,1,2024-09-11,2,9,0,0,91
5,1,2024-09-12,3,9,0,0,118
5,1,2024-09-13,4,9,0,0,119
5,1,2024-09-14,5,9,0,0,118
5,1,2024-09-15,6,9,0,0,124
5,1,2024-09-16,0,9,0,0,82
5,1,2024-09-17,1,9,0,0,107
5,1,2024-09-18,2,9,0,0,105
5,1,2024-09-19,3,9,0,0,117
5,1,2024-09-20,4,9,0,0,113
5,1,2024-09-21,5,9,0,0,152
5,1,2024-09-22,6,9,0,0,108
5,1,2024-09-23,0,9,0,0,96
5,1,2024-09-24,1,9,0,0,120
5,1,2024-09-25,2,9,0,0,97
5,1,2024-09-26,3,9,0,0,80
5,1,2024-09-27,4,9,0,0,118
5,1,2024-09-28,5,9,0,0,127
5,1,2024-09-29,6,9,0,1,223
5,1,2024-09-30,0,9,0,0,105
5,1,2024-10-01,1,10,0,0,103
5,1,2024-10-02,2,10,0,0,128
5,1,2024-10-03,3,10,0,0,87
5,1,2024-10-04,4,10,0,0,130
5,1,2024-10-05,5,10,0,0,128
5,1,2024-10-06,6,10,0,0,144
5,1,2024-10-07,0,10,0,0,110
5,1,2024-10-08,1,10,0,0,100
5,1,2024-10-09,2,10,0,0,95
5,1,2024-10-10,3,10,0,0,101
5,1,2024-10-11,4,10,0,0,91
5,1,2024-10-12,5,10,0,0,182
5,1,2024-10-13,6,10,0,0,131
5,1,2024-10-14,0,10,0,0,125
5,1,2024-10-15,1,10,0,0,123
5,1,2024-10-16,2,10,0,0,113
5,1,2024-10-17,3,10,0,0,105
5,1,2024-10-18,4,10,0,0,110
5,1,2024-10-19,5,10,0,1,211
5,1,2024-10-20,6,10,0,0,143
5,1,2024-10-21,0,10,0,0,83
5,1,2024-10-22,1,10,0,0,79
5,1,2024-10-23,2,10,0,0,131
5,1,2024-10-24,3,10,0,0,66
5,1,2024-10-25,4,10,0,0,110
5,1,2024-10-26,5,10,0,0,136
5,1,2024-10-27,6,10,0,0,144
5,1,2024-10-28,0,10,0,0,89
5,1,2024-10-29,1,10,0,0,113
5,1,2024-10-30,2,10,0,0,110
5,1,2024-10-31,3,10,0,0,150
5,1,2024-11-01,4,11,0,0,114
5,1,2024-11-02,5,11,0,0,175
5,1,2024-11-03,6,11,0,0,114
5,1,2024-11-04,0,11,0,0,129
5,1,2024-11-05,1,11,0,0,116
5,1,2024-11-06,2,11,0,0,117
5,1,2024-11-07,3,11,0,0,117
5,1,2024-11-08,4,11,0,0,140
5,1,2024-11-09,5,11,0,1,208
5,1,2024-11-10,6,11,0,0,130
5,1,2024-11-11,0,11,0,0,102
5,1,2024-11-12,1,11,0,0,126
5,1,2024-11-13,2,11,0,0,120
5,1,2024-11-14,3,11,0,0,87
5,1,2024-11-15,4,11,0,0,121
5,1,2024-11-16,5,11,0,0,123
5,1,2024-11-17,6,11,0,0,156
5,1,2024-11-18,0,11,0,0,99
5,1,2024-11-19,1,11,0,0,108
5,1,2024-11-20,2,11,0,0,103
5,1,2024-11-21,3,11,0,0,137
5,1,2024-11-22,4,11,1,0,195
5,1,2024-11-23,5,11,1,1,322
5,1,2024-11-24,6,11,1,0,310
5,1,2024-11-25,0,11,1,0,185
5,1,2024-11-26,1,11,1,0,224
5,1,2024-11-27,2,11,1,0,165
5,1,2024-11-28,3,11,1,0,218
5,1,2024-11-29,4,11,0,0,99
5,1,2024-11-30,5,11,0,0,146
5,1,2024-12-01,6,12,0,0,165
5,1,2024-12-02,0,12,0,0,132
5,1,2024-12-03,1,12,0,0,97
5,1,2024-12-04,2,12,0,0,104
5,1,2024-12-05,3,12,0,0,130
5,1,2024-12-06,4,12,0,0,113
5,1,2024-12-07,5,12,0,0,122
5,1,2024-12-08,6,12,0,0,152
5,1,2024-12-09,0,12,0,0,117
5,1,2024-12-10,1,12,0,0,122
5,1,2024-12-11,2,12,0,0,129
5,1,2024-12-12,3,12,0,0,128
5,1,2024-12-13,4,12,0,0,106
5,1,2024-12-14,5,12,0,0,144
5,1,2024-12-15,6,12,0,0,174
5,1,2024-12-16,0,12,0,0,110
5,1,2024-12-17,1,12,0,0,112
5,1,2024-12-18,2,12,0,0,93
5,1,2024-12-19,3,12,0,0,119
5,1,2024-12-20,4,12,0,0,125
5,1,2024-12-21,5,12,0,0,109
5,1,2024-12-22,6,12,0,0,129
5,1,2024-12-23,0,12,0,0,95
5,1,2024-12-24,1,12,1,0,213
5,1,2024-12-25,2,12,1,1,176
5,1,2024-12-26,3,12,0,0,118
5,1,2024-12-27,4,12,0,0,132
5,1,2024-12-28,5,12,0,0,158
5,1,2024-12-29,6,12,0,0,144
5,1,2024-12-30,0,12,0,0,125
5,1,2024-12-31,1,12,1,1,282
5,1,2025-01-01,2,1,0,0,125
5,1,2025-01-02,3,1,0,0,85
5,1,2025-01-03,4,1,0,0,148
5,1,2025-01-04,5,1,0,0,170
5,1,2025-01-05,6,1,0,0,160
5,1,2025-01-06,0,1,0,0,90
5,1,2025-01-07,1,1,0,0,121
5,1,2025-01-08,2,1,0,0,110
5,1,2025-01-09,3,1,0,0,104
5,1,2025-01-10,4,1,0,0,124
5,1,2025-01-11,5,1,0,0,148
5,1,2025-01-12,6,1,0,0,150
5,1,2025-01-13,0,1,0,0,140
5,1,2025-01-14,1,1,0,0,131
5,1,2025-01-15,2,1,0,0,117
5,1,2025-01-16,3,1,0,0,115
5,1,2025-01-17,4,1,0,0,118
5,1,2025-01-18,5,1,0,0,155
5,1,2025-01-19,6,1,0,0,174
5,1,2025-01-20,0,1,0,0,107
5,1,2025-01-21,1,1,0,0,153
5,1,2025-01-22,2,1,0,0,137
5,1,2025-01-23,3,1,0,0,76
5,1,2025-01-24,4,1,0,0,128
5,1,2025-01-25,5,1,0,0,185
5,1,2025-01-26,6,1,0,0,170
5,1,2025-01-27,0,1,0,0,119
5,1,2025-01-28,1,1,0,0,125
5,1,2025-01-29,2,1,0,0,130
5,1,2025-01-30,3,1,0,0,141
5,1,2025-01-31,4,1,0,0,100
5,1,2025-02-01,5,2,0,0,151
5,1,2025-02-02,6,2,0,0,205
5,1,2025-02-03,0,2,0,0,132
5,1,2025-02-04,1,2,0,1,227
5,1,2025-02-05,2,2,0,0,189
5,1,2025-02-06,3,2,0,0,122
5,1,2025-02-07,4,2,0,0,109
5,1,2025-02-08,5,2,0,0,159
5,1,2025-02-09,6,2,0,0,192
5,1,2025-02-10,0,2,0,0,156
5,1,2025-02-11,1,2,0,0,175
5,1,2025-02-12,2,2,0,0,131
5,1,2025-02-13,3,2,0,0,141
5,1,2025-02-14,4,2,0,0,118
5,1,2025-02-15,5,2,0,0,105
5,1,2025-02-16,6,2,0,0,165
5,1,2025-02-17,0,2,0,0,109
5,1,2025-02-18,1,2,0,0,144
5,1,2025-02-19,2,2,0,0,95
5,1,2025-02-20,3,2,0,0,117
5,1,2025-02-21,4,2,0,0,137
5,1,2025-02-22,5,2,0,0,175
5,1,2025-02-23,6,2,0,0,165
5,1,2025-02-24,0,2,0,0,168
5,1,2025-02-25,1,2,0,0,162
5,1,2025-02-26,2,2,0,0,118
5,1,2025-02-27,3,2,0,0,163
5,1,2025-02-28,4,2,0,0,166
5,1,2025-03-01,5,3,0,1,217
5,1,2025-03-02,6,3,0,0,169
5,1,2025-03-03,0,3,0,0,133
5,1,2025-03-04,1,3,0,0,121
5,1,2025-03-05,2,3,0,0,123
5,1,2025-03-06,3,3,0,0,159
5,1,2025-03-07,4,3,0,0,142
5,1,2025-03-08,5,3,0,0,154
5,1,2025-03-09,6,3,0,1,191
5,1,2025-03-10,0,3,0,0,119
5,1,2025-03-11,1,3,0,0,130
5,1,2025-03-12,2,3,0,0,151
5,1,2025-03-13,3,3,0,0,117
5,1,2025-03-14,4,3,0,0,151
5,1,2025-03-15,5,3,0,0,172
5,1,2025-03-16,6,3,0,0,171
5,1,2025-03-17,0,3,0,0,154
5,1,2025-03-18,1,3,0,0,150
5,1,2025-03-19,2,3,0,0,106
5,1,2025-03-20,3,3,0,0,112
5,1,2025-03-21,4,3,0,0,129
5,1,2025-03-22,5,3,0,0,176
5,1,2025-03-23,6,3,0,0,201
5,1,2025-03-24,0,3,0,0,135
5,1,2025-03-25,1,3,0,1,234
5,1,2025-03-26,2,3,0,0,120
5,1,2025-03-27,3,3,0,0,123
5,1,2025-03-28,4,3,0,0,128
5,1,2025-03-29,5,3,0,0,148
5,1,2025-03-30,6,3,0,0,196
5,1,2025-03-31,0,3,0,0,79
5,1,2025-04-01,1,4,0,0,122
5,1,2025-04-02,2,4,0,1,217
5,1,2025-04-03,3,4,0,0,126
5,1,2025-04-04,4,4,0,0,152
5,1,2025-04-05,5,4,0,0,219
5,1,2025-04-06,6,4,0,0,168
5,1,2025-04-07,0,4,0,0,154
5,1,2025-04-08,1,4,0,0,178
5,1,2025-04-09,2,4,0,0,139
5,1,2025-04-10,3,4,0,0,131
5,1,2025-04-11,4,4,0,0,149
5,1,2025-04-12,5,4,0,1,257
5,1,2025-04-13,6,4,0,0,165
5,1,2025-04-14,0,4,0,0,122
5,1,2025-04-15,1,4,0,0,165
5,1,2025-04-16,2,4,0,0,126
5,1,2025-04-17,3,4,0,0,154
5,1,2025-04-18,4,4,0,0,137
5,1,2025-04-19,5,4,0,0,210
5,1,2025-04-20,6,4,0,0,145
5,1,2025-04-21,0,4,0,0,115
5,1,2025-04-22,1,4,0,0,148
5,1,2025-04-23,2,4,0,0,110
5,1,2025-04-24,3,4,0,0,134
5,1,2025-04-25,4,4,0,0,161
5,1,2025-04-26,5,4,0,0,122
5,1,2025-04-27,6,4,0,0,175
5,1,2025-04-28,0,4,0,0,155
5,1,2025-04-29,1,4,0,0,131
5,1,2025-04-30,2,4,0,0,114
5,1,2025-05-01,3,5,0,0,121
5,1,2025-05-02,4,5,0,0,111
5,1,2025-05-03,5,5,0,0,162
5,1,2025-05-04,6,5,0,0,154
5,1,2025-05-05,0,5,0,0,117
5,1,2025-05-06,1,5,0,0,135
5,1,2025-05-07,2,5,0,0,155
5,1,2025-05-08,3,5,0,0,132
5,1,2025-05-09,4,5,0,0,151
5,1,2025-05-10,5,5,0,0,197
5,1,2025-05-11,6,5,0,0,147
5,1,2025-05-12,0,5,0,0,131
5,1,2025-05-13,1,5,0,0,118
5,1,2025-05-14,2,5,0,0,99
5,1,2025-05-15,3,5,0,0,133
5,1,2025-05-16,4,5,0,0,107
5,1,2025-05-17,5,5,0,0,172
5,1,2025-05-18,6,5,0,0,124
5,1,2025-05-19,0,5,0,0,129
5,1,2025-05-20,1,5,0,0,97
5,1,2025-05-21,2,5,0,0,139
5,1,2025-05-22,3,5,0,0,119
5,1,2025-05-23,4,5,0,0,117
5,1,2025-05-24,5,5,0,0,187
5,1,2025-05-25,6,5,0,0,153
5,1,2025-05-26,0,5,0,0,128
5,1,2025-05-27,1,5,0,0,123
5,1,2025-05-28,2,5,0,0,136
5,1,2025-05-29,3,5,0,0,145
5,1,2025-05-30,4,5,0,0,142
5,1,2025-05-31,5,5,0,0,149
5,1,2025-06-01,6,6,0,0,180
5,1,2025-06-02,0,6,0,0,103
5,1,2025-06-03,1,6,0,0,106
5,1,2025-06-04,2,6,0,0,117
5,1,2025-06-05,3,6,0,0,137
5,1,2025-06-06,4,6,0,1,143
5,1,2025-06-07,5,6,0,0,173
5,1,2025-06-08,6,6,0,0,152
5,1,2025-06-09,0,6,0,0,111
5,1,2025-06-10,1,6,0,0,138
5,1,2025-06-11,2,6,0,0,105
5,1,2025-06-12,3,6,0,0,159
5,1,2025-06-13,4,6,0,0,116
5,1,2025-06-14,5,6,0,0,156
5,1,2025-06-15,6,6,0,0,188
5,1,2025-06-16,0,6,0,0,122
5,1,2025-06-17,1,6,0,0,140
5,1,2025-06-18,2,6,0,0,85
5,1,2025-06-19,3,6,0,1,162
5,1,2025-06-20,4,6,0,0,126
5,1,2025-06-21,5,6,0,0,177
5,1,2025-06-22,6,6,0,0,170
5,1,2025-06-23,0,6,0,0,131
5,1,2025-06-24,1,6,0,0,137
5,1,2025-06-25,2,6,0,0,127
5,1,2025-06-26,3,6,0,0,82
5,1,2025-06-27,4,6,0,0,144
5,1,2025-06-28,5,6,0,0,134
5,1,2025-06-29,6,6,0,0,160
5,1,2025-06-30,0,6,0,0,122
5,1,2025-07-01,1,7,0,1,167
5,1,2025-07-02,2,7,0,0,94
5,1,2025-07-03,3,7,0,0,80
5,1,2025-07-04,4,7,0,0,95
5,1,2025-07-05,5,7,0,0,163
5,1,2025-07-06,6,7,0,0,115
5,1,2025-07-07,0,7,0,0,97
5,1,2025-07-08,1,7,0,0,119
5,1,2025-07-09,2,7,0,0,95
5,1,2025-07-10,3,7,0,0,103
5,1,2025-07-11,4,7,0,0,113
5,1,2025-07-12,5,7,0,0,152
5,1,2025-07-13,6,7,0,0,123
5,1,2025-07-14,0,7,0,0,114
5,1,2025-07-15,1,7,0,0,118
5,1,2025-07-16,2,7,0,0,91
5,1,2025-07-17,3,7,0,0,115
5,1,2025-07-18,4,7,0,0,100
5,1,2025-07-19,5,7,0,0,148
5,1,2025-07-20,6,7,0,0,161
5,1,2025-07-21,0,7,0,1,161
5,1,2025-07-22,1,7,0,0,127
5,1,2025-07-23,2,7,0,0,125
5,1,2025-07-24,3,7,0,0,127
5,1,2025-07-25,4,7,0,0,118
5,1,2025-07-26,5,7,0,0,169
5,1,2025-07-27,6,7,0,0,154
5,1,2025-07-28,0,7,0,0,84
5,1,2025-07-29,1,7,0,1,146
5,1,2025-07-30,2,7,0,0,108
5,1,2025-07-31,3,7,0,0,110
5,1,2025-08-01,4,8,0,0,112
5,1,2025-08-02,5,8,0,0,124
5,1,2025-08-03,6,8,0,0,182
5,1,2025-08-04,0,8,0,0,105
5,1,2025-08-05,1,8,0,0,106
5,1,2025-08-06,2,8,0,0,96
5,1,2025-08-07,3,8,0,0,91
5,1,2025-08-08,4,8,0,1,157
5,1,2025-08-09,5,8,0,0,141
5,1,2025-08-10,6,8,0,0,139
5,1,2025-08-11,0,8,0,0,132
5,1,2025-08-12,1,8,0,1,157
5,1,2025-08-13,2,8,0,1,158
5,1,2025-08-14,3,8,0,0,119
5,1,2025-08-15,4,8,0,0,104
5,1,2025-08-16,5,8,0,0,152
5,1,2025-08-17,6,8,0,0,114
5,1,2025-08-18,0,8,0,0,87
5,1,2025-08-19,1,8,0,0,108
5,1,2025-08-20,2,8,0,0,103
5,1,2025-08-21,3,8,0,0,94
5,1,2025-08-22,4,8,0,0,108
5,1,2025-08-23,5,8,0,0,145
5,1,2025-08-24,6,8,0,0,126
5,1,2025-08-25,0,8,0,1,148
5,1,2025-08-26,1,8,0,0,110
5,1,2025-08-27,2,8,0,0,91
5,1,2025-08-28,3,8,0,0,97
5,1,2025-08-29,4,8,0,0,115
5,1,2025-08-30,5,8,0,0,140
5,1,2025-08-31,6,8,0,0,131
5,1,2025-09-01,0,9,0,0,91
5,1,2025-09-02,1,9,0,0,89
5,1,2025-09-03,2,9,0,0,102
5,1,2025-09-04,3,9,0,0,135
5,1,2025-09-05,4,9,0,0,113
5,1,2025-09-06,5,9,0,0,111
5,1,2025-09-07,6,9,0,0,153
5,1,2025-09-08,0,9,0,0,93
5,1,2025-09-09,1,9,0,0,104
5,1,2025-09-10,2,9,0,0,95
5,1,2025-09-11,3,9,0,0,135
5,1,2025-09-12,4,9,0,0,87
5,1,2025-09-13,5,9,0,0,145
5,1,2025-09-14,6,9,0,0,125
5,1,2025-09-15,0,9,0,0,116
5,1,2025-09-16,1,9,0,0,109
5,1,2025-09-17,2,9,0,0,124
5,1,2025-09-18,3,9,0,1,175
5,1,2025-09-19,4,9,0,0,94
5,1,2025-09-20,5,9,0,0,197
5,1,2025-09-21,6,9,0,0,150
5,1,2025-09-22,0,9,0,0,96
5,1,2025-09-23,1,9,0,0,108
5,1,2025-09-24,2,9,0,0,114
5,1,2025-09-25,3,9,0,0,113
5,1,2025-09-26,4,9,0,0,112
5,1,2025-09-27,5,9,0,0,158
5,1,2025-09-28,6,9,0,0,156
5,1,2025-09-29,0,9,0,1,139
5,1,2025-09-30,1,9,0,0,137
5,1,2025-10-01,2,10,0,0,137
5,1,2025-10-02,3,10,0,0,119
5,1,2025-10-03,4,10,0,0,107
5,1,2025-10-04,5,10,0,1,196
5,1,2025-10-05,6,10,0,1,185
5,1,2025-10-06,0,10,0,0,103
5,1,2025-10-07,1,10,0,0,72
5,1,2025-10-08,2,10,0,0,130
5,1,2025-10-09,3,10,0,0,125
5,1,2025-10-10,4,10,0,0,80
5,1,2025-10-11,5,10,0,0,159
5,1,2025-10-12,6,10,0,0,140
5,1,2025-10-13,0,10,0,0,103
5,1,2025-10-14,1,10,0,0,114
5,1,2025-10-15,2,10,0,0,79
5,1,2025-10-16,3,10,0,0,106
5,1,2025-10-17,4,10,0,0,108
5,1,2025-10-18,5,10,0,0,142
5,1,2025-10-19,6,10,0,0,112
5,1,2025-10-20,0,10,0,0,113
5,1,2025-10-21,1,10,0,0,123
5,1,2025-10-22,2,10,0,0,113
5,1,2025-10-23,3,10,0,0,103
5,1,2025-10-24,4,10,0,0,148
5,1,2025-10-25,5,10,0,0,121
5,1,2025-10-26,6,10,0,0,156
5,1,2025-10-27,0,10,0,0,110
5,1,2025-10-28,1,10,0,0,137
5,1,2025-10-29,2,10,0,0,112
5,1,2025-10-30,3,10,0,0,116
5,1,2025-10-31,4,10,0,0,114
5,1,2025-11-01,5,11,0,0,123
5,1,2025-11-02,6,11,0,0,127
5,1,2025-11-03,0,11,0,0,107
5,1,2025-11-04,1,11,0,0,127
5,1,2025-11-05,2,11,0,0,115
5,1,2025-11-06,3,11,0,0,108
5,1,2025-11-07,4,11,0,0,134
5,1,2025-11-08,5,11,0,0,103
5,1,2025-11-09,6,11,0,0,118
5,1,2025-11-10,0,11,0,0,71
5,1,2025-11-11,1,11,0,0,131
5,1,2025-11-12,2,11,0,0,110
5,1,2025-11-13,3,11,0,0,127
5,1,2025-11-14,4,11,0,0,110
5,1,2025-11-15,5,11,0,0,167
5,1,2025-11-16,6,11,0,1,196
5,1,2025-11-17,0,11,0,0,118
5,1,2025-11-18,1,11,0,0,116
5,1,2025-11-19,2,11,0,0,117
5,1,2025-11-20,3,11,0,0,139
5,1,2025-11-21,4,11,0,0,85
5,1,2025-11-22,5,11,1,0,215
5,1,2025-11-23,6,11,1,0,224
5,1,2025-11-24,0,11,1,0,185
5,1,2025-11-25,1,11,1,0,173
5,1,2025-11-26,2,11,1,0,169
5,1,2025-11-27,3,11,1,0,224
5,1,2025-11-28,4,11,1,0,181
5,1,2025-11-29,5,11,0,0,197
5,1,2025-11-30,6,11,0,0,157
5,1,2025-12-01,0,12,0,0,114
5,1,2025-12-02,1,12,0,0,128
5,1,2025-12-03,2,12,0,0,120
5,1,2025-12-04,3,12,0,0,142
5,1,2025-12-05,4,12,0,0,98
5,1,2025-12-06,5,12,0,0,112
5,1,2025-12-07,6,12,0,0,161
5,1,2025-12-08,0,12,0,0,133
5,1,2025-12-09,1,12,0,0,124
5,1,2025-12-10,2,12,0,0,130
5,1,2025-12-11,3,12,0,0,128
5,1,2025-12-12,4,12,0,1,135
5,1,2025-12-13,5,12,0,0,159
5,1,2025-12-14,6,12,0,0,182
5,1,2025-12-15,0,12,0,0,122
5,1,2025-12-16,1,12,0,1,139
5,1,2025-12-17,2,12,0,0,113
5,1,2025-12-18,3,12,0,0,128
5,1,2025-12-19,4,12,0,0,150
5,1,2025-12-20,5,12,0,0,109
5,1,2025-12-21,6,12,0,0,161
5,1,2025-12-22,0,12,0,0,102
5,1,2025-12-23,1,12,0,0,127
5,1,2025-12-24,2,12,1,0,207
5,1,2025-12-25,3,12,1,0,184
5,1,2025-12-26,4,12,0,0,129
5,1,2025-12-27,5,12,0,0,178
5,1,2025-12-28,6,12,0,0,149
5,1,2025-12-29,0,12,0,0,95
5,1,2025-12-30,1,12,0,0,143
5,1,2025-12-31,2,12,1,0,213
5,1,2026-01-01,3,1,0,0,136
5,1,2026-01-02,4,1,0,0,113
5,1,2026-01-03,5,1,0,0,183
5,1,2026-01-04,6,1,0,1,277
5,1,2026-01-05,0,1,0,0,123
5,1,2026-01-06,1,1,0,0,127
5,1,2026-01-07,2,1,0,0,106
5,1,2026-01-08,3,1,0,0,112
5,1,2026-01-09,4,1,0,0,106
5,1,2026-01-10,5,1,0,0,163
5,1,2026-01-11,6,1,0,0,152
5,1,2026-01-12,0,1,0,0,133
5,1,2026-01-13,1,1,0,0,109
5,1,2026-01-14,2,1,0,0,123
5,1,2026-01-15,3,1,0,0,108
5,1,2026-01-16,4,1,0,0,129
5,1,2026-01-17,5,1,0,1,163
5,1,2026-01-18,6,1,0,0,163
5,1,2026-01-19,0,1,0,0,121
5,1,2026-01-20,1,1,0,0,129
5,1,2026-01-21,2,1,0,0,95
5,1,2026-01-22,3,1,0,0,138
5,1,2026-01-23,4,1,0,0,120
5,1,2026-01-24,5,1,0,0,165
5,1,2026-01-25,6,1,0,0,116
5,1,2026-01-26,0,1,0,0,103
5,1,2026-01-27,1,1,0,0,118
5,1,2026-01-28,2,1,0,0,151
5,1,2026-01-29,3,1,0,0,135
5,1,2026-01-30,4,1,0,0,128
5,1,2026-01-31,5,1,0,0,138
5,1,2026-02-01,6,2,0,0,138
5,1,2026-02-02,0,2,0,0,136
5,1,2026-02-03,1,2,0,0,144
5,1,2026-02-04,2,2,0,0,135
5,1,2026-02-05,3,2,0,0,164
5,1,2026-02-06,4,2,0,0,118
5,1,2026-02-07,5,2,0,0,169
5,1,2026-02-08,6,2,0,0,124
5,1,2026-02-09,0,2,0,0,135
5,1,2026-02-10,1,2,0,0,159
5,1,2026-02-11,2,2,0,0,111
5,1,2026-02-12,3,2,0,0,147
5,1,2026-02-13,4,2,0,0,158
5,1,2026-02-14,5,2,0,0,148
5,1,2026-02-15,6,2,0,0,176
5,1,2026-02-16,0,2,0,0,161
5,1,2026-02-17,1,2,0,0,135
5,1,2026-02-18,2,2,0,0,146
5,1,2026-02-19,3,2,0,0,97
5,1,2026-02-20,4,2,0,0,142
5,1,2026-02-21,5,2,0,0,177
5,1,2026-02-22,6,2,0,0,133
5,1,2026-02-23,0,2,0,0,112
5,1,2026-02-24,1,2,0,0,142
5,1,2026-02-25,2,2,0,0,125
5,1,2026-02-26,3,2,0,1,215
5,1,2026-02-27,4,2,0,0,137
5,1,2026-02-28,5,2,0,0,166
5,1,2026-03-01,6,3,0,0,163
5,1,2026-03-02,0,3,0,0,138
5,1,2026-03-03,1,3,0,0,148
5,1,2026-03-04,2,3,0,0,143
5,1,2026-03-05,3,3,0,0,125
5,1,2026-03-06,4,3,0,0,157
5,1,2026-03-07,5,3,0,0,183
5,1,2026-03-08,6,3,0,0,176
5,1,2026-03-09,0,3,0,0,135
5,1,2026-03-10,1,3,0,0,142
5,1,2026-03-11,2,3,0,0,97
5,1,2026-03-12,3,3,0,1,193
5,1,2026-03-13,4,3,0,0,165
5,1,2026-03-14,5,3,0,0,172
5,1,2026-03-15,6,3,0,0,169
5,1,2026-03-16,0,3,0,0,121
5,1,2026-03-17,1,3,0,0,142
5,1,2026-03-18,2,3,0,0,129
5,1,2026-03-19,3,3,0,0,158
5,1,2026-03-20,4,3,0,0,116
5,1,2026-03-21,5,3,0,0,156
5,1,2026-03-22,6,3,0,0,152
5,1,2026-03-23,0,3,0,0,168
5,1,2026-03-24,1,3,0,0,129
5,1,2026-03-25,2,3,0,0,122
5,1,2026-03-26,3,3,0,0,92
5,1,2026-03-27,4,3,0,0,115
5,1,2026-03-28,5,3,0,0,180
5,1,2026-03-29,6,3,0,0,179
5,1,2026-03-30,0,3,0,0,120
5,1,2026-03-31,1,3,0,0,121
5,1,2026-04-01,2,4,0,0,166
5,1,2026-04-02,3,4,0,0,182
5,1,2026-04-03,4,4,0,0,153
5,1,2026-04-04,5,4,0,0,202
5,1,2026-04-05,6,4,0,0,207
5,1,2026-04-06,0,4,0,0,173
5,1,2026-04-07,1,4,0,0,125
5,1,2026-04-08,2,4,0,0,114
5,1,2026-04-09,3,4,0,0,166
5,1,2026-04-10,4,4,0,0,112
5,1,2026-04-11,5,4,0,0,140
5,1,2026-04-12,6,4,0,0,141
5,1,2026-04-13,0,4,0,0,128
5,1,2026-04-14,1,4,0,0,93
5,1,2026-04-15,2,4,0,0,103
5,1,2026-04-16,3,4,0,0,119
5,1,2026-04-17,4,4,0,0,108
5,1,2026-04-18,5,4,0,0,190
5,1,2026-04-19,6,4,0,0,165
5,1,2026-04-20,0,4,0,0,142
5,1,2026-04-21,1,4,0,0,140
5,1,2026-04-22,2,4,0,0,127
5,1,2026-04-23,3,4,0,0,150
5,1,2026-04-24,4,4,0,0,139
5,1,2026-04-25,5,4,0,0,157
5,1,2026-04-26,6,4,0,0,124
5,1,2026-04-27,0,4,0,0,141
5,1,2026-04-28,1,4,0,0,107
5,1,2026-04-29,2,4,0,0,138
5,1,2026-04-30,3,4,0,0,132
5,1,2026-05-01,4,5,0,0,100
5,1,2026-05-02,5,5,0,0,165
5,1,2026-05-03,6,5,0,0,164
5,1,2026-05-04,0,5,0,0,129
5,1,2026-05-05,1,5,0,0,128
5,1,2026-05-06,2,5,0,1,162
5,1,2026-05-07,3,5,0,0,136
5,1,2026-05-08,4,5,0,0,113
5,1,2026-05-09,5,5,0,0,134
5,1,2026-05-10,6,5,0,0,175
5,1,2026-05-11,0,5,0,1,204
5,1,2026-05-12,1,5,0,1,195
5,1,2026-05-13,2,5,0,0,122
5,1,2026-05-14,3,5,0,1,128
5,1,2026-05-15,4,5,0,0,153
5,1,2026-05-16,5,5,0,0,114
5,1,2026-05-17,6,5,0,0,173
5,1,2026-05-18,0,5,0,0,164
5,1,2026-05-19,1,5,0,0,128
5,1,2026-05-20,2,5,0,0,131
5,1,2026-05-21,3,5,0,0,132
5,1,2026-05-22,4,5,0,0,129
5,1,2026-05-23,5,5,0,0,214
5,1,2026-05-24,6,5,0,0,140
5,1,2026-05-25,0,5,0,0,108
5,1,2026-05-26,1,5,0,0,119
5,1,2026-05-27,2,5,0,0,157
5,1,2026-05-28,3,5,0,0,115
5,1,2026-05-29,4,5,0,0,133
5,1,2026-05-30,5,5,0,0,184
5,1,2026-05-31,6,5,0,0,178
5,1,2026-06-01,0,6,0,0,136
5,1,2026-06-02,1,6,0,0,143
5,1,2026-06-03,2,6,0,0,124
5,1,2026-06-04,3,6,0,0,110
5,1,2026-06-05,4,6,0,0,121
5,1,2026-06-06,5,6,0,0,145
5,1,2026-06-07,6,6,0,0,208
5,1,2026-06-08,0,6,0,0,109
5,1,2026-06-09,1,6,0,0,127
5,1,2026-06-10,2,6,0,0,92
5,1,2026-06-11,3,6,0,0,120
5,1,2026-06-12,4,6,0,0,113
5,1,2026-06-13,5,6,0,0,167
5,1,2026-06-14,6,6,0,0,168
5,1,2026-06-15,0,6,0,0,143
5,1,2026-06-16,1,6,0,1,206
5,1,2026-06-17,2,6,0,0,117
5,1,2026-06-18,3,6,0,0,102
5,1,2026-06-19,4,6,0,0,104
5,1,2026-06-20,5,6,0,0,159
5,1,2026-06-21,6,6,0,0,156
5,1,2026-06-22,0,6,0,0,123
5,1,2026-06-23,1,6,0,0,109
5,1,2026-06-24,2,6,0,0,143
5,1,2026-06-25,3,6,0,1,135
5,1,2026-06-26,4,6,0,0,108
5,1,2026-06-27,5,6,0,0,128
5,1,2026-06-28,6,6,0,0,148
5,1,2026-06-29,0,6,0,0,140
5,1,2026-06-30,1,6,0,1,165
5,1,2026-07-01,2,7,0,0,113
5,1,2026-07-02,3,7,0,0,122
5,1,2026-07-03,4,7,0,0,106
5,1,2026-07-04,5,7,0,0,153
5,1,2026-07-05,6,7,0,0,150
5,1,2026-07-06,0,7,0,0,93
5,1,2026-07-07,1,7,0,0,103
5,1,2026-07-08,2,7,0,0,117
5,1,2026-07-09,3,7,0,0,132
5,1,2026-07-10,4,7,0,0,132
5,1,2026-07-11,5,7,0,0,189
5,1,2026-07-12,6,7,0,0,155
5,1,2026-07-13,0,7,0,0,104
5,1,2026-07-14,1,7,0,0,110
5,1,2026-07-15,2,7,0,0,109
5,1,2026-07-16,3,7,0,0,104
5,1,2026-07-17,4,7,0,0,117
5,1,2026-07-18,5,7,0,0,154
5,1,2026-07-19,6,7,0,0,120
5,1,2026-07-20,0,7,0,0,129
5,1,2026-07-21,1,7,0,0,81
5,1,2026-07-22,2,7,0,0,107
5,1,2026-07-23,3,7,0,0,130
5,1,2026-07-24,4,7,0,0,121
5,1,2026-07-25,5,7,0,0,137
5,1,2026-07-26,6,7,0,0,187
5,1,2026-07-27,0,7,0,0,104
5,1,2026-07-28,1,7,0,0,78
5,1,2026-07-29,2,7,0,0,118
5,1,2026-07-30,3,7,0,0,82
5,1,2026-07-31,4,7,0,0,97
5,1,2026-08-01,5,8,0,0,152
5,1,2026-08-02,6,8,0,0,130
5,1,2026-08-03,0,8,0,0,115
5,1,2026-08-04,1,8,0,0,88
5,1,2026-08-05,2,8,0,0,119
5,1,2026-08-06,3,8,0,0,80
5,1,2026-08-07,4,8,0,1,190
5,1,2026-08-08,5,8,0,0,130
5,1,2026-08-09,6,8,0,0,171
5,1,2026-08-10,0,8,0,0,93
5,1,2026-08-11,1,8,0,0,135
5,1,2026-08-12,2,8,0,1,137
5,1,2026-08-13,3,8,0,0,78
5,1,2026-08-14,4,8,0,0,106
5,1,2026-08-15,5,8,0,0,165
5,1,2026-08-16,6,8,0,0,156
5,1,2026-08-17,0,8,0,0,124
5,1,2026-08-18,1,8,0,0,118
5,1,2026-08-19,2,8,0,0,93
5,1,2026-08-20,3,8,0,0,117
5,1,2026-08-21,4,8,0,0,107
5,1,2026-08-22,5,8,0,0,125
5,1,2026-08-23,6,8,0,0,143
5,1,2026-08-24,0,8,0,0,105
5,1,2026-08-25,1,8,0,0,127
5,1,2026-08-26,2,8,0,0,98
5,1,2026-08-27,3,8,0,0,97
5,1,2026-08-28,4,8,0,0,95
5,1,2026-08-29,5,8,0,0,178
5,1,2026-08-30,6,8,0,0,126
5,1,2026-08-31,0,8,0,0,126
5,2,2024-09-01,6,9,0,0,86
5,2,2024-09-02,0,9,0,0,65
5,2,2024-09-03,1,9,0,0,61
5,2,2024-09-04,2,9,0,0,62
5,2,2024-09-05,3,9,0,0,64
5,2,2024-09-06,4,9,0,0,76
5,2,2024-09-07,5,9,0,0,98
5,2,2024-09-08,6,9,0,0,97
5,2,2024-09-09,0,9,0,0,59
5,2,2024-09-10,1,9,0,0,56
5,2,2024-09-11,2,9,0,0,66
5,2,2024-09-12,3,9,0,0,73
5,2,2024-09-13,4,9,0,1,116
5,2,2024-09-14,5,9,0,0,60
5,2,2024-09-15,6,9,0,0,115
5,2,2024-09-16,0,9,0,0,66
5,2,2024-09-17,1,9,0,0,70
5,2,2024-09-18,2,9,0,0,49
5,2,2024-09-19,3,9,0,0,61
5,2,2024-09-20,4,9,0,0,69
5,2,2024-09-21,5,9,0,0,74
5,2,2024-09-22,6,9,0,0,55
5,2,2024-09-23,0,9,0,0,65
5,2,2024-09-24,1,9,0,0,62
5,2,2024-09-25,2,9,0,0,74
5,2,2024-09-26,3,9,0,0,61
5,2,2024-09-27,4,9,0,0,62
5,2,2024-09-28,5,9,0,0,95
5,2,2024-09-29,6,9,0,0,99
5,2,2024-09-30,0,9,0,0,57
5,2,2024-10-01,1,10,0,0,72
5,2,2024-10-02,2,10,0,0,60
5,2,2024-10-03,3,10,0,0,64
5,2,2024-10-04,4,10,0,0,69
5,2,2024-10-05,5,10,0,0,98
5,2,2024-10-06,6,10,0,0,92
5,2,2024-10-07,0,10,0,0,55
5,2,2024-10-08,1,10,0,0,49
5,2,2024-10-09,2,10,0,0,62
5,2,2024-10-10,3,10,0,0,72
5,2,2024-10-11,4,10,0,1,101
5,2,2024-10-12,5,10,0,0,91
5,2,2024-10-13,6,10,0,0,88
5,2,2024-10-14,0,10,0,0,66
5,2,2024-10-15,1,10,0,0,56
5,2,2024-10-16,2,10,0,0,70
5,2,2024-10-17,3,10,0,0,71
5,2,2024-10-18,4,10,0,0,61
5,2,2024-10-19,5,10,0,0,93
5,2,2024-10-20,6,10,0,0,69
5,2,2024-10-21,0,10,0,1,98
5,2,2024-10-22,1,10,0,0,63
5,2,2024-10-23,2,10,0,0,74
5,2,2024-10-24,3,10,0,0,62
5,2,2024-10-25,4,10,0,0,71
5,2,2024-10-26,5,10,0,0,84
5,2,2024-10-27,6,10,0,1,85
5,2,2024-10-28,0,10,0,0,62
5,2,2024-10-29,1,10,0,0,65
5,2,2024-10-30,2,10,0,0,65
5,2,2024-10-31,3,10,0,0,65
5,2,2024-11-01,4,11,0,0,63
5,2,2024-11-02,5,11,0,0,88
5,2,2024-11-03,6,11,0,0,78
5,2,2024-11-04,0,11,0,0,50
5,2,2024-11-05,1,11,0,0,66
5,2,2024-11-06,2,11,0,0,61
5,2,2024-11-07,3,11,0,0,76
5,2,2024-11-08,4,11,0,0,48
5,2,2024-11-09,5,11,0,0,95
5,2,2024-11-10,6,11,0,0,116
5,2,2024-11-11,0,11,0,0,65
5,2,2024-11-12,1,11,0,0,67
5,2,2024-11-13,2,11,0,0,71
5,2,2024-11-14,3,11,0,0,71
5,2,2024-11-15,4,11,0,0,63
5,2,2024-11-16,5,11,0,0,80
5,2,2024-11-17,6,11,0,0,99
5,2,2024-11-18,0,11,0,0,51
5,2,2024-11-19,1,11,0,0,74
5,2,2024-11-20,2,11,0,0,64
5,2,2024-11-21,3,11,0,0,67
5,2,2024-11-22,4,11,1,0,102
5,2,2024-11-23,5,11,1,0,159
5,2,2024-11-24,6,11,1,0,139
5,2,2024-11-25,0,11,1,0,105
5,2,2024-11-26,1,11,1,0,105
5,2,2024-11-27,2,11,1,0,108
5,2,2024-11-28,3,11,1,0,143
5,2,2024-11-29,4,11,0,0,56
5,2,2024-11-30,5,11,0,0,104
5,2,2024-12-01,6,12,0,0,103
5,2,2024-12-02,0,12,0,0,85
5,2,2024-12-03,1,12,0,0,77
5,2,2024-12-04,2,12,0,0,71
5,2,2024-12-05,3,12,0,0,80
5,2,2024-12-06,4,12,0,1,106
5,2,2024-12-07,5,12,0,1,140
5,2,2024-12-08,6,12,0,0,113
5,2,2024-12-09,0,12,0,0,72
5,2,2024-12-10,1,12,0,0,67
5,2,2024-12-11,2,12,0,0,65
5,2,2024-12-12,3,12,0,1,109
5,2,2024-12-13,4,12,0,0,63
5,2,2024-12-14,5,12,0,0,92
5,2,2024-12-15,6,12,0,0,84
5,2,2024-12-16,0,12,0,0,76
5,2,2024-12-17,1,12,0,0,64
5,2,2024-12-18,2,12,0,0,60
5,2,2024-12-19,3,12,0,0,61
5,2,2024-12-20,4,12,0,0,66
5,2,2024-12-21,5,12,0,0,90
5,2,2024-12-22,6,12,0,0,99
5,2,2024-12-23,0,12,0,0,70
5,2,2024-12-24,1,12,1,0,119
5,2,2024-12-25,2,12,1,0,121
5,2,2024-12-26,3,12,0,0,78
5,2,2024-12-27,4,12,0,0,54
5,2,2024-12-28,5,12,0,0,82
5,2,2024-12-29,6,12,0,0,103
5,2,2024-12-30,0,12,0,0,73
5,2,2024-12-31,1,12,1,1,164
5,2,2025-01-01,2,1,0,1,86
5,2,2025-01-02,3,1,0,0,71
5,2,2025-01-03,4,1,0,0,73
5,2,2025-01-04,5,1,0,0,102
5,2,2025-01-05,6,1,0,0,100
5,2,2025-01-06,0,1,0,0,80
5,2,2025-01-07,1,1,0,0,74
5,2,2025-01-08,2,1,0,0,89
5,2,2025-01-09,3,1,0,0,92
5,2,2025-01-10,4,1,0,0,65
5,2,2025-01-11,5,1,0,0,101
5,2,2025-01-12,6,1,0,0,110
5,2,2025-01-13,0,1,0,0,81
5,2,2025-01-14,1,1,0,0,72
5,2,2025-01-15,2,1,0,0,78
5,2,2025-01-16,3,1,0,0,60
5,2,2025-01-17,4,1,0,0,75
5,2,2025-01-18,5,1,0,0,81
5,2,2025-01-19,6,1,0,0,106
5,2,2025-01-20,0,1,0,0,65
5,2,2025-01-21,1,1,0,0,77
5,2,2025-01-22,2,1,0,0,78
5,2,2025-01-23,3,1,0,0,76
5,2,2025-01-24,4,1,0,0,69
5,2,2025-01-25,5,1,0,1,129
5,2,2025-01-26,6,1,0,0,115
5,2,2025-01-27,0,1,0,0,71
5,2,2025-01-28,1,1,0,1,108
5,2,2025-01-29,2,1,0,0,70
5,2,2025-01-30,3,1,0,0,85
5,2,2025-01-31,4,1,0,0,76
5,2,2025-02-01,5,2,0,0,93
5,2,2025-02-02,6,2,0,0,103
5,2,2025-02-03,0,2,0,0,76
5,2,2025-02-04,1,2,0,0,92
5,2,2025-02-05,2,2,0,0,78
5,2,2025-02-06,3,2,0,0,65
5,2,2025-02-07,4,2,0,0,84
5,2,2025-02-08,5,2,0,0,127
5,2,2025-02-09,6,2,0,1,156
5,2,2025-02-10,0,2,0,0,68
5,2,2025-02-11,1,2,0,0,76
5,2,2025-02-12,2,2,0,0,78
5,2,2025-02-13,3,2,0,0,78
5,2,2025-02-14,4,2,0,0,82
5,2,2025-02-15,5,2,0,0,99
5,2,2025-02-16,6,2,0,0,91
5,2,2025-02-17,0,2,0,0,88
5,2,2025-02-18,1,2,0,0,67
5,2,2025-02-19,2,2,0,0,71
5,2,2025-02-20,3,2,0,1,95
5,2,2025-02-21,4,2,0,0,85
5,2,2025-02-22,5,2,0,0,105
5,2,2025-02-23,6,2,0,0,115
5,2,2025-02-24,0,2,0,0,71
5,2,2025-02-25,1,2,0,0,66
5,2,2025-02-26,2,2,0,0,74
5,2,2025-02-27,3,2,0,0,77
5,2,2025-02-28,4,2,0,0,81
5,2,2025-03-01,5,3,0,0,82
5,2,2025-03-02,6,3,0,0,111
5,2,2025-03-03,0,3,0,0,71
5,2,2025-03-04,1,3,0,0,73
5,2,2025-03-05,2,3,0,0,92
5,2,2025-03-06,3,3,0,0,58
5,2,2025-03-07,4,3,0,0,83
5,2,2025-03-08,5,3,0,0,108
5,2,2025-03-09,6,3,0,0,93
5,2,2025-03-10,0,3,0,0,75
5,2,2025-03-11,1,3,0,0,92
5,2,2025-03-12,2,3,0,0,100
5,2,2025-03-13,3,3,0,0,90
5,2,2025-03-14,4,3,0,0,99
5,2,2025-03-15,5,3,0,0,95
5,2,2025-03-16,6,3,0,0,83
5,2,2025-03-17,0,3,0,0,79
5,2,2025-03-18,1,3,0,0,88
5,2,2025-03-19,2,3,0,0,61
5,2,2025-03-20,3,3,0,0,70
5,2,2025-03-21,4,3,0,0,71
5,2,2025-03-22,5,3,0,0,109
5,2,2025-03-23,6,3,0,0,107
5,2,2025-03-24,0,3,0,0,72
5,2,2025-03-25,1,3,0,0,81
5,2,2025-03-26,2,3,0,0,68
5,2,2025-03-27,3,3,0,0,75
5,2,2025-03-28,4,3,0,0,67
5,2,2025-03-29,5,3,0,0,102
5,2,2025-03-30,6,3,0,0,94
5,2,2025-03-31,0,3,0,0,87
5,2,2025-04-01,1,4,0,0,78
5,2,2025-04-02,2,4,0,0,76
5,2,2025-04-03,3,4,0,0,96
5,2,2025-04-04,4,4,0,0,82
5,2,2025-04-05,5,4,0,0,98
5,2,2025-04-06,6,4,0,0,95
5,2,2025-04-07,0,4,0,0,67
5,2,2025-04-08,1,4,0,0,78
5,2,2025-04-09,2,4,0,0,82
5,2,2025-04-10,3,4,0,0,59
5,2,2025-04-11,4,4,0,0,65
5,2,2025-04-12,5,4,0,0,96
5,2,2025-04-13,6,4,0,0,89
5,2,2025-04-14,0,4,0,0,79
5,2,2025-04-15,1,4,0,0,80
5,2,2025-04-16,2,4,0,0,77
5,2,2025-04-17,3,4,0,0,84
5,2,2025-04-18,4,4,0,0,73
5,2,2025-04-19,5,4,0,0,102
5,2,2025-04-20,6,4,0,0,90
5,2,2025-04-21,0,4,0,0,81
5,2,2025-04-22,1,4,0,0,79
5,2,2025-04-23,2,4,0,0,66
5,2,2025-04-24,3,4,0,0,77
5,2,2025-04-25,4,4,0,0,78
5,2,2025-04-26,5,4,0,0,107
5,2,2025-04-27,6,4,0,0,107
5,2,2025-04-28,0,4,0,0,71
5,2,2025-04-29,1,4,0,0,86
5,2,2025-04-30,2,4,0,0,84
5,2,2025-05-01,3,5,0,0,68
5,2,2025-05-02,4,5,0,0,64
5,2,2025-05-03,5,5,0,1,121
5,2,2025-05-04,6,5,0,0,81
5,2,2025-05-05,0,5,0,0,77
5,2,2025-05-06,1,5,0,0,87
5,2,2025-05-07,2,5,0,0,89
5,2,2025-05-08,3,5,0,0,65
5,2,2025-05-09,4,5,0,0,83
5,2,2025-05-10,5,5,0,0,101
5,2,2025-05-11,6,5,0,0,69
5,2,2025-05-12,0,5,0,0,72
5,2,2025-05-13,1,5,0,0,71
5,2,2025-05-14,2,5,0,0,87
5,2,2025-05-15,3,5,0,0,67
5,2,2025-05-16,4,5,0,0,81
5,2,2025-05-17,5,5,0,0,99
5,2,2025-05-18,6,5,0,0,81
5,2,2025-05-19,0,5,0,0,70
5,2,2025-05-20,1,5,0,0,90
5,2,2025-05-21,2,5,0,0,74
5,2,2025-05-22,3,5,0,0,84
5,2,2025-05-23,4,5,0,0,83
5,2,2025-05-24,5,5,0,0,94
5,2,2025-05-25,6,5,0,0,84
5,2,2025-05-26,0,5,0,0,64
5,2,2025-05-27,1,5,0,0,89
5,2,2025-05-28,2,5,0,0,77
5,2,2025-05-29,3,5,0,0,59
5,2,2025-05-30,4,5,0,0,83
5,2,2025-05-31,5,5,0,0,77
5,2,2025-06-01,6,6,0,0,86
5,2,2025-06-02,0,6,0,0,72
5,2,2025-06-03,1,6,0,0,94
5,2,2025-06-04,2,6,0,0,78
5,2,2025-06-05,3,6,0,0,67
5,2,2025-06-06,4,6,0,0,71
5,2,2025-06-07,5,6,0,0,107
5,2,2025-06-08,6,6,0,0,113
5,2,2025-06-09,0,6,0,0,69
5,2,2025-06-10,1,6,0,1,100
5,2,2025-06-11,2,6,0,0,63
5,2,2025-06-12,3,6,0,0,77
5,2,2025-06-13,4,6,0,1,117
5,2,2025-06-14,5,6,0,0,72
5,2,2025-06-15,6,6,0,0,91
5,2,2025-06-16,0,6,0,0,60
5,2,2025-06-17,1,6,0,0,72
5,2,2025-06-18,2,6,0,0,60
5,2,2025-06-19,3,6,0,0,59
5,2,2025-06-20,4,6,0,0,81
5,2,2025-06-21,5,6,0,0,94
5,2,2025-06-22,6,6,0,0,95
5,2,2025-06-23,0,6,0,0,75
5,2,2025-06-24,1,6,0,0,80
5,2,2025-06-25,2,6,0,0,67
5,2,2025-06-26,3,6,0,0,67
5,2,2025-06-27,4,6,0,0,67
5,2,2025-06-28,5,6,0,0,109
5,2,2025-06-29,6,6,0,0,95
5,2,2025-06-30,0,6,0,0,68
5,2,2025-07-01,1,7,0,0,70
5,2,2025-07-02,2,7,0,0,82
5,2,2025-07-03,3,7,0,0,67
5,2,2025-07-04,4,7,0,0,64
5,2,2025-07-05,5,7,0,0,114
5,2,2025-07-06,6,7,0,0,107
5,2,2025-07-07,0,7,0,0,77
5,2,2025-07-08,1,7,0,0,62
5,2,2025-07-09,2,7,0,1,91
5,2,2025-07-10,3,7,0,0,51
5,2,2025-07-11,4,7,0,0,75
5,2,2025-07-12,5,7,0,0,92
5,2,2025-07-13,6,7,0,0,70
5,2,2025-07-14,0,7,0,0,77
5,2,2025-07-15,1,7,0,0,64
5,2,2025-07-16,2,7,0,0,65
5,2,2025-07-17,3,7,0,0,54
5,2,2025-07-18,4,7,0,0,71
5,2,2025-07-19,5,7,0,1,131
5,2,2025-07-20,6,7,0,0,91
5,2,2025-07-21,0,7,0,0,63
5,2,2025-07-22,1,7,0,0,89
5,2,2025-07-23,2,7,0,0,56
5,2,2025-07-24,3,7,0,0,61
5,2,2025-07-25,4,7,0,0,73
5,2,2025-07-26,5,7,0,0,79
5,2,2025-07-27,6,7,0,0,79
5,2,2025-07-28,0,7,0,0,76
5,2,2025-07-29,1,7,0,0,72
5,2,2025-07-30,2,7,0,0,71
5,2,2025-07-31,3,7,0,0,68
5,2,2025-08-01,4,8,0,0,58
5,2,2025-08-02,5,8,0,1,116
5,2,2025-08-03,6,8,0,0,87
5,2,2025-08-04,0,8,0,0,70
5,2,2025-08-05,1,8,0,0,67
5,2,2025-08-06,2,8,0,0,56
5,2,2025-08-07,3,8,0,0,70
5,2,2025-08-08,4,8,0,1,75
5,2,2025-08-09,5,8,0,0,84
5,2,2025-08-10,6,8,0,0,75
5,2,2025-08-11,0,8,0,0,57
5,2,2025-08-12,1,8,0,0,79
5,2,2025-08-13,2,8,0,1,78
5,2,2025-08-14,3,8,0,0,57
5,2,2025-08-15,4,8,0,0,68
5,2,2025-08-16,5,8,0,0,83
5,2,2025-08-17,6,8,0,0,90
5,2,2025-08-18,0,8,0,0,75
5,2,2025-08-19,1,8,0,0,69
5,2,2025-08-20,2,8,0,0,60
5,2,2025-08-21,3,8,0,0,62
5,2,2025-08-22,4,8,0,0,68
5,2,2025-08-23,5,8,0,1,130
5,2,2025-08-24,6,8,0,0,88
5,2,2025-08-25,0,8,0,0,66
5,2,2025-08-26,1,8,0,0,66
5,2,2025-08-27,2,8,0,0,63
5,2,2025-08-28,3,8,0,0,59
5,2,2025-08-29,4,8,0,0,69
5,2,2025-08-30,5,8,0,0,91
5,2,2025-08-31,6,8,0,0,65
5,2,2025-09-01,0,9,0,0,56
5,2,2025-09-02,1,9,0,0,58
5,2,2025-09-03,2,9,0,0,61
5,2,2025-09-04,3,9,0,0,72
5,2,2025-09-05,4,9,0,0,88
5,2,2025-09-06,5,9,0,0,60
5,2,2025-09-07,6,9,0,0,90
5,2,2025-09-08,0,9,0,0,63
5,2,2025-09-09,1,9,0,0,61
5,2,2025-09-10,2,9,0,0,67
5,2,2025-09-11,3,9,0,0,63
5,2,2025-09-12,4,9,0,0,59
5,2,2025-09-13,5,9,0,1,119
5,2,2025-09-14,6,9,0,0,93
5,2,2025-09-15,0,9,0,0,66
5,2,2025-09-16,1,9,0,0,64
5,2,2025-09-17,2,9,0,0,58
5,2,2025-09-18,3,9,0,0,85
5,2,2025-09-19,4,9,0,1,99
5,2,2025-09-20,5,9,0,0,95
5,2,2025-09-21,6,9,0,0,81
5,2,2025-09-22,0,9,0,0,64
5,2,2025-09-23,1,9,0,0,64
5,2,2025-09-24,2,9,0,0,47
5,2,2025-09-25,3,9,0,1,86
5,2,2025-09-26,4,9,0,0,56
5,2,2025-09-27,5,9,0,0,80
5,2,2025-09-28,6,9,0,0,75
5,2,2025-09-29,0,9,0,0,63
5,2,2025-09-30,1,9,0,0,73
5,2,2025-10-01,2,10,0,0,64
5,2,2025-10-02,3,10,0,0,54
5,2,2025-10-03,4,10,0,1,83
5,2,2025-10-04,5,10,0,0,84
5,2,2025-10-05,6,10,0,0,72
5,2,2025-10-06,0,10,0,0,66
5,2,2025-10-07,1,10,0,0,74
5,2,2025-10-08,2,10,0,0,59
5,2,2025-10-09,3,10,0,0,64
5,2,2025-10-10,4,10,0,0,60
5,2,2025-10-11,5,10,0,0,81
5,2,2025-10-12,6,10,0,1,123
5,2,2025-10-13,0,10,0,0,58
5,2,2025-10-14,1,10,0,0,57
5,2,2025-10-15,2,10,0,0,50
5,2,2025-10-16,3,10,0,0,64
5,2,2025-10-17,4,10,0,0,72
5,2,2025-10-18,5,10,0,0,96
5,2,2025-10-19,6,10,0,0,105
5,2,2025-10-20,0,10,0,0,58
5,2,2025-10-21,1,10,0,0,70
5,2,2025-10-22,2,10,0,0,54
5,2,2025-10-23,3,10,0,0,69
5,2,2025-10-24,4,10,0,0,77
5,2,2025-10-25,5,10,0,0,94
5,2,2025-10-26,6,10,0,0,107
5,2,2025-10-27,0,10,0,0,59
5,2,2025-10-28,1,10,0,0,62
5,2,2025-10-29,2,10,0,0,56
5,2,2025-10-30,3,10,0,0,64
5,2,2025-10-31,4,10,0,0,66
5,2,2025-11-01,5,11,0,0,91
5,2,2025-11-02,6,11,0,0,86
5,2,2025-11-03,0,11,0,0,62
5,2,2025-11-04,1,11,0,0,69
5,2,2025-11-05,2,11,0,0,65
5,2,2025-11-06,3,11,0,0,57
5,2,2025-11-07,4,11,0,0,50
5,2,2025-11-08,5,11,0,0,84
5,2,2025-11-09,6,11,0,0,75
5,2,2025-11-10,0,11,0,0,59
5,2,2025-11-11,1,11,0,0,63
5,2,2025-11-12,2,11,0,0,65
5,2,2025-11-13,3,11,0,1,90
5,2,2025-11-14,4,11,0,0,85
5,2,2025-11-15,5,11,0,0,76
5,2,2025-11-16,6,11,0,0,105
5,2,2025-11-17,0,11,0,0,65
5,2,2025-11-18,1,11,0,0,61
5,2,2025-11-19,2,11,0,0,71
5,2,2025-11-20,3,11,0,0,63
5,2,2025-11-21,4,11,0,0,60
5,2,2025-11-22,5,11,1,0,164
5,2,2025-11-23,6,11,1,0,96
5,2,2025-11-24,0,11,1,1,137
5,2,2025-11-25,1,11,1,0,112
5,2,2025-11-26,2,11,1,0,129
5,2,2025-11-27,3,11,1,0,104
5,2,2025-11-28,4,11,1,0,146
5,2,2025-11-29,5,11,0,0,100
5,2,2025-11-30,6,11,0,0,64
5,2,2025-12-01,0,12,0,0,58
5,2,2025-12-02,1,12,0,0,73
5,2,2025-12-03,2,12,0,0,60
5,2,2025-12-04,3,12,0,0,76
5,2,2025-12-05,4,12,0,0,67
5,2,2025-12-06,5,12,0,0,81
5,2,2025-12-07,6,12,0,0,84
5,2,2025-12-08,0,12,0,0,78
5,2,2025-12-09,1,12,0,0,53
5,2,2025-12-10,2,12,0,0,80
5,2,2025-12-11,3,12,0,0,80
5,2,2025-12-12,4,12,0,0,68
5,2,2025-12-13,5,12,0,0,78
5,2,2025-12-14,6,12,0,0,102
5,2,2025-12-15,0,12,0,0,66
5,2,2025-12-16,1,12,0,0,57
5,2,2025-12-17,2,12,0,1,128
5,2,2025-12-18,3,12,0,0,63
5,2,2025-12-19,4,12,0,0,57
5,2,2025-12-20,5,12,0,0,99
5,2,2025-12-21,6,12,0,0,94
5,2,2025-12-22,0,12,0,0,84
5,2,2025-12-23,1,12,0,0,67
5,2,2025-12-24,2,12,1,0,108
5,2,2025-12-25,3,12,1,1,152
5,2,2025-12-26,4,12,0,1,105
5,2,2025-12-27,5,12,0,0,98
5,2,2025-12-28,6,12,0,0,99
5,2,2025-12-29,0,12,0,0,72
5,2,2025-12-30,1,12,0,0,67
5,2,2025-12-31,2,12,1,0,126
5,2,2026-01-01,3,1,0,0,72
5,2,2026-01-02,4,1,0,0,83
5,2,2026-01-03,5,1,0,0,117
5,2,2026-01-04,6,1,0,0,91
5,2,2026-01-05,0,1,0,0,98
5,2,2026-01-06,1,1,0,0,68
5,2,2026-01-07,2,1,0,0,68
5,2,2026-01-08,3,1,0,0,80
5,2,2026-01-09,4,1,0,0,79
5,2,2026-01-10,5,1,0,0,100
5,2,2026-01-11,6,1,0,0,110
5,2,2026-01-12,0,1,0,0,77
5,2,2026-01-13,1,1,0,0,95
5,2,2026-01-14,2,1,0,0,74
5,2,2026-01-15,3,1,0,0,67
5,2,2026-01-16,4,1,0,0,70
5,2,2026-01-17,5,1,0,0,106
5,2,2026-01-18,6,1,0,0,106
5,2,2026-01-19,0,1,0,0,77
5,2,2026-01-20,1,1,0,0,67
5,2,2026-01-21,2,1,0,0,86
5,2,2026-01-22,3,1,0,0,93
5,2,2026-01-23,4,1,0,0,75
5,2,2026-01-24,5,1,0,0,122
5,2,2026-01-25,6,1,0,0,110
5,2,2026-01-26,0,1,0,0,96
5,2,2026-01-27,1,1,0,0,79
5,2,2026-01-28,2,1,0,0,76
5,2,2026-01-29,3,1,0,0,83
5,2,2026-01-30,4,1,0,0,71
5,2,2026-01-31,5,1,0,0,105
5,2,2026-02-01,6,2,0,0,120
5,2,2026-02-02,0,2,0,0,86
5,2,2026-02-03,1,2,0,0,78
5,2,2026-02-04,2,2,0,0,80
5,2,2026-02-05,3,2,0,0,86
5,2,2026-02-06,4,2,0,0,85
5,2,2026-02-07,5,2,0,0,112
5,2,2026-02-08,6,2,0,0,107
5,2,2026-02-09,0,2,0,0,70
5,2,2026-02-10,1,2,0,0,71
5,2,2026-02-11,2,2,0,1,117
5,2,2026-02-12,3,2,0,0,86
5,2,2026-02-13,4,2,0,0,85
5,2,2026-02-14,5,2,0,0,94
5,2,2026-02-15,6,2,0,0,101
5,2,2026-02-16,0,2,0,0,66
5,2,2026-02-17,1,2,0,0,64
5,2,2026-02-18,2,2,0,0,79
5,2,2026-02-19,3,2,0,0,92
5,2,2026-02-20,4,2,0,0,79
5,2,2026-02-21,5,2,0,0,128
5,2,2026-02-22,6,2,0,0,100
5,2,2026-02-23,0,2,0,0,78
5,2,2026-02-24,1,2,0,0,68
5,2,2026-02-25,2,2,0,0,75
5,2,2026-02-26,3,2,0,0,66
5,2,2026-02-27,4,2,0,0,63
5,2,2026-02-28,5,2,0,0,87
5,2,2026-03-01,6,3,0,0,105
5,2,2026-03-02,0,3,0,0,72
5,2,2026-03-03,1,3,0,0,74
5,2,2026-03-04,2,3,0,0,83
5,2,2026-03-05,3,3,0,0,64
5,2,2026-03-06,4,3,0,0,80
5,2,2026-03-07,5,3,0,0,115
5,2,2026-03-08,6,3,0,0,116
5,2,2026-03-09,0,3,0,0,84
5,2,2026-03-10,1,3,0,0,79
5,2,2026-03-11,2,3,0,0,73
5,2,2026-03-12,3,3,0,0,78
5,2,2026-03-13,4,3,0,0,96
5,2,2026-03-14,5,3,0,0,107
5,2,2026-03-15,6,3,0,0,102
5,2,2026-03-16,0,3,0,0,85
5,2,2026-03-17,1,3,0,0,80
5,2,2026-03-18,2,3,0,0,81
5,2,2026-03-19,3,3,0,0,77
5,2,2026-03-20,4,3,0,0,75
5,2,2026-03-21,5,3,0,0,117
5,2,2026-03-22,6,3,0,0,78
5,2,2026-03-23,0,3,0,0,84
5,2,2026-03-24,1,3,0,0,74
5,2,2026-03-25,2,3,0,0,60
5,2,2026-03-26,3,3,0,0,69
5,2,2026-03-27,4,3,0,0,79
5,2,2026-03-28,5,3,0,0,105
5,2,2026-03-29,6,3,0,0,113
5,2,2026-03-30,0,3,0,0,87
5,2,2026-03-31,1,3,0,0,64
5,2,2026-04-01,2,4,0,0,82
5,2,2026-04-02,3,4,0,0,85
5,2,2026-04-03,4,4,0,0,80
5,2,2026-04-04,5,4,0,0,109
5,2,2026-04-05,6,4,0,0,77
5,2,2026-04-06,0,4,0,0,68
5,2,2026-04-07,1,4,0,0,92
5,2,2026-04-08,2,4,0,0,75
5,2,2026-04-09,3,4,0,0,100
5,2,2026-04-10,4,4,0,0,65
5,2,2026-04-11,5,4,0,0,123
5,2,2026-04-12,6,4,0,0,95
5,2,2026-04-13,0,4,0,0,87
5,2,2026-04-14,1,4,0,0,75
5,2,2026-04-15,2,4,0,0,79
5,2,2026-04-16,3,4,0,0,84
5,2,2026-04-17,4,4,0,0,72
5,2,2026-04-18,5,4,0,0,113
5,2,2026-04-19,6,4,0,0,99
5,2,2026-04-20,0,4,0,0,80
5,2,2026-04-21,1,4,0,0,52
5,2,2026-04-22,2,4,0,0,75
5,2,2026-04-23,3,4,0,1,128
5,2,2026-04-24,4,4,0,1,120
5,2,2026-04-25,5,4,0,0,114
5,2,2026-04-26,6,4,0,0,103
5,2,2026-04-27,0,4,0,0,95
5,2,2026-04-28,1,4,0,0,81
5,2,2026-04-29,2,4,0,0,71
5,2,2026-04-30,3,4,0,0,86
5,2,2026-05-01,4,5,0,0,84
5,2,2026-05-02,5,5,0,0,107
5,2,2026-05-03,6,5,0,0,94
5,2,2026-05-04,0,5,0,0,77
5,2,2026-05-05,1,5,0,1,126
5,2,2026-05-06,2,5,0,0,79
5,2,2026-05-07,3,5,0,0,61
5,2,2026-05-08,4,5,0,0,69
5,2,2026-05-09,5,5,0,0,91
5,2,2026-05-10,6,5,0,0,90
5,2,2026-05-11,0,5,0,0,55
5,2,2026-05-12,1,5,0,0,93
5,2,2026-05-13,2,5,0,0,66
5,2,2026-05-14,3,5,0,0,67
5,2,2026-05-15,4,5,0,0,56
5,2,2026-05-16,5,5,0,0,110
5,2,2026-05-17,6,5,0,0,98
5,2,2026-05-18,0,5,0,0,71
5,2,2026-05-19,1,5,0,0,72
5,2,2026-05-20,2,5,0,0,80
5,2,2026-05-21,3,5,0,0,70
5,2,2026-05-22,4,5,0,0,56
5,2,2026-05-23,5,5,0,0,83
5,2,2026-05-24,6,5,0,0,82
5,2,2026-05-25,0,5,0,0,77
5,2,2026-05-26,1,5,0,0,84
5,2,2026-05-27,2,5,0,0,89
5,2,2026-05-28,3,5,0,0,59
5,2,2026-05-29,4,5,0,0,81
5,2,2026-05-30,5,5,0,1,121
5,2,2026-05-31,6,5,0,0,136
5,2,2026-06-01,0,6,0,0,83
5,2,2026-06-02,1,6,0,0,86
5,2,2026-06-03,2,6,0,0,78
5,2,2026-06-04,3,6,0,0,74
5,2,2026-06-05,4,6,0,0,67
5,2,2026-06-06,5,6,0,0,88
5,2,2026-06-07,6,6,0,0,85
5,2,2026-06-08,0,6,0,0,76
5,2,2026-06-09,1,6,0,1,123
5,2,2026-06-10,2,6,0,0,67
5,2,2026-06-11,3,6,0,0,64
5,2,2026-06-12,4,6,0,0,57
5,2,2026-06-13,5,6,0,0,98
5,2,2026-06-14,6,6,0,0,110
5,2,2026-06-15,0,6,0,0,82
5,2,2026-06-16,1,6,0,0,83
5,2,2026-06-17,2,6,0,0,74
5,2,2026-06-18,3,6,0,0,71
5,2,2026-06-19,4,6,0,0,82
5,2,2026-06-20,5,6,0,0,82
5,2,2026-06-21,6,6,0,0,90
5,2,2026-06-22,0,6,0,0,86
5,2,2026-06-23,1,6,0,0,61
5,2,2026-06-24,2,6,0,0,70
5,2,2026-06-25,3,6,0,0,76
5,2,2026-06-26,4,6,0,0,71
5,2,2026-06-27,5,6,0,0,109
5,2,2026-06-28,6,6,0,0,113
5,2,2026-06-29,0,6,0,0,75
5,2,2026-06-30,1,6,0,1,121
5,2,2026-07-01,2,7,0,0,58
5,2,2026-07-02,3,7,0,0,65
5,2,2026-07-03,4,7,0,1,128
5,2,2026-07-04,5,7,0,0,113
5,2,2026-07-05,6,7,0,0,76
5,2,2026-07-06,0,7,0,0,66
5,2,2026-07-07,1,7,0,0,67
5,2,2026-07-08,2,7,0,0,70
5,2,2026-07-09,3,7,0,0,77
5,2,2026-07-10,4,7,0,0,82
5,2,2026-07-11,5,7,0,0,91
5,2,2026-07-12,6,7,0,0,104
5,2,2026-07-13,0,7,0,0,72
5,2,2026-07-14,1,7,0,0,66
5,2,2026-07-15,2,7,0,0,52
5,2,2026-07-16,3,7,0,0,75
5,2,2026-07-17,4,7,0,0,71
5,2,2026-07-18,5,7,0,0,95
5,2,2026-07-19,6,7,0,0,79
5,2,2026-07-20,0,7,0,0,83
5,2,2026-07-21,1,7,0,0,67
5,2,2026-07-22,2,7,0,1,84
5,2,2026-07-23,3,7,0,0,55
5,2,2026-07-24,4,7,0,0,72
5,2,2026-07-25,5,7,0,0,99
5,2,2026-07-26,6,7,0,0,85
5,2,2026-07-27,0,7,0,0,70
5,2,2026-07-28,1,7,0,0,72
5,2,2026-07-29,2,7,0,0,67
5,2,2026-07-30,3,7,0,0,60
5,2,2026-07-31,4,7,0,0,74
5,2,2026-08-01,5,8,0,0,97
5,2,2026-08-02,6,8,0,0,94
5,2,2026-08-03,0,8,0,0,56
5,2,2026-08-04,1,8,0,0,52
5,2,2026-08-05,2,8,0,0,64
5,2,2026-08-06,3,8,0,0,70
5,2,2026-08-07,4,8,0,1,108
5,2,2026-08-08,5,8,0,0,94
5,2,2026-08-09,6,8,0,0,83
5,2,2026-08-10,0,8,0,0,57
5,2,2026-08-11,1,8,0,0,63
5,2,2026-08-12,2,8,0,0,63
5,2,2026-08-13,3,8,0,0,72
5,2,2026-08-14,4,8,0,0,59
5,2,2026-08-15,5,8,0,0,83
5,2,2026-08-16,6,8,0,0,110
5,2,2026-08-17,0,8,0,0,75
5,2,2026-08-18,1,8,0,1,84
5,2,2026-08-19,2,8,0,0,75
5,2,2026-08-20,3,8,0,0,54
5,2,2026-08-21,4,8,0,0,59
5,2,2026-08-22,5,8,0,0,84
5,2,2026-08-23,6,8,0,0,87
5,2,2026-08-24,0,8,0,0,68
5,2,2026-08-25,1,8,0,0,64
5,2,2026-08-26,2,8,0,0,68
5,2,2026-08-27,3,8,0,0,60
5,2,2026-08-28,4,8,0,0,66
5,2,2026-08-29,5,8,0,0,88
5,2,2026-08-30,6,8,0,0,72
5,2,2026-08-31,0,8,0,0,67
5,3,2024-09-01,6,9,0,0,165
5,3,2024-09-02,0,9,0,0,111
5,3,2024-09-03,1,9,0,0,97
5,3,2024-09-04,2,9,0,0,113
5,3,2024-09-05,3,9,0,0,105
5,3,2024-09-06,4,9,0,0,120
5,3,2024-09-07,5,9,0,0,128
5,3,2024-09-08,6,9,0,0,122
5,3,2024-09-09,0,9,0,0,129
5,3,2024-09-10,1,9,0,0,136
5,3,2024-09-11,2,9,0,0,126
5,3,2024-09-12,3,9,0,0,101
5,3,2024-09-13,4,9,0,0,100
5,3,2024-09-14,5,9,0,0,133
5,3,2024-09-15,6,9,0,0,175
5,3,2024-09-16,0,9,0,0,98
5,3,2024-09-17,1,9,0,0,132
5,3,2024-09-18,2,9,0,0,127
5,3,2024-09-19,3,9,0,0,139
5,3,2024-09-20,4,9,0,0,135
5,3,2024-09-21,5,9,0,0,165
5,3,2024-09-22,6,9,0,0,113
5,3,2024-09-23,0,9,0,0,126
5,3,2024-09-24,1,9,0,0,116
5,3,2024-09-25,2,9,0,0,107
5,3,2024-09-26,3,9,0,0,141
5,3,2024-09-27,4,9,0,0,111
5,3,2024-09-28,5,9,0,1,190
5,3,2024-09-29,6,9,0,0,181
5,3,2024-09-30,0,9,0,0,106
5,3,2024-10-01,1,10,0,0,105
5,3,2024-10-02,2,10,0,0,94
5,3,2024-10-03,3,10,0,0,100
5,3,2024-10-04,4,10,0,0,101
5,3,2024-10-05,5,10,0,1,235
5,3,2024-10-06,6,10,0,0,126
5,3,2024-10-07,0,10,0,0,79
5,3,2024-10-08,1,10,0,0,122
5,3,2024-10-09,2,10,0,0,103
5,3,2024-10-10,3,10,0,0,116
5,3,2024-10-11,4,10,0,0,142
5,3,2024-10-12,5,10,0,0,155
5,3,2024-10-13,6,10,0,0,193
5,3,2024-10-14,0,10,0,0,115
5,3,2024-10-15,1,10,0,0,136
5,3,2024-10-16,2,10,0,0,105
5,3,2024-10-17,3,10,0,0,118
5,3,2024-10-18,4,10,0,0,97
5,3,2024-10-19,5,10,0,0,132
5,3,2024-10-20,6,10,0,0,147
5,3,2024-10-21,0,10,0,0,89
5,3,2024-10-22,1,10,0,0,119
5,3,2024-10-23,2,10,0,0,110
5,3,2024-10-24,3,10,0,0,121
5,3,2024-10-25,4,10,0,0,90
5,3,2024-10-26,5,10,0,0,172
5,3,2024-10-27,6,10,0,0,198
5,3,2024-10-28,0,10,0,0,146
5,3,2024-10-29,1,10,0,0,154
5,3,2024-10-30,2,10,0,0,117
5,3,2024-10-31,3,10,0,0,109
5,3,2024-11-01,4,11,0,0,132
5,3,2024-11-02,5,11,0,0,152
5,3,2024-11-03,6,11,0,0,111
5,3,2024-11-04,0,11,0,0,139
5,3,2024-11-05,1,11,0,0,117
5,3,2024-11-06,2,11,0,0,91
5,3,2024-11-07,3,11,0,0,111
5,3,2024-11-08,4,11,0,0,117
5,3,2024-11-09,5,11,0,0,159
5,3,2024-11-10,6,11,0,0,160
5,3,2024-11-11,0,11,0,0,151
5,3,2024-11-12,1,11,0,1,140
5,3,2024-11-13,2,11,0,0,119
5,3,2024-11-14,3,11,0,0,103
5,3,2024-11-15,4,11,0,0,148
5,3,2024-11-16,5,11,0,0,143
5,3,2024-11-17,6,11,0,1,204
5,3,2024-11-18,0,11,0,0,144
5,3,2024-11-19,1,11,0,0,150
5,3,2024-11-20,2,11,0,0,153
5,3,2024-11-21,3,11,0,0,87
5,3,2024-11-22,4,11,1,0,216
5,3,2024-11-23,5,11,1,0,248
5,3,2024-11-24,6,11,1,0,235
5,3,2024-11-25,0,11,1,0,202
5,3,2024-11-26,1,11,1,0,244
5,3,2024-11-27,2,11,1,1,305
5,3,2024-11-28,3,11,1,0,231
5,3,2024-11-29,4,11,0,0,126
5,3,2024-11-30,5,11,0,0,221
5,3,2024-12-01,6,12,0,0,155
5,3,2024-12-02,0,12,0,1,135
5,3,2024-12-03,1,12,0,0,124
5,3,2024-12-04,2,12,0,0,131
5,3,2024-12-05,3,12,0,0,159
5,3,2024-12-06,4,12,0,0,118
5,3,2024-12-07,5,12,0,0,181
5,3,2024-12-08,6,12,0,0,124
5,3,2024-12-09,0,12,0,0,154
5,3,2024-12-10,1,12,0,0,131
5,3,2024-12-11,2,12,0,0,123
5,3,2024-12-12,3,12,0,0,177
5,3,2024-12-13,4,12,0,0,154
5,3,2024-12-14,5,12,0,0,137
5,3,2024-12-15,6,12,0,0,163
5,3,2024-12-16,0,12,0,0,191
5,3,2024-12-17,1,12,0,0,174
5,3,2024-12-18,2,12,0,0,150
5,3,2024-12-19,3,12,0,1,128
5,3,2024-12-20,4,12,0,0,159
5,3,2024-12-21,5,12,0,0,148
5,3,2024-12-22,6,12,0,0,205
5,3,2024-12-23,0,12,0,0,113
5,3,2024-12-24,1,12,1,0,225
5,3,2024-12-25,2,12,1,0,184
5,3,2024-12-26,3,12,0,0,121
5,3,2024-12-27,4,12,0,0,143
5,3,2024-12-28,5,12,0,0,129
5,3,2024-12-29,6,12,0,1,317
5,3,2024-12-30,0,12,0,0,106
5,3,2024-12-31,1,12,1,0,168
5,3,2025-01-01,2,1,0,0,152
5,3,2025-01-02,3,1,0,0,168
5,3,2025-01-03,4,1,0,0,130
5,3,2025-01-04,5,1,0,0,142
5,3,2025-01-05,6,1,0,0,147
5,3,2025-01-06,0,1,0,0,113
5,3,2025-01-07,1,1,0,0,145
5,3,2025-01-08,2,1,0,0,136
5,3,2025-01-09,3,1,0,0,147
5,3,2025-01-10,4,1,0,0,146
5,3,2025-01-11,5,1,0,0,199
5,3,2025-01-12,6,1,0,0,162
5,3,2025-01-13,0,1,0,0,120
5,3,2025-01-14,1,1,0,0,141
5,3,2025-01-15,2,1,0,0,136
5,3,2025-01-16,3,1,0,0,143
5,3,2025-01-17,4,1,0,1,172
5,3,2025-01-18,5,1,0,0,194
5,3,2025-01-19,6,1,0,0,139
5,3,2025-01-20,0,1,0,1,181
5,3,2025-01-21,1,1,0,0,164
5,3,2025-01-22,2,1,0,0,110
5,3,2025-01-23,3,1,0,0,162
5,3,2025-01-24,4,1,0,0,104
5,3,2025-01-25,5,1,0,0,126
5,3,2025-01-26,6,1,0,0,129
5,3,2025-01-27,0,1,0,0,140
5,3,2025-01-28,1,1,0,0,155
5,3,2025-01-29,2,1,0,0,168
5,3,2025-01-30,3,1,0,0,166
5,3,2025-01-31,4,1,0,0,158
5,3,2025-02-01,5,2,0,0,154
5,3,2025-02-02,6,2,0,0,154
5,3,2025-02-03,0,2,0,0,162
5,3,2025-02-04,1,2,0,0,178
5,3,2025-02-05,2,2,0,1,165
5,3,2025-02-06,3,2,0,0,175
5,3,2025-02-07,4,2,0,0,95
5,3,2025-02-08,5,2,0,0,192
5,3,2025-02-09,6,2,0,0,177
5,3,2025-02-10,0,2,0,0,138
5,3,2025-02-11,1,2,0,0,144
5,3,2025-02-12,2,2,0,0,122
5,3,2025-02-13,3,2,0,0,154
5,3,2025-02-14,4,2,0,0,144
5,3,2025-02-15,5,2,0,0,209
5,3,2025-02-16,6,2,0,0,230
5,3,2025-02-17,0,2,0,0,146
5,3,2025-02-18,1,2,0,0,123
5,3,2025-02-19,2,2,0,0,115
5,3,2025-02-20,3,2,0,0,185
5,3,2025-02-21,4,2,0,0,182
5,3,2025-02-22,5,2,0,0,208
5,3,2025-02-23,6,2,0,0,182
5,3,2025-02-24,0,2,0,0,163
5,3,2025-02-25,1,2,0,0,175
5,3,2025-02-26,2,2,0,0,128
5,3,2025-02-27,3,2,0,1,202
5,3,2025-02-28,4,2,0,0,115
5,3,2025-03-01,5,3,0,0,178
5,3,2025-03-02,6,3,0,0,231
5,3,2025-03-03,0,3,0,0,172
5,3,2025-03-04,1,3,0,0,148
5,3,2025-03-05,2,3,0,0,77
5,3,2025-03-06,3,3,0,0,128
5,3,2025-03-07,4,3,0,0,148
5,3,2025-03-08,5,3,0,0,175
5,3,2025-03-09,6,3,0,0,183
5,3,2025-03-10,0,3,0,0,151
5,3,2025-03-11,1,3,0,0,132
5,3,2025-03-12,2,3,0,1,203
5,3,2025-03-13,3,3,0,1,198
5,3,2025-03-14,4,3,0,0,127
5,3,2025-03-15,5,3,0,0,240
5,3,2025-03-16,6,3,0,0,167
5,3,2025-03-17,0,3,0,0,88
5,3,2025-03-18,1,3,0,0,190
5,3,2025-03-19,2,3,0,1,174
5,3,2025-03-20,3,3,0,0,167
5,3,2025-03-21,4,3,0,0,128
5,3,2025-03-22,5,3,0,0,200
5,3,2025-03-23,6,3,0,0,180
5,3,2025-03-24,0,3,0,0,170
5,3,2025-03-25,1,3,0,0,140
5,3,2025-03-26,2,3,0,0,128
5,3,2025-03-27,3,3,0,0,151
5,3,2025-03-28,4,3,0,0,135
5,3,2025-03-29,5,3,0,0,121
5,3,2025-03-30,6,3,0,0,163
5,3,2025-03-31,0,3,0,0,217
5,3,2025-04-01,1,4,0,0,98
5,3,2025-04-02,2,4,0,0,149
5,3,2025-04-03,3,4,0,0,137
5,3,2025-04-04,4,4,0,0,188
5,3,2025-04-05,5,4,0,0,145
5,3,2025-04-06,6,4,0,0,183
5,3,2025-04-07,0,4,0,0,160
5,3,2025-04-08,1,4,0,0,138
5,3,2025-04-09,2,4,0,0,124
5,3,2025-04-10,3,4,0,0,142
5,3,2025-04-11,4,4,0,0,135
5,3,2025-04-12,5,4,0,1,225
5,3,2025-04-13,6,4,0,0,209
5,3,2025-04-14,0,4,0,0,153
5,3,2025-04-15,1,4,0,0,156
5,3,2025-04-16,2,4,0,0,151
5,3,2025-04-17,3,4,0,0,166
5,3,2025-04-18,4,4,0,0,175
5,3,2025-04-19,5,4,0,0,171
5,3,2025-04-20,6,4,0,0,205
5,3,2025-04-21,0,4,0,0,111
5,3,2025-04-22,1,4,0,0,87
5,3,2025-04-23,2,4,0,0,188
5,3,2025-04-24,3,4,0,0,134
5,3,2025-04-25,4,4,0,0,149
5,3,2025-04-26,5,4,0,0,142
5,3,2025-04-27,6,4,0,0,140
5,3,2025-04-28,0,4,0,0,125
5,3,2025-04-29,1,4,0,0,159
5,3,2025-04-30,2,4,0,0,130
5,3,2025-05-01,3,5,0,0,129
5,3,2025-05-02,4,5,0,0,119
5,3,2025-05-03,5,5,0,0,209
5,3,2025-05-04,6,5,0,0,200
5,3,2025-05-05,0,5,0,0,126
5,3,2025-05-06,1,5,0,0,153
5,3,2025-05-07,2,5,0,0,131
5,3,2025-05-08,3,5,0,0,129
5,3,2025-05-09,4,5,0,0,136
5,3,2025-05-10,5,5,0,1,258
5,3,2025-05-11,6,5,0,0,147
5,3,2025-05-12,0,5,0,0,149
5,3,2025-05-13,1,5,0,0,196
5,3,2025-05-14,2,5,0,0,141
5,3,2025-05-15,3,5,0,0,138
5,3,2025-05-16,4,5,0,1,193
5,3,2025-05-17,5,5,0,0,188
5,3,2025-05-18,6,5,0,0,125
5,3,2025-05-19,0,5,0,0,177
5,3,2025-05-20,1,5,0,0,160
5,3,2025-05-21,2,5,0,0,122
5,3,2025-05-22,3,5,0,0,138
5,3,2025-05-23,4,5,0,0,124
5,3,2025-05-24,5,5,0,1,244
5,3,2025-05-25,6,5,0,0,176
5,3,2025-05-26,0,5,0,0,142
5,3,2025-05-27,1,5,0,0,113
5,3,2025-05-28,2,5,0,0,126
5,3,2025-05-29,3,5,0,0,164
5,3,2025-05-30,4,5,0,0,124
5,3,2025-05-31,5,5,0,0,94
5,3,2025-06-01,6,6,0,0,162
5,3,2025-06-02,0,6,0,0,183
5,3,2025-06-03,1,6,0,0,148
5,3,2025-06-04,2,6,0,0,116
5,3,2025-06-05,3,6,0,1,186
5,3,2025-06-06,4,6,0,0,144
5,3,2025-06-07,5,6,0,0,116
5,3,2025-06-08,6,6,0,0,142
5,3,2025-06-09,0,6,0,0,138
5,3,2025-06-10,1,6,0,0,165
5,3,2025-06-11,2,6,0,0,119
5,3,2025-06-12,3,6,0,0,164
5,3,2025-06-13,4,6,0,0,112
5,3,2025-06-14,5,6,0,0,69
5,3,2025-06-15,6,6,0,0,188
5,3,2025-06-16,0,6,0,0,141
5,3,2025-06-17,1,6,0,0,146
5,3,2025-06-18,2,6,0,0,145
5,3,2025-06-19,3,6,0,0,133
5,3,2025-06-20,4,6,0,0,123
5,3,2025-06-21,5,6,0,0,160
5,3,2025-06-22,6,6,0,0,153
5,3,2025-06-23,0,6,0,0,120
5,3,2025-06-24,1,6,0,0,89
5,3,2025-06-25,2,6,0,0,102
5,3,2025-06-26,3,6,0,0,125
5,3,2025-06-27,4,6,0,0,79
5,3,2025-06-28,5,6,0,0,108
5,3,2025-06-29,6,6,0,0,157
5,3,2025-06-30,0,6,0,0,126
5,3,2025-07-01,1,7,0,0,115
5,3,2025-07-02,2,7,0,0,71
5,3,2025-07-03,3,7,0,0,154
5,3,2025-07-04,4,7,0,0,91
5,3,2025-07-05,5,7,0,0,136
5,3,2025-07-06,6,7,0,0,124
5,3,2025-07-07,0,7,0,0,149
5,3,2025-07-08,1,7,0,0,130
5,3,2025-07-09,2,7,0,0,111
5,3,2025-07-10,3,7,0,0,110
5,3,2025-07-11,4,7,0,0,125
5,3,2025-07-12,5,7,0,0,124
5,3,2025-07-13,6,7,0,0,169
5,3,2025-07-14,0,7,0,0,110
5,3,2025-07-15,1,7,0,0,132
5,3,2025-07-16,2,7,0,0,131
5,3,2025-07-17,3,7,0,0,109
5,3,2025-07-18,4,7,0,0,78
5,3,2025-07-19,5,7,0,0,152
5,3,2025-07-20,6,7,0,0,119
5,3,2025-07-21,0,7,0,0,123
5,3,2025-07-22,1,7,0,0,116
5,3,2025-07-23,2,7,0,0,109
5,3,2025-07-24,3,7,0,0,94
5,3,2025-07-25,4,7,0,0,146
5,3,2025-07-26,5,7,0,0,146
5,3,2025-07-27,6,7,0,0,223
5,3,2025-07-28,0,7,0,0,122
5,3,2025-07-29,1,7,0,0,129
5,3,2025-07-30,2,7,0,0,122
5,3,2025-07-31,3,7,0,0,128
5,3,2025-08-01,4,8,0,0,137
5,3,2025-08-02,5,8,0,0,182
5,3,2025-08-03,6,8,0,0,106
5,3,2025-08-04,0,8,0,0,133
5,3,2025-08-05,1,8,0,0,125
5,3,2025-08-06,2,8,0,0,116
5,3,2025-08-07,3,8,0,0,150
5,3,2025-08-08,4,8,0,0,151
5,3,2025-08-09,5,8,0,0,176
5,3,2025-08-10,6,8,0,0,138
5,3,2025-08-11,0,8,0,0,92
5,3,2025-08-12,1,8,0,0,131
5,3,2025-08-13,2,8,0,0,143
5,3,2025-08-14,3,8,0,0,75
5,3,2025-08-15,4,8,0,0,137
5,3,2025-08-16,5,8,0,0,146
5,3,2025-08-17,6,8,0,0,105
5,3,2025-08-18,0,8,0,0,125
5,3,2025-08-19,1,8,0,0,134
5,3,2025-08-20,2,8,0,0,108
5,3,2025-08-21,3,8,0,1,142
5,3,2025-08-22,4,8,0,0,150
5,3,2025-08-23,5,8,0,0,135
5,3,2025-08-24,6,8,0,0,183
5,3,2025-08-25,0,8,0,0,85
5,3,2025-08-26,1,8,0,0,124
5,3,2025-08-27,2,8,0,0,123
5,3,2025-08-28,3,8,0,0,133
5,3,2025-08-29,4,8,0,0,145
5,3,2025-08-30,5,8,0,0,131
5,3,2025-08-31,6,8,0,0,166
5,3,2025-09-01,0,9,0,0,87
5,3,2025-09-02,1,9,0,0,86
5,3,2025-09-03,2,9,0,0,102
5,3,2025-09-04,3,9,0,0,121
5,3,2025-09-05,4,9,0,1,222
5,3,2025-09-06,5,9,0,0,199
5,3,2025-09-07,6,9,0,0,141
5,3,2025-09-08,0,9,0,0,119
5,3,2025-09-09,1,9,0,0,132
5,3,2025-09-10,2,9,0,0,128
5,3,2025-09-11,3,9,0,0,110
5,3,2025-09-12,4,9,0,0,115
5,3,2025-09-13,5,9,0,0,148
5,3,2025-09-14,6,9,0,0,145
5,3,2025-09-15,0,9,0,0,107
5,3,2025-09-16,1,9,0,0,111
5,3,2025-09-17,2,9,0,0,105
5,3,2025-09-18,3,9,0,0,91
5,3,2025-09-19,4,9,0,0,130
5,3,2025-09-20,5,9,0,0,164
5,3,2025-09-21,6,9,0,0,199
5,3,2025-09-22,0,9,0,0,121
5,3,2025-09-23,1,9,0,0,105
5,3,2025-09-24,2,9,0,0,101
5,3,2025-09-25,3,9,0,0,114
5,3,2025-09-26,4,9,0,0,124
5,3,2025-09-27,5,9,0,0,144
5,3,2025-09-28,6,9,0,0,112
5,3,2025-09-29,0,9,0,0,99
5,3,2025-09-30,1,9,0,0,114
5,3,2025-10-01,2,10,0,0,130
5,3,2025-10-02,3,10,0,0,86
5,3,2025-10-03,4,10,0,0,121
5,3,2025-10-04,5,10,0,0,158
5,3,2025-10-05,6,10,0,0,141
5,3,2025-10-06,0,10,0,0,104
5,3,2025-10-07,1,10,0,0,101
5,3,2025-10-08,2,10,0,0,118
5,3,2025-10-09,3,10,0,0,138
5,3,2025-10-10,4,10,0,0,139
5,3,2025-10-11,5,10,0,0,123
5,3,2025-10-12,6,10,0,0,147
5,3,2025-10-13,0,10,0,0,72
5,3,2025-10-14,1,10,0,0,118
5,3,2025-10-15,2,10,0,0,127
5,3,2025-10-16,3,10,0,0,147
5,3,2025-10-17,4,10,0,0,80
5,3,2025-10-18,5,10,0,0,124
5,3,2025-10-19,6,10,0,0,156
5,3,2025-10-20,0,10,0,0,83
5,3,2025-10-21,1,10,0,0,119
5,3,2025-10-22,2,10,0,0,128
5,3,2025-10-23,3,10,0,0,90
5,3,2025-10-24,4,10,0,0,118
5,3,2025-10-25,5,10,0,0,120
5,3,2025-10-26,6,10,0,0,189
5,3,2025-10-27,0,10,0,0,119
5,3,2025-10-28,1,10,0,0,103
5,3,2025-10-29,2,10,0,0,91
5,3,2025-10-30,3,10,0,0,123
5,3,2025-10-31,4,10,0,0,142
5,3,2025-11-01,5,11,0,0,137
5,3,2025-11-02,6,11,0,0,146
5,3,2025-11-03,0,11,0,0,105
5,3,2025-11-04,1,11,0,0,154
5,3,2025-11-05,2,11,0,0,81
5,3,2025-11-06,3,11,0,0,148
5,3,2025-11-07,4,11,0,0,113
5,3,2025-11-08,5,11,0,0,156
5,3,2025-11-09,6,11,0,0,149
5,3,2025-11-10,0,11,0,0,126
5,3,2025-11-11,1,11,0,0,106
5,3,2025-11-12,2,11,0,0,143
5,3,2025-11-13,3,11,0,0,144
5,3,2025-11-14,4,11,0,0,100
5,3,2025-11-15,5,11,0,0,176
5,3,2025-11-16,6,11,0,0,148
5,3,2025-11-17,0,11,0,0,122
5,3,2025-11-18,1,11,0,0,153
5,3,2025-11-19,2,11,0,0,107
5,3,2025-11-20,3,11,0,1,208
5,3,2025-11-21,4,11,0,1,194
5,3,2025-11-22,5,11,1,0,228
5,3,2025-11-23,6,11,1,0,251
5,3,2025-11-24,0,11,1,1,268
5,3,2025-11-25,1,11,1,0,159
5,3,2025-11-26,2,11,1,0,178
5,3,2025-11-27,3,11,1,1,211
5,3,2025-11-28,4,11,1,0,189
5,3,2025-11-29,5,11,0,0,195
5,3,2025-11-30,6,11,0,0,174
5,3,2025-12-01,0,12,0,0,97
5,3,2025-12-02,1,12,0,0,123
5,3,2025-12-03,2,12,0,0,134
5,3,2025-12-04,3,12,0,0,145
5,3,2025-12-05,4,12,0,1,166
5,3,2025-12-06,5,12,0,0,130
5,3,2025-12-07,6,12,0,0,164
5,3,2025-12-08,0,12,0,0,141
5,3,2025-12-09,1,12,0,0,134
5,3,2025-12-10,2,12,0,0,109
5,3,2025-12-11,3,12,0,0,168
5,3,2025-12-12,4,12,0,0,126
5,3,2025-12-13,5,12,0,0,171
5,3,2025-12-14,6,12,0,0,147
5,3,2025-12-15,0,12,0,0,153
5,3,2025-12-16,1,12,0,0,141
5,3,2025-12-17,2,12,0,0,136
5,3,2025-12-18,3,12,0,0,103
5,3,2025-12-19,4,12,0,0,153
5,3,2025-12-20,5,12,0,0,187
5,3,2025-12-21,6,12,0,0,195
5,3,2025-12-22,0,12,0,0,129
5,3,2025-12-23,1,12,0,0,127
5,3,2025-12-24,2,12,1,0,200
5,3,2025-12-25,3,12,1,0,288
5,3,2025-12-26,4,12,0,0,117
5,3,2025-12-27,5,12,0,0,132
5,3,2025-12-28,6,12,0,0,155
5,3,2025-12-29,0,12,0,0,117
5,3,2025-12-30,1,12,0,1,228
5,3,2025-12-31,2,12,1,0,158
5,3,2026-01-01,3,1,0,0,123
5,3,2026-01-02,4,1,0,0,141
5,3,2026-01-03,5,1,0,0,212
5,3,2026-01-04,6,1,0,0,195
5,3,2026-01-05,0,1,0,0,175
5,3,2026-01-06,1,1,0,0,145
5,3,2026-01-07,2,1,0,0,132
5,3,2026-01-08,3,1,0,0,157
5,3,2026-01-09,4,1,0,0,104
5,3,2026-01-10,5,1,0,0,122
5,3,2026-01-11,6,1,0,0,203
5,3,2026-01-12,0,1,0,0,141
5,3,2026-01-13,1,1,0,0,159
5,3,2026-01-14,2,1,0,1,166
5,3,2026-01-15,3,1,0,0,167
5,3,2026-01-16,4,1,0,0,152
5,3,2026-01-17,5,1,0,1,231
5,3,2026-01-18,6,1,0,0,180
5,3,2026-01-19,0,1,0,0,145
5,3,2026-01-20,1,1,0,0,116
5,3,2026-01-21,2,1,0,0,127
5,3,2026-01-22,3,1,0,1,206
5,3,2026-01-23,4,1,0,0,126
5,3,2026-01-24,5,1,0,0,129
5,3,2026-01-25,6,1,0,0,182
5,3,2026-01-26,0,1,0,1,223
5,3,2026-01-27,1,1,0,0,162
5,3,2026-01-28,2,1,0,0,149
5,3,2026-01-29,3,1,0,0,156
5,3,2026-01-30,4,1,0,0,160
5,3,2026-01-31,5,1,0,0,176
5,3,2026-02-01,6,2,0,0,113
5,3,2026-02-02,0,2,0,0,171
5,3,2026-02-03,1,2,0,0,120
5,3,2026-02-04,2,2,0,0,114
5,3,2026-02-05,3,2,0,1,162
5,3,2026-02-06,4,2,0,0,203
5,3,2026-02-07,5,2,0,0,193
5,3,2026-02-08,6,2,0,0,147
5,3,2026-02-09,0,2,0,0,125
5,3,2026-02-10,1,2,0,0,142
5,3,2026-02-11,2,2,0,0,155
5,3,2026-02-12,3,2,0,0,149
5,3,2026-02-13,4,2,0,0,119
5,3,2026-02-14,5,2,0,0,189
5,3,2026-02-15,6,2,0,0,160
5,3,2026-02-16,0,2,0,0,168
5,3,2026-02-17,1,2,0,0,143
5,3,2026-02-18,2,2,0,0,123
5,3,2026-02-19,3,2,0,0,159
5,3,2026-02-20,4,2,0,1,214
5,3,2026-02-21,5,2,0,0,164
5,3,2026-02-22,6,2,0,0,202
5,3,2026-02-23,0,2,0,0,157
5,3,2026-02-24,1,2,0,1,242
5,3,2026-02-25,2,2,0,0,159
5,3,2026-02-26,3,2,0,0,137
5,3,2026-02-27,4,2,0,0,100
5,3,2026-02-28,5,2,0,0,185
5,3,2026-03-01,6,3,0,0,192
5,3,2026-03-02,0,3,0,0,145
5,3,2026-03-03,1,3,0,0,69
5,3,2026-03-04,2,3,0,0,161
5,3,2026-03-05,3,3,0,0,121
5,3,2026-03-06,4,3,0,0,161
5,3,2026-03-07,5,3,0,0,234
5,3,2026-03-08,6,3,0,0,173
5,3,2026-03-09,0,3,0,0,155
5,3,2026-03-10,1,3,0,0,145
5,3,2026-03-11,2,3,0,0,157
5,3,2026-03-12,3,3,0,0,147
5,3,2026-03-13,4,3,0,0,131
5,3,2026-03-14,5,3,0,0,153
5,3,2026-03-15,6,3,0,0,231
5,3,2026-03-16,0,3,0,0,155
5,3,2026-03-17,1,3,0,0,165
5,3,2026-03-18,2,3,0,0,154
5,3,2026-03-19,3,3,0,0,168
5,3,2026-03-20,4,3,0,0,122
5,3,2026-03-21,5,3,0,0,184
5,3,2026-03-22,6,3,0,0,197
5,3,2026-03-23,0,3,0,0,176
5,3,2026-03-24,1,3,0,0,211
5,3,2026-03-25,2,3,0,0,154
5,3,2026-03-26,3,3,0,0,128
5,3,2026-03-27,4,3,0,0,114
5,3,2026-03-28,5,3,0,0,153
5,3,2026-03-29,6,3,0,0,157
5,3,2026-03-30,0,3,0,0,72
5,3,2026-03-31,1,3,0,0,127
5,3,2026-04-01,2,4,0,0,160
5,3,2026-04-02,3,4,0,0,144
5,3,2026-04-03,4,4,0,0,136
5,3,2026-04-04,5,4,0,0,129
5,3,2026-04-05,6,4,0,0,212
5,3,2026-04-06,0,4,0,0,154
5,3,2026-04-07,1,4,0,0,142
5,3,2026-04-08,2,4,0,0,88
5,3,2026-04-09,3,4,0,0,130
5,3,2026-04-10,4,4,0,0,153
5,3,2026-04-11,5,4,0,0,178
5,3,2026-04-12,6,4,0,0,185
5,3,2026-04-13,0,4,0,0,159
5,3,2026-04-14,1,4,0,1,206
5,3,2026-04-15,2,4,0,1,223
5,3,2026-04-16,3,4,0,0,121
5,3,2026-04-17,4,4,0,0,112
5,3,2026-04-18,5,4,0,0,194
5,3,2026-04-19,6,4,0,0,200
5,3,2026-04-20,0,4,0,0,155
5,3,2026-04-21,1,4,0,0,145
5,3,2026-04-22,2,4,0,0,134
5,3,2026-04-23,3,4,0,0,147
5,3,2026-04-24,4,4,0,0,151
5,3,2026-04-25,5,4,0,0,193
5,3,2026-04-26,6,4,0,0,260
5,3,2026-04-27,0,4,0,0,119
5,3,2026-04-28,1,4,0,0,221
5,3,2026-04-29,2,4,0,0,111
5,3,2026-04-30,3,4,0,0,151
5,3,2026-05-01,4,5,0,0,108
5,3,2026-05-02,5,5,0,0,182
5,3,2026-05-03,6,5,0,0,203
5,3,2026-05-04,0,5,0,0,137
5,3,2026-05-05,1,5,0,0,159
5,3,2026-05-06,2,5,0,0,126
5,3,2026-05-07,3,5,0,0,88
5,3,2026-05-08,4,5,0,0,151
5,3,2026-05-09,5,5,0,0,174
5,3,2026-05-10,6,5,0,0,159
5,3,2026-05-11,0,5,0,0,126
5,3,2026-05-12,1,5,0,0,146
5,3,2026-05-13,2,5,0,0,117
5,3,2026-05-14,3,5,0,0,145
5,3,2026-05-15,4,5,0,0,164
5,3,2026-05-16,5,5,0,0,235
5,3,2026-05-17,6,5,0,0,215
5,3,2026-05-18,0,5,0,0,140
5,3,2026-05-19,1,5,0,0,142
5,3,2026-05-20,2,5,0,0,127
5,3,2026-05-21,3,5,0,0,125
5,3,2026-05-22,4,5,0,0,157
5,3,2026-05-23,5,5,0,0,164
5,3,2026-05-24,6,5,0,0,184
5,3,2026-05-25,0,5,0,0,113
5,3,2026-05-26,1,5,0,1,241
5,3,2026-05-27,2,5,0,0,128
5,3,2026-05-28,3,5,0,0,162
5,3,2026-05-29,4,5,0,0,119
5,3,2026-05-30,5,5,0,0,150
5,3,2026-05-31,6,5,0,0,213
5,3,2026-06-01,0,6,0,0,114
5,3,2026-06-02,1,6,0,0,93
5,3,2026-06-03,2,6,0,0,105
5,3,2026-06-04,3,6,0,0,147
5,3,2026-06-05,4,6,0,0,145
5,3,2026-06-06,5,6,0,0,143
5,3,2026-06-07,6,6,0,0,147
5,3,2026-06-08,0,6,0,0,143
5,3,2026-06-09,1,6,0,0,157
5,3,2026-06-10,2,6,0,0,127
5,3,2026-06-11,3,6,0,0,141
5,3,2026-06-12,4,6,0,1,215
5,3,2026-06-13,5,6,0,0,227
5,3,2026-06-14,6,6,0,0,132
5,3,2026-06-15,0,6,0,0,113
5,3,2026-06-16,1,6,0,0,117
5,3,2026-06-17,2,6,0,1,213
5,3,2026-06-18,3,6,0,0,123
5,3,2026-06-19,4,6,0,0,135
5,3,2026-06-20,5,6,0,0,169
5,3,2026-06-21,6,6,0,0,165
5,3,2026-06-22,0,6,0,0,131
5,3,2026-06-23,1,6,0,0,151
5,3,2026-06-24,2,6,0,0,107
5,3,2026-06-25,3,6,0,0,125
5,3,2026-06-26,4,6,0,0,101
5,3,2026-06-27,5,6,0,0,172
5,3,2026-06-28,6,6,0,0,160
5,3,2026-06-29,0,6,0,0,152
5,3,2026-06-30,1,6,0,0,128
5,3,2026-07-01,2,7,0,1,165
5,3,2026-07-02,3,7,0,0,115
5,3,2026-07-03,4,7,0,0,156
5,3,2026-07-04,5,7,0,0,115
5,3,2026-07-05,6,7,0,0,140
5,3,2026-07-06,0,7,0,0,121
5,3,2026-07-07,1,7,0,0,107
5,3,2026-07-08,2,7,0,0,131
5,3,2026-07-09,3,7,0,0,119
5,3,2026-07-10,4,7,0,0,126
5,3,2026-07-11,5,7,0,0,161
5,3,2026-07-12,6,7,0,0,155
5,3,2026-07-13,0,7,0,0,93
5,3,2026-07-14,1,7,0,0,124
5,3,2026-07-15,2,7,0,0,84
5,3,2026-07-16,3,7,0,1,158
5,3,2026-07-17,4,7,0,0,131
5,3,2026-07-18,5,7,0,0,190
5,3,2026-07-19,6,7,0,0,222
5,3,2026-07-20,0,7,0,0,111
5,3,2026-07-21,1,7,0,0,102
5,3,2026-07-22,2,7,0,0,131
5,3,2026-07-23,3,7,0,0,159
5,3,2026-07-24,4,7,0,0,152
5,3,2026-07-25,5,7,0,0,129
5,3,2026-07-26,6,7,0,0,154
5,3,2026-07-27,0,7,0,0,138
5,3,2026-07-28,1,7,0,0,140
5,3,2026-07-29,2,7,0,0,133
5,3,2026-07-30,3,7,0,0,111
5,3,2026-07-31,4,7,0,0,132
5,3,2026-08-01,5,8,0,0,176
5,3,2026-08-02,6,8,0,0,127
5,3,2026-08-03,0,8,0,0,141
5,3,2026-08-04,1,8,0,0,134
5,3,2026-08-05,2,8,0,1,151
5,3,2026-08-06,3,8,0,0,133
5,3,2026-08-07,4,8,0,0,131
5,3,2026-08-08,5,8,0,0,174
5,3,2026-08-09,6,8,0,0,193
5,3,2026-08-10,0,8,0,0,114
5,3,2026-08-11,1,8,0,0,121
5,3,2026-08-12,2,8,0,0,62
5,3,2026-08-13,3,8,0,0,137
5,3,2026-08-14,4,8,0,0,135
5,3,2026-08-15,5,8,0,0,187
5,3,2026-08-16,6,8,0,0,127
5,3,2026-08-17,0,8,0,0,134
5,3,2026-08-18,1,8,0,0,135
5,3,2026-08-19,2,8,0,0,102
5,3,2026-08-20,3,8,0,0,136
5,3,2026-08-21,4,8,0,0,124
5,3,2026-08-22,5,8,0,0,107
5,3,2026-08-23,6,8,0,0,167
5,3,2026-08-24,0,8,0,0,99
5,3,2026-08-25,1,8,0,0,81
5,3,2026-08-26,2,8,0,0,122
5,3,2026-08-27,3,8,0,0,113
5,3,2026-08-28,4,8,0,0,142
5,3,2026-08-29,5,8,0,0,156
5,3,2026-08-30,6,8,0,0,172
5,3,2026-08-31,0,8,0,0,125
5,4,2024-09-01,6,9,0,1,150
5,4,2024-09-02,0,9,0,0,72
5,4,2024-09-03,1,9,0,0,58
5,4,2024-09-04,2,9,0,0,80
5,4,2024-09-05,3,9,0,0,71
5,4,2024-09-06,4,9,0,0,78
5,4,2024-09-07,5,9,0,0,115
5,4,2024-09-08,6,9,0,0,107
5,4,2024-09-09,0,9,0,0,78
5,4,2024-09-10,1,9,0,0,68
5,4,2024-09-11,2,9,0,0,81
5,4,2024-09-12,3,9,0,0,74
5,4,2024-09-13,4,9,0,0,59
5,4,2024-09-14,5,9,0,0,114
5,4,2024-09-15,6,9,0,0,117
5,4,2024-09-16,0,9,0,0,87
5,4,2024-09-17,1,9,0,0,93
5,4,2024-09-18,2,9,0,0,82
5,4,2024-09-19,3,9,0,0,79
5,4,2024-09-20,4,9,0,0,84
5,4,2024-09-21,5,9,0,0,94
5,4,2024-09-22,6,9,0,0,86
5,4,2024-09-23,0,9,0,0,71
5,4,2024-09-24,1,9,0,0,86
5,4,2024-09-25,2,9,0,0,70
5,4,2024-09-26,3,9,0,0,79
5,4,2024-09-27,4,9,0,0,80
5,4,2024-09-28,5,9,0,0,107
5,4,2024-09-29,6,9,0,0,90
5,4,2024-09-30,0,9,0,1,118
5,4,2024-10-01,1,10,0,0,73
5,4,2024-10-02,2,10,0,0,91
5,4,2024-10-03,3,10,0,0,86
5,4,2024-10-04,4,10,0,0,74
5,4,2024-10-05,5,10,0,0,126
5,4,2024-10-06,6,10,0,0,110
5,4,2024-10-07,0,10,0,1,95
5,4,2024-10-08,1,10,0,0,76
5,4,2024-10-09,2,10,0,0,90
5,4,2024-10-10,3,10,0,0,70
5,4,2024-10-11,4,10,0,0,76
5,4,2024-10-12,5,10,0,0,90
5,4,2024-10-13,6,10,0,0,92
5,4,2024-10-14,0,10,0,0,70
5,4,2024-10-15,1,10,0,0,67
5,4,2024-10-16,2,10,0,0,72
5,4,2024-10-17,3,10,0,0,91
5,4,2024-10-18,4,10,0,0,76
5,4,2024-10-19,5,10,0,0,114
5,4,2024-10-20,6,10,0,0,118
5,4,2024-10-21,0,10,0,0,68
5,4,2024-10-22,1,10,0,0,70
5,4,2024-10-23,2,10,0,0,83
5,4,2024-10-24,3,10,0,0,71
5,4,2024-10-25,4,10,0,0,82
5,4,2024-10-26,5,10,0,0,125
5,4,2024-10-27,6,10,0,0,89
5,4,2024-10-28,0,10,0,0,74
5,4,2024-10-29,1,10,0,0,75
5,4,2024-10-30,2,10,0,0,72
5,4,2024-10-31,3,10,0,0,72
5,4,2024-11-01,4,11,0,0,76
5,4,2024-11-02,5,11,0,0,109
5,4,2024-11-03,6,11,0,1,151
5,4,2024-11-04,0,11,0,0,89
5,4,2024-11-05,1,11,0,0,80
5,4,2024-11-06,2,11,0,0,90
5,4,2024-11-07,3,11,0,0,75
5,4,2024-11-08,4,11,0,0,70
5,4,2024-11-09,5,11,0,0,106
5,4,2024-11-10,6,11,0,0,115
5,4,2024-11-11,0,11,0,0,88
5,4,2024-11-12,1,11,0,0,93
5,4,2024-11-13,2,11,0,0,83
5,4,2024-11-14,3,11,0,0,87
5,4,2024-11-15,4,11,0,1,136
5,4,2024-11-16,5,11,0,0,100
5,4,2024-11-17,6,11,0,0,107
5,4,2024-11-18,0,11,0,0,104
5,4,2024-11-19,1,11,0,0,88
5,4,2024-11-20,2,11,0,0,85
5,4,2024-11-21,3,11,0,0,88
5,4,2024-11-22,4,11,1,0,113
5,4,2024-11-23,5,11,1,0,150
5,4,2024-11-24,6,11,1,0,143
5,4,2024-11-25,0,11,1,0,138
5,4,2024-11-26,1,11,1,0,127
5,4,2024-11-27,2,11,1,0,133
5,4,2024-11-28,3,11,1,0,127
5,4,2024-11-29,4,11,0,0,66
5,4,2024-11-30,5,11,0,0,120
5,4,2024-12-01,6,12,0,0,93
5,4,2024-12-02,0,12,0,0,79
5,4,2024-12-03,1,12,0,0,73
5,4,2024-12-04,2,12,0,0,77
5,4,2024-12-05,3,12,0,0,87
5,4,2024-12-06,4,12,0,0,97
5,4,2024-12-07,5,12,0,0,95
5,4,2024-12-08,6,12,0,0,108
5,4,2024-12-09,0,12,0,0,69
5,4,2024-12-10,1,12,0,0,80
5,4,2024-12-11,2,12,0,0,86
5,4,2024-12-12,3,12,0,0,92
5,4,2024-12-13,4,12,0,0,66
5,4,2024-12-14,5,12,0,0,121
5,4,2024-12-15,6,12,0,0,103
5,4,2024-12-16,0,12,0,0,74
5,4,2024-12-17,1,12,0,0,86
5,4,2024-12-18,2,12,0,0,91
5,4,2024-12-19,3,12,0,0,85
5,4,2024-12-20,4,12,0,0,75
5,4,2024-12-21,5,12,0,0,113
5,4,2024-12-22,6,12,0,0,106
5,4,2024-12-23,0,12,0,0,91
5,4,2024-12-24,1,12,1,0,153
5,4,2024-12-25,2,12,1,0,152
5,4,2024-12-26,3,12,0,0,85
5,4,2024-12-27,4,12,0,0,96
5,4,2024-12-28,5,12,0,1,136
5,4,2024-12-29,6,12,0,0,136
5,4,2024-12-30,0,12,0,0,76
5,4,2024-12-31,1,12,1,0,107
5,4,2025-01-01,2,1,0,0,104
5,4,2025-01-02,3,1,0,0,84
5,4,2025-01-03,4,1,0,0,92
5,4,2025-01-04,5,1,0,0,106
5,4,2025-01-05,6,1,0,0,150
5,4,2025-01-06,0,1,0,1,154
5,4,2025-01-07,1,1,0,0,106
5,4,2025-01-08,2,1,0,0,91
5,4,2025-01-09,3,1,0,0,100
5,4,2025-01-10,4,1,0,0,90
5,4,2025-01-11,5,1,0,0,134
5,4,2025-01-12,6,1,0,1,151
5,4,2025-01-13,0,1,0,0,106
5,4,2025-01-14,1,1,0,0,86
5,4,2025-01-15,2,1,0,0,87
5,4,2025-01-16,3,1,0,0,86
5,4,2025-01-17,4,1,0,0,92
5,4,2025-01-18,5,1,0,0,115
5,4,2025-01-19,6,1,0,0,126
5,4,2025-01-20,0,1,0,0,86
5,4,2025-01-21,1,1,0,0,98
5,4,2025-01-22,2,1,0,0,105
5,4,2025-01-23,3,1,0,0,91
5,4,2025-01-24,4,1,0,0,112
5,4,2025-01-25,5,1,0,0,134
5,4,2025-01-26,6,1,0,0,147
5,4,2025-01-27,0,1,0,0,90
5,4,2025-01-28,1,1,0,0,74
5,4,2025-01-29,2,1,0,0,84
5,4,2025-01-30,3,1,0,0,85
5,4,2025-01-31,4,1,0,0,81
5,4,2025-02-01,5,2,0,0,94
5,4,2025-02-02,6,2,0,0,137
5,4,2025-02-03,0,2,0,0,76
5,4,2025-02-04,1,2,0,0,104
5,4,2025-02-05,2,2,0,0,116
5,4,2025-02-06,3,2,0,0,86
5,4,2025-02-07,4,2,0,0,98
5,4,2025-02-08,5,2,0,0,118
5,4,2025-02-09,6,2,0,0,134
5,4,2025-02-10,0,2,0,0,82
5,4,2025-02-11,1,2,0,1,131
5,4,2025-02-12,2,2,0,0,106
5,4,2025-02-13,3,2,0,0,94
5,4,2025-02-14,4,2,0,0,78
5,4,2025-02-15,5,2,0,0,140
5,4,2025-02-16,6,2,0,0,106
5,4,2025-02-17,0,2,0,0,95
5,4,2025-02-18,1,2,0,0,100
5,4,2025-02-19,2,2,0,0,95
5,4,2025-02-20,3,2,0,0,120
5,4,2025-02-21,4,2,0,0,102
5,4,2025-02-22,5,2,0,0,121
5,4,2025-02-23,6,2,0,0,131
5,4,2025-02-24,0,2,0,0,96
5,4,2025-02-25,1,2,0,0,95
5,4,2025-02-26,2,2,0,0,97
5,4,2025-02-27,3,2,0,0,90
5,4,2025-02-28,4,2,0,0,96
5,4,2025-03-01,5,3,0,0,118
5,4,2025-03-02,6,3,0,0,99
5,4,2025-03-03,0,3,0,0,107
5,4,2025-03-04,1,3,0,0,90
5,4,2025-03-05,2,3,0,0,97
5,4,2025-03-06,3,3,0,0,88
5,4,2025-03-07,4,3,0,0,88
5,4,2025-03-08,5,3,0,0,111
5,4,2025-03-09,6,3,0,0,137
5,4,2025-03-10,0,3,0,0,108
5,4,2025-03-11,1,3,0,1,135
5,4,2025-03-12,2,3,0,0,90
5,4,2025-03-13,3,3,0,0,78
5,4,2025-03-14,4,3,0,0,104
5,4,2025-03-15,5,3,0,0,116
5,4,2025-03-16,6,3,0,0,110
5,4,2025-03-17,0,3,0,0,96
5,4,2025-03-18,1,3,0,0,92
5,4,2025-03-19,2,3,0,1,112
5,4,2025-03-20,3,3,0,0,81
5,4,2025-03-21,4,3,0,0,99
5,4,2025-03-22,5,3,0,0,116
5,4,2025-03-23,6,3,0,0,131
5,4,2025-03-24,0,3,0,0,97
5,4,2025-03-25,1,3,0,0,106
5,4,2025-03-26,2,3,0,0,87
5,4,2025-03-27,3,3,0,0,98
5,4,2025-03-28,4,3,0,0,102
5,4,2025-03-29,5,3,0,0,116
5,4,2025-03-30,6,3,0,0,140
5,4,2025-03-31,0,3,0,0,79
5,4,2025-04-01,1,4,0,0,86
5,4,2025-04-02,2,4,0,0,77
5,4,2025-04-03,3,4,0,0,87
5,4,2025-04-04,4,4,0,0,93
5,4,2025-04-05,5,4,0,0,134
5,4,2025-04-06,6,4,0,0,121
5,4,2025-04-07,0,4,0,0,88
5,4,2025-04-08,1,4,0,0,79
5,4,2025-04-09,2,4,0,0,82
5,4,2025-04-10,3,4,0,0,97
5,4,2025-04-11,4,4,0,0,103
5,4,2025-04-12,5,4,0,0,118
5,4,2025-04-13,6,4,0,0,139
5,4,2025-04-14,0,4,0,1,119
5,4,2025-04-15,1,4,0,0,90
5,4,2025-04-16,2,4,0,0,91
5,4,2025-04-17,3,4,0,0,110
5,4,2025-04-18,4,4,0,0,96
5,4,2025-04-19,5,4,0,0,99
5,4,2025-04-20,6,4,0,0,136
5,4,2025-04-21,0,4,0,0,113
5,4,2025-04-22,1,4,0,0,92
5,4,2025-04-23,2,4,0,0,85
5,4,2025-04-24,3,4,0,0,103
5,4,2025-04-25,4,4,0,0,114
5,4,2025-04-26,5,4,0,0,134
5,4,2025-04-27,6,4,0,0,102
5,4,2025-04-28,0,4,0,1,143
5,4,2025-04-29,1,4,0,0,98
5,4,2025-04-30,2,4,0,0,85
5,4,2025-05-01,3,5,0,0,103
5,4,2025-05-02,4,5,0,1,135
5,4,2025-05-03,5,5,0,0,136
5,4,2025-05-04,6,5,0,0,106
5,4,2025-05-05,0,5,0,1,134
5,4,2025-05-06,1,5,0,0,82
5,4,2025-05-07,2,5,0,0,93
5,4,2025-05-08,3,5,0,0,105
5,4,2025-05-09,4,5,0,0,77
5,4,2025-05-10,5,5,0,0,102
5,4,2025-05-11,6,5,0,0,132
5,4,2025-05-12,0,5,0,0,90
5,4,2025-05-13,1,5,0,0,102
5,4,2025-05-14,2,5,0,0,83
5,4,2025-05-15,3,5,0,0,91
5,4,2025-05-16,4,5,0,1,138
5,4,2025-05-17,5,5,0,0,122
5,4,2025-05-18,6,5,0,0,96
5,4,2025-05-19,0,5,0,0,118
5,4,2025-05-20,1,5,0,0,92
5,4,2025-05-21,2,5,0,0,77
5,4,2025-05-22,3,5,0,0,93
5,4,2025-05-23,4,5,0,0,94
5,4,2025-05-24,5,5,0,0,132
5,4,2025-05-25,6,5,0,0,131
5,4,2025-05-26,0,5,0,0,88
5,4,2025-05-27,1,5,0,0,74
5,4,2025-05-28,2,5,0,0,95
5,4,2025-05-29,3,5,0,0,74
5,4,2025-05-30,4,5,0,0,102
5,4,2025-05-31,5,5,0,0,110
5,4,2025-06-01,6,6,0,0,122
5,4,2025-06-02,0,6,0,1,115
5,4,2025-06-03,1,6,0,0,81
5,4,2025-06-04,2,6,0,0,78
5,4,2025-06-05,3,6,0,0,92
5,4,2025-06-06,4,6,0,0,80
5,4,2025-06-07,5,6,0,0,124
5,4,2025-06-08,6,6,0,0,107
5,4,2025-06-09,0,6,0,0,83
5,4,2025-06-10,1,6,0,1,124
5,4,2025-06-11,2,6,0,0,87
5,4,2025-06-12,3,6,0,0,77
5,4,2025-06-13,4,6,0,1,133
5,4,2025-06-14,5,6,0,0,111
5,4,2025-06-15,6,6,0,0,121
5,4,2025-06-16,0,6,0,0,85
5,4,2025-06-17,1,6,0,0,91
5,4,2025-06-18,2,6,0,0,81
5,4,2025-06-19,3,6,0,0,78
5,4,2025-06-20,4,6,0,0,89
5,4,2025-06-21,5,6,0,0,108
5,4,2025-06-22,6,6,0,0,132
5,4,2025-06-23,0,6,0,0,86
5,4,2025-06-24,1,6,0,0,73
5,4,2025-06-25,2,6,0,0,80
5,4,2025-06-26,3,6,0,0,76
5,4,2025-06-27,4,6,0,0,95
5,4,2025-06-28,5,6,0,0,124
5,4,2025-06-29,6,6,0,0,113
5,4,2025-06-30,0,6,0,0,88
5,4,2025-07-01,1,7,0,0,79
5,4,2025-07-02,2,7,0,0,87
5,4,2025-07-03,3,7,0,0,84
5,4,2025-07-04,4,7,0,0,86
5,4,2025-07-05,5,7,0,0,107
5,4,2025-07-06,6,7,0,0,102
5,4,2025-07-07,0,7,0,0,86
5,4,2025-07-08,1,7,0,0,93
5,4,2025-07-09,2,7,0,0,89
5,4,2025-07-10,3,7,0,0,94
5,4,2025-07-11,4,7,0,0,81
5,4,2025-07-12,5,7,0,0,98
5,4,2025-07-13,6,7,0,0,99
5,4,2025-07-14,0,7,0,0,92
5,4,2025-07-15,1,7,0,0,64
5,4,2025-07-16,2,7,0,0,93
5,4,2025-07-17,3,7,0,0,73
5,4,2025-07-18,4,7,0,0,96
5,4,2025-07-19,5,7,0,0,108
5,4,2025-07-20,6,7,0,0,117
5,4,2025-07-21,0,7,0,0,100
5,4,2025-07-22,1,7,0,0,77
5,4,2025-07-23,2,7,0,0,77
5,4,2025-07-24,3,7,0,1,110
5,4,2025-07-25,4,7,0,0,71
5,4,2025-07-26,5,7,0,0,105
5,4,2025-07-27,6,7,0,0,102
5,4,2025-07-28,0,7,0,0,69
5,4,2025-07-29,1,7,0,0,78
5,4,2025-07-30,2,7,0,0,84
5,4,2025-07-31,3,7,0,1,107
5,4,2025-08-01,4,8,0,0,75
5,4,2025-08-02,5,8,0,0,121
5,4,2025-08-03,6,8,0,1,122
5,4,2025-08-04,0,8,0,0,92
5,4,2025-08-05,1,8,0,0,71
5,4,2025-08-06,2,8,0,0,78
5,4,2025-08-07,3,8,0,0,87
5,4,2025-08-08,4,8,0,0,89
5,4,2025-08-09,5,8,0,0,110
5,4,2025-08-10,6,8,0,0,97
5,4,2025-08-11,0,8,0,0,70
5,4,2025-08-12,1,8,0,0,72
5,4,2025-08-13,2,8,0,0,92
5,4,2025-08-14,3,8,0,0,73
5,4,2025-08-15,4,8,0,0,79
5,4,2025-08-16,5,8,0,0,93
5,4,2025-08-17,6,8,0,0,92
5,4,2025-08-18,0,8,0,0,76
5,4,2025-08-19,1,8,0,0,74
5,4,2025-08-20,2,8,0,0,74
5,4,2025-08-21,3,8,0,1,97
5,4,2025-08-22,4,8,0,0,76
5,4,2025-08-23,5,8,0,0,123
5,4,2025-08-24,6,8,0,0,96
5,4,2025-08-25,0,8,0,0,83
5,4,2025-08-26,1,8,0,0,48
5,4,2025-08-27,2,8,0,0,70
5,4,2025-08-28,3,8,0,0,61
5,4,2025-08-29,4,8,0,0,86
5,4,2025-08-30,5,8,0,0,115
5,4,2025-08-31,6,8,0,0,93
5,4,2025-09-01,0,9,0,0,77
5,4,2025-09-02,1,9,0,0,84
5,4,2025-09-03,2,9,0,0,86
5,4,2025-09-04,3,9,0,0,72
5,4,2025-09-05,4,9,0,0,57
5,4,2025-09-06,5,9,0,0,94
5,4,2025-09-07,6,9,0,0,112
5,4,2025-09-08,0,9,0,0,92
5,4,2025-09-09,1,9,0,0,74
5,4,2025-09-10,2,9,0,0,70
5,4,2025-09-11,3,9,0,0,94
5,4,2025-09-12,4,9,0,0,78
5,4,2025-09-13,5,9,0,0,90
5,4,2025-09-14,6,9,0,0,102
5,4,2025-09-15,0,9,0,0,83
5,4,2025-09-16,1,9,0,0,74
5,4,2025-09-17,2,9,0,0,81
5,4,2025-09-18,3,9,0,0,62
5,4,2025-09-19,4,9,0,0,63
5,4,2025-09-20,5,9,0,0,96
5,4,2025-09-21,6,9,0,0,101
5,4,2025-09-22,0,9,0,0,77
5,4,2025-09-23,1,9,0,0,80
5,4,2025-09-24,2,9,0,0,94
5,4,2025-09-25,3,9,0,0,69
5,4,2025-09-26,4,9,0,0,72
5,4,2025-09-27,5,9,0,0,96
5,4,2025-09-28,6,9,0,0,116
5,4,2025-09-29,0,9,0,0,84
5,4,2025-09-30,1,9,0,0,71
5,4,2025-10-01,2,10,0,0,93
5,4,2025-10-02,3,10,0,0,70
5,4,2025-10-03,4,10,0,0,84
5,4,2025-10-04,5,10,0,0,121
5,4,2025-10-05,6,10,0,0,90
5,4,2025-10-06,0,10,0,0,81
5,4,2025-10-07,1,10,0,0,54
5,4,2025-10-08,2,10,0,0,83
5,4,2025-10-09,3,10,0,0,67
5,4,2025-10-10,4,10,0,0,81
5,4,2025-10-11,5,10,0,0,114
5,4,2025-10-12,6,10,0,0,118
5,4,2025-10-13,0,10,0,0,83
5,4,2025-10-14,1,10,0,0,77
5,4,2025-10-15,2,10,0,0,73
5,4,2025-10-16,3,10,0,0,75
5,4,2025-10-17,4,10,0,0,67
5,4,2025-10-18,5,10,0,0,103
5,4,2025-10-19,6,10,0,1,139
5,4,2025-10-20,0,10,0,0,70
5,4,2025-10-21,1,10,0,0,62
5,4,2025-10-22,2,10,0,0,66
5,4,2025-10-23,3,10,0,0,50
5,4,2025-10-24,4,10,0,0,74
5,4,2025-10-25,5,10,0,0,109
5,4,2025-10-26,6,10,0,0,75
5,4,2025-10-27,0,10,0,0,78
5,4,2025-10-28,1,10,0,0,75
5,4,2025-10-29,2,10,0,0,66
5,4,2025-10-30,3,10,0,0,73
5,4,2025-10-31,4,10,0,0,85
5,4,2025-11-01,5,11,0,0,97
5,4,2025-11-02,6,11,0,0,110
5,4,2025-11-03,0,11,0,0,83
5,4,2025-11-04,1,11,0,0,73
5,4,2025-11-05,2,11,0,1,131
5,4,2025-11-06,3,11,0,1,123
5,4,2025-11-07,4,11,0,0,78
5,4,2025-11-08,5,11,0,0,136
5,4,2025-11-09,6,11,0,0,121
5,4,2025-11-10,0,11,0,1,97
5,4,2025-11-11,1,11,0,0,76
5,4,2025-11-12,2,11,0,1,150
5,4,2025-11-13,3,11,0,0,71
5,4,2025-11-14,4,11,0,0,80
5,4,2025-11-15,5,11,0,0,123
5,4,2025-11-16,6,11,0,0,116
5,4,2025-11-17,0,11,0,0,87
5,4,2025-11-18,1,11,0,1,128
5,4,2025-11-19,2,11,0,0,80
5,4,2025-11-20,3,11,0,0,73
5,4,2025-11-21,4,11,0,0,83
5,4,2025-11-22,5,11,1,0,153
5,4,2025-11-23,6,11,1,0,152
5,4,2025-11-24,0,11,1,0,152
5,4,2025-11-25,1,11,1,0,126
5,4,2025-11-26,2,11,1,0,155
5,4,2025-11-27,3,11,1,0,135
5,4,2025-11-28,4,11,1,0,129
5,4,2025-11-29,5,11,0,0,88
5,4,2025-11-30,6,11,0,0,133
5,4,2025-12-01,0,12,0,0,85
5,4,2025-12-02,1,12,0,1,93
5,4,2025-12-03,2,12,0,0,94
5,4,2025-12-04,3,12,0,0,84
5,4,2025-12-05,4,12,0,0,76
5,4,2025-12-06,5,12,0,0,125
5,4,2025-12-07,6,12,0,0,83
5,4,2025-12-08,0,12,0,0,78
5,4,2025-12-09,1,12,0,0,82
5,4,2025-12-10,2,12,0,0,93
5,4,2025-12-11,3,12,0,0,105
5,4,2025-12-12,4,12,0,0,83
5,4,2025-12-13,5,12,0,1,160
5,4,2025-12-14,6,12,0,0,147
5,4,2025-12-15,0,12,0,0,85
5,4,2025-12-16,1,12,0,1,130
5,4,2025-12-17,2,12,0,0,74
5,4,2025-12-18,3,12,0,0,103
5,4,2025-12-19,4,12,0,0,78
5,4,2025-12-20,5,12,0,0,117
5,4,2025-12-21,6,12,0,0,117
5,4,2025-12-22,0,12,0,0,86
5,4,2025-12-23,1,12,0,0,81
5,4,2025-12-24,2,12,1,0,140
5,4,2025-12-25,3,12,1,0,162
5,4,2025-12-26,4,12,0,0,106
5,4,2025-12-27,5,12,0,0,112
5,4,2025-12-28,6,12,0,0,108
5,4,2025-12-29,0,12,0,0,78
5,4,2025-12-30,1,12,0,0,109
5,4,2025-12-31,2,12,1,0,138
5,4,2026-01-01,3,1,0,0,101
5,4,2026-01-02,4,1,0,0,97
5,4,2026-01-03,5,1,0,0,147
5,4,2026-01-04,6,1,0,0,116
5,4,2026-01-05,0,1,0,0,79
5,4,2026-01-06,1,1,0,0,108
5,4,2026-01-07,2,1,0,0,99
5,4,2026-01-08,3,1,0,0,94
5,4,2026-01-09,4,1,0,0,105
5,4,2026-01-10,5,1,0,0,125
5,4,2026-01-11,6,1,0,0,139
5,4,2026-01-12,0,1,0,0,92
5,4,2026-01-13,1,1,0,0,99
5,4,2026-01-14,2,1,0,0,95
5,4,2026-01-15,3,1,0,0,87
5,4,2026-01-16,4,1,0,0,88
5,4,2026-01-17,5,1,0,0,114
5,4,2026-01-18,6,1,0,0,122
5,4,2026-01-19,0,1,0,0,86
5,4,2026-01-20,1,1,0,0,94
5,4,2026-01-21,2,1,0,0,94
5,4,2026-01-22,3,1,0,0,92
5,4,2026-01-23,4,1,0,1,132
5,4,2026-01-24,5,1,0,0,112
5,4,2026-01-25,6,1,0,0,115
5,4,2026-01-26,0,1,0,0,74
5,4,2026-01-27,1,1,0,0,89
5,4,2026-01-28,2,1,0,0,80
5,4,2026-01-29,3,1,0,0,91
5,4,2026-01-30,4,1,0,0,83
5,4,2026-01-31,5,1,0,0,93
5,4,2026-02-01,6,2,0,0,152
5,4,2026-02-02,0,2,0,0,91
5,4,2026-02-03,1,2,0,0,108
5,4,2026-02-04,2,2,0,1,125
5,4,2026-02-05,3,2,0,0,111
5,4,2026-02-06,4,2,0,0,82
5,4,2026-02-07,5,2,0,0,125
5,4,2026-02-08,6,2,0,0,108
5,4,2026-02-09,0,2,0,0,120
5,4,2026-02-10,1,2,0,0,91
5,4,2026-02-11,2,2,0,0,102
5,4,2026-02-12,3,2,0,0,98
5,4,2026-02-13,4,2,0,0,93
5,4,2026-02-14,5,2,0,0,129
5,4,2026-02-15,6,2,0,0,140
5,4,2026-02-16,0,2,0,0,100
5,4,2026-02-17,1,2,0,0,95
5,4,2026-02-18,2,2,0,0,99
5,4,2026-02-19,3,2,0,0,113
5,4,2026-02-20,4,2,0,0,90
5,4,2026-02-21,5,2,0,0,98
5,4,2026-02-22,6,2,0,0,108
5,4,2026-02-23,0,2,0,1,118
5,4,2026-02-24,1,2,0,0,85
5,4,2026-02-25,2,2,0,1,120
5,4,2026-02-26,3,2,0,0,93
5,4,2026-02-27,4,2,0,0,96
5,4,2026-02-28,5,2,0,0,126
5,4,2026-03-01,6,3,0,1,150
5,4,2026-03-02,0,3,0,0,105
5,4,2026-03-03,1,3,0,0,100
5,4,2026-03-04,2,3,0,0,111
5,4,2026-03-05,3,3,0,0,104
5,4,2026-03-06,4,3,0,0,91
5,4,2026-03-07,5,3,0,0,141
5,4,2026-03-08,6,3,0,0,128
5,4,2026-03-09,0,3,0,0,103
5,4,2026-03-10,1,3,0,0,102
5,4,2026-03-11,2,3,0,0,94
5,4,2026-03-12,3,3,0,1,135
5,4,2026-03-13,4,3,0,0,94
5,4,2026-03-14,5,3,0,0,113
5,4,2026-03-15,6,3,0,0,96
5,4,2026-03-16,0,3,0,0,88
5,4,2026-03-17,1,3,0,0,97
5,4,2026-03-18,2,3,0,0,106
5,4,2026-03-19,3,3,0,0,103
5,4,2026-03-20,4,3,0,0,92
5,4,2026-03-21,5,3,0,0,115
5,4,2026-03-22,6,3,0,0,122
5,4,2026-03-23,0,3,0,0,85
5,4,2026-03-24,1,3,0,0,74
5,4,2026-03-25,2,3,0,0,79
5,4,2026-03-26,3,3,0,0,109
5,4,2026-03-27,4,3,0,0,114
5,4,2026-03-28,5,3,0,0,134
5,4,2026-03-29,6,3,0,0,123
5,4,2026-03-30,0,3,0,0,81
5,4,2026-03-31,1,3,0,0,93
5,4,2026-04-01,2,4,0,1,141
5,4,2026-04-02,3,4,0,0,102
5,4,2026-04-03,4,4,0,0,101
5,4,2026-04-04,5,4,0,0,138
5,4,2026-04-05,6,4,0,0,148
5,4,2026-04-06,0,4,0,0,90
5,4,2026-04-07,1,4,0,0,122
5,4,2026-04-08,2,4,0,0,73
5,4,2026-04-09,3,4,0,0,86
5,4,2026-04-10,4,4,0,0,96
5,4,2026-04-11,5,4,0,0,130
5,4,2026-04-12,6,4,0,0,120
5,4,2026-04-13,0,4,0,0,89
5,4,2026-04-14,1,4,0,0,116
5,4,2026-04-15,2,4,0,0,88
5,4,2026-04-16,3,4,0,0,83
5,4,2026-04-17,4,4,0,0,111
5,4,2026-04-18,5,4,0,0,134
5,4,2026-04-19,6,4,0,0,137
5,4,2026-04-20,0,4,0,0,96
5,4,2026-04-21,1,4,0,0,80
5,4,2026-04-22,2,4,0,0,94
5,4,2026-04-23,3,4,0,0,78
5,4,2026-04-24,4,4,0,0,96
5,4,2026-04-25,5,4,0,0,131
5,4,2026-04-26,6,4,0,1,180
5,4,2026-04-27,0,4,0,0,93
5,4,2026-04-28,1,4,0,0,101
5,4,2026-04-29,2,4,0,0,85
5,4,2026-04-30,3,4,0,0,103
5,4,2026-05-01,4,5,0,0,96
5,4,2026-05-02,5,5,0,0,109
5,4,2026-05-03,6,5,0,1,166
5,4,2026-05-04,0,5,0,0,100
5,4,2026-05-05,1,5,0,0,91
5,4,2026-05-06,2,5,0,0,82
5,4,2026-05-07,3,5,0,0,92
5,4,2026-05-08,4,5,0,0,95
5,4,2026-05-09,5,5,0,0,108
5,4,2026-05-10,6,5,0,0,106
5,4,2026-05-11,0,5,0,0,95
5,4,2026-05-12,1,5,0,0,98
5,4,2026-05-13,2,5,0,0,110
5,4,2026-05-14,3,5,0,0,96
5,4,2026-05-15,4,5,0,0,78
5,4,2026-05-16,5,5,0,0,145
5,4,2026-05-17,6,5,0,0,132
5,4,2026-05-18,0,5,0,0,71
5,4,2026-05-19,1,5,0,0,80
5,4,2026-05-20,2,5,0,0,85
5,4,2026-05-21,3,5,0,0,98
5,4,2026-05-22,4,5,0,0,67
5,4,2026-05-23,5,5,0,0,117
5,4,2026-05-24,6,5,0,0,129
5,4,2026-05-25,0,5,0,0,63
5,4,2026-05-26,1,5,0,0,97
5,4,2026-05-27,2,5,0,0,98
5,4,2026-05-28,3,5,0,0,82
5,4,2026-05-29,4,5,0,0,79
5,4,2026-05-30,5,5,0,0,108
5,4,2026-05-31,6,5,0,0,85
5,4,2026-06-01,0,6,0,0,82
5,4,2026-06-02,1,6,0,0,87
5,4,2026-06-03,2,6,0,0,74
5,4,2026-06-04,3,6,0,0,93
5,4,2026-06-05,4,6,0,0,86
5,4,2026-06-06,5,6,0,0,117
5,4,2026-06-07,6,6,0,0,109
5,4,2026-06-08,0,6,0,0,91
5,4,2026-06-09,1,6,0,0,96
5,4,2026-06-10,2,6,0,0,81
5,4,2026-06-11,3,6,0,0,91
5,4,2026-06-12,4,6,0,0,92
5,4,2026-06-13,5,6,0,0,119
5,4,2026-06-14,6,6,0,0,134
5,4,2026-06-15,0,6,0,0,78
5,4,2026-06-16,1,6,0,0,81
5,4,2026-06-17,2,6,0,0,78
5,4,2026-06-18,3,6,0,0,91
5,4,2026-06-19,4,6,0,0,82
5,4,2026-06-20,5,6,0,0,105
5,4,2026-06-21,6,6,0,0,134
5,4,2026-06-22,0,6,0,0,101
5,4,2026-06-23,1,6,0,0,82
5,4,2026-06-24,2,6,0,0,72
5,4,2026-06-25,3,6,0,0,101
5,4,2026-06-26,4,6,0,0,89
5,4,2026-06-27,5,6,0,0,119
5,4,2026-06-28,6,6,0,0,115
5,4,2026-06-29,0,6,0,0,77
5,4,2026-06-30,1,6,0,0,81
5,4,2026-07-01,2,7,0,0,85
5,4,2026-07-02,3,7,0,0,76
5,4,2026-07-03,4,7,0,0,83
5,4,2026-07-04,5,7,0,0,109
5,4,2026-07-05,6,7,0,0,96
5,4,2026-07-06,0,7,0,0,93
5,4,2026-07-07,1,7,0,0,84
5,4,2026-07-08,2,7,0,0,82
5,4,2026-07-09,3,7,0,0,84
5,4,2026-07-10,4,7,0,0,64
5,4,2026-07-11,5,7,0,0,103
5,4,2026-07-12,6,7,0,0,91
5,4,2026-07-13,0,7,0,0,80
5,4,2026-07-14,1,7,0,0,82
5,4,2026-07-15,2,7,0,0,81
5,4,2026-07-16,3,7,0,0,89
5,4,2026-07-17,4,7,0,0,67
5,4,2026-07-18,5,7,0,0,99
5,4,2026-07-19,6,7,0,0,113
5,4,2026-07-20,0,7,0,0,82
5,4,2026-07-21,1,7,0,0,68
5,4,2026-07-22,2,7,0,0,90
5,4,2026-07-23,3,7,0,0,92
5,4,2026-07-24,4,7,0,0,83
5,4,2026-07-25,5,7,0,0,91
5,4,2026-07-26,6,7,0,0,110
5,4,2026-07-27,0,7,0,1,122
5,4,2026-07-28,1,7,0,0,77
5,4,2026-07-29,2,7,0,0,91
5,4,2026-07-30,3,7,0,0,78
5,4,2026-07-31,4,7,0,0,97
5,4,2026-08-01,5,8,0,0,113
5,4,2026-08-02,6,8,0,0,108
5,4,2026-08-03,0,8,0,0,83
5,4,2026-08-04,1,8,0,0,88
5,4,2026-08-05,2,8,0,0,83
5,4,2026-08-06,3,8,0,0,75
5,4,2026-08-07,4,8,0,0,70
5,4,2026-08-08,5,8,0,0,92
5,4,2026-08-09,6,8,0,0,77
5,4,2026-08-10,0,8,0,0,77
5,4,2026-08-11,1,8,0,0,72
5,4,2026-08-12,2,8,0,0,73
5,4,2026-08-13,3,8,0,0,84
5,4,2026-08-14,4,8,0,0,75
5,4,2026-08-15,5,8,0,0,126
5,4,2026-08-16,6,8,0,0,98
5,4,2026-08-17,0,8,0,0,68
5,4,2026-08-18,1,8,0,0,65
5,4,2026-08-19,2,8,0,0,81
5,4,2026-08-20,3,8,0,0,85
5,4,2026-08-21,4,8,0,0,71
5,4,2026-08-22,5,8,0,0,93
5,4,2026-08-23,6,8,0,0,122
5,4,2026-08-24,0,8,0,0,64
5,4,2026-08-25,1,8,0,0,84
5,4,2026-08-26,2,8,0,1,107
5,4,2026-08-27,3,8,0,0,79
5,4,2026-08-28,4,8,0,0,84
5,4,2026-08-29,5,8,0,0,110
5,4,2026-08-30,6,8,0,0,101
5,4,2026-08-31,0,8,0,0,87
5,5,2024-09-01,6,9,0,0,81
5,5,2024-09-02,0,9,0,0,74
5,5,2024-09-03,1,9,0,0,72
5,5,2024-09-04,2,9,0,0,69
5,5,2024-09-05,3,9,0,0,61
5,5,2024-09-06,4,9,0,0,77
5,5,2024-09-07,5,9,0,0,92
5,5,2024-09-08,6,9,0,0,99
5,5,2024-09-09,0,9,0,0,57
5,5,2024-09-10,1,9,0,0,70
5,5,2024-09-11,2,9,0,0,65
5,5,2024-09-12,3,9,0,0,70
5,5,2024-09-13,4,9,0,0,76
5,5,2024-09-14,5,9,0,0,93
5,5,2024-09-15,6,9,0,0,90
5,5,2024-09-16,0,9,0,0,70
5,5,2024-09-17,1,9,0,0,60
5,5,2024-09-18,2,9,0,0,64
5,5,2024-09-19,3,9,0,0,77
5,5,2024-09-20,4,9,0,0,67
5,5,2024-09-21,5,9,0,0,99
5,5,2024-09-22,6,9,0,0,96
5,5,2024-09-23,0,9,0,0,75
5,5,2024-09-24,1,9,0,0,72
5,5,2024-09-25,2,9,0,0,67
5,5,2024-09-26,3,9,0,0,69
5,5,2024-09-27,4,9,0,0,74
5,5,2024-09-28,5,9,0,0,73
5,5,2024-09-29,6,9,0,0,100
5,5,2024-09-30,0,9,0,0,67
5,5,2024-10-01,1,10,0,0,71
5,5,2024-10-02,2,10,0,0,71
5,5,2024-10-03,3,10,0,0,71
5,5,2024-10-04,4,10,0,0,63
5,5,2024-10-05,5,10,0,0,92
5,5,2024-10-06,6,10,0,0,96
5,5,2024-10-07,0,10,0,0,58
5,5,2024-10-08,1,10,0,0,63
5,5,2024-10-09,2,10,0,0,77
5,5,2024-10-10,3,10,0,0,76
5,5,2024-10-11,4,10,0,0,73
5,5,2024-10-12,5,10,0,0,85
5,5,2024-10-13,6,10,0,0,97
5,5,2024-10-14,0,10,0,0,63
5,5,2024-10-15,1,10,0,0,70
5,5,2024-10-16,2,10,0,0,63
5,5,2024-10-17,3,10,0,0,70
5,5,2024-10-18,4,10,0,0,64
5,5,2024-10-19,5,10,0,0,97
5,5,2024-10-20,6,10,0,0,94
5,5,2024-10-21,0,10,0,0,67
5,5,2024-10-22,1,10,0,0,78
5,5,2024-10-23,2,10,0,0,65
5,5,2024-10-24,3,10,0,0,71
5,5,2024-10-25,4,10,0,0,67
5,5,2024-10-26,5,10,0,0,97
5,5,2024-10-27,6,10,0,0,96
5,5,2024-10-28,0,10,0,0,79
5,5,2024-10-29,1,10,0,0,72
5,5,2024-10-30,2,10,0,0,52
5,5,2024-10-31,3,10,0,0,68
5,5,2024-11-01,4,11,0,0,85
5,5,2024-11-02,5,11,0,0,92
5,5,2024-11-03,6,11,0,0,78
5,5,2024-11-04,0,11,0,0,78
5,5,2024-11-05,1,11,0,0,78
5,5,2024-11-06,2,11,0,0,70
5,5,2024-11-07,3,11,0,0,73
5,5,2024-11-08,4,11,0,0,69
5,5,2024-11-09,5,11,0,0,99
5,5,2024-11-10,6,11,0,1,131
5,5,2024-11-11,0,11,0,0,67
5,5,2024-11-12,1,11,0,0,74
5,5,2024-11-13,2,11,0,0,70
5,5,2024-11-14,3,11,0,0,84
5,5,2024-11-15,4,11,0,1,119
5,5,2024-11-16,5,11,0,0,93
5,5,2024-11-17,6,11,0,0,95
5,5,2024-11-18,0,11,0,1,120
5,5,2024-11-19,1,11,0,0,73
5,5,2024-11-20,2,11,0,0,80
5,5,2024-11-21,3,11,0,0,84
5,5,2024-11-22,4,11,1,0,117
5,5,2024-11-23,5,11,1,0,163
5,5,2024-11-24,6,11,1,0,159
5,5,2024-11-25,0,11,1,0,125
5,5,2024-11-26,1,11,1,0,117
5,5,2024-11-27,2,11,1,1,161
5,5,2024-11-28,3,11,1,0,119
5,5,2024-11-29,4,11,0,0,69
5,5,2024-11-30,5,11,0,0,99
5,5,2024-12-01,6,12,0,0,90
5,5,2024-12-02,0,12,0,0,77
5,5,2024-12-03,1,12,0,0,77
5,5,2024-12-04,2,12,0,0,70
5,5,2024-12-05,3,12,0,0,84
5,5,2024-12-06,4,12,0,0,78
5,5,2024-12-07,5,12,0,0,111
5,5,2024-12-08,6,12,0,0,97
5,5,2024-12-09,0,12,0,1,111
5,5,2024-12-10,1,12,0,0,73
5,5,2024-12-11,2,12,0,0,80
5,5,2024-12-12,3,12,0,0,80
5,5,2024-12-13,4,12,0,0,85
5,5,2024-12-14,5,12,0,0,100
5,5,2024-12-15,6,12,0,0,118
5,5,2024-12-16,0,12,0,0,82
5,5,2024-12-17,1,12,0,0,72
5,5,2024-12-18,2,12,0,0,72
5,5,2024-12-19,3,12,0,0,83
5,5,2024-12-20,4,12,0,0,72
5,5,2024-12-21,5,12,0,0,104
5,5,2024-12-22,6,12,0,0,107
5,5,2024-12-23,0,12,0,0,86
5,5,2024-12-24,1,12,1,0,117
5,5,2024-12-25,2,12,1,0,137
5,5,2024-12-26,3,12,0,0,82
5,5,2024-12-27,4,12,0,0,75
5,5,2024-12-28,5,12,0,0,98
5,5,2024-12-29,6,12,0,0,103
5,5,2024-12-30,0,12,0,0,74
5,5,2024-12-31,1,12,1,1,167
5,5,2025-01-01,2,1,0,0,95
5,5,2025-01-02,3,1,0,0,91
5,5,2025-01-03,4,1,0,1,121
5,5,2025-01-04,5,1,0,0,106
5,5,2025-01-05,6,1,0,0,99
5,5,2025-01-06,0,1,0,0,80
5,5,2025-01-07,1,1,0,0,72
5,5,2025-01-08,2,1,0,0,86
5,5,2025-01-09,3,1,0,1,127
5,5,2025-01-10,4,1,0,0,83
5,5,2025-01-11,5,1,0,0,96
5,5,2025-01-12,6,1,0,0,104
5,5,2025-01-13,0,1,0,0,94
5,5,2025-01-14,1,1,0,0,91
5,5,2025-01-15,2,1,0,0,84
5,5,2025-01-16,3,1,0,0,99
5,5,2025-01-17,4,1,0,0,104
5,5,2025-01-18,5,1,0,0,99
5,5,2025-01-19,6,1,0,0,101
5,5,2025-01-20,0,1,0,1,127
5,5,2025-01-21,1,1,0,0,77
5,5,2025-01-22,2,1,0,0,90
5,5,2025-01-23,3,1,0,1,121
5,5,2025-01-24,4,1,0,0,87
5,5,2025-01-25,5,1,0,0,98
5,5,2025-01-26,6,1,0,0,96
5,5,2025-01-27,0,1,0,0,69
5,5,2025-01-28,1,1,0,0,95
5,5,2025-01-29,2,1,0,0,91
5,5,2025-01-30,3,1,0,0,89
5,5,2025-01-31,4,1,0,0,87
5,5,2025-02-01,5,2,0,0,85
5,5,2025-02-02,6,2,0,0,100
5,5,2025-02-03,0,2,0,0,85
5,5,2025-02-04,1,2,0,0,79
5,5,2025-02-05,2,2,0,0,74
5,5,2025-02-06,3,2,0,0,80
5,5,2025-02-07,4,2,0,0,88
5,5,2025-02-08,5,2,0,0,108
5,5,2025-02-09,6,2,0,0,116
5,5,2025-02-10,0,2,0,0,104
5,5,2025-02-11,1,2,0,0,93
5,5,2025-02-12,2,2,0,0,86
5,5,2025-02-13,3,2,0,0,102
5,5,2025-02-14,4,2,0,0,75
5,5,2025-02-15,5,2,0,0,87
5,5,2025-02-16,6,2,0,0,99
5,5,2025-02-17,0,2,0,0,94
5,5,2025-02-18,1,2,0,0,89
5,5,2025-02-19,2,2,0,0,79
5,5,2025-02-20,3,2,0,0,82
5,5,2025-02-21,4,2,0,0,78
5,5,2025-02-22,5,2,0,0,95
5,5,2025-02-23,6,2,0,0,122
5,5,2025-02-24,0,2,0,1,122
5,5,2025-02-25,1,2,0,0,101
5,5,2025-02-26,2,2,0,0,80
5,5,2025-02-27,3,2,0,0,91
5,5,2025-02-28,4,2,0,0,89
5,5,2025-03-01,5,3,0,0,117
5,5,2025-03-02,6,3,0,0,111
5,5,2025-03-03,0,3,0,1,135
5,5,2025-03-04,1,3,0,0,93
5,5,2025-03-05,2,3,0,0,80
5,5,2025-03-06,3,3,0,0,94
5,5,2025-03-07,4,3,0,0,88
5,5,2025-03-08,5,3,0,0,101
5,5,2025-03-09,6,3,0,0,115
5,5,2025-03-10,0,3,0,0,96
5,5,2025-03-11,1,3,0,0,85
5,5,2025-03-12,2,3,0,0,86
5,5,2025-03-13,3,3,0,0,78
5,5,2025-03-14,4,3,0,0,74
5,5,2025-03-15,5,3,0,0,106
5,5,2025-03-16,6,3,0,0,116
5,5,2025-03-17,0,3,0,0,84
5,5,2025-03-18,1,3,0,0,100
5,5,2025-03-19,2,3,0,0,87
5,5,2025-03-20,3,3,0,0,87
5,5,2025-03-21,4,3,0,0,86
5,5,2025-03-22,5,3,0,0,118
5,5,2025-03-23,6,3,0,0,99
5,5,2025-03-24,0,3,0,1,123
5,5,2025-03-25,1,3,0,0,84
5,5,2025-03-26,2,3,0,0,84
5,5,2025-03-27,3,3,0,0,89
5,5,2025-03-28,4,3,0,0,88
5,5,2025-03-29,5,3,0,0,119
5,5,2025-03-30,6,3,0,0,108
5,5,2025-03-31,0,3,0,0,93
5,5,2025-04-01,1,4,0,0,89
5,5,2025-04-02,2,4,0,0,98
5,5,2025-04-03,3,4,0,0,85
5,5,2025-04-04,4,4,0,1,120
5,5,2025-04-05,5,4,0,0,114
5,5,2025-04-06,6,4,0,0,104
5,5,2025-04-07,0,4,0,0,91
5,5,2025-04-08,1,4,0,0,106
5,5,2025-04-09,2,4,0,0,80
5,5,2025-04-10,3,4,0,1,140
5,5,2025-04-11,4,4,0,0,83
5,5,2025-04-12,5,4,0,0,120
5,5,2025-04-13,6,4,0,0,114
5,5,2025-04-14,0,4,0,0,92
5,5,2025-04-15,1,4,0,0,86
5,5,2025-04-16,2,4,0,0,85
5,5,2025-04-17,3,4,0,0,82
5,5,2025-04-18,4,4,0,0,87
5,5,2025-04-19,5,4,0,0,105
5,5,2025-04-20,6,4,0,0,109
5,5,2025-04-21,0,4,0,0,76
5,5,2025-04-22,1,4,0,0,87
5,5,2025-04-23,2,4,0,0,97
5,5,2025-04-24,3,4,0,0,95
5,5,2025-04-25,4,4,0,0,87
5,5,2025-04-26,5,4,0,0,132
5,5,2025-04-27,6,4,0,0,102
5,5,2025-04-28,0,4,0,1,122
5,5,2025-04-29,1,4,0,0,76
5,5,2025-04-30,2,4,0,0,84
5,5,2025-05-01,3,5,0,0,97
5,5,2025-05-02,4,5,0,0,81
5,5,2025-05-03,5,5,0,0,89
5,5,2025-05-04,6,5,0,0,112
5,5,2025-05-05,0,5,0,1,124
5,5,2025-05-06,1,5,0,0,90
5,5,2025-05-07,2,5,0,0,82
5,5,2025-05-08,3,5,0,1,109
5,5,2025-05-09,4,5,0,0,82
5,5,2025-05-10,5,5,0,1,146
5,5,2025-05-11,6,5,0,0,103
5,5,2025-05-12,0,5,0,0,87
5,5,2025-05-13,1,5,0,0,80
5,5,2025-05-14,2,5,0,0,87
5,5,2025-05-15,3,5,0,0,84
5,5,2025-05-16,4,5,0,0,78
5,5,2025-05-17,5,5,0,0,105
5,5,2025-05-18,6,5,0,0,100
5,5,2025-05-19,0,5,0,0,88
5,5,2025-05-20,1,5,0,0,90
5,5,2025-05-21,2,5,0,0,88
5,5,2025-05-22,3,5,0,0,71
5,5,2025-05-23,4,5,0,0,77
5,5,2025-05-24,5,5,0,0,98
5,5,2025-05-25,6,5,0,0,96
5,5,2025-05-26,0,5,0,0,80
5,5,2025-05-27,1,5,0,0,91
5,5,2025-05-28,2,5,0,0,89
5,5,2025-05-29,3,5,0,1,115
5,5,2025-05-30,4,5,0,0,88
5,5,2025-05-31,5,5,0,1,143
5,5,2025-06-01,6,6,0,0,98
5,5,2025-06-02,0,6,0,0,87
5,5,2025-06-03,1,6,0,0,74
5,5,2025-06-04,2,6,0,0,79
5,5,2025-06-05,3,6,0,0,72
5,5,2025-06-06,4,6,0,0,72
5,5,2025-06-07,5,6,0,0,87
5,5,2025-06-08,6,6,0,0,90
5,5,2025-06-09,0,6,0,0,80
5,5,2025-06-10,1,6,0,0,77
5,5,2025-06-11,2,6,0,0,77
5,5,2025-06-12,3,6,0,0,77
5,5,2025-06-13,4,6,0,0,92
5,5,2025-06-14,5,6,0,0,89
5,5,2025-06-15,6,6,0,0,88
5,5,2025-06-16,0,6,0,0,73
5,5,2025-06-17,1,6,0,0,78
5,5,2025-06-18,2,6,0,0,83
5,5,2025-06-19,3,6,0,0,83
5,5,2025-06-20,4,6,0,0,86
5,5,2025-06-21,5,6,0,0,98
5,5,2025-06-22,6,6,0,0,95
5,5,2025-06-23,0,6,0,0,91
5,5,2025-06-24,1,6,0,0,59
5,5,2025-06-25,2,6,0,1,115
5,5,2025-06-26,3,6,0,0,82
5,5,2025-06-27,4,6,0,0,92
5,5,2025-06-28,5,6,0,0,84
5,5,2025-06-29,6,6,0,0,95
5,5,2025-06-30,0,6,0,0,69
5,5,2025-07-01,1,7,0,1,92
5,5,2025-07-02,2,7,0,0,73
5,5,2025-07-03,3,7,0,1,118
5,5,2025-07-04,4,7,0,0,82
5,5,2025-07-05,5,7,0,0,89
5,5,2025-07-06,6,7,0,0,100
5,5,2025-07-07,0,7,0,0,73
5,5,2025-07-08,1,7,0,0,78
5,5,2025-07-09,2,7,0,0,82
5,5,2025-07-10,3,7,0,0,73
5,5,2025-07-11,4,7,0,0,81
5,5,2025-07-12,5,7,0,0,84
5,5,2025-07-13,6,7,0,0,100
5,5,2025-07-14,0,7,0,0,81
5,5,2025-07-15,1,7,0,0,80
5,5,2025-07-16,2,7,0,0,66
5,5,2025-07-17,3,7,0,0,73
5,5,2025-07-18,4,7,0,0,76
5,5,2025-07-19,5,7,0,0,98
5,5,2025-07-20,6,7,0,0,95
5,5,2025-07-21,0,7,0,0,84
5,5,2025-07-22,1,7,0,0,66
5,5,2025-07-23,2,7,0,0,73
5,5,2025-07-24,3,7,0,0,63
5,5,2025-07-25,4,7,0,0,78
5,5,2025-07-26,5,7,0,0,99
5,5,2025-07-27,6,7,0,0,122
5,5,2025-07-28,0,7,0,0,81
5,5,2025-07-29,1,7,0,0,76
5,5,2025-07-30,2,7,0,0,76
5,5,2025-07-31,3,7,0,0,72
5,5,2025-08-01,4,8,0,0,71
5,5,2025-08-02,5,8,0,0,93
5,5,2025-08-03,6,8,0,0,74
5,5,2025-08-04,0,8,0,0,72
5,5,2025-08-05,1,8,0,0,71
5,5,2025-08-06,2,8,0,0,82
5,5,2025-08-07,3,8,0,0,70
5,5,2025-08-08,4,8,0,0,66
5,5,2025-08-09,5,8,0,0,93
5,5,2025-08-10,6,8,0,0,91
5,5,2025-08-11,0,8,0,0,70
5,5,2025-08-12,1,8,0,0,63
5,5,2025-08-13,2,8,0,0,70
5,5,2025-08-14,3,8,0,0,67
5,5,2025-08-15,4,8,0,0,69
5,5,2025-08-16,5,8,0,0,96
5,5,2025-08-17,6,8,0,0,85
5,5,2025-08-18,0,8,0,0,69
5,5,2025-08-19,1,8,0,0,74
5,5,2025-08-20,2,8,0,0,69
5,5,2025-08-21,3,8,0,0,87
5,5,2025-08-22,4,8,0,0,72
5,5,2025-08-23,5,8,0,0,80
5,5,2025-08-24,6,8,0,0,84
5,5,2025-08-25,0,8,0,0,65
5,5,2025-08-26,1,8,0,0,65
5,5,2025-08-27,2,8,0,0,74
5,5,2025-08-28,3,8,0,0,64
5,5,2025-08-29,4,8,0,0,69
5,5,2025-08-30,5,8,0,0,100
5,5,2025-08-31,6,8,0,0,86
5,5,2025-09-01,0,9,0,0,74
5,5,2025-09-02,1,9,0,0,59
5,5,2025-09-03,2,9,0,0,67
5,5,2025-09-04,3,9,0,0,64
5,5,2025-09-05,4,9,0,0,71
5,5,2025-09-06,5,9,0,1,113
5,5,2025-09-07,6,9,0,0,106
5,5,2025-09-08,0,9,0,0,59
5,5,2025-09-09,1,9,0,0,76
5,5,2025-09-10,2,9,0,0,75
5,5,2025-09-11,3,9,0,0,71
5,5,2025-09-12,4,9,0,0,70
5,5,2025-09-13,5,9,0,0,104
5,5,2025-09-14,6,9,0,1,153
5,5,2025-09-15,0,9,0,0,68
5,5,2025-09-16,1,9,0,0,70
5,5,2025-09-17,2,9,0,0,66
5,5,2025-09-18,3,9,0,0,62
5,5,2025-09-19,4,9,0,0,72
5,5,2025-09-20,5,9,0,0,91
5,5,2025-09-21,6,9,0,0,76
5,5,2025-09-22,0,9,0,0,72
5,5,2025-09-23,1,9,0,0,71
5,5,2025-09-24,2,9,0,0,66
5,5,2025-09-25,3,9,0,0,65
5,5,2025-09-26,4,9,0,0,72
5,5,2025-09-27,5,9,0,0,102
5,5,2025-09-28,6,9,0,0,92
5,5,2025-09-29,0,9,0,0,74
5,5,2025-09-30,1,9,0,0,64
5,5,2025-10-01,2,10,0,0,68
5,5,2025-10-02,3,10,0,0,74
5,5,2025-10-03,4,10,0,0,62
5,5,2025-10-04,5,10,0,1,128
5,5,2025-10-05,6,10,0,0,94
5,5,2025-10-06,0,10,0,0,70
5,5,2025-10-07,1,10,0,0,73
5,5,2025-10-08,2,10,0,0,71
5,5,2025-10-09,3,10,0,0,67
5,5,2025-10-10,4,10,0,0,63
5,5,2025-10-11,5,10,0,0,90
5,5,2025-10-12,6,10,0,0,101
5,5,2025-10-13,0,10,0,0,77
5,5,2025-10-14,1,10,0,0,68
5,5,2025-10-15,2,10,0,1,103
5,5,2025-10-16,3,10,0,0,68
5,5,2025-10-17,4,10,0,0,68
5,5,2025-10-18,5,10,0,0,93
5,5,2025-10-19,6,10,0,0,99
5,5,2025-10-20,0,10,0,0,85
5,5,2025-10-21,1,10,0,0,65
5,5,2025-10-22,2,10,0,0,75
5,5,2025-10-23,3,10,0,0,74
5,5,2025-10-24,4,10,0,1,103
5,5,2025-10-25,5,10,0,0,82
5,5,2025-10-26,6,10,0,0,93
5,5,2025-10-27,0,10,0,0,84
5,5,2025-10-28,1,10,0,0,72
5,5,2025-10-29,2,10,0,0,66
5,5,2025-10-30,3,10,0,0,70
5,5,2025-10-31,4,10,0,0,63
5,5,2025-11-01,5,11,0,0,94
5,5,2025-11-02,6,11,0,1,137
5,5,2025-11-03,0,11,0,0,69
5,5,2025-11-04,1,11,0,0,52
5,5,2025-11-05,2,11,0,0,76
5,5,2025-11-06,3,11,0,0,71
5,5,2025-11-07,4,11,0,0,69
5,5,2025-11-08,5,11,0,0,87
5,5,2025-11-09,6,11,0,0,97
5,5,2025-11-10,0,11,0,0,71
5,5,2025-11-11,1,11,0,0,80
5,5,2025-11-12,2,11,0,0,80
5,5,2025-11-13,3,11,0,0,72
5,5,2025-11-14,4,11,0,0,71
5,5,2025-11-15,5,11,0,0,95
5,5,2025-11-16,6,11,0,0,93
5,5,2025-11-17,0,11,0,0,62
5,5,2025-11-18,1,11,0,0,87
5,5,2025-11-19,2,11,0,0,79
5,5,2025-11-20,3,11,0,0,71
5,5,2025-11-21,4,11,0,0,61
5,5,2025-11-22,5,11,1,0,139
5,5,2025-11-23,6,11,1,0,134
5,5,2025-11-24,0,11,1,0,121
5,5,2025-11-25,1,11,1,0,98
5,5,2025-11-26,2,11,1,0,116
5,5,2025-11-27,3,11,1,0,117
5,5,2025-11-28,4,11,1,0,120
5,5,2025-11-29,5,11,0,0,92
5,5,2025-11-30,6,11,0,0,94
5,5,2025-12-01,0,12,0,0,89
5,5,2025-12-02,1,12,0,0,75
5,5,2025-12-03,2,12,0,0,72
5,5,2025-12-04,3,12,0,0,67
5,5,2025-12-05,4,12,0,0,75
5,5,2025-12-06,5,12,0,0,86
5,5,2025-12-07,6,12,0,0,107
5,5,2025-12-08,0,12,0,0,78
5,5,2025-12-09,1,12,0,0,85
5,5,2025-12-10,2,12,0,1,130
5,5,2025-12-11,3,12,0,0,73
5,5,2025-12-12,4,12,0,0,76
5,5,2025-12-13,5,12,0,0,110
5,5,2025-12-14,6,12,0,0,100
5,5,2025-12-15,0,12,0,0,82
5,5,2025-12-16,1,12,0,0,86
5,5,2025-12-17,2,12,0,0,85
5,5,2025-12-18,3,12,0,0,82
5,5,2025-12-19,4,12,0,0,89
5,5,2025-12-20,5,12,0,0,98
5,5,2025-12-21,6,12,0,0,103
5,5,2025-12-22,0,12,0,0,77
5,5,2025-12-23,1,12,0,0,86
5,5,2025-12-24,2,12,1,0,118
5,5,2025-12-25,3,12,1,0,107
5,5,2025-12-26,4,12,0,0,83
5,5,2025-12-27,5,12,0,0,89
5,5,2025-12-28,6,12,0,0,89
5,5,2025-12-29,0,12,0,0,88
5,5,2025-12-30,1,12,0,0,86
5,5,2025-12-31,2,12,1,0,122
5,5,2026-01-01,3,1,0,0,61
5,5,2026-01-02,4,1,0,0,87
5,5,2026-01-03,5,1,0,0,109
5,5,2026-01-04,6,1,0,0,108
5,5,2026-01-05,0,1,0,0,87
5,5,2026-01-06,1,1,0,0,82
5,5,2026-01-07,2,1,0,0,80
5,5,2026-01-08,3,1,0,0,75
5,5,2026-01-09,4,1,0,0,78
5,5,2026-01-10,5,1,0,0,106
5,5,2026-01-11,6,1,0,0,106
5,5,2026-01-12,0,1,0,0,89
5,5,2026-01-13,1,1,0,0,73
5,5,2026-01-14,2,1,0,0,71
5,5,2026-01-15,3,1,0,0,81
5,5,2026-01-16,4,1,0,0,76
5,5,2026-01-17,5,1,0,0,105
5,5,2026-01-18,6,1,0,0,91
5,5,2026-01-19,0,1,0,1,132
5,5,2026-01-20,1,1,0,0,77
5,5,2026-01-21,2,1,0,0,95
5,5,2026-01-22,3,1,0,0,87
5,5,2026-01-23,4,1,0,0,76
5,5,2026-01-24,5,1,0,0,123
5,5,2026-01-25,6,1,0,0,106
5,5,2026-01-26,0,1,0,0,85
5,5,2026-01-27,1,1,0,0,83
5,5,2026-01-28,2,1,0,0,87
5,5,2026-01-29,3,1,0,0,87
5,5,2026-01-30,4,1,0,0,77
5,5,2026-01-31,5,1,0,0,101
5,5,2026-02-01,6,2,0,0,108
5,5,2026-02-02,0,2,0,0,91
5,5,2026-02-03,1,2,0,0,92
5,5,2026-02-04,2,2,0,0,88
5,5,2026-02-05,3,2,0,0,83
5,5,2026-02-06,4,2,0,0,82
5,5,2026-02-07,5,2,0,0,95
5,5,2026-02-08,6,2,0,0,112
5,5,2026-02-09,0,2,0,0,82
5,5,2026-02-10,1,2,0,0,85
5,5,2026-02-11,2,2,0,0,89
5,5,2026-02-12,3,2,0,0,87
5,5,2026-02-13,4,2,0,0,87
5,5,2026-02-14,5,2,0,0,98
5,5,2026-02-15,6,2,0,0,109
5,5,2026-02-16,0,2,0,0,84
5,5,2026-02-17,1,2,0,1,122
5,5,2026-02-18,2,2,0,0,96
5,5,2026-02-19,3,2,0,0,91
5,5,2026-02-20,4,2,0,0,82
5,5,2026-02-21,5,2,0,0,105
5,5,2026-02-22,6,2,0,0,122
5,5,2026-02-23,0,2,0,0,84
5,5,2026-02-24,1,2,0,0,87
5,5,2026-02-25,2,2,0,0,92
5,5,2026-02-26,3,2,0,0,89
5,5,2026-02-27,4,2,0,0,84
5,5,2026-02-28,5,2,0,0,100
5,5,2026-03-01,6,3,0,0,108
5,5,2026-03-02,0,3,0,0,93
5,5,2026-03-03,1,3,0,0,99
5,5,2026-03-04,2,3,0,0,77
5,5,2026-03-05,3,3,0,0,102
5,5,2026-03-06,4,3,0,0,86
5,5,2026-03-07,5,3,0,0,117
5,5,2026-03-08,6,3,0,0,101
5,5,2026-03-09,0,3,0,0,75
5,5,2026-03-10,1,3,0,0,78
5,5,2026-03-11,2,3,0,0,85
5,5,2026-03-12,3,3,0,0,92
5,5,2026-03-13,4,3,0,0,88
5,5,2026-03-14,5,3,0,1,140
5,5,2026-03-15,6,3,0,0,119
5,5,2026-03-16,0,3,0,0,88
5,5,2026-03-17,1,3,0,0,90
5,5,2026-03-18,2,3,0,0,113
5,5,2026-03-19,3,3,0,0,88
5,5,2026-03-20,4,3,0,0,83
5,5,2026-03-21,5,3,0,0,113
5,5,2026-03-22,6,3,0,0,115
5,5,2026-03-23,0,3,0,0,90
5,5,2026-03-24,1,3,0,0,89
5,5,2026-03-25,2,3,0,0,100
5,5,2026-03-26,3,3,0,0,99
5,5,2026-03-27,4,3,0,0,87
5,5,2026-03-28,5,3,0,0,102
5,5,2026-03-29,6,3,0,0,112
5,5,2026-03-30,0,3,0,0,83
5,5,2026-03-31,1,3,0,0,95
5,5,2026-04-01,2,4,0,0,90
5,5,2026-04-02,3,4,0,0,108
5,5,2026-04-03,4,4,0,0,98
5,5,2026-04-04,5,4,0,0,96
5,5,2026-04-05,6,4,0,0,102
5,5,2026-04-06,0,4,0,1,101
5,5,2026-04-07,1,4,0,1,99
5,5,2026-04-08,2,4,0,0,88
5,5,2026-04-09,3,4,0,0,77
5,5,2026-04-10,4,4,0,0,100
5,5,2026-04-11,5,4,0,0,118
5,5,2026-04-12,6,4,0,0,104
5,5,2026-04-13,0,4,0,0,84
5,5,2026-04-14,1,4,0,0,98
5,5,2026-04-15,2,4,0,1,141
5,5,2026-04-16,3,4,0,0,80
5,5,2026-04-17,4,4,0,0,78
5,5,2026-04-18,5,4,0,0,104
5,5,2026-04-19,6,4,0,0,111
5,5,2026-04-20,0,4,0,0,83
5,5,2026-04-21,1,4,0,0,90
5,5,2026-04-22,2,4,0,0,102
5,5,2026-04-23,3,4,0,0,76
5,5,2026-04-24,4,4,0,0,83
5,5,2026-04-25,5,4,0,0,93
5,5,2026-04-26,6,4,0,0,99
5,5,2026-04-27,0,4,0,0,84
5,5,2026-04-28,1,4,0,0,81
5,5,2026-04-29,2,4,0,0,91
5,5,2026-04-30,3,4,0,0,88
5,5,2026-05-01,4,5,0,0,85
5,5,2026-05-02,5,5,0,0,100
5,5,2026-05-03,6,5,0,0,101
5,5,2026-05-04,0,5,0,0,81
5,5,2026-05-05,1,5,0,0,81
5,5,2026-05-06,2,5,0,0,86
5,5,2026-05-07,3,5,0,0,69
5,5,2026-05-08,4,5,0,0,85
5,5,2026-05-09,5,5,0,0,95
5,5,2026-05-10,6,5,0,0,100
5,5,2026-05-11,0,5,0,0,72
5,5,2026-05-12,1,5,0,0,81
5,5,2026-05-13,2,5,0,0,85
5,5,2026-05-14,3,5,0,0,87
5,5,2026-05-15,4,5,0,0,74
5,5,2026-05-16,5,5,0,0,107
5,5,2026-05-17,6,5,0,0,114
5,5,2026-05-18,0,5,0,0,80
5,5,2026-05-19,1,5,0,0,83
5,5,2026-05-20,2,5,0,0,68
5,5,2026-05-21,3,5,0,0,77
5,5,2026-05-22,4,5,0,0,85
5,5,2026-05-23,5,5,0,0,112
5,5,2026-05-24,6,5,0,0,97
5,5,2026-05-25,0,5,0,0,103
5,5,2026-05-26,1,5,0,0,86
5,5,2026-05-27,2,5,0,0,74
5,5,2026-05-28,3,5,0,0,93
5,5,2026-05-29,4,5,0,0,74
5,5,2026-05-30,5,5,0,0,106
5,5,2026-05-31,6,5,0,0,94
5,5,2026-06-01,0,6,0,0,69
5,5,2026-06-02,1,6,0,0,85
5,5,2026-06-03,2,6,0,0,77
5,5,2026-06-04,3,6,0,0,91
5,5,2026-06-05,4,6,0,0,71
5,5,2026-06-06,5,6,0,0,84
5,5,2026-06-07,6,6,0,0,94
5,5,2026-06-08,0,6,0,0,99
5,5,2026-06-09,1,6,0,0,84
5,5,2026-06-10,2,6,0,0,82
5,5,2026-06-11,3,6,0,0,83
5,5,2026-06-12,4,6,0,0,75
5,5,2026-06-13,5,6,0,0,122
5,5,2026-06-14,6,6,0,0,102
5,5,2026-06-15,0,6,0,1,118
5,5,2026-06-16,1,6,0,0,85
5,5,2026-06-17,2,6,0,0,69
5,5,2026-06-18,3,6,0,0,72
5,5,2026-06-19,4,6,0,0,77
5,5,2026-06-20,5,6,0,0,107
5,5,2026-06-21,6,6,0,0,87
5,5,2026-06-22,0,6,0,0,78
5,5,2026-06-23,1,6,0,0,77
5,5,2026-06-24,2,6,0,0,67
5,5,2026-06-25,3,6,0,0,75
5,5,2026-06-26,4,6,0,1,120
5,5,2026-06-27,5,6,0,0,85
5,5,2026-06-28,6,6,0,1,151
5,5,2026-06-29,0,6,0,0,82
5,5,2026-06-30,1,6,0,0,81
5,5,2026-07-01,2,7,0,0,74
5,5,2026-07-02,3,7,0,1,99
5,5,2026-07-03,4,7,0,0,69
5,5,2026-07-04,5,7,0,0,96
5,5,2026-07-05,6,7,0,0,88
5,5,2026-07-06,0,7,0,0,75
5,5,2026-07-07,1,7,0,0,68
5,5,2026-07-08,2,7,0,0,77
5,5,2026-07-09,3,7,0,0,77
5,5,2026-07-10,4,7,0,0,63
5,5,2026-07-11,5,7,0,0,94
5,5,2026-07-12,6,7,0,0,81
5,5,2026-07-13,0,7,0,0,61
5,5,2026-07-14,1,7,0,0,70
5,5,2026-07-15,2,7,0,0,92
5,5,2026-07-16,3,7,0,0,79
5,5,2026-07-17,4,7,0,0,83
5,5,2026-07-18,5,7,0,0,99
5,5,2026-07-19,6,7,0,0,95
5,5,2026-07-20,0,7,0,1,118
5,5,2026-07-21,1,7,0,0,69
5,5,2026-07-22,2,7,0,0,77
5,5,2026-07-23,3,7,0,0,81
5,5,2026-07-24,4,7,0,0,78
5,5,2026-07-25,5,7,0,0,104
5,5,2026-07-26,6,7,0,0,95
5,5,2026-07-27,0,7,0,0,85
5,5,2026-07-28,1,7,0,0,72
5,5,2026-07-29,2,7,0,0,88
5,5,2026-07-30,3,7,0,0,77
5,5,2026-07-31,4,7,0,0,71
5,5,2026-08-01,5,8,0,0,80
5,5,2026-08-02,6,8,0,0,83
5,5,2026-08-03,0,8,0,0,64
5,5,2026-08-04,1,8,0,0,70
5,5,2026-08-05,2,8,0,0,62
5,5,2026-08-06,3,8,0,1,118
5,5,2026-08-07,4,8,0,0,71
5,5,2026-08-08,5,8,0,0,90
5,5,2026-08-09,6,8,0,0,80
5,5,2026-08-10,0,8,0,0,65
5,5,2026-08-11,1,8,0,0,56
5,5,2026-08-12,2,8,0,0,80
5,5,2026-08-13,3,8,0,0,61
5,5,2026-08-14,4,8,0,0,62
5,5,2026-08-15,5,8,0,0,101
5,5,2026-08-16,6,8,0,0,93
5,5,2026-08-17,0,8,0,0,71
5,5,2026-08-18,1,8,0,0,72
5,5,2026-08-19,2,8,0,0,76
5,5,2026-08-20,3,8,0,0,71
5,5,2026-08-21,4,8,0,0,60
5,5,2026-08-22,5,8,0,0,96
5,5,2026-08-23,6,8,0,0,93
5,5,2026-08-24,0,8,0,0,77
5,5,2026-08-25,1,8,0,0,62
5,5,2026-08-26,2,8,0,0,65
5,5,2026-08-27,3,8,0,0,73
5,5,2026-08-28,4,8,0,0,64
5,5,2026-08-29,5,8,0,0,71
5,5,2026-08-30,6,8,0,0,91
5,5,2026-08-31,0,8,0,0,76
6,0,2024-09-01,6,9,0,0,66
6,0,2024-09-02,0,9,0,0,64
6,0,2024-09-03,1,9,0,0,50
6,0,2024-09-04,2,9,0,0,56
6,0,2024-09-05,3,9,0,0,49
6,0,2024-09-06,4,9,0,0,57
6,0,2024-09-07,5,9,0,0,76
6,0,2024-09-08,6,9,0,0,99
6,0,2024-09-09,0,9,0,0,62
6,0,2024-09-10,1,9,0,0,63
6,0,2024-09-11,2,9,0,0,51
6,0,2024-09-12,3,9,0,0,66
6,0,2024-09-13,4,9,0,0,73
6,0,2024-09-14,5,9,0,0,91
6,0,2024-09-15,6,9,0,0,68
6,0,2024-09-16,0,9,0,0,56
6,0,2024-09-17,1,9,0,0,61
6,0,2024-09-18,2,9,0,0,55
6,0,2024-09-19,3,9,0,0,80
6,0,2024-09-20,4,9,0,0,56
6,0,2024-09-21,5,9,0,0,81
6,0,2024-09-22,6,9,0,0,75
6,0,2024-09-23,0,9,0,0,62
6,0,2024-09-24,1,9,0,0,71
6,0,2024-09-25,2,9,0,0,61
6,0,2024-09-26,3,9,0,0,58
6,0,2024-09-27,4,9,0,1,78
6,0,2024-09-28,5,9,0,0,95
6,0,2024-09-29,6,9,0,0,80
6,0,2024-09-30,0,9,0,0,58
6,0,2024-10-01,1,10,0,0,42
6,0,2024-10-02,2,10,0,0,60
6,0,2024-10-03,3,10,0,0,58
6,0,2024-10-04,4,10,0,0,46
6,0,2024-10-05,5,10,0,0,94
6,0,2024-10-06,6,10,0,0,77
6,0,2024-10-07,0,10,0,0,76
6,0,2024-10-08,1,10,0,0,72
6,0,2024-10-09,2,10,0,0,55
6,0,2024-10-10,3,10,0,0,72
6,0,2024-10-11,4,10,0,0,74
6,0,2024-10-12,5,10,0,0,77
6,0,2024-10-13,6,10,0,0,72
6,0,2024-10-14,0,10,0,0,44
6,0,2024-10-15,1,10,0,0,64
6,0,2024-10-16,2,10,0,0,53
6,0,2024-10-17,3,10,0,0,64
6,0,2024-10-18,4,10,0,0,56
6,0,2024-10-19,5,10,0,0,74
6,0,2024-10-20,6,10,0,0,77
6,0,2024-10-21,0,10,0,0,50
6,0,2024-10-22,1,10,0,0,56
6,0,2024-10-23,2,10,0,0,55
6,0,2024-10-24,3,10,0,0,61
6,0,2024-10-25,4,10,0,0,62
6,0,2024-10-26,5,10,0,0,71
6,0,2024-10-27,6,10,0,0,95
6,0,2024-10-28,0,10,0,0,60
6,0,2024-10-29,1,10,0,0,73
6,0,2024-10-30,2,10,0,0,63
6,0,2024-10-31,3,10,0,0,61
6,0,2024-11-01,4,11,0,1,88
6,0,2024-11-02,5,11,0,0,93
6,0,2024-11-03,6,11,0,0,86
6,0,2024-11-04,0,11,0,0,71
6,0,2024-11-05,1,11,0,0,77
6,0,2024-11-06,2,11,0,0,58
6,0,2024-11-07,3,11,0,0,69
6,0,2024-11-08,4,11,0,0,69
6,0,2024-11-09,5,11,0,0,91
6,0,2024-11-10,6,11,0,0,81
6,0,2024-11-11,0,11,0,0,60
6,0,2024-11-12,1,11,0,1,87
6,0,2024-11-13,2,11,0,0,59
6,0,2024-11-14,3,11,0,0,57
6,0,2024-11-15,4,11,0,0,63
6,0,2024-11-16,5,11,0,0,77
6,0,2024-11-17,6,11,0,0,91
6,0,2024-11-18,0,11,0,0,64
6,0,2024-11-19,1,11,0,0,65
6,0,2024-11-20,2,11,0,0,62
6,0,2024-11-21,3,11,0,0,64
6,0,2024-11-22,4,11,1,0,101
6,0,2024-11-23,5,11,1,0,140
6,0,2024-11-24,6,11,1,0,119
6,0,2024-11-25,0,11,1,0,110
6,0,2024-11-26,1,11,1,0,87
6,0,2024-11-27,2,11,1,1,148
6,0,2024-11-28,3,11,1,0,97
6,0,2024-11-29,4,11,0,0,56
6,0,2024-11-30,5,11,0,0,73
6,0,2024-12-01,6,12,0,0,76
6,0,2024-12-02,0,12,0,0,64
6,0,2024-12-03,1,12,0,0,81
6,0,2024-12-04,2,12,0,0,62
6,0,2024-12-05,3,12,0,0,48
6,0,2024-12-06,4,12,0,0,71
6,0,2024-12-07,5,12,0,0,77
6,0,2024-12-08,6,12,0,0,100
6,0,2024-12-09,0,12,0,0,64
6,0,2024-12-10,1,12,0,1,95
6,0,2024-12-11,2,12,0,0,79
6,0,2024-12-12,3,12,0,0,73
6,0,2024-12-13,4,12,0,0,57
6,0,2024-12-14,5,12,0,0,77
6,0,2024-12-15,6,12,0,0,69
6,0,2024-12-16,0,12,0,0,91
6,0,2024-12-17,1,12,0,0,60
6,0,2024-12-18,2,12,0,0,78
6,0,2024-12-19,3,12,0,0,63
6,0,2024-12-20,4,12,0,0,58
6,0,2024-12-21,5,12,0,0,90
6,0,2024-12-22,6,12,0,0,86
6,0,2024-12-23,0,12,0,0,75
6,0,2024-12-24,1,12,1,0,120
6,0,2024-12-25,2,12,1,0,100
6,0,2024-12-26,3,12,0,0,55
6,0,2024-12-27,4,12,0,0,57
6,0,2024-12-28,5,12,0,0,63
6,0,2024-12-29,6,12,0,0,87
6,0,2024-12-30,0,12,0,0,68
6,0,2024-12-31,1,12,1,0,92
6,0,2025-01-01,2,1,0,0,60
6,0,2025-01-02,3,1,0,0,72
6,0,2025-01-03,4,1,0,0,66
6,0,2025-01-04,5,1,0,1,121
6,0,2025-01-05,6,1,0,1,119
6,0,2025-01-06,0,1,0,0,74
6,0,2025-01-07,1,1,0,0,67
6,0,2025-01-08,2,1,0,0,67
6,0,2025-01-09,3,1,0,0,54
6,0,2025-01-10,4,1,0,0,72
6,0,2025-01-11,5,1,0,0,95
6,0,2025-01-12,6,1,0,0,92
6,0,2025-01-13,0,1,0,0,90
6,0,2025-01-14,1,1,0,0,74
6,0,2025-01-15,2,1,0,0,71
6,0,2025-01-16,3,1,0,0,77
6,0,2025-01-17,4,1,0,0,92
6,0,2025-01-18,5,1,0,0,97
6,0,2025-01-19,6,1,0,0,67
6,0,2025-01-20,0,1,0,0,76
6,0,2025-01-21,1,1,0,0,64
6,0,2025-01-22,2,1,0,0,54
6,0,2025-01-23,3,1,0,1,126
6,0,2025-01-24,4,1,0,0,86
6,0,2025-01-25,5,1,0,1,110
6,0,2025-01-26,6,1,0,0,83
6,0,2025-01-27,0,1,0,0,74
6,0,2025-01-28,1,1,0,0,64
6,0,2025-01-29,2,1,0,0,71
6,0,2025-01-30,3,1,0,0,65
6,0,2025-01-31,4,1,0,0,68
6,0,2025-02-01,5,2,0,0,79
6,0,2025-02-02,6,2,0,0,108
6,0,2025-02-03,0,2,0,0,87
6,0,2025-02-04,1,2,0,0,74
6,0,2025-02-05,2,2,0,0,75
6,0,2025-02-06,3,2,0,0,81
6,0,2025-02-07,4,2,0,0,75
6,0,2025-02-08,5,2,0,0,119
6,0,2025-02-09,6,2,0,0,80
6,0,2025-02-10,0,2,0,0,84
6,0,2025-02-11,1,2,0,0,74
6,0,2025-02-12,2,2,0,0,64
6,0,2025-02-13,3,2,0,0,97
6,0,2025-02-14,4,2,0,0,99
6,0,2025-02-15,5,2,0,0,94
6,0,2025-02-16,6,2,0,0,103
6,0,2025-02-17,0,2,0,0,70
6,0,2025-02-18,1,2,0,0,72
6,0,2025-02-19,2,2,0,0,64
6,0,2025-02-20,3,2,0,0,62
6,0,2025-02-21,4,2,0,0,93
6,0,2025-02-22,5,2,0,0,97
6,0,2025-02-23,6,2,0,0,98
6,0,2025-02-24,0,2,0,0,67
6,0,2025-02-25,1,2,0,0,77
6,0,2025-02-26,2,2,0,0,60
6,0,2025-02-27,3,2,0,0,67
6,0,2025-02-28,4,2,0,0,63
6,0,2025-03-01,5,3,0,0,115
6,0,2025-03-02,6,3,0,0,77
6,0,2025-03-03,0,3,0,0,64
6,0,2025-03-04,1,3,0,0,56
6,0,2025-03-05,2,3,0,0,67
6,0,2025-03-06,3,3,0,0,72
6,0,2025-03-07,4,3,0,0,86
6,0,2025-03-08,5,3,0,0,95
6,0,2025-03-09,6,3,0,0,93
6,0,2025-03-10,0,3,0,0,79
6,0,2025-03-11,1,3,0,0,72
6,0,2025-03-12,2,3,0,0,100
6,0,2025-03-13,3,3,0,0,70
6,0,2025-03-14,4,3,0,0,80
6,0,2025-03-15,5,3,0,0,109
6,0,2025-03-16,6,3,0,0,90
6,0,2025-03-17,0,3,0,0,78
6,0,2025-03-18,1,3,0,0,71
6,0,2025-03-19,2,3,0,0,79
6,0,2025-03-20,3,3,0,0,77
6,0,2025-03-21,4,3,0,0,75
6,0,2025-03-22,5,3,0,0,83
6,0,2025-03-23,6,3,0,0,122
6,0,2025-03-24,0,3,0,0,82
6,0,2025-03-25,1,3,0,0,60
6,0,2025-03-26,2,3,0,0,72
6,0,2025-03-27,3,3,0,0,60
6,0,2025-03-28,4,3,0,0,84
6,0,2025-03-29,5,3,0,0,98
6,0,2025-03-30,6,3,0,0,98
6,0,2025-03-31,0,3,0,1,95
6,0,2025-04-01,1,4,0,0,72
6,0,2025-04-02,2,4,0,0,83
6,0,2025-04-03,3,4,0,0,85
6,0,2025-04-04,4,4,0,0,83
6,0,2025-04-05,5,4,0,0,77
6,0,2025-04-06,6,4,0,0,95
6,0,2025-04-07,0,4,0,0,78
6,0,2025-04-08,1,4,0,0,68
6,0,2025-04-09,2,4,0,0,59
6,0,2025-04-10,3,4,0,0,62
6,0,2025-04-11,4,4,0,0,90
6,0,2025-04-12,5,4,0,0,82
6,0,2025-04-13,6,4,0,1,128
6,0,2025-04-14,0,4,0,0,73
6,0,2025-04-15,1,4,0,0,74
6,0,2025-04-16,2,4,0,0,72
6,0,2025-04-17,3,4,0,0,83
6,0,2025-04-18,4,4,0,0,75
6,0,2025-04-19,5,4,0,0,89
6,0,2025-04-20,6,4,0,0,98
6,0,2025-04-21,0,4,0,0,62
6,0,2025-04-22,1,4,0,0,80
6,0,2025-04-23,2,4,0,0,68
6,0,2025-04-24,3,4,0,0,69
6,0,2025-04-25,4,4,0,0,80
6,0,2025-04-26,5,4,0,0,92
6,0,2025-04-27,6,4,0,0,93
6,0,2025-04-28,0,4,0,0,87
6,0,2025-04-29,1,4,0,0,65
6,0,2025-04-30,2,4,0,0,80
6,0,2025-05-01,3,5,0,0,81
6,0,2025-05-02,4,5,0,0,83
6,0,2025-05-03,5,5,0,0,121
6,0,2025-05-04,6,5,0,0,86
6,0,2025-05-05,0,5,0,0,64
6,0,2025-05-06,1,5,0,0,80
6,0,2025-05-07,2,5,0,0,81
6,0,2025-05-08,3,5,0,0,65
6,0,2025-05-09,4,5,0,0,77
6,0,2025-05-10,5,5,0,1,169
6,0,2025-05-11,6,5,0,0,95
6,0,2025-05-12,0,5,0,0,81
6,0,2025-05-13,1,5,0,1,124
6,0,2025-05-14,2,5,0,0,96
6,0,2025-05-15,3,5,0,0,74
6,0,2025-05-16,4,5,0,0,84
6,0,2025-05-17,5,5,0,0,84
6,0,2025-05-18,6,5,0,0,94
6,0,2025-05-19,0,5,0,0,68
6,0,2025-05-20,1,5,0,0,54
6,0,2025-05-21,2,5,0,0,57
6,0,2025-05-22,3,5,0,0,76
6,0,2025-05-23,4,5,0,0,76
6,0,2025-05-24,5,5,0,0,81
6,0,2025-05-25,6,5,0,0,113
6,0,2025-05-26,0,5,0,0,62
6,0,2025-05-27,1,5,0,1,106
6,0,2025-05-28,2,5,0,0,68
6,0,2025-05-29,3,5,0,0,73
6,0,2025-05-30,4,5,0,0,81
6,0,2025-05-31,5,5,0,0,104
6,0,2025-06-01,6,6,0,0,98
6,0,2025-06-02,0,6,0,0,73
6,0,2025-06-03,1,6,0,0,57
6,0,2025-06-04,2,6,0,0,78
6,0,2025-06-05,3,6,0,0,59
6,0,2025-06-06,4,6,0,0,67
6,0,2025-06-07,5,6,0,0,86
6,0,2025-06-08,6,6,0,0,94
6,0,2025-06-09,0,6,0,0,64
6,0,2025-06-10,1,6,0,0,67
6,0,2025-06-11,2,6,0,0,82
6,0,2025-06-12,3,6,0,0,56
6,0,2025-06-13,4,6,0,0,68
6,0,2025-06-14,5,6,0,0,77
6,0,2025-06-15,6,6,0,0,98
6,0,2025-06-16,0,6,0,0,62
6,0,2025-06-17,1,6,0,0,68
6,0,2025-06-18,2,6,0,0,56
6,0,2025-06-19,3,6,0,0,80
6,0,2025-06-20,4,6,0,0,69
6,0,2025-06-21,5,6,0,0,92
6,0,2025-06-22,6,6,0,0,100
6,0,2025-06-23,0,6,0,0,57
6,0,2025-06-24,1,6,0,0,63
6,0,2025-06-25,2,6,0,0,70
6,0,2025-06-26,3,6,0,0,52
6,0,2025-06-27,4,6,0,0,53
6,0,2025-06-28,5,6,0,0,80
6,0,2025-06-29,6,6,0,0,77
6,0,2025-06-30,0,6,0,0,65
6,0,2025-07-01,1,7,0,0,68
6,0,2025-07-02,2,7,0,0,70
6,0,2025-07-03,3,7,0,0,79
6,0,2025-07-04,4,7,0,0,64
6,0,2025-07-05,5,7,0,1,119
6,0,2025-07-06,6,7,0,0,86
6,0,2025-07-07,0,7,0,0,67
6,0,2025-07-08,1,7,0,0,67
6,0,2025-07-09,2,7,0,0,72
6,0,2025-07-10,3,7,0,0,72
6,0,2025-07-11,4,7,0,0,68
6,0,2025-07-12,5,7,0,0,103
6,0,2025-07-13,6,7,0,0,86
6,0,2025-07-14,0,7,0,0,59
6,0,2025-07-15,1,7,0,0,60
6,0,2025-07-16,2,7,0,0,63
6,0,2025-07-17,3,7,0,0,55
6,0,2025-07-18,4,7,0,0,59
6,0,2025-07-19,5,7,0,0,73
6,0,2025-07-20,6,7,0,0,90
6,0,2025-07-21,0,7,0,0,67
6,0,2025-07-22,1,7,0,0,49
6,0,2025-07-23,2,7,0,0,58
6,0,2025-07-24,3,7,0,0,79
6,0,2025-07-25,4,7,0,0,69
6,0,2025-07-26,5,7,0,0,91
6,0,2025-07-27,6,7,0,0,79
6,0,2025-07-28,0,7,0,0,66
6,0,2025-07-29,1,7,0,0,64
6,0,2025-07-30,2,7,0,0,57
6,0,2025-07-31,3,7,0,0,60
6,0,2025-08-01,4,8,0,0,57
6,0,2025-08-02,5,8,0,0,67
6,0,2025-08-03,6,8,0,0,69
6,0,2025-08-04,0,8,0,0,59
6,0,2025-08-05,1,8,0,0,54
6,0,2025-08-06,2,8,0,0,59
6,0,2025-08-07,3,8,0,0,48
6,0,2025-08-08,4,8,0,0,67
6,0,2025-08-09,5,8,0,0,106
6,0,2025-08-10,6,8,0,0,94
6,0,2025-08-11,0,8,0,0,70
6,0,2025-08-12,1,8,0,0,66
6,0,2025-08-13,2,8,0,0,63
6,0,2025-08-14,3,8,0,0,62
6,0,2025-08-15,4,8,0,0,54
6,0,2025-08-16,5,8,0,1,124
6,0,2025-08-17,6,8,0,0,90
6,0,2025-08-18,0,8,0,0,57
6,0,2025-08-19,1,8,0,0,65
6,0,2025-08-20,2,8,0,0,55
6,0,2025-08-21,3,8,0,1,84
6,0,2025-08-22,4,8,0,0,67
6,0,2025-08-23,5,8,0,0,88
6,0,2025-08-24,6,8,0,0,81
6,0,2025-08-25,0,8,0,0,58
6,0,2025-08-26,1,8,0,0,62
6,0,2025-08-27,2,8,0,0,46
6,0,2025-08-28,3,8,0,0,55
6,0,2025-08-29,4,8,0,1,76
6,0,2025-08-30,5,8,0,0,83
6,0,2025-08-31,6,8,0,0,95
6,0,2025-09-01,0,9,0,0,64
6,0,2025-09-02,1,9,0,0,56
6,0,2025-09-03,2,9,0,0,54
6,0,2025-09-04,3,9,0,0,54
6,0,2025-09-05,4,9,0,0,76
6,0,2025-09-06,5,9,0,0,83
6,0,2025-09-07,6,9,0,0,84
6,0,2025-09-08,0,9,0,0,43
6,0,2025-09-09,1,9,0,0,51
6,0,2025-09-10,2,9,0,0,60
6,0,2025-09-11,3,9,0,1,85
6,0,2025-09-12,4,9,0,0,61
6,0,2025-09-13,5,9,0,0,83
6,0,2025-09-14,6,9,0,0,88
6,0,2025-09-15,0,9,0,0,45
6,0,2025-09-16,1,9,0,0,51
6,0,2025-09-17,2,9,0,0,59
6,0,2025-09-18,3,9,0,0,55
6,0,2025-09-19,4,9,0,1,87
6,0,2025-09-20,5,9,0,0,83
6,0,2025-09-21,6,9,0,0,74
6,0,2025-09-22,0,9,0,0,61
6,0,2025-09-23,1,9,0,0,64
6,0,2025-09-24,2,9,0,0,60
6,0,2025-09-25,3,9,0,0,66
6,0,2025-09-26,4,9,0,0,43
6,0,2025-09-27,5,9,0,0,76
6,0,2025-09-28,6,9,0,0,92
6,0,2025-09-29,0,9,0,0,53
6,0,2025-09-30,1,9,0,0,52
6,0,2025-10-01,2,10,0,0,60
6,0,2025-10-02,3,10,0,0,61
6,0,2025-10-03,4,10,0,0,57
6,0,2025-10-04,5,10,0,0,103
6,0,2025-10-05,6,10,0,0,86
6,0,2025-10-06,0,10,0,1,81
6,0,2025-10-07,1,10,0,1,74
6,0,2025-10-08,2,10,0,0,64
6,0,2025-10-09,3,10,0,0,54
6,0,2025-10-10,4,10,0,0,78
6,0,2025-10-11,5,10,0,0,88
6,0,2025-10-12,6,10,0,0,89
6,0,2025-10-13,0,10,0,0,63
6,0,2025-10-14,1,10,0,0,70
6,0,2025-10-15,2,10,0,0,42
6,0,2025-10-16,3,10,0,0,51
6,0,2025-10-17,4,10,0,0,69
6,0,2025-10-18,5,10,0,0,99
6,0,2025-10-19,6,10,0,0,70
6,0,2025-10-20,0,10,0,0,46
6,0,2025-10-21,1,10,0,0,62
6,0,2025-10-22,2,10,0,0,65
6,0,2025-10-23,3,10,0,0,62
6,0,2025-10-24,4,10,0,0,61
6,0,2025-10-25,5,10,0,0,63
6,0,2025-10-26,6,10,0,0,79
6,0,2025-10-27,0,10,0,0,59
6,0,2025-10-28,1,10,0,0,57
6,0,2025-10-29,2,10,0,0,46
6,0,2025-10-30,3,10,0,0,66
6,0,2025-10-31,4,10,0,0,68
6,0,2025-11-01,5,11,0,0,77
6,0,2025-11-02,6,11,0,0,84
6,0,2025-11-03,0,11,0,0,60
6,0,2025-11-04,1,11,0,1,88
6,0,2025-11-05,2,11,0,0,68
6,0,2025-11-06,3,11,0,0,68
6,0,2025-11-07,4,11,0,0,73
6,0,2025-11-08,5,11,0,0,98
6,0,2025-11-09,6,11,0,0,84
6,0,2025-11-10,0,11,0,0,88
6,0,2025-11-11,1,11,0,0,77
6,0,2025-11-12,2,11,0,0,58
6,0,2025-11-13,3,11,0,0,65
6,0,2025-11-14,4,11,0,0,47
6,0,2025-11-15,5,11,0,0,86
6,0,2025-11-16,6,11,0,0,105
6,0,2025-11-17,0,11,0,0,87
6,0,2025-11-18,1,11,0,0,63
6,0,2025-11-19,2,11,0,0,67
6,0,2025-11-20,3,11,0,0,69
6,0,2025-11-21,4,11,0,0,81
6,0,2025-11-22,5,11,1,0,110
6,0,2025-11-23,6,11,1,0,171
6,0,2025-11-24,0,11,1,0,100
6,0,2025-11-25,1,11,1,0,89
6,0,2025-11-26,2,11,1,0,100
6,0,2025-11-27,3,11,1,0,94
6,0,2025-11-28,4,11,1,0,111
6,0,2025-11-29,5,11,0,0,67
6,0,2025-11-30,6,11,0,0,88
6,0,2025-12-01,0,12,0,0,74
6,0,2025-12-02,1,12,0,0,81
6,0,2025-12-03,2,12,0,0,74
6,0,2025-12-04,3,12,0,0,81
6,0,2025-12-05,4,12,0,0,63
6,0,2025-12-06,5,12,0,0,95
6,0,2025-12-07,6,12,0,0,64
6,0,2025-12-08,0,12,0,0,67
6,0,2025-12-09,1,12,0,0,72
6,0,2025-12-10,2,12,0,0,72
6,0,2025-12-11,3,12,0,1,78
6,0,2025-12-12,4,12,0,0,65
6,0,2025-12-13,5,12,0,0,87
6,0,2025-12-14,6,12,0,0,85
6,0,2025-12-15,0,12,0,0,75
6,0,2025-12-16,1,12,0,0,66
6,0,2025-12-17,2,12,0,0,69
6,0,2025-12-18,3,12,0,0,64
6,0,2025-12-19,4,12,0,0,78
6,0,2025-12-20,5,12,0,0,104
6,0,2025-12-21,6,12,0,0,86
6,0,2025-12-22,0,12,0,0,94
6,0,2025-12-23,1,12,0,0,61
6,0,2025-12-24,2,12,1,0,123
6,0,2025-12-25,3,12,1,1,122
6,0,2025-12-26,4,12,0,0,75
6,0,2025-12-27,5,12,0,0,98
6,0,2025-12-28,6,12,0,0,78
6,0,2025-12-29,0,12,0,0,67
6,0,2025-12-30,1,12,0,0,85
6,0,2025-12-31,2,12,1,0,97
6,0,2026-01-01,3,1,0,0,76
6,0,2026-01-02,4,1,0,0,75
6,0,2026-01-03,5,1,0,0,94
6,0,2026-01-04,6,1,0,0,73
6,0,2026-01-05,0,1,0,0,80
6,0,2026-01-06,1,1,0,0,72
6,0,2026-01-07,2,1,0,0,83
6,0,2026-01-08,3,1,0,1,106
6,0,2026-01-09,4,1,0,0,73
6,0,2026-01-10,5,1,0,0,99
6,0,2026-01-11,6,1,0,0,82
6,0,2026-01-12,0,1,0,0,87
6,0,2026-01-13,1,1,0,0,69
6,0,2026-01-14,2,1,0,0,69
6,0,2026-01-15,3,1,0,0,84
6,0,2026-01-16,4,1,0,0,74
6,0,2026-01-17,5,1,0,0,91
6,0,2026-01-18,6,1,0,0,99
6,0,2026-01-19,0,1,0,0,78
6,0,2026-01-20,1,1,0,0,71
6,0,2026-01-21,2,1,0,0,81
6,0,2026-01-22,3,1,0,0,60
6,0,2026-01-23,4,1,0,0,75
6,0,2026-01-24,5,1,0,0,104
6,0,2026-01-25,6,1,0,0,102
6,0,2026-01-26,0,1,0,0,51
6,0,2026-01-27,1,1,0,0,71
6,0,2026-01-28,2,1,0,0,61
6,0,2026-01-29,3,1,0,1,120
6,0,2026-01-30,4,1,0,0,68
6,0,2026-01-31,5,1,0,1,144
6,0,2026-02-01,6,2,0,0,82
6,0,2026-02-02,0,2,0,0,79
6,0,2026-02-03,1,2,0,0,75
6,0,2026-02-04,2,2,0,0,102
6,0,2026-02-05,3,2,0,0,87
6,0,2026-02-06,4,2,0,0,86
6,0,2026-02-07,5,2,0,0,123
6,0,2026-02-08,6,2,0,0,101
6,0,2026-02-09,0,2,0,0,74
6,0,2026-02-10,1,2,0,0,73
6,0,2026-02-11,2,2,0,0,78
6,0,2026-02-12,3,2,0,0,48
6,0,2026-02-13,4,2,0,0,75
6,0,2026-02-14,5,2,0,0,100
6,0,2026-02-15,6,2,0,0,95
6,0,2026-02-16,0,2,0,1,84
6,0,2026-02-17,1,2,0,0,74
6,0,2026-02-18,2,2,0,0,60
6,0,2026-02-19,3,2,0,0,93
6,0,2026-02-20,4,2,0,0,73
6,0,2026-02-21,5,2,0,0,71
6,0,2026-02-22,6,2,0,0,95
6,0,2026-02-23,0,2,0,0,84
6,0,2026-02-24,1,2,0,0,77
6,0,2026-02-25,2,2,0,0,66
6,0,2026-02-26,3,2,0,0,68
6,0,2026-02-27,4,2,0,0,72
6,0,2026-02-28,5,2,0,0,92
6,0,2026-03-01,6,3,0,0,82
6,0,2026-03-02,0,3,0,0,76
6,0,2026-03-03,1,3,0,1,88
6,0,2026-03-04,2,3,0,0,86
6,0,2026-03-05,3,3,0,0,87
6,0,2026-03-06,4,3,0,0,66
6,0,2026-03-07,5,3,0,0,89
6,0,2026-03-08,6,3,0,0,93
6,0,2026-03-09,0,3,0,0,76
6,0,2026-03-10,1,3,0,0,79
6,0,2026-03-11,2,3,0,0,81
6,0,2026-03-12,3,3,0,0,81
6,0,2026-03-13,4,3,0,0,92
6,0,2026-03-14,5,3,0,0,99
6,0,2026-03-15,6,3,0,0,81
6,0,2026-03-16,0,3,0,0,60
6,0,2026-03-17,1,3,0,0,93
6,0,2026-03-18,2,3,0,0,81
6,0,2026-03-19,3,3,0,0,78
6,0,2026-03-20,4,3,0,0,81
6,0,2026-03-21,5,3,0,0,100
6,0,2026-03-22,6,3,0,0,104
6,0,2026-03-23,0,3,0,0,72
6,0,2026-03-24,1,3,0,0,87
6,0,2026-03-25,2,3,0,0,71
6,0,2026-03-26,3,3,0,0,67
6,0,2026-03-27,4,3,0,0,59
6,0,2026-03-28,5,3,0,0,95
6,0,2026-03-29,6,3,0,1,150
6,0,2026-03-30,0,3,0,0,72
6,0,2026-03-31,1,3,0,0,62
6,0,2026-04-01,2,4,0,1,110
6,0,2026-04-02,3,4,0,0,69
6,0,2026-04-03,4,4,0,0,90
6,0,2026-04-04,5,4,0,0,111
6,0,2026-04-05,6,4,0,0,81
6,0,2026-04-06,0,4,0,0,73
6,0,2026-04-07,1,4,0,0,68
6,0,2026-04-08,2,4,0,0,64
6,0,2026-04-09,3,4,0,0,75
6,0,2026-04-10,4,4,0,0,83
6,0,2026-04-11,5,4,0,0,96
6,0,2026-04-12,6,4,0,0,91
6,0,2026-04-13,0,4,0,0,53
6,0,2026-04-14,1,4,0,0,69
6,0,2026-04-15,2,4,0,1,113
6,0,2026-04-16,3,4,0,0,62
6,0,2026-04-17,4,4,0,0,88
6,0,2026-04-18,5,4,0,0,90
6,0,2026-04-19,6,4,0,0,100
6,0,2026-04-20,0,4,0,0,71
6,0,2026-04-21,1,4,0,1,89
6,0,2026-04-22,2,4,0,0,80
6,0,2026-04-23,3,4,0,0,69
6,0,2026-04-24,4,4,0,0,67
6,0,2026-04-25,5,4,0,0,67
6,0,2026-04-26,6,4,0,0,114
6,0,2026-04-27,0,4,0,0,75
6,0,2026-04-28,1,4,0,0,86
6,0,2026-04-29,2,4,0,0,81
6,0,2026-04-30,3,4,0,0,86
6,0,2026-05-01,4,5,0,0,67
6,0,2026-05-02,5,5,0,0,77
6,0,2026-05-03,6,5,0,0,104
6,0,2026-05-04,0,5,0,0,73
6,0,2026-05-05,1,5,0,0,68
6,0,2026-05-06,2,5,0,0,79
6,0,2026-05-07,3,5,0,0,75
6,0,2026-05-08,4,5,0,0,78
6,0,2026-05-09,5,5,0,0,82
6,0,2026-05-10,6,5,0,0,106
6,0,2026-05-11,0,5,0,0,72
6,0,2026-05-12,1,5,0,0,82
6,0,2026-05-13,2,5,0,0,81
6,0,2026-05-14,3,5,0,0,79
6,0,2026-05-15,4,5,0,0,71
6,0,2026-05-16,5,5,0,0,103
6,0,2026-05-17,6,5,0,0,108
6,0,2026-05-18,0,5,0,0,78
6,0,2026-05-19,1,5,0,0,74
6,0,2026-05-20,2,5,0,0,79
6,0,2026-05-21,3,5,0,0,67
6,0,2026-05-22,4,5,0,0,87
6,0,2026-05-23,5,5,0,0,73
6,0,2026-05-24,6,5,0,0,95
6,0,2026-05-25,0,5,0,0,68
6,0,2026-05-26,1,5,0,0,66
6,0,2026-05-27,2,5,0,0,75
6,0,2026-05-28,3,5,0,0,61
6,0,2026-05-29,4,5,0,0,93
6,0,2026-05-30,5,5,0,0,77
6,0,2026-05-31,6,5,0,0,82
6,0,2026-06-01,0,6,0,0,59
6,0,2026-06-02,1,6,0,0,70
6,0,2026-06-03,2,6,0,0,77
6,0,2026-06-04,3,6,0,0,73
6,0,2026-06-05,4,6,0,1,118
6,0,2026-06-06,5,6,0,0,80
6,0,2026-06-07,6,6,0,0,98
6,0,2026-06-08,0,6,0,0,65
6,0,2026-06-09,1,6,0,0,70
6,0,2026-06-10,2,6,0,0,78
6,0,2026-06-11,3,6,0,0,53
6,0,2026-06-12,4,6,0,0,86
6,0,2026-06-13,5,6,0,0,88
6,0,2026-06-14,6,6,0,0,71
6,0,2026-06-15,0,6,0,1,90
6,0,2026-06-16,1,6,0,0,69
6,0,2026-06-17,2,6,0,0,62
6,0,2026-06-18,3,6,0,0,50
6,0,2026-06-19,4,6,0,0,69
6,0,2026-06-20,5,6,0,0,82
6,0,2026-06-21,6,6,0,0,98
6,0,2026-06-22,0,6,0,0,59
6,0,2026-06-23,1,6,0,0,88
6,0,2026-06-24,2,6,0,0,73
6,0,2026-06-25,3,6,0,0,70
6,0,2026-06-26,4,6,0,0,74
6,0,2026-06-27,5,6,0,0,69
6,0,2026-06-28,6,6,0,0,84
6,0,2026-06-29,0,6,0,0,84
6,0,2026-06-30,1,6,0,0,65
6,0,2026-07-01,2,7,0,1,94
6,0,2026-07-02,3,7,0,0,60
6,0,2026-07-03,4,7,0,0,76
6,0,2026-07-04,5,7,0,0,83
6,0,2026-07-05,6,7,0,0,72
6,0,2026-07-06,0,7,0,1,127
6,0,2026-07-07,1,7,0,0,52
6,0,2026-07-08,2,7,0,0,63
6,0,2026-07-09,3,7,0,0,57
6,0,2026-07-10,4,7,0,0,58
6,0,2026-07-11,5,7,0,0,74
6,0,2026-07-12,6,7,0,1,108
6,0,2026-07-13,0,7,0,0,72
6,0,2026-07-14,1,7,0,0,48
6,0,2026-07-15,2,7,0,0,75
6,0,2026-07-16,3,7,0,0,73
6,0,2026-07-17,4,7,0,0,68
6,0,2026-07-18,5,7,0,0,88
6,0,2026-07-19,6,7,0,0,89
6,0,2026-07-20,0,7,0,0,76
6,0,2026-07-21,1,7,0,0,49
6,0,2026-07-22,2,7,0,0,70
6,0,2026-07-23,3,7,0,0,58
6,0,2026-07-24,4,7,0,0,71
6,0,2026-07-25,5,7,0,0,79
6,0,2026-07-26,6,7,0,0,94
6,0,2026-07-27,0,7,0,0,51
6,0,2026-07-28,1,7,0,1,74
6,0,2026-07-29,2,7,0,0,63
6,0,2026-07-30,3,7,0,0,76
6,0,2026-07-31,4,7,0,0,69
6,0,2026-08-01,5,8,0,1,122
6,0,2026-08-02,6,8,0,0,93
6,0,2026-08-03,0,8,0,0,58
6,0,2026-08-04,1,8,0,0,66
6,0,2026-08-05,2,8,0,0,56
6,0,2026-08-06,3,8,0,1,88
6,0,2026-08-07,4,8,0,0,60
6,0,2026-08-08,5,8,0,0,77
6,0,2026-08-09,6,8,0,0,82
6,0,2026-08-10,0,8,0,1,89
6,0,2026-08-11,1,8,0,0,55
6,0,2026-08-12,2,8,0,0,60
6,0,2026-08-13,3,8,0,0,62
6,0,2026-08-14,4,8,0,0,52
6,0,2026-08-15,5,8,0,0,88
6,0,2026-08-16,6,8,0,0,78
6,0,2026-08-17,0,8,0,0,63
6,0,2026-08-18,1,8,0,0,56
6,0,2026-08-19,2,8,0,0,70
6,0,2026-08-20,3,8,0,0,69
6,0,2026-08-21,4,8,0,0,53
6,0,2026-08-22,5,8,0,0,89
6,0,2026-08-23,6,8,0,0,99
6,0,2026-08-24,0,8,0,0,53
6,0,2026-08-25,1,8,0,0,54
6,0,2026-08-26,2,8,0,0,67
6,0,2026-08-27,3,8,0,0,51
6,0,2026-08-28,4,8,0,0,55
6,0,2026-08-29,5,8,0,0,72
6,0,2026-08-30,6,8,0,0,91
6,0,2026-08-31,0,8,0,0,56
6,1,2024-09-01,6,9,0,0,90
6,1,2024-09-02,0,9,0,0,71
6,1,2024-09-03,1,9,0,0,73
6,1,2024-09-04,2,9,0,0,88
6,1,2024-09-05,3,9,0,0,82
6,1,2024-09-06,4,9,0,0,78
6,1,2024-09-07,5,9,0,0,94
6,1,2024-09-08,6,9,0,0,77
6,1,2024-09-09,0,9,0,0,67
6,1,2024-09-10,1,9,0,0,59
6,1,2024-09-11,2,9,0,0,61
6,1,2024-09-12,3,9,0,1,97
6,1,2024-09-13,4,9,0,0,71
6,1,2024-09-14,5,9,0,0,74
6,1,2024-09-15,6,9,0,0,86
6,1,2024-09-16,0,9,0,0,70
6,1,2024-09-17,1,9,0,0,62
6,1,2024-09-18,2,9,0,0,84
6,1,2024-09-19,3,9,0,0,60
6,1,2024-09-20,4,9,0,0,81
6,1,2024-09-21,5,9,0,0,64
6,1,2024-09-22,6,9,0,0,85
6,1,2024-09-23,0,9,0,0,61
6,1,2024-09-24,1,9,0,0,66
6,1,2024-09-25,2,9,0,0,86
6,1,2024-09-26,3,9,0,0,68
6,1,2024-09-27,4,9,0,0,62
6,1,2024-09-28,5,9,0,0,91
6,1,2024-09-29,6,9,0,0,83
6,1,2024-09-30,0,9,0,0,73
6,1,2024-10-01,1,10,0,0,65
6,1,2024-10-02,2,10,0,0,65
6,1,2024-10-03,3,10,0,0,66
6,1,2024-10-04,4,10,0,0,79
6,1,2024-10-05,5,10,0,0,85
6,1,2024-10-06,6,10,0,0,77
6,1,2024-10-07,0,10,0,0,74
6,1,2024-10-08,1,10,0,0,73
6,1,2024-10-09,2,10,0,0,77
6,1,2024-10-10,3,10,0,0,69
6,1,2024-10-11,4,10,0,1,108
6,1,2024-10-12,5,10,0,0,92
6,1,2024-10-13,6,10,0,0,77
6,1,2024-10-14,0,10,0,0,80
6,1,2024-10-15,1,10,0,0,73
6,1,2024-10-16,2,10,0,0,63
6,1,2024-10-17,3,10,0,0,63
6,1,2024-10-18,4,10,0,0,72
6,1,2024-10-19,5,10,0,0,82
6,1,2024-10-20,6,10,0,0,95
6,1,2024-10-21,0,10,0,0,70
6,1,2024-10-22,1,10,0,0,75
6,1,2024-10-23,2,10,0,0,65
6,1,2024-10-24,3,10,0,1,109
6,1,2024-10-25,4,10,0,0,84
6,1,2024-10-26,5,10,0,0,86
6,1,2024-10-27,6,10,0,0,82
6,1,2024-10-28,0,10,0,0,65
6,1,2024-10-29,1,10,0,0,72
6,1,2024-10-30,2,10,0,0,85
6,1,2024-10-31,3,10,0,1,92
6,1,2024-11-01,4,11,0,0,76
6,1,2024-11-02,5,11,0,0,73
6,1,2024-11-03,6,11,0,0,87
6,1,2024-11-04,0,11,0,0,79
6,1,2024-11-05,1,11,0,0,62
6,1,2024-11-06,2,11,0,0,72
6,1,2024-11-07,3,11,0,0,79
6,1,2024-11-08,4,11,0,0,77
6,1,2024-11-09,5,11,0,0,95
6,1,2024-11-10,6,11,0,0,81
6,1,2024-11-11,0,11,0,0,79
6,1,2024-11-12,1,11,0,1,105
6,1,2024-11-13,2,11,0,0,83
6,1,2024-11-14,3,11,0,0,56
6,1,2024-11-15,4,11,0,0,74
6,1,2024-11-16,5,11,0,0,92
6,1,2024-11-17,6,11,0,0,106
6,1,2024-11-18,0,11,0,0,77
6,1,2024-11-19,1,11,0,0,78
6,1,2024-11-20,2,11,0,0,80
6,1,2024-11-21,3,11,0,0,87
6,1,2024-11-22,4,11,1,0,119
6,1,2024-11-23,5,11,1,0,117
6,1,2024-11-24,6,11,1,0,114
6,1,2024-11-25,0,11,1,1,174
6,1,2024-11-26,1,11,1,0,128
6,1,2024-11-27,2,11,1,0,121
6,1,2024-11-28,3,11,1,0,116
6,1,2024-11-29,4,11,0,0,78
6,1,2024-11-30,5,11,0,0,93
6,1,2024-12-01,6,12,0,0,101
6,1,2024-12-02,0,12,0,1,102
6,1,2024-12-03,1,12,0,0,64
6,1,2024-12-04,2,12,0,0,72
6,1,2024-12-05,3,12,0,0,68
6,1,2024-12-06,4,12,0,0,68
6,1,2024-12-07,5,12,0,0,114
6,1,2024-12-08,6,12,0,0,71
6,1,2024-12-09,0,12,0,0,85
6,1,2024-12-10,1,12,0,0,90
6,1,2024-12-11,2,12,0,0,90
6,1,2024-12-12,3,12,0,0,84
6,1,2024-12-13,4,12,0,0,94
6,1,2024-12-14,5,12,0,0,116
6,1,2024-12-15,6,12,0,0,93
6,1,2024-12-16,0,12,0,0,85
6,1,2024-12-17,1,12,0,0,93
6,1,2024-12-18,2,12,0,0,73
6,1,2024-12-19,3,12,0,0,79
6,1,2024-12-20,4,12,0,0,75
6,1,2024-12-21,5,12,0,0,101
6,1,2024-12-22,6,12,0,0,75
6,1,2024-12-23,0,12,0,0,95
6,1,2024-12-24,1,12,1,0,138
6,1,2024-12-25,2,12,1,0,139
6,1,2024-12-26,3,12,0,0,59
6,1,2024-12-27,4,12,0,0,71
6,1,2024-12-28,5,12,0,0,113
6,1,2024-12-29,6,12,0,0,94
6,1,2024-12-30,0,12,0,0,65
6,1,2024-12-31,1,12,1,1,170
6,1,2025-01-01,2,1,0,1,132
6,1,2025-01-02,3,1,0,0,91
6,1,2025-01-03,4,1,0,0,84
6,1,2025-01-04,5,1,0,0,114
6,1,2025-01-05,6,1,0,1,126
6,1,2025-01-06,0,1,0,0,91
6,1,2025-01-07,1,1,0,0,87
6,1,2025-01-08,2,1,0,0,85
6,1,2025-01-09,3,1,0,0,82
6,1,2025-01-10,4,1,0,0,82
6,1,2025-01-11,5,1,0,0,101
6,1,2025-01-12,6,1,0,0,98
6,1,2025-01-13,0,1,0,1,133
6,1,2025-01-14,1,1,0,0,81
6,1,2025-01-15,2,1,0,0,102
6,1,2025-01-16,3,1,0,0,80
6,1,2025-01-17,4,1,0,0,95
6,1,2025-01-18,5,1,0,0,112
6,1,2025-01-19,6,1,0,0,103
6,1,2025-01-20,0,1,0,0,87
6,1,2025-01-21,1,1,0,0,79
6,1,2025-01-22,2,1,0,0,81
6,1,2025-01-23,3,1,0,0,88
6,1,2025-01-24,4,1,0,0,85
6,1,2025-01-25,5,1,0,0,115
6,1,2025-01-26,6,1,0,0,96
6,1,2025-01-27,0,1,0,0,82
6,1,2025-01-28,1,1,0,0,69
6,1,2025-01-29,2,1,0,0,92
6,1,2025-01-30,3,1,0,0,91
6,1,2025-01-31,4,1,0,0,96
6,1,2025-02-01,5,2,0,0,117
6,1,2025-02-02,6,2,0,0,114
6,1,2025-02-03,0,2,0,0,98
6,1,2025-02-04,1,2,0,0,96
6,1,2025-02-05,2,2,0,0,97
6,1,2025-02-06,3,2,0,0,70
6,1,2025-02-07,4,2,0,0,78
6,1,2025-02-08,5,2,0,0,89
6,1,2025-02-09,6,2,0,0,120
6,1,2025-02-10,0,2,0,0,81
6,1,2025-02-11,1,2,0,0,83
6,1,2025-02-12,2,2,0,0,90
6,1,2025-02-13,3,2,0,0,77
6,1,2025-02-14,4,2,0,0,93
6,1,2025-02-15,5,2,0,0,79
6,1,2025-02-16,6,2,0,0,90
6,1,2025-02-17,0,2,0,0,92
6,1,2025-02-18,1,2,0,0,77
6,1,2025-02-19,2,2,0,0,103
6,1,2025-02-20,3,2,0,0,90
6,1,2025-02-21,4,2,0,0,101
6,1,2025-02-22,5,2,0,0,109
6,1,2025-02-23,6,2,0,0,104
6,1,2025-02-24,0,2,0,0,79
6,1,2025-02-25,1,2,0,0,99
6,1,2025-02-26,2,2,0,0,94
6,1,2025-02-27,3,2,0,0,111
6,1,2025-02-28,4,2,0,0,98
6,1,2025-03-01,5,3,0,0,101
6,1,2025-03-02,6,3,0,0,109
6,1,2025-03-03,0,3,0,0,95
6,1,2025-03-04,1,3,0,0,103
6,1,2025-03-05,2,3,0,0,105
6,1,2025-03-06,3,3,0,0,89
6,1,2025-03-07,4,3,0,0,78
6,1,2025-03-08,5,3,0,0,83
6,1,2025-03-09,6,3,0,0,92
6,1,2025-03-10,0,3,0,0,85
6,1,2025-03-11,1,3,0,0,107
6,1,2025-03-12,2,3,0,0,107
6,1,2025-03-13,3,3,0,0,101
6,1,2025-03-14,4,3,0,0,104
6,1,2025-03-15,5,3,0,1,131
6,1,2025-03-16,6,3,0,0,87
6,1,2025-03-17,0,3,0,0,80
6,1,2025-03-18,1,3,0,0,69
6,1,2025-03-19,2,3,0,0,79
6,1,2025-03-20,3,3,0,0,85
6,1,2025-03-21,4,3,0,0,93
6,1,2025-03-22,5,3,0,0,108
6,1,2025-03-23,6,3,0,0,97
6,1,2025-03-24,0,3,0,0,97
6,1,2025-03-25,1,3,0,0,84
6,1,2025-03-26,2,3,0,0,91
6,1,2025-03-27,3,3,0,0,79
6,1,2025-03-28,4,3,0,1,143
6,1,2025-03-29,5,3,0,0,106
6,1,2025-03-30,6,3,0,0,114
6,1,2025-03-31,0,3,0,0,78
6,1,2025-04-01,1,4,0,0,91
6,1,2025-04-02,2,4,0,0,95
6,1,2025-04-03,3,4,0,0,68
6,1,2025-04-04,4,4,0,0,102
6,1,2025-04-05,5,4,0,0,89
6,1,2025-04-06,6,4,0,0,107
6,1,2025-04-07,0,4,0,1,152
6,1,2025-04-08,1,4,0,0,99
6,1,2025-04-09,2,4,0,0,74
6,1,2025-04-10,3,4,0,0,88
6,1,2025-04-11,4,4,0,0,102
6,1,2025-04-12,5,4,0,1,128
6,1,2025-04-13,6,4,0,0,100
6,1,2025-04-14,0,4,0,0,85
6,1,2025-04-15,1,4,0,0,95
6,1,2025-04-16,2,4,0,0,73
6,1,2025-04-17,3,4,0,0,96
6,1,2025-04-18,4,4,0,0,83
6,1,2025-04-19,5,4,0,1,141
6,1,2025-04-20,6,4,0,0,102
6,1,2025-04-21,0,4,0,0,96
6,1,2025-04-22,1,4,0,0,89
6,1,2025-04-23,2,4,0,1,147
6,1,2025-04-24,3,4,0,0,100
6,1,2025-04-25,4,4,0,1,114
6,1,2025-04-26,5,4,0,0,121
6,1,2025-04-27,6,4,0,0,108
6,1,2025-04-28,0,4,0,0,91
6,1,2025-04-29,1,4,0,0,98
6,1,2025-04-30,2,4,0,0,79
6,1,2025-05-01,3,5,0,0,72
6,1,2025-05-02,4,5,0,0,86
6,1,2025-05-03,5,5,0,0,94
6,1,2025-05-04,6,5,0,0,125
6,1,2025-05-05,0,5,0,1,112
6,1,2025-05-06,1,5,0,0,86
6,1,2025-05-07,2,5,0,0,88
6,1,2025-05-08,3,5,0,0,98
6,1,2025-05-09,4,5,0,0,76
6,1,2025-05-10,5,5,0,0,82
6,1,2025-05-11,6,5,0,0,117
6,1,2025-05-12,0,5,0,0,87
6,1,2025-05-13,1,5,0,0,94
6,1,2025-05-14,2,5,0,0,95
6,1,2025-05-15,3,5,0,0,96
6,1,2025-05-16,4,5,0,0,82
6,1,2025-05-17,5,5,0,0,93
6,1,2025-05-18,6,5,0,0,77
6,1,2025-05-19,0,5,0,0,76
6,1,2025-05-20,1,5,0,0,87
6,1,2025-05-21,2,5,0,0,79
6,1,2025-05-22,3,5,0,1,106
6,1,2025-05-23,4,5,0,0,86
6,1,2025-05-24,5,5,0,0,117
6,1,2025-05-25,6,5,0,0,100
6,1,2025-05-26,0,5,0,0,75
6,1,2025-05-27,1,5,0,0,99
6,1,2025-05-28,2,5,0,0,78
6,1,2025-05-29,3,5,0,1,144
6,1,2025-05-30,4,5,0,0,83
6,1,2025-05-31,5,5,0,0,102
6,1,2025-06-01,6,6,0,0,114
6,1,2025-06-02,0,6,0,0,68
6,1,2025-06-03,1,6,0,0,71
6,1,2025-06-04,2,6,0,0,78
6,1,2025-06-05,3,6,0,0,80
6,1,2025-06-06,4,6,0,0,106
6,1,2025-06-07,5,6,0,0,86
6,1,2025-06-08,6,6,0,0,82
6,1,2025-06-09,0,6,0,0,72
6,1,2025-06-10,1,6,0,0,83
6,1,2025-06-11,2,6,0,0,86
6,1,2025-06-12,3,6,0,0,74
6,1,2025-06-13,4,6,0,0,81
6,1,2025-06-14,5,6,0,0,118
6,1,2025-06-15,6,6,0,0,97
6,1,2025-06-16,0,6,0,0,84
6,1,2025-06-17,1,6,0,0,99
6,1,2025-06-18,2,6,0,0,75
6,1,2025-06-19,3,6,0,0,74
6,1,2025-06-20,4,6,0,0,77
6,1,2025-06-21,5,6,0,0,90
6,1,2025-06-22,6,6,0,0,76
6,1,2025-06-23,0,6,0,0,82
6,1,2025-06-24,1,6,0,0,83
6,1,2025-06-25,2,6,0,0,79
6,1,2025-06-26,3,6,0,0,83
6,1,2025-06-27,4,6,0,0,84
6,1,2025-06-28,5,6,0,0,81
6,1,2025-06-29,6,6,0,0,99
6,1,2025-06-30,0,6,0,0,86
6,1,2025-07-01,1,7,0,0,62
6,1,2025-07-02,2,7,0,1,132
6,1,2025-07-03,3,7,0,1,96
6,1,2025-07-04,4,7,0,0,66
6,1,2025-07-05,5,7,0,0,93
6,1,2025-07-06,6,7,0,1,136
6,1,2025-07-07,0,7,0,0,83
6,1,2025-07-08,1,7,0,0,81
6,1,2025-07-09,2,7,0,0,72
6,1,2025-07-10,3,7,0,0,77
6,1,2025-07-11,4,7,0,0,73
6,1,2025-07-12,5,7,0,0,93
6,1,2025-07-13,6,7,0,0,92
6,1,2025-07-14,0,7,0,0,72
6,1,2025-07-15,1,7,0,0,73
6,1,2025-07-16,2,7,0,0,60
6,1,2025-07-17,3,7,0,0,84
6,1,2025-07-18,4,7,0,0,79
6,1,2025-07-19,5,7,0,0,67
6,1,2025-07-20,6,7,0,0,100
6,1,2025-07-21,0,7,0,0,76
6,1,2025-07-22,1,7,0,0,68
6,1,2025-07-23,2,7,0,0,67
6,1,2025-07-24,3,7,0,0,70
6,1,2025-07-25,4,7,0,0,68
6,1,2025-07-26,5,7,0,0,83
6,1,2025-07-27,6,7,0,0,109
6,1,2025-07-28,0,7,0,0,80
6,1,2025-07-29,1,7,0,0,94
6,1,2025-07-30,2,7,0,0,78
6,1,2025-07-31,3,7,0,0,81
6,1,2025-08-01,4,8,0,0,65
6,1,2025-08-02,5,8,0,0,86
6,1,2025-08-03,6,8,0,0,87
6,1,2025-08-04,0,8,0,0,78
6,1,2025-08-05,1,8,0,1,109
6,1,2025-08-06,2,8,0,0,76
6,1,2025-08-07,3,8,0,0,75
6,1,2025-08-08,4,8,0,0,70
6,1,2025-08-09,5,8,0,0,84
6,1,2025-08-10,6,8,0,1,115
6,1,2025-08-11,0,8,0,0,82
6,1,2025-08-12,1,8,0,0,70
6,1,2025-08-13,2,8,0,1,113
6,1,2025-08-14,3,8,0,0,71
6,1,2025-08-15,4,8,0,0,82
6,1,2025-08-16,5,8,0,0,67
6,1,2025-08-17,6,8,0,0,91
6,1,2025-08-18,0,8,0,0,62
6,1,2025-08-19,1,8,0,0,76
6,1,2025-08-20,2,8,0,0,71
6,1,2025-08-21,3,8,0,0,60
6,1,2025-08-22,4,8,0,0,76
6,1,2025-08-23,5,8,0,0,90
6,1,2025-08-24,6,8,0,0,85
6,1,2025-08-25,0,8,0,0,72
6,1,2025-08-26,1,8,0,0,74
6,1,2025-08-27,2,8,0,0,83
6,1,2025-08-28,3,8,0,0,70
6,1,2025-08-29,4,8,0,1,122
6,1,2025-08-30,5,8,0,0,87
6,1,2025-08-31,6,8,0,0,101
6,1,2025-09-01,0,9,0,0,69
6,1,2025-09-02,1,9,0,0,66
6,1,2025-09-03,2,9,0,0,62
6,1,2025-09-04,3,9,0,0,71
6,1,2025-09-05,4,9,0,0,65
6,1,2025-09-06,5,9,0,0,101
6,1,2025-09-07,6,9,0,0,78
6,1,2025-09-08,0,9,0,0,66
6,1,2025-09-09,1,9,0,0,76
6,1,2025-09-10,2,9,0,0,81
6,1,2025-09-11,3,9,0,0,78
6,1,2025-09-12,4,9,0,0,80
6,1,2025-09-13,5,9,0,0,86
6,1,2025-09-14,6,9,0,0,86
6,1,2025-09-15,0,9,0,0,88
6,1,2025-09-16,1,9,0,0,86
6,1,2025-09-17,2,9,0,1,117
6,1,2025-09-18,3,9,0,0,81
6,1,2025-09-19,4,9,0,0,79
6,1,2025-09-20,5,9,0,1,106
6,1,2025-09-21,6,9,0,0,86
6,1,2025-09-22,0,9,0,0,84
6,1,2025-09-23,1,9,0,0,77
6,1,2025-09-24,2,9,0,0,71
6,1,2025-09-25,3,9,0,0,84
6,1,2025-09-26,4,9,0,0,75
6,1,2025-09-27,5,9,0,0,94
6,1,2025-09-28,6,9,0,0,90
6,1,2025-09-29,0,9,0,0,76
6,1,2025-09-30,1,9,0,0,77
6,1,2025-10-01,2,10,0,0,84
6,1,2025-10-02,3,10,0,0,85
6,1,2025-10-03,4,10,0,0,69
6,1,2025-10-04,5,10,0,0,91
6,1,2025-10-05,6,10,0,0,101
6,1,2025-10-06,0,10,0,0,72
6,1,2025-10-07,1,10,0,0,62
6,1,2025-10-08,2,10,0,0,65
6,1,2025-10-09,3,10,0,0,66
6,1,2025-10-10,4,10,0,0,69
6,1,2025-10-11,5,10,0,0,80
6,1,2025-10-12,6,10,0,0,98
6,1,2025-10-13,0,10,0,0,70
6,1,2025-10-14,1,10,0,1,125
6,1,2025-10-15,2,10,0,0,63
6,1,2025-10-16,3,10,0,0,70
6,1,2025-10-17,4,10,0,0,74
6,1,2025-10-18,5,10,0,0,96
6,1,2025-10-19,6,10,0,0,99
6,1,2025-10-20,0,10,0,0,68
6,1,2025-10-21,1,10,0,0,81
6,1,2025-10-22,2,10,0,0,58
6,1,2025-10-23,3,10,0,0,80
6,1,2025-10-24,4,10,0,0,61
6,1,2025-10-25,5,10,0,0,92
6,1,2025-10-26,6,10,0,0,99
6,1,2025-10-27,0,10,0,0,80
6,1,2025-10-28,1,10,0,0,59
6,1,2025-10-29,2,10,0,0,69
6,1,2025-10-30,3,10,0,0,79
6,1,2025-10-31,4,10,0,0,79
6,1,2025-11-01,5,11,0,0,94
6,1,2025-11-02,6,11,0,0,68
6,1,2025-11-03,0,11,0,0,87
6,1,2025-11-04,1,11,0,0,89
6,1,2025-11-05,2,11,0,0,78
6,1,2025-11-06,3,11,0,0,78
6,1,2025-11-07,4,11,0,0,81
6,1,2025-11-08,5,11,0,0,107
6,1,2025-11-09,6,11,0,0,94
6,1,2025-11-10,0,11,0,0,75
6,1,2025-11-11,1,11,0,0,80
6,1,2025-11-12,2,11,0,0,76
6,1,2025-11-13,3,11,0,0,76
6,1,2025-11-14,4,11,0,0,61
6,1,2025-11-15,5,11,0,0,97
6,1,2025-11-16,6,11,0,0,104
6,1,2025-11-17,0,11,0,0,85
6,1,2025-11-18,1,11,0,0,85
6,1,2025-11-19,2,11,0,0,76
6,1,2025-11-20,3,11,0,0,78
6,1,2025-11-21,4,11,0,0,87
6,1,2025-11-22,5,11,1,0,154
6,1,2025-11-23,6,11,1,0,164
6,1,2025-11-24,0,11,1,0,115
6,1,2025-11-25,1,11,1,0,115
6,1,2025-11-26,2,11,1,0,120
6,1,2025-11-27,3,11,1,0,111
6,1,2025-11-28,4,11,1,0,106
6,1,2025-11-29,5,11,0,0,96
6,1,2025-11-30,6,11,0,0,96
6,1,2025-12-01,0,12,0,0,84
6,1,2025-12-02,1,12,0,0,85
6,1,2025-12-03,2,12,0,0,67
6,1,2025-12-04,3,12,0,0,77
6,1,2025-12-05,4,12,0,0,78
6,1,2025-12-06,5,12,0,0,97
6,1,2025-12-07,6,12,0,0,80
6,1,2025-12-08,0,12,0,0,72
6,1,2025-12-09,1,12,0,0,77
6,1,2025-12-10,2,12,0,0,91
6,1,2025-12-11,3,12,0,0,84
6,1,2025-12-12,4,12,0,0,91
6,1,2025-12-13,5,12,0,0,95
6,1,2025-12-14,6,12,0,0,96
6,1,2025-12-15,0,12,0,0,86
6,1,2025-12-16,1,12,0,0,79
6,1,2025-12-17,2,12,0,0,75
6,1,2025-12-18,3,12,0,0,67
6,1,2025-12-19,4,12,0,0,76
6,1,2025-12-20,5,12,0,0,106
6,1,2025-12-21,6,12,0,0,110
6,1,2025-12-22,0,12,0,0,74
6,1,2025-12-23,1,12,0,0,65
6,1,2025-12-24,2,12,1,0,144
6,1,2025-12-25,3,12,1,1,168
6,1,2025-12-26,4,12,0,0,68
6,1,2025-12-27,5,12,0,0,61
6,1,2025-12-28,6,12,0,0,85
6,1,2025-12-29,0,12,0,0,77
6,1,2025-12-30,1,12,0,0,70
6,1,2025-12-31,2,12,1,0,140
6,1,2026-01-01,3,1,0,0,78
6,1,2026-01-02,4,1,0,0,86
6,1,2026-01-03,5,1,0,0,129
6,1,2026-01-04,6,1,0,0,102
6,1,2026-01-05,0,1,0,0,85
6,1,2026-01-06,1,1,0,0,85
6,1,2026-01-07,2,1,0,0,93
6,1,2026-01-08,3,1,0,0,92
6,1,2026-01-09,4,1,0,0,76
6,1,2026-01-10,5,1,0,0,96
6,1,2026-01-11,6,1,0,0,93
6,1,2026-01-12,0,1,0,0,83
6,1,2026-01-13,1,1,0,1,149
6,1,2026-01-14,2,1,0,0,92
6,1,2026-01-15,3,1,0,0,85
6,1,2026-01-16,4,1,0,0,99
6,1,2026-01-17,5,1,0,0,103
6,1,2026-01-18,6,1,0,0,82
6,1,2026-01-19,0,1,0,1,146
6,1,2026-01-20,1,1,0,0,84
6,1,2026-01-21,2,1,0,0,63
6,1,2026-01-22,3,1,0,0,70
6,1,2026-01-23,4,1,0,0,97
6,1,2026-01-24,5,1,0,0,82
6,1,2026-01-25,6,1,0,1,159
6,1,2026-01-26,0,1,0,0,87
6,1,2026-01-27,1,1,0,0,93
6,1,2026-01-28,2,1,0,0,83
6,1,2026-01-29,3,1,0,0,91
6,1,2026-01-30,4,1,0,0,89
6,1,2026-01-31,5,1,0,0,101
6,1,2026-02-01,6,2,0,0,92
6,1,2026-02-02,0,2,0,0,93
6,1,2026-02-03,1,2,0,0,71
6,1,2026-02-04,2,2,0,0,99
6,1,2026-02-05,3,2,0,0,92
6,1,2026-02-06,4,2,0,0,94
6,1,2026-02-07,5,2,0,1,98
6,1,2026-02-08,6,2,0,0,91
6,1,2026-02-09,0,2,0,0,84
6,1,2026-02-10,1,2,0,0,97
6,1,2026-02-11,2,2,0,0,80
6,1,2026-02-12,3,2,0,0,116
6,1,2026-02-13,4,2,0,0,87
6,1,2026-02-14,5,2,0,0,92
6,1,2026-02-15,6,2,0,0,102
6,1,2026-02-16,0,2,0,0,80
6,1,2026-02-17,1,2,0,0,77
6,1,2026-02-18,2,2,0,0,100
6,1,2026-02-19,3,2,0,0,95
6,1,2026-02-20,4,2,0,0,95
6,1,2026-02-21,5,2,0,0,120
6,1,2026-02-22,6,2,0,0,111
6,1,2026-02-23,0,2,0,0,78
6,1,2026-02-24,1,2,0,0,97
6,1,2026-02-25,2,2,0,0,78
6,1,2026-02-26,3,2,0,0,85
6,1,2026-02-27,4,2,0,0,89
6,1,2026-02-28,5,2,0,0,103
6,1,2026-03-01,6,3,0,0,84
6,1,2026-03-02,0,3,0,0,81
6,1,2026-03-03,1,3,0,0,91
6,1,2026-03-04,2,3,0,1,118
6,1,2026-03-05,3,3,0,0,103
6,1,2026-03-06,4,3,0,0,105
6,1,2026-03-07,5,3,0,0,92
6,1,2026-03-08,6,3,0,0,107
6,1,2026-03-09,0,3,0,0,108
6,1,2026-03-10,1,3,0,0,90
6,1,2026-03-11,2,3,0,0,87
6,1,2026-03-12,3,3,0,0,100
6,1,2026-03-13,4,3,0,0,88
6,1,2026-03-14,5,3,0,0,122
6,1,2026-03-15,6,3,0,0,99
6,1,2026-03-16,0,3,0,0,86
6,1,2026-03-17,1,3,0,1,139
6,1,2026-03-18,2,3,0,0,92
6,1,2026-03-19,3,3,0,0,92
6,1,2026-03-20,4,3,0,0,71
6,1,2026-03-21,5,3,0,0,102
6,1,2026-03-22,6,3,0,1,157
6,1,2026-03-23,0,3,0,0,83
6,1,2026-03-24,1,3,0,0,98
6,1,2026-03-25,2,3,0,0,94
6,1,2026-03-26,3,3,0,0,89
6,1,2026-03-27,4,3,0,0,105
6,1,2026-03-28,5,3,0,0,102
6,1,2026-03-29,6,3,0,0,103
6,1,2026-03-30,0,3,0,0,89
6,1,2026-03-31,1,3,0,0,92
6,1,2026-04-01,2,4,0,0,98
6,1,2026-04-02,3,4,0,0,74
6,1,2026-04-03,4,4,0,0,99
6,1,2026-04-04,5,4,0,0,106
6,1,2026-04-05,6,4,0,1,150
6,1,2026-04-06,0,4,0,0,115
6,1,2026-04-07,1,4,0,0,84
6,1,2026-04-08,2,4,0,0,77
6,1,2026-04-09,3,4,0,0,92
6,1,2026-04-10,4,4,0,0,93
6,1,2026-04-11,5,4,0,0,115
6,1,2026-04-12,6,4,0,0,98
6,1,2026-04-13,0,4,0,0,81
6,1,2026-04-14,1,4,0,0,74
6,1,2026-04-15,2,4,0,0,75
6,1,2026-04-16,3,4,0,0,85
6,1,2026-04-17,4,4,0,0,88
6,1,2026-04-18,5,4,0,0,130
6,1,2026-04-19,6,4,0,0,84
6,1,2026-04-20,0,4,0,0,93
6,1,2026-04-21,1,4,0,0,82
6,1,2026-04-22,2,4,0,0,92
6,1,2026-04-23,3,4,0,0,84
6,1,2026-04-24,4,4,0,0,100
6,1,2026-04-25,5,4,0,0,117
6,1,2026-04-26,6,4,0,0,103
6,1,2026-04-27,0,4,0,0,105
6,1,2026-04-28,1,4,0,0,98
6,1,2026-04-29,2,4,0,0,104
6,1,2026-04-30,3,4,0,0,89
6,1,2026-05-01,4,5,0,0,96
6,1,2026-05-02,5,5,0,0,92
6,1,2026-05-03,6,5,0,0,91
6,1,2026-05-04,0,5,0,0,108
6,1,2026-05-05,1,5,0,0,75
6,1,2026-05-06,2,5,0,0,82
6,1,2026-05-07,3,5,0,0,67
6,1,2026-05-08,4,5,0,0,78
6,1,2026-05-09,5,5,0,0,89
6,1,2026-05-10,6,5,0,0,93
6,1,2026-05-11,0,5,0,0,89
6,1,2026-05-12,1,5,0,0,92
6,1,2026-05-13,2,5,0,0,76
6,1,2026-05-14,3,5,0,0,78
6,1,2026-05-15,4,5,0,0,97
6,1,2026-05-16,5,5,0,0,121
6,1,2026-05-17,6,5,0,0,116
6,1,2026-05-18,0,5,0,0,70
6,1,2026-05-19,1,5,0,0,98
6,1,2026-05-20,2,5,0,0,105
6,1,2026-05-21,3,5,0,0,69
6,1,2026-05-22,4,5,0,0,97
6,1,2026-05-23,5,5,0,0,104
6,1,2026-05-24,6,5,0,0,97
6,1,2026-05-25,0,5,0,0,87
6,1,2026-05-26,1,5,0,0,91
6,1,2026-05-27,2,5,0,0,98
6,1,2026-05-28,3,5,0,0,97
6,1,2026-05-29,4,5,0,0,71
6,1,2026-05-30,5,5,0,0,93
6,1,2026-05-31,6,5,0,0,102
6,1,2026-06-01,0,6,0,0,96
6,1,2026-06-02,1,6,0,0,55
6,1,2026-06-03,2,6,0,1,109
6,1,2026-06-04,3,6,0,0,67
6,1,2026-06-05,4,6,0,0,68
6,1,2026-06-06,5,6,0,0,107
6,1,2026-06-07,6,6,0,0,90
6,1,2026-06-08,0,6,0,0,59
6,1,2026-06-09,1,6,0,0,80
6,1,2026-06-10,2,6,0,0,101
6,1,2026-06-11,3,6,0,0,64
6,1,2026-06-12,4,6,0,1,125
6,1,2026-06-13,5,6,0,0,114
6,1,2026-06-14,6,6,0,0,96
6,1,2026-06-15,0,6,0,0,100
6,1,2026-06-16,1,6,0,0,75
6,1,2026-06-17,2,6,0,0,95
6,1,2026-06-18,3,6,0,0,93
6,1,2026-06-19,4,6,0,0,81
6,1,2026-06-20,5,6,0,0,80
6,1,2026-06-21,6,6,0,0,85
6,1,2026-06-22,0,6,0,0,59
6,1,2026-06-23,1,6,0,0,87
6,1,2026-06-24,2,6,0,0,86
6,1,2026-06-25,3,6,0,0,82
6,1,2026-06-26,4,6,0,0,80
6,1,2026-06-27,5,6,0,0,112
6,1,2026-06-28,6,6,0,0,100
6,1,2026-06-29,0,6,0,0,76
6,1,2026-06-30,1,6,0,0,83
6,1,2026-07-01,2,7,0,0,95
6,1,2026-07-02,3,7,0,0,82
6,1,2026-07-03,4,7,0,0,73
6,1,2026-07-04,5,7,0,0,91
6,1,2026-07-05,6,7,0,0,96
6,1,2026-07-06,0,7,0,0,73
6,1,2026-07-07,1,7,0,0,72
6,1,2026-07-08,2,7,0,0,76
6,1,2026-07-09,3,7,0,0,90
6,1,2026-07-10,4,7,0,0,83
6,1,2026-07-11,5,7,0,0,87
6,1,2026-07-12,6,7,0,0,101
6,1,2026-07-13,0,7,0,0,76
6,1,2026-07-14,1,7,0,0,79
6,1,2026-07-15,2,7,0,0,79
6,1,2026-07-16,3,7,0,0,58
6,1,2026-07-17,4,7,0,0,49
6,1,2026-07-18,5,7,0,0,94
6,1,2026-07-19,6,7,0,0,82
6,1,2026-07-20,0,7,0,0,62
6,1,2026-07-21,1,7,0,0,69
6,1,2026-07-22,2,7,0,0,85
6,1,2026-07-23,3,7,0,0,80
6,1,2026-07-24,4,7,0,0,83
6,1,2026-07-25,5,7,0,0,96
6,1,2026-07-26,6,7,0,0,82
6,1,2026-07-27,0,7,0,0,83
6,1,2026-07-28,1,7,0,0,82
6,1,2026-07-29,2,7,0,0,75
6,1,2026-07-30,3,7,0,0,77
6,1,2026-07-31,4,7,0,1,123
6,1,2026-08-01,5,8,0,0,80
6,1,2026-08-02,6,8,0,0,99
6,1,2026-08-03,0,8,0,0,78
6,1,2026-08-04,1,8,0,0,73
6,1,2026-08-05,2,8,0,0,86
6,1,2026-08-06,3,8,0,0,62
6,1,2026-08-07,4,8,0,0,69
6,1,2026-08-08,5,8,0,0,81
6,1,2026-08-09,6,8,0,0,92
6,1,2026-08-10,0,8,0,0,83
6,1,2026-08-11,1,8,0,0,64
6,1,2026-08-12,2,8,0,0,101
6,1,2026-08-13,3,8,0,0,67
6,1,2026-08-14,4,8,0,0,76
6,1,2026-08-15,5,8,0,0,88
6,1,2026-08-16,6,8,0,0,88
6,1,2026-08-17,0,8,0,0,66
6,1,2026-08-18,1,8,0,0,82
6,1,2026-08-19,2,8,0,0,66
6,1,2026-08-20,3,8,0,0,58
6,1,2026-08-21,4,8,0,0,63
6,1,2026-08-22,5,8,0,0,103
6,1,2026-08-23,6,8,0,0,101
6,1,2026-08-24,0,8,0,0,56
6,1,2026-08-25,1,8,0,0,80
6,1,2026-08-26,2,8,0,0,56
6,1,2026-08-27,3,8,0,0,73
6,1,2026-08-28,4,8,0,0,63
6,1,2026-08-29,5,8,0,0,97
6,1,2026-08-30,6,8,0,0,94
6,1,2026-08-31,0,8,0,0,81
6,2,2024-09-01,6,9,0,0,201
6,2,2024-09-02,0,9,0,0,154
6,2,2024-09-03,1,9,0,0,173
6,2,2024-09-04,2,9,0,0,138
6,2,2024-09-05,3,9,0,0,106
6,2,2024-09-06,4,9,0,0,137
6,2,2024-09-07,5,9,0,0,168
6,2,2024-09-08,6,9,0,0,122
6,2,2024-09-09,0,9,0,0,141
6,2,2024-09-10,1,9,0,0,149
6,2,2024-09-11,2,9,0,0,170
6,2,2024-09-12,3,9,0,0,114
6,2,2024-09-13,4,9,0,1,221
6,2,2024-09-14,5,9,0,0,237
6,2,2024-09-15,6,9,0,0,177
6,2,2024-09-16,0,9,0,0,158
6,2,2024-09-17,1,9,0,0,185
6,2,2024-09-18,2,9,0,0,96
6,2,2024-09-19,3,9,0,0,151
6,2,2024-09-20,4,9,0,1,262
6,2,2024-09-21,5,9,0,0,185
6,2,2024-09-22,6,9,0,0,246
6,2,2024-09-23,0,9,0,0,160
6,2,2024-09-24,1,9,0,0,189
6,2,2024-09-25,2,9,0,0,159
6,2,2024-09-26,3,9,0,1,289
6,2,2024-09-27,4,9,0,0,151
6,2,2024-09-28,5,9,0,0,149
6,2,2024-09-29,6,9,0,0,175
6,2,2024-09-30,0,9,0,1,257
6,2,2024-10-01,1,10,0,0,173
6,2,2024-10-02,2,10,0,0,138
6,2,2024-10-03,3,10,0,0,194
6,2,2024-10-04,4,10,0,0,137
6,2,2024-10-05,5,10,0,0,217
6,2,2024-10-06,6,10,0,0,216
6,2,2024-10-07,0,10,0,0,112
6,2,2024-10-08,1,10,0,0,143
6,2,2024-10-09,2,10,0,0,209
6,2,2024-10-10,3,10,0,0,122
6,2,2024-10-11,4,10,0,0,163
6,2,2024-10-12,5,10,0,0,159
6,2,2024-10-13,6,10,0,0,167
6,2,2024-10-14,0,10,0,0,109
6,2,2024-10-15,1,10,0,0,171
6,2,2024-10-16,2,10,0,0,124
6,2,2024-10-17,3,10,0,0,180
6,2,2024-10-18,4,10,0,0,132
6,2,2024-10-19,5,10,0,0,205
6,2,2024-10-20,6,10,0,0,215
6,2,2024-10-21,0,10,0,0,104
6,2,2024-10-22,1,10,0,0,152
6,2,2024-10-23,2,10,0,0,156
6,2,2024-10-24,3,10,0,0,176
6,2,2024-10-25,4,10,0,0,121
6,2,2024-10-26,5,10,0,0,171
6,2,2024-10-27,6,10,0,0,224
6,2,2024-10-28,0,10,0,0,183
6,2,2024-10-29,1,10,0,0,131
6,2,2024-10-30,2,10,0,0,114
6,2,2024-10-31,3,10,0,0,138
6,2,2024-11-01,4,11,0,0,126
6,2,2024-11-02,5,11,0,0,222
6,2,2024-11-03,6,11,0,0,167
6,2,2024-11-04,0,11,0,0,180
6,2,2024-11-05,1,11,0,0,159
6,2,2024-11-06,2,11,0,0,181
6,2,2024-11-07,3,11,0,0,87
6,2,2024-11-08,4,11,0,0,105
6,2,2024-11-09,5,11,0,0,255
6,2,2024-11-10,6,11,0,0,181
6,2,2024-11-11,0,11,0,0,113
6,2,2024-11-12,1,11,0,0,148
6,2,2024-11-13,2,11,0,0,160
6,2,2024-11-14,3,11,0,0,149
6,2,2024-11-15,4,11,0,0,166
6,2,2024-11-16,5,11,0,0,220
6,2,2024-11-17,6,11,0,0,218
6,2,2024-11-18,0,11,0,0,191
6,2,2024-11-19,1,11,0,0,153
6,2,2024-11-20,2,11,0,0,152
6,2,2024-11-21,3,11,0,0,176
6,2,2024-11-22,4,11,1,0,276
6,2,2024-11-23,5,11,1,0,256
6,2,2024-11-24,6,11,1,0,300
6,2,2024-11-25,0,11,1,0,271
6,2,2024-11-26,1,11,1,0,225
6,2,2024-11-27,2,11,1,0,227
6,2,2024-11-28,3,11,1,0,189
6,2,2024-11-29,4,11,0,0,74
6,2,2024-11-30,5,11,0,0,193
6,2,2024-12-01,6,12,0,1,297
6,2,2024-12-02,0,12,0,0,131
6,2,2024-12-03,1,12,0,0,204
6,2,2024-12-04,2,12,0,0,133
6,2,2024-12-05,3,12,0,0,190
6,2,2024-12-06,4,12,0,0,176
6,2,2024-12-07,5,12,0,0,302
6,2,2024-12-08,6,12,0,0,238
6,2,2024-12-09,0,12,0,0,121
6,2,2024-12-10,1,12,0,0,194
6,2,2024-12-11,2,12,0,0,213
6,2,2024-12-12,3,12,0,0,112
6,2,2024-12-13,4,12,0,0,182
6,2,2024-12-14,5,12,0,0,250
6,2,2024-12-15,6,12,0,0,209
6,2,2024-12-16,0,12,0,0,93
6,2,2024-12-17,1,12,0,0,155
6,2,2024-12-18,2,12,0,0,146
6,2,2024-12-19,3,12,0,0,208
6,2,2024-12-20,4,12,0,0,161
6,2,2024-12-21,5,12,0,0,201
6,2,2024-12-22,6,12,0,0,194
6,2,2024-12-23,0,12,0,0,173
6,2,2024-12-24,1,12,1,0,264
6,2,2024-12-25,2,12,1,0,224
6,2,2024-12-26,3,12,0,0,171
6,2,2024-12-27,4,12,0,0,147
6,2,2024-12-28,5,12,0,0,116
6,2,2024-12-29,6,12,0,0,243
6,2,2024-12-30,0,12,0,0,180
6,2,2024-12-31,1,12,1,0,271
6,2,2025-01-01,2,1,0,1,227
6,2,2025-01-02,3,1,0,0,171
6,2,2025-01-03,4,1,0,0,199
6,2,2025-01-04,5,1,0,0,201
6,2,2025-01-05,6,1,0,1,347
6,2,2025-01-06,0,1,0,0,128
6,2,2025-01-07,1,1,0,0,178
6,2,2025-01-08,2,1,0,0,174
6,2,2025-01-09,3,1,0,0,204
6,2,2025-01-10,4,1,0,0,145
6,2,2025-01-11,5,1,0,0,194
6,2,2025-01-12,6,1,0,0,170
6,2,2025-01-13,0,1,0,0,156
6,2,2025-01-14,1,1,0,0,181
6,2,2025-01-15,2,1,0,1,167
6,2,2025-01-16,3,1,0,0,159
6,2,2025-01-17,4,1,0,0,192
6,2,2025-01-18,5,1,0,0,223
6,2,2025-01-19,6,1,0,0,230
6,2,2025-01-20,0,1,0,0,127
6,2,2025-01-21,1,1,0,0,170
6,2,2025-01-22,2,1,0,0,174
6,2,2025-01-23,3,1,0,0,168
6,2,2025-01-24,4,1,0,0,178
6,2,2025-01-25,5,1,0,0,214
6,2,2025-01-26,6,1,0,0,208
6,2,2025-01-27,0,1,0,0,141
6,2,2025-01-28,1,1,0,0,203
6,2,2025-01-29,2,1,0,0,135
6,2,2025-01-30,3,1,0,0,178
6,2,2025-01-31,4,1,0,0,229
6,2,2025-02-01,5,2,0,0,280
6,2,2025-02-02,6,2,0,0,255
6,2,2025-02-03,0,2,0,0,188
6,2,2025-02-04,1,2,0,0,176
6,2,2025-02-05,2,2,0,0,151
6,2,2025-02-06,3,2,0,0,172
6,2,2025-02-07,4,2,0,0,199
6,2,2025-02-08,5,2,0,0,250
6,2,2025-02-09,6,2,0,0,267
6,2,2025-02-10,0,2,0,0,220
6,2,2025-02-11,1,2,0,0,175
6,2,2025-02-12,2,2,0,0,187
6,2,2025-02-13,3,2,0,0,119
6,2,2025-02-14,4,2,0,0,253
6,2,2025-02-15,5,2,0,0,217
6,2,2025-02-16,6,2,0,0,261
6,2,2025-02-17,0,2,0,0,167
6,2,2025-02-18,1,2,0,0,166
6,2,2025-02-19,2,2,0,0,173
6,2,2025-02-20,3,2,0,0,140
6,2,2025-02-21,4,2,0,0,100
6,2,2025-02-22,5,2,0,0,283
6,2,2025-02-23,6,2,0,0,257
6,2,2025-02-24,0,2,0,0,151
6,2,2025-02-25,1,2,0,0,195
6,2,2025-02-26,2,2,0,1,291
6,2,2025-02-27,3,2,0,0,158
6,2,2025-02-28,4,2,0,0,194
6,2,2025-03-01,5,3,0,0,279
6,2,2025-03-02,6,3,0,0,176
6,2,2025-03-03,0,3,0,0,201
6,2,2025-03-04,1,3,0,0,195
6,2,2025-03-05,2,3,0,0,245
6,2,2025-03-06,3,3,0,0,201
6,2,2025-03-07,4,3,0,0,170
6,2,2025-03-08,5,3,0,0,224
6,2,2025-03-09,6,3,0,0,322
6,2,2025-03-10,0,3,0,0,171
6,2,2025-03-11,1,3,0,0,202
6,2,2025-03-12,2,3,0,0,175
6,2,2025-03-13,3,3,0,0,218
6,2,2025-03-14,4,3,0,0,220
6,2,2025-03-15,5,3,0,0,236
6,2,2025-03-16,6,3,0,0,219
6,2,2025-03-17,0,3,0,0,169
6,2,2025-03-18,1,3,0,0,126
6,2,2025-03-19,2,3,0,0,186
6,2,2025-03-20,3,3,0,0,186
6,2,2025-03-21,4,3,0,1,219
6,2,2025-03-22,5,3,0,0,159
6,2,2025-03-23,6,3,0,0,245
6,2,2025-03-24,0,3,0,0,194
6,2,2025-03-25,1,3,0,0,196
6,2,2025-03-26,2,3,0,0,151
6,2,2025-03-27,3,3,0,0,196
6,2,2025-03-28,4,3,0,0,177
6,2,2025-03-29,5,3,0,0,273
6,2,2025-03-30,6,3,0,0,195
6,2,2025-03-31,0,3,0,0,221
6,2,2025-04-01,1,4,0,0,229
6,2,2025-04-02,2,4,0,0,184
6,2,2025-04-03,3,4,0,0,193
6,2,2025-04-04,4,4,0,1,290
6,2,2025-04-05,5,4,0,0,191
6,2,2025-04-06,6,4,0,0,214
6,2,2025-04-07,0,4,0,0,186
6,2,2025-04-08,1,4,0,0,246
6,2,2025-04-09,2,4,0,1,200
6,2,2025-04-10,3,4,0,1,328
6,2,2025-04-11,4,4,0,0,174
6,2,2025-04-12,5,4,0,0,233
6,2,2025-04-13,6,4,0,0,285
6,2,2025-04-14,0,4,0,0,246
6,2,2025-04-15,1,4,0,0,194
6,2,2025-04-16,2,4,0,0,218
6,2,2025-04-17,3,4,0,0,151
6,2,2025-04-18,4,4,0,0,163
6,2,2025-04-19,5,4,0,0,177
6,2,2025-04-20,6,4,0,0,212
6,2,2025-04-21,0,4,0,0,199
6,2,2025-04-22,1,4,0,0,187
6,2,2025-04-23,2,4,0,0,236
6,2,2025-04-24,3,4,0,0,247
6,2,2025-04-25,4,4,0,0,176
6,2,2025-04-26,5,4,0,0,206
6,2,2025-04-27,6,4,0,0,283
6,2,2025-04-28,0,4,0,0,221
6,2,2025-04-29,1,4,0,0,195
6,2,2025-04-30,2,4,0,0,203
6,2,2025-05-01,3,5,0,0,190
6,2,2025-05-02,4,5,0,1,203
6,2,2025-05-03,5,5,0,0,177
6,2,2025-05-04,6,5,0,0,225
6,2,2025-05-05,0,5,0,0,167
6,2,2025-05-06,1,5,0,0,182
6,2,2025-05-07,2,5,0,0,169
6,2,2025-05-08,3,5,0,0,120
6,2,2025-05-09,4,5,0,0,108
6,2,2025-05-10,5,5,0,0,257
6,2,2025-05-11,6,5,0,0,200
6,2,2025-05-12,0,5,0,0,166
6,2,2025-05-13,1,5,0,0,156
6,2,2025-05-14,2,5,0,0,145
6,2,2025-05-15,3,5,0,1,205
6,2,2025-05-16,4,5,0,0,205
6,2,2025-05-17,5,5,0,0,217
6,2,2025-05-18,6,5,0,0,253
6,2,2025-05-19,0,5,0,0,197
6,2,2025-05-20,1,5,0,0,183
6,2,2025-05-21,2,5,0,0,198
6,2,2025-05-22,3,5,0,0,174
6,2,2025-05-23,4,5,0,0,216
6,2,2025-05-24,5,5,0,1,345
6,2,2025-05-25,6,5,0,0,266
6,2,2025-05-26,0,5,0,0,144
6,2,2025-05-27,1,5,0,0,181
6,2,2025-05-28,2,5,0,1,166
6,2,2025-05-29,3,5,0,0,217
6,2,2025-05-30,4,5,0,0,154
6,2,2025-05-31,5,5,0,0,207
6,2,2025-06-01,6,6,0,0,164
6,2,2025-06-02,0,6,0,0,162
6,2,2025-06-03,1,6,0,0,156
6,2,2025-06-04,2,6,0,0,217
6,2,2025-06-05,3,6,0,0,189
6,2,2025-06-06,4,6,0,0,148
6,2,2025-06-07,5,6,0,0,152
6,2,2025-06-08,6,6,0,0,128
6,2,2025-06-09,0,6,0,0,134
6,2,2025-06-10,1,6,0,0,125
6,2,2025-06-11,2,6,0,0,174
6,2,2025-06-12,3,6,0,0,159
6,2,2025-06-13,4,6,0,0,164
6,2,2025-06-14,5,6,0,0,180
6,2,2025-06-15,6,6,0,0,223
6,2,2025-06-16,0,6,0,0,122
6,2,2025-06-17,1,6,0,0,161
6,2,2025-06-18,2,6,0,0,188
6,2,2025-06-19,3,6,0,0,153
6,2,2025-06-20,4,6,0,0,177
6,2,2025-06-21,5,6,0,0,140
6,2,2025-06-22,6,6,0,0,137
6,2,2025-06-23,0,6,0,0,173
6,2,2025-06-24,1,6,0,0,194
6,2,2025-06-25,2,6,0,0,157
6,2,2025-06-26,3,6,0,0,226
6,2,2025-06-27,4,6,0,0,121
6,2,2025-06-28,5,6,0,0,191
6,2,2025-06-29,6,6,0,1,298
6,2,2025-06-30,0,6,0,0,177
6,2,2025-07-01,1,7,0,0,138
6,2,2025-07-02,2,7,0,0,125
6,2,2025-07-03,3,7,0,0,171
6,2,2025-07-04,4,7,0,0,157
6,2,2025-07-05,5,7,0,0,195
6,2,2025-07-06,6,7,0,0,226
6,2,2025-07-07,0,7,0,0,150
6,2,2025-07-08,1,7,0,0,150
6,2,2025-07-09,2,7,0,0,149
6,2,2025-07-10,3,7,0,0,131
6,2,2025-07-11,4,7,0,0,128
6,2,2025-07-12,5,7,0,0,188
6,2,2025-07-13,6,7,0,0,209
6,2,2025-07-14,0,7,0,0,102
6,2,2025-07-15,1,7,0,0,180
6,2,2025-07-16,2,7,0,0,154
6,2,2025-07-17,3,7,0,0,124
6,2,2025-07-18,4,7,0,0,198
6,2,2025-07-19,5,7,0,0,209
6,2,2025-07-20,6,7,0,0,158
6,2,2025-07-21,0,7,0,0,197
6,2,2025-07-22,1,7,0,0,191
6,2,2025-07-23,2,7,0,0,129
6,2,2025-07-24,3,7,0,0,145
6,2,2025-07-25,4,7,0,0,141
6,2,2025-07-26,5,7,0,0,137
6,2,2025-07-27,6,7,0,0,219
6,2,2025-07-28,0,7,0,0,177
6,2,2025-07-29,1,7,0,1,254
6,2,2025-07-30,2,7,0,0,155
6,2,2025-07-31,3,7,0,0,180
6,2,2025-08-01,4,8,0,0,117
6,2,2025-08-02,5,8,0,1,363
6,2,2025-08-03,6,8,0,0,173
6,2,2025-08-04,0,8,0,0,129
6,2,2025-08-05,1,8,0,0,132
6,2,2025-08-06,2,8,0,0,130
6,2,2025-08-07,3,8,0,0,142
6,2,2025-08-08,4,8,0,1,211
6,2,2025-08-09,5,8,0,0,205
6,2,2025-08-10,6,8,0,0,171
6,2,2025-08-11,0,8,0,0,151
6,2,2025-08-12,1,8,0,0,118
6,2,2025-08-13,2,8,0,0,166
6,2,2025-08-14,3,8,0,0,165
6,2,2025-08-15,4,8,0,0,146
6,2,2025-08-16,5,8,0,0,177
6,2,2025-08-17,6,8,0,0,211
6,2,2025-08-18,0,8,0,0,123
6,2,2025-08-19,1,8,0,1,221
6,2,2025-08-20,2,8,0,0,143
6,2,2025-08-21,3,8,0,0,216
6,2,2025-08-22,4,8,0,0,114
6,2,2025-08-23,5,8,0,0,105
6,2,2025-08-24,6,8,0,1,243
6,2,2025-08-25,0,8,0,0,102
6,2,2025-08-26,1,8,0,0,128
6,2,2025-08-27,2,8,0,0,113
6,2,2025-08-28,3,8,0,0,123
6,2,2025-08-29,4,8,0,0,119
6,2,2025-08-30,5,8,0,0,235
6,2,2025-08-31,6,8,0,0,198
6,2,2025-09-01,0,9,0,0,172
6,2,2025-09-02,1,9,0,0,145
6,2,2025-09-03,2,9,0,0,168
6,2,2025-09-04,3,9,0,0,136
6,2,2025-09-05,4,9,0,0,185
6,2,2025-09-06,5,9,0,0,214
6,2,2025-09-07,6,9,0,0,170
6,2,2025-09-08,0,9,0,0,160
6,2,2025-09-09,1,9,0,0,145
6,2,2025-09-10,2,9,0,0,139
6,2,2025-09-11,3,9,0,0,146
6,2,2025-09-12,4,9,0,0,163
6,2,2025-09-13,5,9,0,0,123
6,2,2025-09-14,6,9,0,1,254
6,2,2025-09-15,0,9,0,1,244
6,2,2025-09-16,1,9,0,0,150
6,2,2025-09-17,2,9,0,0,115
6,2,2025-09-18,3,9,0,0,83
6,2,2025-09-19,4,9,0,0,188
6,2,2025-09-20,5,9,0,0,191
6,2,2025-09-21,6,9,0,0,251
6,2,2025-09-22,0,9,0,0,164
6,2,2025-09-23,1,9,0,0,124
6,2,2025-09-24,2,9,0,0,80
6,2,2025-09-25,3,9,0,0,132
6,2,2025-09-26,4,9,0,0,143
6,2,2025-09-27,5,9,0,0,214
6,2,2025-09-28,6,9,0,0,158
6,2,2025-09-29,0,9,0,0,149
6,2,2025-09-30,1,9,0,0,149
6,2,2025-10-01,2,10,0,1,259
6,2,2025-10-02,3,10,0,0,139
6,2,2025-10-03,4,10,0,0,158
6,2,2025-10-04,5,10,0,1,288
6,2,2025-10-05,6,10,0,0,232
6,2,2025-10-06,0,10,0,0,125
6,2,2025-10-07,1,10,0,0,66
6,2,2025-10-08,2,10,0,0,140
6,2,2025-10-09,3,10,0,0,141
6,2,2025-10-10,4,10,0,0,116
6,2,2025-10-11,5,10,0,0,146
6,2,2025-10-12,6,10,0,0,180
6,2,2025-10-13,0,10,0,0,144
6,2,2025-10-14,1,10,0,0,149
6,2,2025-10-15,2,10,0,0,87
6,2,2025-10-16,3,10,0,0,101
6,2,2025-10-17,4,10,0,0,176
6,2,2025-10-18,5,10,0,0,193
6,2,2025-10-19,6,10,0,0,200
6,2,2025-10-20,0,10,0,0,112
6,2,2025-10-21,1,10,0,0,147
6,2,2025-10-22,2,10,0,0,137
6,2,2025-10-23,3,10,0,0,130
6,2,2025-10-24,4,10,0,0,108
6,2,2025-10-25,5,10,0,0,169
6,2,2025-10-26,6,10,0,0,271
6,2,2025-10-27,0,10,0,0,137
6,2,2025-10-28,1,10,0,0,167
6,2,2025-10-29,2,10,0,0,141
6,2,2025-10-30,3,10,0,0,138
6,2,2025-10-31,4,10,0,0,130
6,2,2025-11-01,5,11,0,0,257
6,2,2025-11-02,6,11,0,0,221
6,2,2025-11-03,0,11,0,0,132
6,2,2025-11-04,1,11,0,0,143
6,2,2025-11-05,2,11,0,0,183
6,2,2025-11-06,3,11,0,0,76
6,2,2025-11-07,4,11,0,0,162
6,2,2025-11-08,5,11,0,0,227
6,2,2025-11-09,6,11,0,0,180
6,2,2025-11-10,0,11,0,0,158
6,2,2025-11-11,1,11,0,0,168
6,2,2025-11-12,2,11,0,0,120
6,2,2025-11-13,3,11,0,0,177
6,2,2025-11-14,4,11,0,0,162
6,2,2025-11-15,5,11,0,0,202
6,2,2025-11-16,6,11,0,1,286
6,2,2025-11-17,0,11,0,0,173
6,2,2025-11-18,1,11,0,0,218
6,2,2025-11-19,2,11,0,0,171
6,2,2025-11-20,3,11,0,0,176
6,2,2025-11-21,4,11,0,0,159
6,2,2025-11-22,5,11,1,0,409
6,2,2025-11-23,6,11,1,0,225
6,2,2025-11-24,0,11,1,0,174
6,2,2025-11-25,1,11,1,0,259
6,2,2025-11-26,2,11,1,0,282
6,2,2025-11-27,3,11,1,0,136
6,2,2025-11-28,4,11,1,0,252
6,2,2025-11-29,5,11,0,0,201
6,2,2025-11-30,6,11,0,0,235
6,2,2025-12-01,0,12,0,0,176
6,2,2025-12-02,1,12,0,0,111
6,2,2025-12-03,2,12,0,0,132
6,2,2025-12-04,3,12,0,0,140
6,2,2025-12-05,4,12,0,0,185
6,2,2025-12-06,5,12,0,0,232
6,2,2025-12-07,6,12,0,0,193
6,2,2025-12-08,0,12,0,0,168
6,2,2025-12-09,1,12,0,0,133
6,2,2025-12-10,2,12,0,0,224
6,2,2025-12-11,3,12,0,0,180
6,2,2025-12-12,4,12,0,0,187
6,2,2025-12-13,5,12,0,0,271
6,2,2025-12-14,6,12,0,0,257
6,2,2025-12-15,0,12,0,0,165
6,2,2025-12-16,1,12,0,0,158
6,2,2025-12-17,2,12,0,0,201
6,2,2025-12-18,3,12,0,0,164
6,2,2025-12-19,4,12,0,0,142
6,2,2025-12-20,5,12,0,0,294
6,2,2025-12-21,6,12,0,0,181
6,2,2025-12-22,0,12,0,0,113
6,2,2025-12-23,1,12,0,0,193
6,2,2025-12-24,2,12,1,0,227
6,2,2025-12-25,3,12,1,0,282
6,2,2025-12-26,4,12,0,0,217
6,2,2025-12-27,5,12,0,0,164
6,2,2025-12-28,6,12,0,0,216
6,2,2025-12-29,0,12,0,0,207
6,2,2025-12-30,1,12,0,0,184
6,2,2025-12-31,2,12,1,0,253
6,2,2026-01-01,3,1,0,0,248
6,2,2026-01-02,4,1,0,1,243
6,2,2026-01-03,5,1,0,0,243
6,2,2026-01-04,6,1,0,0,294
6,2,2026-01-05,0,1,0,0,204
6,2,2026-01-06,1,1,0,0,214
6,2,2026-01-07,2,1,0,0,146
6,2,2026-01-08,3,1,0,0,212
6,2,2026-01-09,4,1,0,0,179
6,2,2026-01-10,5,1,0,0,197
6,2,2026-01-11,6,1,0,0,236
6,2,2026-01-12,0,1,0,0,179
6,2,2026-01-13,1,1,0,0,231
6,2,2026-01-14,2,1,0,0,185
6,2,2026-01-15,3,1,0,0,149
6,2,2026-01-16,4,1,0,1,202
6,2,2026-01-17,5,1,0,0,225
6,2,2026-01-18,6,1,0,0,172
6,2,2026-01-19,0,1,0,0,151
6,2,2026-01-20,1,1,0,0,166
6,2,2026-01-21,2,1,0,0,160
6,2,2026-01-22,3,1,0,0,196
6,2,2026-01-23,4,1,0,0,151
6,2,2026-01-24,5,1,0,0,127
6,2,2026-01-25,6,1,0,0,159
6,2,2026-01-26,0,1,0,1,246
6,2,2026-01-27,1,1,0,0,155
6,2,2026-01-28,2,1,0,0,135
6,2,2026-01-29,3,1,0,0,234
6,2,2026-01-30,4,1,0,0,199
6,2,2026-01-31,5,1,0,0,225
6,2,2026-02-01,6,2,0,0,244
6,2,2026-02-02,0,2,0,0,172
6,2,2026-02-03,1,2,0,0,140
6,2,2026-02-04,2,2,0,0,214
6,2,2026-02-05,3,2,0,0,208
6,2,2026-02-06,4,2,0,0,117
6,2,2026-02-07,5,2,0,0,244
6,2,2026-02-08,6,2,0,0,248
6,2,2026-02-09,0,2,0,0,170
6,2,2026-02-10,1,2,0,0,248
6,2,2026-02-11,2,2,0,0,245
6,2,2026-02-12,3,2,0,0,168
6,2,2026-02-13,4,2,0,1,244
6,2,2026-02-14,5,2,0,0,220
6,2,2026-02-15,6,2,0,0,209
6,2,2026-02-16,0,2,0,0,151
6,2,2026-02-17,1,2,0,0,197
6,2,2026-02-18,2,2,0,0,244
6,2,2026-02-19,3,2,0,0,231
6,2,2026-02-20,4,2,0,0,206
6,2,2026-02-21,5,2,0,0,133
6,2,2026-02-22,6,2,0,0,156
6,2,2026-02-23,0,2,0,0,215
6,2,2026-02-24,1,2,0,0,233
6,2,2026-02-25,2,2,0,0,199
6,2,2026-02-26,3,2,0,0,171
6,2,2026-02-27,4,2,0,0,224
6,2,2026-02-28,5,2,0,0,266
6,2,2026-03-01,6,3,0,0,285
6,2,2026-03-02,0,3,0,0,122
6,2,2026-03-03,1,3,0,0,195
6,2,2026-03-04,2,3,0,0,242
6,2,2026-03-05,3,3,0,0,201
6,2,2026-03-06,4,3,0,0,214
6,2,2026-03-07,5,3,0,0,238
6,2,2026-03-08,6,3,0,0,241
6,2,2026-03-09,0,3,0,0,229
6,2,2026-03-10,1,3,0,0,161
6,2,2026-03-11,2,3,0,0,158
6,2,2026-03-12,3,3,0,0,168
6,2,2026-03-13,4,3,0,0,184
6,2,2026-03-14,5,3,0,0,169
6,2,2026-03-15,6,3,0,0,268
6,2,2026-03-16,0,3,0,0,178
6,2,2026-03-17,1,3,0,0,211
6,2,2026-03-18,2,3,0,0,114
6,2,2026-03-19,3,3,0,0,211
6,2,2026-03-20,4,3,0,0,227
6,2,2026-03-21,5,3,0,0,256
6,2,2026-03-22,6,3,0,0,238
6,2,2026-03-23,0,3,0,0,212
6,2,2026-03-24,1,3,0,0,225
6,2,2026-03-25,2,3,0,0,200
6,2,2026-03-26,3,3,0,0,203
6,2,2026-03-27,4,3,0,1,333
6,2,2026-03-28,5,3,0,0,269
6,2,2026-03-29,6,3,0,0,203
6,2,2026-03-30,0,3,0,0,225
6,2,2026-03-31,1,3,0,0,179
6,2,2026-04-01,2,4,0,0,182
6,2,2026-04-02,3,4,0,0,184
6,2,2026-04-03,4,4,0,0,212
6,2,2026-04-04,5,4,0,0,308
6,2,2026-04-05,6,4,0,0,235
6,2,2026-04-06,0,4,0,0,237
6,2,2026-04-07,1,4,0,1,262
6,2,2026-04-08,2,4,0,0,226
6,2,2026-04-09,3,4,0,0,187
6,2,2026-04-10,4,4,0,0,165
6,2,2026-04-11,5,4,0,0,315
6,2,2026-04-12,6,4,0,0,210
6,2,2026-04-13,0,4,0,0,160
6,2,2026-04-14,1,4,0,0,140
6,2,2026-04-15,2,4,0,0,222
6,2,2026-04-16,3,4,0,0,229
6,2,2026-04-17,4,4,0,0,193
6,2,2026-04-18,5,4,0,0,193
6,2,2026-04-19,6,4,0,0,234
6,2,2026-04-20,0,4,0,0,171
6,2,2026-04-21,1,4,0,0,147
6,2,2026-04-22,2,4,0,0,165
6,2,2026-04-23,3,4,0,0,197
6,2,2026-04-24,4,4,0,1,227
6,2,2026-04-25,5,4,0,0,247
6,2,2026-04-26,6,4,0,0,160
6,2,2026-04-27,0,4,0,0,235
6,2,2026-04-28,1,4,0,0,168
6,2,2026-04-29,2,4,0,0,209
6,2,2026-04-30,3,4,0,0,187
6,2,2026-05-01,4,5,0,0,186
6,2,2026-05-02,5,5,0,0,181
6,2,2026-05-03,6,5,0,0,196
6,2,2026-05-04,0,5,0,0,151
6,2,2026-05-05,1,5,0,0,174
6,2,2026-05-06,2,5,0,0,215
6,2,2026-05-07,3,5,0,0,187
6,2,2026-05-08,4,5,0,0,146
6,2,2026-05-09,5,5,0,0,231
6,2,2026-05-10,6,5,0,0,224
6,2,2026-05-11,0,5,0,0,163
6,2,2026-05-12,1,5,0,0,173
6,2,2026-05-13,2,5,0,0,197
6,2,2026-05-14,3,5,0,0,151
6,2,2026-05-15,4,5,0,0,163
6,2,2026-05-16,5,5,0,0,267
6,2,2026-05-17,6,5,0,0,246
6,2,2026-05-18,0,5,0,0,213
6,2,2026-05-19,1,5,0,0,218
6,2,2026-05-20,2,5,0,0,131
6,2,2026-05-21,3,5,0,0,183
6,2,2026-05-22,4,5,0,0,158
6,2,2026-05-23,5,5,0,0,178
6,2,2026-05-24,6,5,0,0,195
6,2,2026-05-25,0,5,0,0,164
6,2,2026-05-26,1,5,0,0,164
6,2,2026-05-27,2,5,0,0,155
6,2,2026-05-28,3,5,0,0,173
6,2,2026-05-29,4,5,0,0,250
6,2,2026-05-30,5,5,0,0,157
6,2,2026-05-31,6,5,0,0,273
6,2,2026-06-01,0,6,0,0,163
6,2,2026-06-02,1,6,0,0,151
6,2,2026-06-03,2,6,0,0,105
6,2,2026-06-04,3,6,0,0,186
6,2,2026-06-05,4,6,0,0,122
6,2,2026-06-06,5,6,0,0,250
6,2,2026-06-07,6,6,0,1,382
6,2,2026-06-08,0,6,0,0,126
6,2,2026-06-09,1,6,0,1,287
6,2,2026-06-10,2,6,0,0,165
6,2,2026-06-11,3,6,0,0,102
6,2,2026-06-12,4,6,0,0,128
6,2,2026-06-13,5,6,0,0,224
6,2,2026-06-14,6,6,0,0,233
6,2,2026-06-15,0,6,0,0,117
6,2,2026-06-16,1,6,0,0,165
6,2,2026-06-17,2,6,0,0,188
6,2,2026-06-18,3,6,0,0,193
6,2,2026-06-19,4,6,0,0,152
6,2,2026-06-20,5,6,0,0,234
6,2,2026-06-21,6,6,0,0,259
6,2,2026-06-22,0,6,0,1,273
6,2,2026-06-23,1,6,0,0,190
6,2,2026-06-24,2,6,0,0,167
6,2,2026-06-25,3,6,0,0,161
6,2,2026-06-26,4,6,0,0,172
6,2,2026-06-27,5,6,0,0,188
6,2,2026-06-28,6,6,0,0,261
6,2,2026-06-29,0,6,0,0,119
6,2,2026-06-30,1,6,0,0,149
6,2,2026-07-01,2,7,0,0,153
6,2,2026-07-02,3,7,0,0,167
6,2,2026-07-03,4,7,0,1,254
6,2,2026-07-04,5,7,0,0,263
6,2,2026-07-05,6,7,0,0,211
6,2,2026-07-06,0,7,0,0,134
6,2,2026-07-07,1,7,0,0,150
6,2,2026-07-08,2,7,0,0,145
6,2,2026-07-09,3,7,0,0,168
6,2,2026-07-10,4,7,0,0,125
6,2,2026-07-11,5,7,0,0,201
6,2,2026-07-12,6,7,0,0,268
6,2,2026-07-13,0,7,0,0,159
6,2,2026-07-14,1,7,0,0,125
6,2,2026-07-15,2,7,0,0,145
6,2,2026-07-16,3,7,0,0,92
6,2,2026-07-17,4,7,0,0,152
6,2,2026-07-18,5,7,0,0,269
6,2,2026-07-19,6,7,0,0,164
6,2,2026-07-20,0,7,0,0,114
6,2,2026-07-21,1,7,0,1,201
6,2,2026-07-22,2,7,0,0,179
6,2,2026-07-23,3,7,0,0,201
6,2,2026-07-24,4,7,0,0,166
6,2,2026-07-25,5,7,0,0,160
6,2,2026-07-26,6,7,0,0,207
6,2,2026-07-27,0,7,0,0,203
6,2,2026-07-28,1,7,0,0,145
6,2,2026-07-29,2,7,0,0,158
6,2,2026-07-30,3,7,0,0,161
6,2,2026-07-31,4,7,0,0,111
6,2,2026-08-01,5,8,0,0,236
6,2,2026-08-02,6,8,0,0,231
6,2,2026-08-03,0,8,0,1,142
6,2,2026-08-04,1,8,0,0,112
6,2,2026-08-05,2,8,0,0,121
6,2,2026-08-06,3,8,0,0,167
6,2,2026-08-07,4,8,0,0,127
6,2,2026-08-08,5,8,0,0,215
6,2,2026-08-09,6,8,0,0,194
6,2,2026-08-10,0,8,0,0,149
6,2,2026-08-11,1,8,0,0,160
6,2,2026-08-12,2,8,0,0,154
6,2,2026-08-13,3,8,0,0,146
6,2,2026-08-14,4,8,0,0,155
6,2,2026-08-15,5,8,0,0,208
6,2,2026-08-16,6,8,0,0,193
6,2,2026-08-17,0,8,0,0,136
6,2,2026-08-18,1,8,0,0,196
6,2,2026-08-19,2,8,0,0,135
6,2,2026-08-20,3,8,0,0,183
6,2,2026-08-21,4,8,0,0,129
6,2,2026-08-22,5,8,0,0,230
6,2,2026-08-23,6,8,0,0,264
6,2,2026-08-24,0,8,0,0,138
6,2,2026-08-25,1,8,0,0,129
6,2,2026-08-26,2,8,0,0,136
6,2,2026-08-27,3,8,0,0,146
6,2,2026-08-28,4,8,0,1,233
6,2,2026-08-29,5,8,0,1,272
6,2,2026-08-30,6,8,0,0,185
6,2,2026-08-31,0,8,0,0,198
6,3,2024-09-01,6,9,0,0,98
6,3,2024-09-02,0,9,0,0,112
6,3,2024-09-03,1,9,0,0,88
6,3,2024-09-04,2,9,0,0,89
6,3,2024-09-05,3,9,0,0,109
6,3,2024-09-06,4,9,0,0,123
6,3,2024-09-07,5,9,0,0,123
6,3,2024-09-08,6,9,0,0,116
6,3,2024-09-09,0,9,0,1,142
6,3,2024-09-10,1,9,0,0,87
6,3,2024-09-11,2,9,0,0,89
6,3,2024-09-12,3,9,0,0,89
6,3,2024-09-13,4,9,0,0,107
6,3,2024-09-14,5,9,0,0,117
6,3,2024-09-15,6,9,0,0,143
6,3,2024-09-16,0,9,0,1,139
6,3,2024-09-17,1,9,0,0,89
6,3,2024-09-18,2,9,0,0,112
6,3,2024-09-19,3,9,0,0,94
6,3,2024-09-20,4,9,0,0,92
6,3,2024-09-21,5,9,0,0,119
6,3,2024-09-22,6,9,0,0,145
6,3,2024-09-23,0,9,0,0,98
6,3,2024-09-24,1,9,0,0,112
6,3,2024-09-25,2,9,0,0,90
6,3,2024-09-26,3,9,0,0,109
6,3,2024-09-27,4,9,0,0,97
6,3,2024-09-28,5,9,0,1,189
6,3,2024-09-29,6,9,0,0,136
6,3,2024-09-30,0,9,0,0,80
6,3,2024-10-01,1,10,0,0,97
6,3,2024-10-02,2,10,0,0,110
6,3,2024-10-03,3,10,0,0,112
6,3,2024-10-04,4,10,0,0,114
6,3,2024-10-05,5,10,0,0,122
6,3,2024-10-06,6,10,0,0,149
6,3,2024-10-07,0,10,0,1,129
6,3,2024-10-08,1,10,0,0,74
6,3,2024-10-09,2,10,0,0,92
6,3,2024-10-10,3,10,0,0,113
6,3,2024-10-11,4,10,0,0,80
6,3,2024-10-12,5,10,0,0,93
6,3,2024-10-13,6,10,0,1,124
6,3,2024-10-14,0,10,0,0,106
6,3,2024-10-15,1,10,0,0,74
6,3,2024-10-16,2,10,0,0,104
6,3,2024-10-17,3,10,0,0,91
6,3,2024-10-18,4,10,0,0,84
6,3,2024-10-19,5,10,0,0,102
6,3,2024-10-20,6,10,0,1,174
6,3,2024-10-21,0,10,0,0,85
6,3,2024-10-22,1,10,0,0,95
6,3,2024-10-23,2,10,0,0,101
6,3,2024-10-24,3,10,0,0,104
6,3,2024-10-25,4,10,0,0,109
6,3,2024-10-26,5,10,0,0,123
6,3,2024-10-27,6,10,0,0,101
6,3,2024-10-28,0,10,0,0,102
6,3,2024-10-29,1,10,0,0,105
6,3,2024-10-30,2,10,0,0,93
6,3,2024-10-31,3,10,0,0,91
6,3,2024-11-01,4,11,0,0,138
6,3,2024-11-02,5,11,0,0,100
6,3,2024-11-03,6,11,0,0,134
6,3,2024-11-04,0,11,0,0,116
6,3,2024-11-05,1,11,0,0,95
6,3,2024-11-06,2,11,0,0,98
6,3,2024-11-07,3,11,0,0,94
6,3,2024-11-08,4,11,0,0,100
6,3,2024-11-09,5,11,0,0,142
6,3,2024-11-10,6,11,0,0,121
6,3,2024-11-11,0,11,0,0,148
6,3,2024-11-12,1,11,0,0,93
6,3,2024-11-13,2,11,0,0,121
6,3,2024-11-14,3,11,0,0,109
6,3,2024-11-15,4,11,0,0,102
6,3,2024-11-16,5,11,0,0,153
6,3,2024-11-17,6,11,0,0,94
6,3,2024-11-18,0,11,0,0,107
6,3,2024-11-19,1,11,0,0,89
6,3,2024-11-20,2,11,0,0,94
6,3,2024-11-21,3,11,0,0,93
6,3,2024-11-22,4,11,1,0,140
6,3,2024-11-23,5,11,1,0,141
6,3,2024-11-24,6,11,1,0,200
6,3,2024-11-25,0,11,1,0,163
6,3,2024-11-26,1,11,1,0,157
6,3,2024-11-27,2,11,1,0,183
6,3,2024-11-28,3,11,1,0,176
6,3,2024-11-29,4,11,0,0,96
6,3,2024-11-30,5,11,0,0,183
6,3,2024-12-01,6,12,0,0,152
6,3,2024-12-02,0,12,0,0,146
6,3,2024-12-03,1,12,0,0,100
6,3,2024-12-04,2,12,0,0,111
6,3,2024-12-05,3,12,0,0,87
6,3,2024-12-06,4,12,0,0,101
6,3,2024-12-07,5,12,0,0,120
6,3,2024-12-08,6,12,0,0,192
6,3,2024-12-09,0,12,0,0,95
6,3,2024-12-10,1,12,0,0,103
6,3,2024-12-11,2,12,0,0,83
6,3,2024-12-12,3,12,0,0,115
6,3,2024-12-13,4,12,0,0,92
6,3,2024-12-14,5,12,0,0,150
6,3,2024-12-15,6,12,0,0,96
6,3,2024-12-16,0,12,0,0,105
6,3,2024-12-17,1,12,0,0,77
6,3,2024-12-18,2,12,0,0,99
6,3,2024-12-19,3,12,0,0,102
6,3,2024-12-20,4,12,0,0,97
6,3,2024-12-21,5,12,0,0,121
6,3,2024-12-22,6,12,0,0,151
6,3,2024-12-23,0,12,0,0,142
6,3,2024-12-24,1,12,1,0,179
6,3,2024-12-25,2,12,1,0,148
6,3,2024-12-26,3,12,0,0,108
6,3,2024-12-27,4,12,0,0,101
6,3,2024-12-28,5,12,0,0,149
6,3,2024-12-29,6,12,0,0,137
6,3,2024-12-30,0,12,0,0,81
6,3,2024-12-31,1,12,1,0,199
6,3,2025-01-01,2,1,0,0,130
6,3,2025-01-02,3,1,0,0,139
6,3,2025-01-03,4,1,0,0,104
6,3,2025-01-04,5,1,0,0,144
6,3,2025-01-05,6,1,0,0,113
6,3,2025-01-06,0,1,0,0,112
6,3,2025-01-07,1,1,0,0,120
6,3,2025-01-08,2,1,0,0,102
6,3,2025-01-09,3,1,0,0,119
6,3,2025-01-10,4,1,0,0,116
6,3,2025-01-11,5,1,0,0,128
6,3,2025-01-12,6,1,0,0,167
6,3,2025-01-13,0,1,0,0,109
6,3,2025-01-14,1,1,0,0,115
6,3,2025-01-15,2,1,0,0,88
6,3,2025-01-16,3,1,0,0,122
6,3,2025-01-17,4,1,0,0,105
6,3,2025-01-18,5,1,0,0,158
6,3,2025-01-19,6,1,0,0,110
6,3,2025-01-20,0,1,0,0,121
6,3,2025-01-21,1,1,0,0,75
6,3,2025-01-22,2,1,0,0,124
6,3,2025-01-23,3,1,0,0,110
6,3,2025-01-24,4,1,0,0,120
6,3,2025-01-25,5,1,0,0,125
6,3,2025-01-26,6,1,0,0,118
6,3,2025-01-27,0,1,0,0,106
6,3,2025-01-28,1,1,0,0,116
6,3,2025-01-29,2,1,0,0,123
6,3,2025-01-30,3,1,0,0,118
6,3,2025-01-31,4,1,0,0,97
6,3,2025-02-01,5,2,0,0,183
6,3,2025-02-02,6,2,0,0,150
6,3,2025-02-03,0,2,0,0,107
6,3,2025-02-04,1,2,0,0,125
6,3,2025-02-05,2,2,0,0,122
6,3,2025-02-06,3,2,0,0,115
6,3,2025-02-07,4,2,0,0,113
6,3,2025-02-08,5,2,0,0,164
6,3,2025-02-09,6,2,0,0,180
6,3,2025-02-10,0,2,0,0,81
6,3,2025-02-11,1,2,0,0,140
6,3,2025-02-12,2,2,0,0,118
6,3,2025-02-13,3,2,0,0,122
6,3,2025-02-14,4,2,0,0,142
6,3,2025-02-15,5,2,0,0,85
6,3,2025-02-16,6,2,0,0,160
6,3,2025-02-17,0,2,0,0,141
6,3,2025-02-18,1,2,0,0,105
6,3,2025-02-19,2,2,0,0,93
6,3,2025-02-20,3,2,0,0,147
6,3,2025-02-21,4,2,0,1,121
6,3,2025-02-22,5,2,0,0,152
6,3,2025-02-23,6,2,0,0,165
6,3,2025-02-24,0,2,0,0,125
6,3,2025-02-25,1,2,0,0,128
6,3,2025-02-26,2,2,0,0,113
6,3,2025-02-27,3,2,0,0,126
6,3,2025-02-28,4,2,0,0,105
6,3,2025-03-01,5,3,0,0,132
6,3,2025-03-02,6,3,0,0,145
6,3,2025-03-03,0,3,0,0,91
6,3,2025-03-04,1,3,0,0,130
6,3,2025-03-05,2,3,0,0,74
6,3,2025-03-06,3,3,0,0,126
6,3,2025-03-07,4,3,0,0,128
6,3,2025-03-08,5,3,0,0,127
6,3,2025-03-09,6,3,0,0,117
6,3,2025-03-10,0,3,0,0,112
6,3,2025-03-11,1,3,0,0,131
6,3,2025-03-12,2,3,0,0,126
6,3,2025-03-13,3,3,0,0,99
6,3,2025-03-14,4,3,0,1,170
6,3,2025-03-15,5,3,0,0,150
6,3,2025-03-16,6,3,0,1,199
6,3,2025-03-17,0,3,0,0,102
6,3,2025-03-18,1,3,0,0,122
6,3,2025-03-19,2,3,0,0,136
6,3,2025-03-20,3,3,0,0,129
6,3,2025-03-21,4,3,0,0,127
6,3,2025-03-22,5,3,0,0,180
6,3,2025-03-23,6,3,0,0,148
6,3,2025-03-24,0,3,0,0,104
6,3,2025-03-25,1,3,0,0,104
6,3,2025-03-26,2,3,0,0,123
6,3,2025-03-27,3,3,0,0,93
6,3,2025-03-28,4,3,0,0,114
6,3,2025-03-29,5,3,0,0,154
6,3,2025-03-30,6,3,0,0,170
6,3,2025-03-31,0,3,0,0,91
6,3,2025-04-01,1,4,0,0,120
6,3,2025-04-02,2,4,0,0,117
6,3,2025-04-03,3,4,0,0,118
6,3,2025-04-04,4,4,0,0,120
6,3,2025-04-05,5,4,0,0,142
6,3,2025-04-06,6,4,0,1,231
6,3,2025-04-07,0,4,0,0,140
6,3,2025-04-08,1,4,0,0,156
6,3,2025-04-09,2,4,0,0,118
6,3,2025-04-10,3,4,0,0,110
6,3,2025-04-11,4,4,0,0,100
6,3,2025-04-12,5,4,0,1,175
6,3,2025-04-13,6,4,0,0,158
6,3,2025-04-14,0,4,0,0,133
6,3,2025-04-15,1,4,0,0,130
6,3,2025-04-16,2,4,0,0,106
6,3,2025-04-17,3,4,0,0,106
6,3,2025-04-18,4,4,0,0,153
6,3,2025-04-19,5,4,0,0,124
6,3,2025-04-20,6,4,0,0,173
6,3,2025-04-21,0,4,0,0,125
6,3,2025-04-22,1,4,0,1,147
6,3,2025-04-23,2,4,0,0,97
6,3,2025-04-24,3,4,0,0,105
6,3,2025-04-25,4,4,0,0,125
6,3,2025-04-26,5,4,0,0,123
6,3,2025-04-27,6,4,0,0,176
6,3,2025-04-28,0,4,0,0,114
6,3,2025-04-29,1,4,0,0,130
6,3,2025-04-30,2,4,0,0,129
6,3,2025-05-01,3,5,0,0,141
6,3,2025-05-02,4,5,0,0,106
6,3,2025-05-03,5,5,0,0,140
6,3,2025-05-04,6,5,0,0,108
6,3,2025-05-05,0,5,0,0,115
6,3,2025-05-06,1,5,0,0,133
6,3,2025-05-07,2,5,0,0,117
6,3,2025-05-08,3,5,0,0,153
6,3,2025-05-09,4,5,0,0,122
6,3,2025-05-10,5,5,0,0,127
6,3,2025-05-11,6,5,0,0,147
6,3,2025-05-12,0,5,0,0,88
6,3,2025-05-13,1,5,0,0,99
6,3,2025-05-14,2,5,0,0,92
6,3,2025-05-15,3,5,0,0,113
6,3,2025-05-16,4,5,0,0,112
6,3,2025-05-17,5,5,0,0,163
6,3,2025-05-18,6,5,0,0,136
6,3,2025-05-19,0,5,0,0,96
6,3,2025-05-20,1,5,0,0,140
6,3,2025-05-21,2,5,0,0,62
6,3,2025-05-22,3,5,0,0,114
6,3,2025-05-23,4,5,0,0,117
6,3,2025-05-24,5,5,0,0,138
6,3,2025-05-25,6,5,0,0,148
6,3,2025-05-26,0,5,0,0,115
6,3,2025-05-27,1,5,0,0,122
6,3,2025-05-28,2,5,0,1,146
6,3,2025-05-29,3,5,0,0,88
6,3,2025-05-30,4,5,0,0,112
6,3,2025-05-31,5,5,0,0,116
6,3,2025-06-01,6,6,0,0,117
6,3,2025-06-02,0,6,0,0,126
6,3,2025-06-03,1,6,0,0,132
6,3,2025-06-04,2,6,0,1,182
6,3,2025-06-05,3,6,0,0,122
6,3,2025-06-06,4,6,0,0,108
6,3,2025-06-07,5,6,0,0,152
6,3,2025-06-08,6,6,0,0,139
6,3,2025-06-09,0,6,0,0,138
6,3,2025-06-10,1,6,0,0,92
6,3,2025-06-11,2,6,0,0,118
6,3,2025-06-12,3,6,0,0,86
6,3,2025-06-13,4,6,0,0,118
6,3,2025-06-14,5,6,0,0,97
6,3,2025-06-15,6,6,0,0,107
6,3,2025-06-16,0,6,0,0,86
6,3,2025-06-17,1,6,0,0,111
6,3,2025-06-18,2,6,0,0,113
6,3,2025-06-19,3,6,0,0,147
6,3,2025-06-20,4,6,0,0,105
6,3,2025-06-21,5,6,0,0,147
6,3,2025-06-22,6,6,0,0,135
6,3,2025-06-23,0,6,0,0,118
6,3,2025-06-24,1,6,0,0,109
6,3,2025-06-25,2,6,0,0,125
6,3,2025-06-26,3,6,0,0,90
6,3,2025-06-27,4,6,0,0,67
6,3,2025-06-28,5,6,0,0,140
6,3,2025-06-29,6,6,0,1,130
6,3,2025-06-30,0,6,0,0,128
6,3,2025-07-01,1,7,0,0,92
6,3,2025-07-02,2,7,0,0,84
6,3,2025-07-03,3,7,0,0,142
6,3,2025-07-04,4,7,0,0,100
6,3,2025-07-05,5,7,0,0,121
6,3,2025-07-06,6,7,0,0,139
6,3,2025-07-07,0,7,0,0,113
6,3,2025-07-08,1,7,0,0,118
6,3,2025-07-09,2,7,0,1,118
6,3,2025-07-10,3,7,0,0,109
6,3,2025-07-11,4,7,0,0,96
6,3,2025-07-12,5,7,0,0,108
6,3,2025-07-13,6,7,0,0,126
6,3,2025-07-14,0,7,0,0,73
6,3,2025-07-15,1,7,0,0,114
6,3,2025-07-16,2,7,0,0,96
6,3,2025-07-17,3,7,0,0,93
6,3,2025-07-18,4,7,0,0,98
6,3,2025-07-19,5,7,0,0,122
6,3,2025-07-20,6,7,0,0,147
6,3,2025-07-21,0,7,0,0,84
6,3,2025-07-22,1,7,0,0,95
6,3,2025-07-23,2,7,0,0,97
6,3,2025-07-24,3,7,0,0,84
6,3,2025-07-25,4,7,0,0,103
6,3,2025-07-26,5,7,0,0,111
6,3,2025-07-27,6,7,0,0,98
6,3,2025-07-28,0,7,0,0,108
6,3,2025-07-29,1,7,0,0,124
6,3,2025-07-30,2,7,0,0,101
6,3,2025-07-31,3,7,0,0,99
6,3,2025-08-01,4,8,0,0,94
6,3,2025-08-02,5,8,0,0,111
6,3,2025-08-03,6,8,0,0,142
6,3,2025-08-04,0,8,0,0,97
6,3,2025-08-05,1,8,0,1,96
6,3,2025-08-06,2,8,0,0,113
6,3,2025-08-07,3,8,0,0,110
6,3,2025-08-08,4,8,0,0,104
6,3,2025-08-09,5,8,0,0,70
6,3,2025-08-10,6,8,0,0,120
6,3,2025-08-11,0,8,0,0,109
6,3,2025-08-12,1,8,0,0,101
6,3,2025-08-13,2,8,0,0,99
6,3,2025-08-14,3,8,0,0,109
6,3,2025-08-15,4,8,0,0,98
6,3,2025-08-16,5,8,0,0,143
6,3,2025-08-17,6,8,0,0,123
6,3,2025-08-18,0,8,0,0,97
6,3,2025-08-19,1,8,0,0,109
6,3,2025-08-20,2,8,0,0,90
6,3,2025-08-21,3,8,0,0,80
6,3,2025-08-22,4,8,0,1,144
6,3,2025-08-23,5,8,0,0,131
6,3,2025-08-24,6,8,0,0,137
6,3,2025-08-25,0,8,0,0,109
6,3,2025-08-26,1,8,0,0,95
6,3,2025-08-27,2,8,0,0,93
6,3,2025-08-28,3,8,0,0,87
6,3,2025-08-29,4,8,0,0,99
6,3,2025-08-30,5,8,0,0,90
6,3,2025-08-31,6,8,0,0,121
6,3,2025-09-01,0,9,0,0,135
6,3,2025-09-02,1,9,0,0,72
6,3,2025-09-03,2,9,0,0,96
6,3,2025-09-04,3,9,0,0,99
6,3,2025-09-05,4,9,0,0,101
6,3,2025-09-06,5,9,0,0,101
6,3,2025-09-07,6,9,0,0,128
6,3,2025-09-08,0,9,0,0,86
6,3,2025-09-09,1,9,0,0,74
6,3,2025-09-10,2,9,0,0,108
6,3,2025-09-11,3,9,0,0,104
6,3,2025-09-12,4,9,0,0,80
6,3,2025-09-13,5,9,0,0,109
6,3,2025-09-14,6,9,0,0,108
6,3,2025-09-15,0,9,0,0,70
6,3,2025-09-16,1,9,0,0,105
6,3,2025-09-17,2,9,0,0,105
6,3,2025-09-18,3,9,0,0,89
6,3,2025-09-19,4,9,0,0,94
6,3,2025-09-20,5,9,0,0,121
6,3,2025-09-21,6,9,0,0,123
6,3,2025-09-22,0,9,0,0,75
6,3,2025-09-23,1,9,0,0,101
6,3,2025-09-24,2,9,0,0,77
6,3,2025-09-25,3,9,0,0,104
6,3,2025-09-26,4,9,0,0,79
6,3,2025-09-27,5,9,0,0,95
6,3,2025-09-28,6,9,0,0,118
6,3,2025-09-29,0,9,0,0,93
6,3,2025-09-30,1,9,0,0,95
6,3,2025-10-01,2,10,0,0,83
6,3,2025-10-02,3,10,0,0,99
6,3,2025-10-03,4,10,0,0,100
6,3,2025-10-04,5,10,0,0,142
6,3,2025-10-05,6,10,0,0,124
6,3,2025-10-06,0,10,0,1,131
6,3,2025-10-07,1,10,0,0,76
6,3,2025-10-08,2,10,0,0,73
6,3,2025-10-09,3,10,0,0,100
6,3,2025-10-10,4,10,0,0,107
6,3,2025-10-11,5,10,0,0,104
6,3,2025-10-12,6,10,0,0,125
6,3,2025-10-13,0,10,0,0,93
6,3,2025-10-14,1,10,0,0,106
6,3,2025-10-15,2,10,0,0,108
6,3,2025-10-16,3,10,0,0,63
6,3,2025-10-17,4,10,0,0,111
6,3,2025-10-18,5,10,0,0,125
6,3,2025-10-19,6,10,0,0,111
6,3,2025-10-20,0,10,0,0,88
6,3,2025-10-21,1,10,0,0,96
6,3,2025-10-22,2,10,0,0,88
6,3,2025-10-23,3,10,0,0,82
6,3,2025-10-24,4,10,0,0,85
6,3,2025-10-25,5,10,0,0,101
6,3,2025-10-26,6,10,0,0,145
6,3,2025-10-27,0,10,0,0,97
6,3,2025-10-28,1,10,0,0,129
6,3,2025-10-29,2,10,0,0,101
6,3,2025-10-30,3,10,0,0,104
6,3,2025-10-31,4,10,0,1,120
6,3,2025-11-01,5,11,0,0,121
6,3,2025-11-02,6,11,0,0,127
6,3,2025-11-03,0,11,0,0,91
6,3,2025-11-04,1,11,0,0,93
6,3,2025-11-05,2,11,0,0,107
6,3,2025-11-06,3,11,0,0,107
6,3,2025-11-07,4,11,0,1,118
6,3,2025-11-08,5,11,0,0,131
6,3,2025-11-09,6,11,0,0,136
6,3,2025-11-10,0,11,0,0,91
6,3,2025-11-11,1,11,0,0,90
6,3,2025-11-12,2,11,0,0,107
6,3,2025-11-13,3,11,0,0,61
6,3,2025-11-14,4,11,0,0,100
6,3,2025-11-15,5,11,0,0,156
6,3,2025-11-16,6,11,0,0,76
6,3,2025-11-17,0,11,0,0,113
6,3,2025-11-18,1,11,0,0,109
6,3,2025-11-19,2,11,0,0,78
6,3,2025-11-20,3,11,0,0,108
6,3,2025-11-21,4,11,0,0,116
6,3,2025-11-22,5,11,1,0,155
6,3,2025-11-23,6,11,1,0,169
6,3,2025-11-24,0,11,1,0,165
6,3,2025-11-25,1,11,1,0,189
6,3,2025-11-26,2,11,1,0,151
6,3,2025-11-27,3,11,1,0,163
6,3,2025-11-28,4,11,1,0,148
6,3,2025-11-29,5,11,0,0,126
6,3,2025-11-30,6,11,0,0,145
6,3,2025-12-01,0,12,0,1,157
6,3,2025-12-02,1,12,0,0,101
6,3,2025-12-03,2,12,0,1,154
6,3,2025-12-04,3,12,0,0,94
6,3,2025-12-05,4,12,0,0,91
6,3,2025-12-06,5,12,0,0,156
6,3,2025-12-07,6,12,0,0,164
6,3,2025-12-08,0,12,0,0,78
6,3,2025-12-09,1,12,0,1,169
6,3,2025-12-10,2,12,0,0,121
6,3,2025-12-11,3,12,0,1,126
6,3,2025-12-12,4,12,0,0,99
6,3,2025-12-13,5,12,0,0,120
6,3,2025-12-14,6,12,0,0,170
6,3,2025-12-15,0,12,0,0,134
6,3,2025-12-16,1,12,0,0,92
6,3,2025-12-17,2,12,0,0,83
6,3,2025-12-18,3,12,0,0,119
6,3,2025-12-19,4,12,0,1,168
6,3,2025-12-20,5,12,0,0,157
6,3,2025-12-21,6,12,0,0,110
6,3,2025-12-22,0,12,0,0,119
6,3,2025-12-23,1,12,0,0,95
6,3,2025-12-24,2,12,1,0,187
6,3,2025-12-25,3,12,1,0,170
6,3,2025-12-26,4,12,0,0,138
6,3,2025-12-27,5,12,0,0,141
6,3,2025-12-28,6,12,0,0,125
6,3,2025-12-29,0,12,0,0,109
6,3,2025-12-30,1,12,0,0,105
6,3,2025-12-31,2,12,1,0,141
6,3,2026-01-01,3,1,0,0,146
6,3,2026-01-02,4,1,0,0,141
6,3,2026-01-03,5,1,0,0,134
6,3,2026-01-04,6,1,0,0,153
6,3,2026-01-05,0,1,0,0,149
6,3,2026-01-06,1,1,0,0,135
6,3,2026-01-07,2,1,0,1,154
6,3,2026-01-08,3,1,0,0,112
6,3,2026-01-09,4,1,0,0,84
6,3,2026-01-10,5,1,0,0,154
6,3,2026-01-11,6,1,0,0,164
6,3,2026-01-12,0,1,0,0,135
6,3,2026-01-13,1,1,0,0,125
6,3,2026-01-14,2,1,0,0,119
6,3,2026-01-15,3,1,0,0,96
6,3,2026-01-16,4,1,0,0,119
6,3,2026-01-17,5,1,0,0,125
6,3,2026-01-18,6,1,0,0,149
6,3,2026-01-19,0,1,0,0,100
6,3,2026-01-20,1,1,0,0,122
6,3,2026-01-21,2,1,0,0,136
6,3,2026-01-22,3,1,0,0,120
6,3,2026-01-23,4,1,0,0,119
6,3,2026-01-24,5,1,0,0,157
6,3,2026-01-25,6,1,0,0,175
6,3,2026-01-26,0,1,0,0,111
6,3,2026-01-27,1,1,0,0,122
6,3,2026-01-28,2,1,0,0,139
6,3,2026-01-29,3,1,0,0,125
6,3,2026-01-30,4,1,0,0,79
6,3,2026-01-31,5,1,0,0,123
6,3,2026-02-01,6,2,0,0,159
6,3,2026-02-02,0,2,0,0,111
6,3,2026-02-03,1,2,0,0,144
6,3,2026-02-04,2,2,0,0,151
6,3,2026-02-05,3,2,0,0,107
6,3,2026-02-06,4,2,0,0,99
6,3,2026-02-07,5,2,0,0,135
6,3,2026-02-08,6,2,0,0,134
6,3,2026-02-09,0,2,0,0,146
6,3,2026-02-10,1,2,0,0,99
6,3,2026-02-11,2,2,0,0,131
6,3,2026-02-12,3,2,0,0,143
6,3,2026-02-13,4,2,0,0,133
6,3,2026-02-14,5,2,0,0,152
6,3,2026-02-15,6,2,0,0,139
6,3,2026-02-16,0,2,0,0,151
6,3,2026-02-17,1,2,0,0,114
6,3,2026-02-18,2,2,0,1,190
6,3,2026-02-19,3,2,0,0,115
6,3,2026-02-20,4,2,0,0,85
6,3,2026-02-21,5,2,0,0,137
6,3,2026-02-22,6,2,0,0,139
6,3,2026-02-23,0,2,0,0,115
6,3,2026-02-24,1,2,0,1,149
6,3,2026-02-25,2,2,0,0,129
6,3,2026-02-26,3,2,0,0,131
6,3,2026-02-27,4,2,0,0,112
6,3,2026-02-28,5,2,0,0,136
6,3,2026-03-01,6,3,0,0,121
6,3,2026-03-02,0,3,0,0,124
6,3,2026-03-03,1,3,0,0,145
6,3,2026-03-04,2,3,0,0,145
6,3,2026-03-05,3,3,0,0,109
6,3,2026-03-06,4,3,0,0,156
6,3,2026-03-07,5,3,0,0,136
6,3,2026-03-08,6,3,0,0,122
6,3,2026-03-09,0,3,0,0,95
6,3,2026-03-10,1,3,0,0,100
6,3,2026-03-11,2,3,0,0,126
6,3,2026-03-12,3,3,0,0,115
6,3,2026-03-13,4,3,0,0,108
6,3,2026-03-14,5,3,0,0,126
6,3,2026-03-15,6,3,0,0,120
6,3,2026-03-16,0,3,0,0,103
6,3,2026-03-17,1,3,0,0,138
6,3,2026-03-18,2,3,0,0,153
6,3,2026-03-19,3,3,0,0,154
6,3,2026-03-20,4,3,0,0,132
6,3,2026-03-21,5,3,0,0,134
6,3,2026-03-22,6,3,0,0,130
6,3,2026-03-23,0,3,0,0,133
6,3,2026-03-24,1,3,0,0,115
6,3,2026-03-25,2,3,0,0,127
6,3,2026-03-26,3,3,0,0,155
6,3,2026-03-27,4,3,0,0,124
6,3,2026-03-28,5,3,0,0,195
6,3,2026-03-29,6,3,0,0,120
6,3,2026-03-30,0,3,0,0,128
6,3,2026-03-31,1,3,0,1,176
6,3,2026-04-01,2,4,0,0,100
6,3,2026-04-02,3,4,0,0,132
6,3,2026-04-03,4,4,0,0,146
6,3,2026-04-04,5,4,0,0,191
6,3,2026-04-05,6,4,0,0,152
6,3,2026-04-06,0,4,0,0,84
6,3,2026-04-07,1,4,0,0,127
6,3,2026-04-08,2,4,0,0,131
6,3,2026-04-09,3,4,0,1,160
6,3,2026-04-10,4,4,0,1,171
6,3,2026-04-11,5,4,0,0,132
6,3,2026-04-12,6,4,0,1,187
6,3,2026-04-13,0,4,0,1,192
6,3,2026-04-14,1,4,0,0,143
6,3,2026-04-15,2,4,0,0,95
6,3,2026-04-16,3,4,0,0,109
6,3,2026-04-17,4,4,0,0,89
6,3,2026-04-18,5,4,0,0,183
6,3,2026-04-19,6,4,0,0,162
6,3,2026-04-20,0,4,0,0,82
6,3,2026-04-21,1,4,0,0,117
6,3,2026-04-22,2,4,0,0,113
6,3,2026-04-23,3,4,0,0,104
6,3,2026-04-24,4,4,0,0,137
6,3,2026-04-25,5,4,0,0,165
6,3,2026-04-26,6,4,0,0,149
6,3,2026-04-27,0,4,0,0,106
6,3,2026-04-28,1,4,0,0,107
6,3,2026-04-29,2,4,0,0,119
6,3,2026-04-30,3,4,0,0,110
6,3,2026-05-01,4,5,0,0,113
6,3,2026-05-02,5,5,0,0,150
6,3,2026-05-03,6,5,0,0,106
6,3,2026-05-04,0,5,0,0,100
6,3,2026-05-05,1,5,0,0,113
6,3,2026-05-06,2,5,0,0,140
6,3,2026-05-07,3,5,0,0,128
6,3,2026-05-08,4,5,0,0,113
6,3,2026-05-09,5,5,0,0,147
6,3,2026-05-10,6,5,0,0,136
6,3,2026-05-11,0,5,0,0,132
6,3,2026-05-12,1,5,0,0,121
6,3,2026-05-13,2,5,0,0,135
6,3,2026-05-14,3,5,0,0,90
6,3,2026-05-15,4,5,0,0,99
6,3,2026-05-16,5,5,0,1,194
6,3,2026-05-17,6,5,0,0,148
6,3,2026-05-18,0,5,0,0,155
6,3,2026-05-19,1,5,0,0,82
6,3,2026-05-20,2,5,0,0,113
6,3,2026-05-21,3,5,0,0,112
6,3,2026-05-22,4,5,0,0,117
6,3,2026-05-23,5,5,0,0,175
6,3,2026-05-24,6,5,0,0,157
6,3,2026-05-25,0,5,0,0,86
6,3,2026-05-26,1,5,0,0,140
6,3,2026-05-27,2,5,0,0,139
6,3,2026-05-28,3,5,0,0,118
6,3,2026-05-29,4,5,0,0,85
6,3,2026-05-30,5,5,0,0,135
6,3,2026-05-31,6,5,0,0,148
6,3,2026-06-01,0,6,0,0,123
6,3,2026-06-02,1,6,0,1,113
6,3,2026-06-03,2,6,0,0,94
6,3,2026-06-04,3,6,0,0,125
6,3,2026-06-05,4,6,0,0,131
6,3,2026-06-06,5,6,0,0,140
6,3,2026-06-07,6,6,0,0,155
6,3,2026-06-08,0,6,0,0,114
6,3,2026-06-09,1,6,0,0,123
6,3,2026-06-10,2,6,0,0,109
6,3,2026-06-11,3,6,0,0,115
6,3,2026-06-12,4,6,0,0,87
6,3,2026-06-13,5,6,0,0,146
6,3,2026-06-14,6,6,0,0,107
6,3,2026-06-15,0,6,0,0,119
6,3,2026-06-16,1,6,0,0,100
6,3,2026-06-17,2,6,0,0,113
6,3,2026-06-18,3,6,0,0,91
6,3,2026-06-19,4,6,0,1,143
6,3,2026-06-20,5,6,0,0,139
6,3,2026-06-21,6,6,0,0,147
6,3,2026-06-22,0,6,0,0,125
6,3,2026-06-23,1,6,0,0,88
6,3,2026-06-24,2,6,0,0,82
6,3,2026-06-25,3,6,0,0,91
6,3,2026-06-26,4,6,0,0,90
6,3,2026-06-27,5,6,0,0,163
6,3,2026-06-28,6,6,0,0,159
6,3,2026-06-29,0,6,0,0,91
6,3,2026-06-30,1,6,0,0,135
6,3,2026-07-01,2,7,0,0,120
6,3,2026-07-02,3,7,0,0,76
6,3,2026-07-03,4,7,0,0,85
6,3,2026-07-04,5,7,0,0,94
6,3,2026-07-05,6,7,0,0,124
6,3,2026-07-06,0,7,0,0,101
6,3,2026-07-07,1,7,0,1,149
6,3,2026-07-08,2,7,0,0,69
6,3,2026-07-09,3,7,0,0,79
6,3,2026-07-10,4,7,0,0,105
6,3,2026-07-11,5,7,0,0,137
6,3,2026-07-12,6,7,0,0,87
6,3,2026-07-13,0,7,0,0,81
6,3,2026-07-14,1,7,0,0,116
6,3,2026-07-15,2,7,0,0,82
6,3,2026-07-16,3,7,0,0,100
6,3,2026-07-17,4,7,0,0,80
6,3,2026-07-18,5,7,0,0,141
6,3,2026-07-19,6,7,0,0,87
6,3,2026-07-20,0,7,0,0,96
6,3,2026-07-21,1,7,0,1,170
6,3,2026-07-22,2,7,0,0,110
6,3,2026-07-23,3,7,0,1,138
6,3,2026-07-24,4,7,0,0,90
6,3,2026-07-25,5,7,0,0,121
6,3,2026-07-26,6,7,0,0,101
6,3,2026-07-27,0,7,0,0,99
6,3,2026-07-28,1,7,0,1,147
6,3,2026-07-29,2,7,0,0,94
6,3,2026-07-30,3,7,0,0,116
6,3,2026-07-31,4,7,0,0,84
6,3,2026-08-01,5,8,0,1,125
6,3,2026-08-02,6,8,0,0,111
6,3,2026-08-03,0,8,0,0,98
6,3,2026-08-04,1,8,0,0,94
6,3,2026-08-05,2,8,0,1,141
6,3,2026-08-06,3,8,0,0,79
6,3,2026-08-07,4,8,0,0,81
6,3,2026-08-08,5,8,0,0,112
6,3,2026-08-09,6,8,0,0,110
6,3,2026-08-10,0,8,0,0,112
6,3,2026-08-11,1,8,0,0,100
6,3,2026-08-12,2,8,0,0,88
6,3,2026-08-13,3,8,0,0,112
6,3,2026-08-14,4,8,0,0,102
6,3,2026-08-15,5,8,0,0,96
6,3,2026-08-16,6,8,0,0,61
6,3,2026-08-17,0,8,0,0,76
6,3,2026-08-18,1,8,0,0,105
6,3,2026-08-19,2,8,0,0,109
6,3,2026-08-20,3,8,0,0,72
6,3,2026-08-21,4,8,0,0,105
6,3,2026-08-22,5,8,0,0,132
6,3,2026-08-23,6,8,0,0,146
6,3,2026-08-24,0,8,0,0,110
6,3,2026-08-25,1,8,0,0,116
6,3,2026-08-26,2,8,0,0,103
6,3,2026-08-27,3,8,0,0,103
6,3,2026-08-28,4,8,0,0,91
6,3,2026-08-29,5,8,0,0,136
6,3,2026-08-30,6,8,0,0,96
6,3,2026-08-31,0,8,0,0,94
6,4,2024-09-01,6,9,0,1,101
6,4,2024-09-02,0,9,0,0,58
6,4,2024-09-03,1,9,0,0,60
6,4,2024-09-04,2,9,0,0,61
6,4,2024-09-05,3,9,0,0,56
6,4,2024-09-06,4,9,0,0,53
6,4,2024-09-07,5,9,0,0,72
6,4,2024-09-08,6,9,0,0,63
6,4,2024-09-09,0,9,0,0,50
6,4,2024-09-10,1,9,0,0,54
6,4,2024-09-11,2,9,0,0,53
6,4,2024-09-12,3,9,0,0,55
6,4,2024-09-13,4,9,0,0,46
6,4,2024-09-14,5,9,0,1,88
6,4,2024-09-15,6,9,0,0,78
6,4,2024-09-16,0,9,0,0,49
6,4,2024-09-17,1,9,0,0,50
6,4,2024-09-18,2,9,0,0,55
6,4,2024-09-19,3,9,0,0,49
6,4,2024-09-20,4,9,0,0,60
6,4,2024-09-21,5,9,0,1,87
6,4,2024-09-22,6,9,0,0,72
6,4,2024-09-23,0,9,0,0,50
6,4,2024-09-24,1,9,0,0,55
6,4,2024-09-25,2,9,0,1,78
6,4,2024-09-26,3,9,0,0,54
6,4,2024-09-27,4,9,0,0,61
6,4,2024-09-28,5,9,0,0,67
6,4,2024-09-29,6,9,0,1,93
6,4,2024-09-30,0,9,0,0,52
6,4,2024-10-01,1,10,0,0,63
6,4,2024-10-02,2,10,0,0,55
6,4,2024-10-03,3,10,0,0,62
6,4,2024-10-04,4,10,0,0,54
6,4,2024-10-05,5,10,0,0,82
6,4,2024-10-06,6,10,0,0,76
6,4,2024-10-07,0,10,0,0,58
6,4,2024-10-08,1,10,0,0,47
6,4,2024-10-09,2,10,0,0,46
6,4,2024-10-10,3,10,0,0,61
6,4,2024-10-11,4,10,0,0,61
6,4,2024-10-12,5,10,0,0,92
6,4,2024-10-13,6,10,0,0,62
6,4,2024-10-14,0,10,0,0,58
6,4,2024-10-15,1,10,0,0,49
6,4,2024-10-16,2,10,0,0,51
6,4,2024-10-17,3,10,0,0,52
6,4,2024-10-18,4,10,0,0,57
6,4,2024-10-19,5,10,0,0,68
6,4,2024-10-20,6,10,0,0,74
6,4,2024-10-21,0,10,0,0,60
6,4,2024-10-22,1,10,0,0,62
6,4,2024-10-23,2,10,0,0,59
6,4,2024-10-24,3,10,0,0,58
6,4,2024-10-25,4,10,0,0,54
6,4,2024-10-26,5,10,0,1,95
6,4,2024-10-27,6,10,0,0,77
6,4,2024-10-28,0,10,0,0,49
6,4,2024-10-29,1,10,0,0,56
6,4,2024-10-30,2,10,0,0,49
6,4,2024-10-31,3,10,0,0,55
6,4,2024-11-01,4,11,0,0,52
6,4,2024-11-02,5,11,0,0,73
6,4,2024-11-03,6,11,0,0,71
6,4,2024-11-04,0,11,0,0,53
6,4,2024-11-05,1,11,0,0,57
6,4,2024-11-06,2,11,0,0,43
6,4,2024-11-07,3,11,0,0,47
6,4,2024-11-08,4,11,0,0,63
6,4,2024-11-09,5,11,0,0,77
6,4,2024-11-10,6,11,0,0,70
6,4,2024-11-11,0,11,0,0,64
6,4,2024-11-12,1,11,0,1,80
6,4,2024-11-13,2,11,0,0,54
6,4,2024-11-14,3,11,0,0,53
6,4,2024-11-15,4,11,0,0,69
6,4,2024-11-16,5,11,0,0,78
6,4,2024-11-17,6,11,0,0,78
6,4,2024-11-18,0,11,0,0,61
6,4,2024-11-19,1,11,0,0,47
6,4,2024-11-20,2,11,0,0,54
6,4,2024-11-21,3,11,0,0,61
6,4,2024-11-22,4,11,1,0,95
6,4,2024-11-23,5,11,1,0,139
6,4,2024-11-24,6,11,1,0,107
6,4,2024-11-25,0,11,1,0,104
6,4,2024-11-26,1,11,1,1,133
6,4,2024-11-27,2,11,1,0,96
6,4,2024-11-28,3,11,1,1,126
6,4,2024-11-29,4,11,0,0,56
6,4,2024-11-30,5,11,0,0,61
6,4,2024-12-01,6,12,0,0,83
6,4,2024-12-02,0,12,0,0,64
6,4,2024-12-03,1,12,0,0,65
6,4,2024-12-04,2,12,0,0,62
6,4,2024-12-05,3,12,0,0,68
6,4,2024-12-06,4,12,0,0,56
6,4,2024-12-07,5,12,0,0,92
6,4,2024-12-08,6,12,0,0,72
6,4,2024-12-09,0,12,0,0,61
6,4,2024-12-10,1,12,0,0,66
6,4,2024-12-11,2,12,0,0,58
6,4,2024-12-12,3,12,0,1,96
6,4,2024-12-13,4,12,0,0,59
6,4,2024-12-14,5,12,0,0,81
6,4,2024-12-15,6,12,0,0,78
6,4,2024-12-16,0,12,0,0,58
6,4,2024-12-17,1,12,0,0,76
6,4,2024-12-18,2,12,0,0,56
6,4,2024-12-19,3,12,0,0,47
6,4,2024-12-20,4,12,0,0,56
6,4,2024-12-21,5,12,0,0,81
6,4,2024-12-22,6,12,0,0,77
6,4,2024-12-23,0,12,0,1,99
6,4,2024-12-24,1,12,1,0,108
6,4,2024-12-25,2,12,1,0,95
6,4,2024-12-26,3,12,0,0,51
6,4,2024-12-27,4,12,0,0,53
6,4,2024-12-28,5,12,0,0,80
6,4,2024-12-29,6,12,0,0,67
6,4,2024-12-30,0,12,0,0,59
6,4,2024-12-31,1,12,1,0,113
6,4,2025-01-01,2,1,0,0,68
6,4,2025-01-02,3,1,0,0,66
6,4,2025-01-03,4,1,0,1,83
6,4,2025-01-04,5,1,0,0,85
6,4,2025-01-05,6,1,0,0,81
6,4,2025-01-06,0,1,0,0,67
6,4,2025-01-07,1,1,0,0,70
6,4,2025-01-08,2,1,0,1,101
6,4,2025-01-09,3,1,0,0,66
6,4,2025-01-10,4,1,0,0,69
6,4,2025-01-11,5,1,0,0,79
6,4,2025-01-12,6,1,0,0,93
6,4,2025-01-13,0,1,0,0,59
6,4,2025-01-14,1,1,0,0,64
6,4,2025-01-15,2,1,0,0,74
6,4,2025-01-16,3,1,0,0,62
6,4,2025-01-17,4,1,0,0,56
6,4,2025-01-18,5,1,0,0,80
6,4,2025-01-19,6,1,0,0,95
6,4,2025-01-20,0,1,0,0,50
6,4,2025-01-21,1,1,0,0,66
6,4,2025-01-22,2,1,0,0,61
6,4,2025-01-23,3,1,0,0,64
6,4,2025-01-24,4,1,0,0,63
6,4,2025-01-25,5,1,0,0,92
6,4,2025-01-26,6,1,0,0,84
6,4,2025-01-27,0,1,0,0,72
6,4,2025-01-28,1,1,0,0,74
6,4,2025-01-29,2,1,0,0,65
6,4,2025-01-30,3,1,0,0,63
6,4,2025-01-31,4,1,0,0,68
6,4,2025-02-01,5,2,0,0,91
6,4,2025-02-02,6,2,0,0,76
6,4,2025-02-03,0,2,0,0,70
6,4,2025-02-04,1,2,0,1,93
6,4,2025-02-05,2,2,0,0,65
6,4,2025-02-06,3,2,0,0,63
6,4,2025-02-07,4,2,0,0,64
6,4,2025-02-08,5,2,0,0,97
6,4,2025-02-09,6,2,0,0,83
6,4,2025-02-10,0,2,0,0,76
6,4,2025-02-11,1,2,0,0,69
6,4,2025-02-12,2,2,0,1,84
6,4,2025-02-13,3,2,0,0,69
6,4,2025-02-14,4,2,0,0,60
6,4,2025-02-15,5,2,0,0,92
6,4,2025-02-16,6,2,0,0,84
6,4,2025-02-17,0,2,0,0,74
6,4,2025-02-18,1,2,0,0,78
6,4,2025-02-19,2,2,0,0,56
6,4,2025-02-20,3,2,0,0,65
6,4,2025-02-21,4,2,0,1,84
6,4,2025-02-22,5,2,0,0,105
6,4,2025-02-23,6,2,0,0,82
6,4,2025-02-24,0,2,0,0,59
6,4,2025-02-25,1,2,0,0,84
6,4,2025-02-26,2,2,0,0,63
6,4,2025-02-27,3,2,0,0,57
6,4,2025-02-28,4,2,0,0,60
6,4,2025-03-01,5,3,0,0,88
6,4,2025-03-02,6,3,0,0,88
6,4,2025-03-03,0,3,0,0,63
6,4,2025-03-04,1,3,0,1,92
6,4,2025-03-05,2,3,0,0,69
6,4,2025-03-06,3,3,0,0,78
6,4,2025-03-07,4,3,0,0,71
6,4,2025-03-08,5,3,0,0,82
6,4,2025-03-09,6,3,0,0,85
6,4,2025-03-10,0,3,0,0,74
6,4,2025-03-11,1,3,0,0,81
6,4,2025-03-12,2,3,0,0,61
6,4,2025-03-13,3,3,0,0,77
6,4,2025-03-14,4,3,0,0,67
6,4,2025-03-15,5,3,0,0,73
6,4,2025-03-16,6,3,0,0,71
6,4,2025-03-17,0,3,0,1,110
6,4,2025-03-18,1,3,0,0,79
6,4,2025-03-19,2,3,0,0,65
6,4,2025-03-20,3,3,0,1,94
6,4,2025-03-21,4,3,0,0,56
6,4,2025-03-22,5,3,0,0,94
6,4,2025-03-23,6,3,0,1,114
6,4,2025-03-24,0,3,0,0,58
6,4,2025-03-25,1,3,0,0,70
6,4,2025-03-26,2,3,0,0,59
6,4,2025-03-27,3,3,0,0,73
6,4,2025-03-28,4,3,0,0,61
6,4,2025-03-29,5,3,0,1,119
6,4,2025-03-30,6,3,0,0,81
6,4,2025-03-31,0,3,0,0,52
6,4,2025-04-01,1,4,0,0,75
6,4,2025-04-02,2,4,0,0,75
6,4,2025-04-03,3,4,0,0,64
6,4,2025-04-04,4,4,0,0,70
6,4,2025-04-05,5,4,0,0,90
6,4,2025-04-06,6,4,0,0,90
6,4,2025-04-07,0,4,0,0,80
6,4,2025-04-08,1,4,0,0,71
6,4,2025-04-09,2,4,0,0,65
6,4,2025-04-10,3,4,0,0,71
6,4,2025-04-11,4,4,0,0,65
6,4,2025-04-12,5,4,0,0,77
6,4,2025-04-13,6,4,0,0,97
6,4,2025-04-14,0,4,0,1,101
6,4,2025-04-15,1,4,0,0,55
6,4,2025-04-16,2,4,0,0,63
6,4,2025-04-17,3,4,0,0,73
6,4,2025-04-18,4,4,0,0,57
6,4,2025-04-19,5,4,0,0,79
6,4,2025-04-20,6,4,0,0,110
6,4,2025-04-21,0,4,0,0,66
6,4,2025-04-22,1,4,0,0,76
6,4,2025-04-23,2,4,0,0,78
6,4,2025-04-24,3,4,0,0,62
6,4,2025-04-25,4,4,0,1,98
6,4,2025-04-26,5,4,0,0,105
6,4,2025-04-27,6,4,0,0,90
6,4,2025-04-28,0,4,0,0,85
6,4,2025-04-29,1,4,0,0,63
6,4,2025-04-30,2,4,0,0,81
6,4,2025-05-01,3,5,0,0,65
6,4,2025-05-02,4,5,0,0,63
6,4,2025-05-03,5,5,0,0,89
6,4,2025-05-04,6,5,0,0,83
6,4,2025-05-05,0,5,0,0,65
6,4,2025-05-06,1,5,0,0,69
6,4,2025-05-07,2,5,0,0,53
6,4,2025-05-08,3,5,0,0,60
6,4,2025-05-09,4,5,0,0,70
6,4,2025-05-10,5,5,0,0,92
6,4,2025-05-11,6,5,0,0,87
6,4,2025-05-12,0,5,0,0,67
6,4,2025-05-13,1,5,0,0,68
6,4,2025-05-14,2,5,0,0,72
6,4,2025-05-15,3,5,0,0,56
6,4,2025-05-16,4,5,0,0,62
6,4,2025-05-17,5,5,0,0,83
6,4,2025-05-18,6,5,0,0,85
6,4,2025-05-19,0,5,0,0,51
6,4,2025-05-20,1,5,0,0,57
6,4,2025-05-21,2,5,0,0,65
6,4,2025-05-22,3,5,0,0,72
6,4,2025-05-23,4,5,0,0,62
6,4,2025-05-24,5,5,0,0,78
6,4,2025-05-25,6,5,0,0,88
6,4,2025-05-26,0,5,0,0,63
6,4,2025-05-27,1,5,0,0,71
6,4,2025-05-28,2,5,0,0,64
6,4,2025-05-29,3,5,0,1,82
6,4,2025-05-30,4,5,0,0,75
6,4,2025-05-31,5,5,0,0,94
6,4,2025-06-01,6,6,0,0,72
6,4,2025-06-02,0,6,0,0,64
6,4,2025-06-03,1,6,0,0,59
6,4,2025-06-04,2,6,0,0,65
6,4,2025-06-05,3,6,0,0,56
6,4,2025-06-06,4,6,0,0,67
6,4,2025-06-07,5,6,0,0,90
6,4,2025-06-08,6,6,0,0,72
6,4,2025-06-09,0,6,0,0,62
6,4,2025-06-10,1,6,0,0,69
6,4,2025-06-11,2,6,0,0,55
6,4,2025-06-12,3,6,0,0,57
6,4,2025-06-13,4,6,0,0,66
6,4,2025-06-14,5,6,0,0,78
6,4,2025-06-15,6,6,0,0,67
6,4,2025-06-16,0,6,0,0,60
6,4,2025-06-17,1,6,0,0,73
6,4,2025-06-18,2,6,0,0,75
6,4,2025-06-19,3,6,0,0,58
6,4,2025-06-20,4,6,0,0,56
6,4,2025-06-21,5,6,0,0,76
6,4,2025-06-22,6,6,0,0,95
6,4,2025-06-23,0,6,0,0,67
6,4,2025-06-24,1,6,0,0,71
6,4,2025-06-25,2,6,0,0,68
6,4,2025-06-26,3,6,0,1,77
6,4,2025-06-27,4,6,0,0,56
6,4,2025-06-28,5,6,0,0,74
6,4,2025-06-29,6,6,0,0,76
6,4,2025-06-30,0,6,0,1,83
6,4,2025-07-01,1,7,0,0,55
6,4,2025-07-02,2,7,0,0,62
6,4,2025-07-03,3,7,0,0,59
6,4,2025-07-04,4,7,0,0,65
6,4,2025-07-05,5,7,0,0,78
6,4,2025-07-06,6,7,0,0,71
6,4,2025-07-07,0,7,0,0,59
6,4,2025-07-08,1,7,0,0,49
6,4,2025-07-09,2,7,0,0,44
6,4,2025-07-10,3,7,0,0,62
6,4,2025-07-11,4,7,0,0,64
6,4,2025-07-12,5,7,0,0,77
6,4,2025-07-13,6,7,0,0,73
6,4,2025-07-14,0,7,0,0,50
6,4,2025-07-15,1,7,0,0,65
6,4,2025-07-16,2,7,0,0,61
6,4,2025-07-17,3,7,0,0,60
6,4,2025-07-18,4,7,0,0,58
6,4,2025-07-19,5,7,0,0,72
6,4,2025-07-20,6,7,0,0,67
6,4,2025-07-21,0,7,0,1,88
6,4,2025-07-22,1,7,0,0,55
6,4,2025-07-23,2,7,0,0,55
6,4,2025-07-24,3,7,0,0,68
6,4,2025-07-25,4,7,0,0,58
6,4,2025-07-26,5,7,0,0,57
6,4,2025-07-27,6,7,0,0,72
6,4,2025-07-28,0,7,0,0,52
6,4,2025-07-29,1,7,0,0,57
6,4,2025-07-30,2,7,0,0,49
6,4,2025-07-31,3,7,0,0,60
6,4,2025-08-01,4,8,0,0,53
6,4,2025-08-02,5,8,0,0,70
6,4,2025-08-03,6,8,0,0,75
6,4,2025-08-04,0,8,0,0,55
6,4,2025-08-05,1,8,0,0,54
6,4,2025-08-06,2,8,0,0,54
6,4,2025-08-07,3,8,0,0,55
6,4,2025-08-08,4,8,0,0,57
6,4,2025-08-09,5,8,0,0,75
6,4,2025-08-10,6,8,0,0,82
6,4,2025-08-11,0,8,0,0,52
6,4,2025-08-12,1,8,0,1,85
6,4,2025-08-13,2,8,0,0,69
6,4,2025-08-14,3,8,0,0,55
6,4,2025-08-15,4,8,0,1,83
6,4,2025-08-16,5,8,0,0,64
6,4,2025-08-17,6,8,0,0,68
6,4,2025-08-18,0,8,0,0,55
6,4,2025-08-19,1,8,0,0,58
6,4,2025-08-20,2,8,0,0,59
6,4,2025-08-21,3,8,0,0,57
6,4,2025-08-22,4,8,0,0,60
6,4,2025-08-23,5,8,0,0,66
6,4,2025-08-24,6,8,0,0,77
6,4,2025-08-25,0,8,0,0,55
6,4,2025-08-26,1,8,0,1,84
6,4,2025-08-27,2,8,0,0,53
6,4,2025-08-28,3,8,0,0,50
6,4,2025-08-29,4,8,0,0,48
6,4,2025-08-30,5,8,0,0,76
6,4,2025-08-31,6,8,0,0,77
6,4,2025-09-01,0,9,0,0,53
6,4,2025-09-02,1,9,0,0,54
6,4,2025-09-03,2,9,0,0,50
6,4,2025-09-04,3,9,0,0,57
6,4,2025-09-05,4,9,0,0,55
6,4,2025-09-06,5,9,0,0,70
6,4,2025-09-07,6,9,0,0,79
6,4,2025-09-08,0,9,0,0,58
6,4,2025-09-09,1,9,0,0,46
6,4,2025-09-10,2,9,0,0,54
6,4,2025-09-11,3,9,0,0,49
6,4,2025-09-12,4,9,0,0,55
6,4,2025-09-13,5,9,0,0,49
6,4,2025-09-14,6,9,0,0,74
6,4,2025-09-15,0,9,0,0,58
6,4,2025-09-16,1,9,0,0,54
6,4,2025-09-17,2,9,0,0,48
6,4,2025-09-18,3,9,0,0,65
6,4,2025-09-19,4,9,0,0,61
6,4,2025-09-20,5,9,0,0,68
6,4,2025-09-21,6,9,0,0,71
6,4,2025-09-22,0,9,0,0,43
6,4,2025-09-23,1,9,0,0,57
6,4,2025-09-24,2,9,0,0,47
6,4,2025-09-25,3,9,0,0,58
6,4,2025-09-26,4,9,0,0,60
6,4,2025-09-27,5,9,0,0,72
6,4,2025-09-28,6,9,0,0,64
6,4,2025-09-29,0,9,0,0,61
6,4,2025-09-30,1,9,0,0,54
6,4,2025-10-01,2,10,0,0,56
6,4,2025-10-02,3,10,0,0,50
6,4,2025-10-03,4,10,0,0,56
6,4,2025-10-04,5,10,0,0,72
6,4,2025-10-05,6,10,0,0,63
6,4,2025-10-06,0,10,0,1,94
6,4,2025-10-07,1,10,0,0,65
6,4,2025-10-08,2,10,0,0,61
6,4,2025-10-09,3,10,0,0,60
6,4,2025-10-10,4,10,0,0,65
6,4,2025-10-11,5,10,0,0,66
6,4,2025-10-12,6,10,0,0,65
6,4,2025-10-13,0,10,0,0,53
6,4,2025-10-14,1,10,0,0,57
6,4,2025-10-15,2,10,0,0,54
6,4,2025-10-16,3,10,0,0,49
6,4,2025-10-17,4,10,0,0,55
6,4,2025-10-18,5,10,0,0,73
6,4,2025-10-19,6,10,0,0,80
6,4,2025-10-20,0,10,0,0,55
6,4,2025-10-21,1,10,0,0,44
6,4,2025-10-22,2,10,0,0,57
6,4,2025-10-23,3,10,0,0,64
6,4,2025-10-24,4,10,0,0,55
6,4,2025-10-25,5,10,0,0,81
6,4,2025-10-26,6,10,0,0,70
6,4,2025-10-27,0,10,0,0,58
6,4,2025-10-28,1,10,0,0,51
6,4,2025-10-29,2,10,0,0,54
6,4,2025-10-30,3,10,0,0,54
6,4,2025-10-31,4,10,0,0,58
6,4,2025-11-01,5,11,0,0,70
6,4,2025-11-02,6,11,0,0,65
6,4,2025-11-03,0,11,0,0,61
6,4,2025-11-04,1,11,0,0,60
6,4,2025-11-05,2,11,0,0,59
6,4,2025-11-06,3,11,0,0,63
6,4,2025-11-07,4,11,0,0,57
6,4,2025-11-08,5,11,0,0,78
6,4,2025-11-09,6,11,0,0,73
6,4,2025-11-10,0,11,0,0,56
6,4,2025-11-11,1,11,0,0,60
6,4,2025-11-12,2,11,0,0,71
6,4,2025-11-13,3,11,0,1,92
6,4,2025-11-14,4,11,0,0,61
6,4,2025-11-15,5,11,0,0,82
6,4,2025-11-16,6,11,0,0,58
6,4,2025-11-17,0,11,0,0,60
6,4,2025-11-18,1,11,0,0,63
6,4,2025-11-19,2,11,0,0,58
6,4,2025-11-20,3,11,0,0,58
6,4,2025-11-21,4,11,0,0,52
6,4,2025-11-22,5,11,1,0,108
6,4,2025-11-23,6,11,1,0,103
6,4,2025-11-24,0,11,1,0,105
6,4,2025-11-25,1,11,1,0,110
6,4,2025-11-26,2,11,1,0,114
6,4,2025-11-27,3,11,1,0,86
6,4,2025-11-28,4,11,1,0,88
6,4,2025-11-29,5,11,0,0,70
6,4,2025-11-30,6,11,0,0,68
6,4,2025-12-01,0,12,0,0,55
6,4,2025-12-02,1,12,0,0,58
6,4,2025-12-03,2,12,0,0,67
6,4,2025-12-04,3,12,0,0,57
6,4,2025-12-05,4,12,0,0,68
6,4,2025-12-06,5,12,0,0,91
6,4,2025-12-07,6,12,0,0,82
6,4,2025-12-08,0,12,0,1,101
6,4,2025-12-09,1,12,0,0,53
6,4,2025-12-10,2,12,0,0,58
6,4,2025-12-11,3,12,0,0,63
6,4,2025-12-12,4,12,0,0,63
6,4,2025-12-13,5,12,0,0,92
6,4,2025-12-14,6,12,0,0,72
6,4,2025-12-15,0,12,0,0,58
6,4,2025-12-16,1,12,0,0,61
6,4,2025-12-17,2,12,0,0,58
6,4,2025-12-18,3,12,0,0,55
6,4,2025-12-19,4,12,0,0,59
6,4,2025-12-20,5,12,0,0,78
6,4,2025-12-21,6,12,0,0,92
6,4,2025-12-22,0,12,0,0,55
6,4,2025-12-23,1,12,0,0,67
6,4,2025-12-24,2,12,1,0,111
6,4,2025-12-25,3,12,1,0,93
6,4,2025-12-26,4,12,0,0,63
6,4,2025-12-27,5,12,0,0,85
6,4,2025-12-28,6,12,0,0,83
6,4,2025-12-29,0,12,0,0,62
6,4,2025-12-30,1,12,0,0,57
6,4,2025-12-31,2,12,1,0,105
6,4,2026-01-01,3,1,0,1,89
6,4,2026-01-02,4,1,0,0,65
6,4,2026-01-03,5,1,0,0,85
6,4,2026-01-04,6,1,0,0,91
6,4,2026-01-05,0,1,0,0,78
6,4,2026-01-06,1,1,0,0,60
6,4,2026-01-07,2,1,0,0,66
6,4,2026-01-08,3,1,0,0,55
6,4,2026-01-09,4,1,0,0,75
6,4,2026-01-10,5,1,0,0,84
6,4,2026-01-11,6,1,0,0,81
6,4,2026-01-12,0,1,0,0,66
6,4,2026-01-13,1,1,0,0,66
6,4,2026-01-14,2,1,0,0,60
6,4,2026-01-15,3,1,0,0,73
6,4,2026-01-16,4,1,0,0,70
6,4,2026-01-17,5,1,0,1,120
6,4,2026-01-18,6,1,0,0,78
6,4,2026-01-19,0,1,0,1,86
6,4,2026-01-20,1,1,0,0,65
6,4,2026-01-21,2,1,0,0,71
6,4,2026-01-22,3,1,0,0,69
6,4,2026-01-23,4,1,0,0,60
6,4,2026-01-24,5,1,0,0,89
6,4,2026-01-25,6,1,0,0,75
6,4,2026-01-26,0,1,0,0,61
6,4,2026-01-27,1,1,0,0,66
6,4,2026-01-28,2,1,0,0,57
6,4,2026-01-29,3,1,0,0,59
6,4,2026-01-30,4,1,0,0,76
6,4,2026-01-31,5,1,0,0,95
6,4,2026-02-01,6,2,0,0,107
6,4,2026-02-02,0,2,0,0,71
6,4,2026-02-03,1,2,0,0,73
6,4,2026-02-04,2,2,0,0,67
6,4,2026-02-05,3,2,0,0,66
6,4,2026-02-06,4,2,0,0,74
6,4,2026-02-07,5,2,0,0,98
6,4,2026-02-08,6,2,0,1,123
6,4,2026-02-09,0,2,0,0,62
6,4,2026-02-10,1,2,0,0,71
6,4,2026-02-11,2,2,0,0,63
6,4,2026-02-12,3,2,0,0,66
6,4,2026-02-13,4,2,0,0,80
6,4,2026-02-14,5,2,0,0,76
6,4,2026-02-15,6,2,0,0,106
6,4,2026-02-16,0,2,0,0,72
6,4,2026-02-17,1,2,0,0,65
6,4,2026-02-18,2,2,0,0,68
6,4,2026-02-19,3,2,0,0,63
6,4,2026-02-20,4,2,0,0,64
6,4,2026-02-21,5,2,0,0,87
6,4,2026-02-22,6,2,0,0,83
6,4,2026-02-23,0,2,0,0,61
6,4,2026-02-24,1,2,0,0,66
6,4,2026-02-25,2,2,0,0,59
6,4,2026-02-26,3,2,0,0,59
6,4,2026-02-27,4,2,0,0,59
6,4,2026-02-28,5,2,0,0,101
6,4,2026-03-01,6,3,0,1,120
6,4,2026-03-02,0,3,0,0,73
6,4,2026-03-03,1,3,0,0,69
6,4,2026-03-04,2,3,0,0,73
6,4,2026-03-05,3,3,0,0,77
6,4,2026-03-06,4,3,0,0,72
6,4,2026-03-07,5,3,0,0,102
6,4,2026-03-08,6,3,0,0,87
6,4,2026-03-09,0,3,0,0,73
6,4,2026-03-10,1,3,0,0,74
6,4,2026-03-11,2,3,0,0,62
6,4,2026-03-12,3,3,0,0,69
6,4,2026-03-13,4,3,0,0,56
6,4,2026-03-14,5,3,0,0,86
6,4,2026-03-15,6,3,0,0,85
6,4,2026-03-16,0,3,0,0,67
6,4,2026-03-17,1,3,0,0,66
6,4,2026-03-18,2,3,0,0,73
6,4,2026-03-19,3,3,0,0,63
6,4,2026-03-20,4,3,0,0,82
6,4,2026-03-21,5,3,0,0,92
6,4,2026-03-22,6,3,0,0,80
6,4,2026-03-23,0,3,0,0,74
6,4,2026-03-24,1,3,0,0,76
6,4,2026-03-25,2,3,0,0,72
6,4,2026-03-26,3,3,0,0,62
6,4,2026-03-27,4,3,0,0,85
6,4,2026-03-28,5,3,0,0,93
6,4,2026-03-29,6,3,0,0,76
6,4,2026-03-30,0,3,0,0,70
6,4,2026-03-31,1,3,0,0,67
6,4,2026-04-01,2,4,0,0,68
6,4,2026-04-02,3,4,0,0,60
6,4,2026-04-03,4,4,0,0,68
6,4,2026-04-04,5,4,0,0,79
6,4,2026-04-05,6,4,0,0,83
6,4,2026-04-06,0,4,0,0,71
6,4,2026-04-07,1,4,0,0,65
6,4,2026-04-08,2,4,0,0,66
6,4,2026-04-09,3,4,0,0,74
6,4,2026-04-10,4,4,0,0,62
6,4,2026-04-11,5,4,0,1,106
6,4,2026-04-12,6,4,0,0,75
6,4,2026-04-13,0,4,0,0,62
6,4,2026-04-14,1,4,0,0,69
6,4,2026-04-15,2,4,0,0,73
6,4,2026-04-16,3,4,0,0,62
6,4,2026-04-17,4,4,0,1,102
6,4,2026-04-18,5,4,0,0,87
6,4,2026-04-19,6,4,0,0,74
6,4,2026-04-20,0,4,0,0,69
6,4,2026-04-21,1,4,0,0,76
6,4,2026-04-22,2,4,0,0,55
6,4,2026-04-23,3,4,0,0,82
6,4,2026-04-24,4,4,0,0,64
6,4,2026-04-25,5,4,0,0,72
6,4,2026-04-26,6,4,0,0,88
6,4,2026-04-27,0,4,0,0,74
6,4,2026-04-28,1,4,0,0,66
6,4,2026-04-29,2,4,0,0,70
6,4,2026-04-30,3,4,0,0,83
6,4,2026-05-01,4,5,0,0,67
6,4,2026-05-02,5,5,0,0,109
6,4,2026-05-03,6,5,0,1,126
6,4,2026-05-04,0,5,0,0,66
6,4,2026-05-05,1,5,0,0,67
6,4,2026-05-06,2,5,0,0,63
6,4,2026-05-07,3,5,0,0,67
6,4,2026-05-08,4,5,0,0,69
6,4,2026-05-09,5,5,0,0,80
6,4,2026-05-10,6,5,0,0,72
6,4,2026-05-11,0,5,0,1,106
6,4,2026-05-12,1,5,0,0,72
6,4,2026-05-13,2,5,0,0,56
6,4,2026-05-14,3,5,0,0,66
6,4,2026-05-15,4,5,0,0,72
6,4,2026-05-16,5,5,0,0,92
6,4,2026-05-17,6,5,0,0,78
6,4,2026-05-18,0,5,0,0,72
6,4,2026-05-19,1,5,0,0,65
6,4,2026-05-20,2,5,0,0,68
6,4,2026-05-21,3,5,0,0,59
6,4,2026-05-22,4,5,0,0,37
6,4,2026-05-23,5,5,0,0,77
6,4,2026-05-24,6,5,0,0,88
6,4,2026-05-25,0,5,0,0,64
6,4,2026-05-26,1,5,0,0,70
6,4,2026-05-27,2,5,0,0,73
6,4,2026-05-28,3,5,0,0,63
6,4,2026-05-29,4,5,0,0,62
6,4,2026-05-30,5,5,0,0,65
6,4,2026-05-31,6,5,0,0,70
6,4,2026-06-01,0,6,0,0,53
6,4,2026-06-02,1,6,0,0,65
6,4,2026-06-03,2,6,0,0,60
6,4,2026-06-04,3,6,0,0,58
6,4,2026-06-05,4,6,0,0,58
6,4,2026-06-06,5,6,0,0,73
6,4,2026-06-07,6,6,0,0,88
6,4,2026-06-08,0,6,0,0,62
6,4,2026-06-09,1,6,0,0,68
6,4,2026-06-10,2,6,0,0,48
6,4,2026-06-11,3,6,0,0,65
6,4,2026-06-12,4,6,0,0,59
6,4,2026-06-13,5,6,0,0,78
6,4,2026-06-14,6,6,0,0,91
6,4,2026-06-15,0,6,0,0,59
6,4,2026-06-16,1,6,0,0,65
6,4,2026-06-17,2,6,0,0,55
6,4,2026-06-18,3,6,0,0,62
6,4,2026-06-19,4,6,0,0,52
6,4,2026-06-20,5,6,0,0,79
6,4,2026-06-21,6,6,0,0,83
6,4,2026-06-22,0,6,0,0,69
6,4,2026-06-23,1,6,0,0,56
6,4,2026-06-24,2,6,0,0,58
6,4,2026-06-25,3,6,0,0,58
6,4,2026-06-26,4,6,0,0,60
6,4,2026-06-27,5,6,0,0,72
6,4,2026-06-28,6,6,0,0,62
6,4,2026-06-29,0,6,0,0,55
6,4,2026-06-30,1,6,0,0,61
6,4,2026-07-01,2,7,0,0,57
6,4,2026-07-02,3,7,0,0,61
6,4,2026-07-03,4,7,0,0,63
6,4,2026-07-04,5,7,0,0,73
6,4,2026-07-05,6,7,0,0,64
6,4,2026-07-06,0,7,0,0,60
6,4,2026-07-07,1,7,0,0,58
6,4,2026-07-08,2,7,0,0,56
6,4,2026-07-09,3,7,0,0,65
6,4,2026-07-10,4,7,0,0,61
6,4,2026-07-11,5,7,0,0,77
6,4,2026-07-12,6,7,0,0,78
6,4,2026-07-13,0,7,0,0,63
6,4,2026-07-14,1,7,0,0,54
6,4,2026-07-15,2,7,0,0,53
6,4,2026-07-16,3,7,0,0,57
6,4,2026-07-17,4,7,0,0,51
6,4,2026-07-18,5,7,0,0,76
6,4,2026-07-19,6,7,0,0,77
6,4,2026-07-20,0,7,0,0,58
6,4,2026-07-21,1,7,0,0,56
6,4,2026-07-22,2,7,0,0,68
6,4,2026-07-23,3,7,0,0,64
6,4,2026-07-24,4,7,0,0,57
6,4,2026-07-25,5,7,0,0,77
6,4,2026-07-26,6,7,0,0,87
6,4,2026-07-27,0,7,0,0,54
6,4,2026-07-28,1,7,0,0,52
6,4,2026-07-29,2,7,0,0,59
6,4,2026-07-30,3,7,0,0,60
6,4,2026-07-31,4,7,0,0,61
6,4,2026-08-01,5,8,0,0,80
6,4,2026-08-02,6,8,0,0,68
6,4,2026-08-03,0,8,0,0,47
6,4,2026-08-04,1,8,0,0,52
6,4,2026-08-05,2,8,0,0,59
6,4,2026-08-06,3,8,0,0,50
6,4,2026-08-07,4,8,0,0,44
6,4,2026-08-08,5,8,0,0,75
6,4,2026-08-09,6,8,0,0,69
6,4,2026-08-10,0,8,0,0,45
6,4,2026-08-11,1,8,0,0,56
6,4,2026-08-12,2,8,0,0,53
6,4,2026-08-13,3,8,0,0,65
6,4,2026-08-14,4,8,0,0,56
6,4,2026-08-15,5,8,0,0,78
6,4,2026-08-16,6,8,0,0,73
6,4,2026-08-17,0,8,0,0,52
6,4,2026-08-18,1,8,0,0,52
6,4,2026-08-19,2,8,0,0,61
6,4,2026-08-20,3,8,0,0,60
6,4,2026-08-21,4,8,0,0,47
6,4,2026-08-22,5,8,0,0,64
6,4,2026-08-23,6,8,0,0,64
6,4,2026-08-24,0,8,0,0,61
6,4,2026-08-25,1,8,0,0,45
6,4,2026-08-26,2,8,0,0,60
6,4,2026-08-27,3,8,0,1,86
6,4,2026-08-28,4,8,0,0,56
6,4,2026-08-29,5,8,0,0,70
6,4,2026-08-30,6,8,0,0,83
6,4,2026-08-31,0,8,0,0,56
6,5,2024-09-01,6,9,0,0,56
6,5,2024-09-02,0,9,0,0,50
6,5,2024-09-03,1,9,0,0,51
6,5,2024-09-04,2,9,0,0,53
6,5,2024-09-05,3,9,0,0,43
6,5,2024-09-06,4,9,0,0,42
6,5,2024-09-07,5,9,0,0,66
6,5,2024-09-08,6,9,0,0,65
6,5,2024-09-09,0,9,0,0,48
6,5,2024-09-10,1,9,0,0,44
6,5,2024-09-11,2,9,0,0,52
6,5,2024-09-12,3,9,0,0,42
6,5,2024-09-13,4,9,0,0,49
6,5,2024-09-14,5,9,0,0,64
6,5,2024-09-15,6,9,0,0,67
6,5,2024-09-16,0,9,0,0,59
6,5,2024-09-17,1,9,0,0,39
6,5,2024-09-18,2,9,0,0,30
6,5,2024-09-19,3,9,0,0,45
6,5,2024-09-20,4,9,0,0,40
6,5,2024-09-21,5,9,0,0,34
6,5,2024-09-22,6,9,0,0,87
6,5,2024-09-23,0,9,0,0,54
6,5,2024-09-24,1,9,0,0,55
6,5,2024-09-25,2,9,0,0,47
6,5,2024-09-26,3,9,0,0,53
6,5,2024-09-27,4,9,0,0,46
6,5,2024-09-28,5,9,0,0,76
6,5,2024-09-29,6,9,0,0,69
6,5,2024-09-30,0,9,0,0,49
6,5,2024-10-01,1,10,0,0,51
6,5,2024-10-02,2,10,0,0,63
6,5,2024-10-03,3,10,0,0,52
6,5,2024-10-04,4,10,0,1,63
6,5,2024-10-05,5,10,0,0,72
6,5,2024-10-06,6,10,0,0,74
6,5,2024-10-07,0,10,0,0,49
6,5,2024-10-08,1,10,0,0,50
6,5,2024-10-09,2,10,0,0,42
6,5,2024-10-10,3,10,0,0,51
6,5,2024-10-11,4,10,0,0,40
6,5,2024-10-12,5,10,0,0,65
6,5,2024-10-13,6,10,0,0,61
6,5,2024-10-14,0,10,0,0,59
6,5,2024-10-15,1,10,0,0,63
6,5,2024-10-16,2,10,0,0,41
6,5,2024-10-17,3,10,0,0,50
6,5,2024-10-18,4,10,0,0,48
6,5,2024-10-19,5,10,0,0,73
6,5,2024-10-20,6,10,0,0,69
6,5,2024-10-21,0,10,0,0,47
6,5,2024-10-22,1,10,0,0,51
6,5,2024-10-23,2,10,0,0,49
6,5,2024-10-24,3,10,0,0,64
6,5,2024-10-25,4,10,0,0,44
6,5,2024-10-26,5,10,0,0,71
6,5,2024-10-27,6,10,0,0,74
6,5,2024-10-28,0,10,0,0,54
6,5,2024-10-29,1,10,0,0,48
6,5,2024-10-30,2,10,0,0,62
6,5,2024-10-31,3,10,0,0,33
6,5,2024-11-01,4,11,0,0,43
6,5,2024-11-02,5,11,0,0,78
6,5,2024-11-03,6,11,0,0,60
6,5,2024-11-04,0,11,0,0,45
6,5,2024-11-05,1,11,0,0,49
6,5,2024-11-06,2,11,0,0,46
6,5,2024-11-07,3,11,0,0,59
6,5,2024-11-08,4,11,0,0,61
6,5,2024-11-09,5,11,0,0,72
6,5,2024-11-10,6,11,0,0,83
6,5,2024-11-11,0,11,0,0,41
6,5,2024-11-12,1,11,0,0,54
6,5,2024-11-13,2,11,0,0,65
6,5,2024-11-14,3,11,0,0,62
6,5,2024-11-15,4,11,0,0,66
6,5,2024-11-16,5,11,0,0,64
6,5,2024-11-17,6,11,0,0,81
6,5,2024-11-18,0,11,0,0,49
6,5,2024-11-19,1,11,0,0,58
6,5,2024-11-20,2,11,0,0,64
6,5,2024-11-21,3,11,0,0,46
6,5,2024-11-22,4,11,1,0,60
6,5,2024-11-23,5,11,1,0,136
6,5,2024-11-24,6,11,1,0,113
6,5,2024-11-25,0,11,1,0,85
6,5,2024-11-26,1,11,1,0,84
6,5,2024-11-27,2,11,1,0,57
6,5,2024-11-28,3,11,1,0,90
6,5,2024-11-29,4,11,0,0,48
6,5,2024-11-30,5,11,0,0,71
6,5,2024-12-01,6,12,0,0,74
6,5,2024-12-02,0,12,0,0,25
6,5,2024-12-03,1,12,0,0,61
6,5,2024-12-04,2,12,0,0,58
6,5,2024-12-05,3,12,0,0,59
6,5,2024-12-06,4,12,0,0,55
6,5,2024-12-07,5,12,0,0,75
6,5,2024-12-08,6,12,0,0,76
6,5,2024-12-09,0,12,0,0,59
6,5,2024-12-10,1,12,0,0,61
6,5,2024-12-11,2,12,0,0,59
6,5,2024-12-12,3,12,0,0,74
6,5,2024-12-13,4,12,0,0,50
6,5,2024-12-14,5,12,0,1,93
6,5,2024-12-15,6,12,0,0,95
6,5,2024-12-16,0,12,0,0,55
6,5,2024-12-17,1,12,0,0,65
6,5,2024-12-18,2,12,0,0,58
6,5,2024-12-19,3,12,0,0,54
6,5,2024-12-20,4,12,0,0,66
6,5,2024-12-21,5,12,0,1,108
6,5,2024-12-22,6,12,0,0,55
6,5,2024-12-23,0,12,0,0,58
6,5,2024-12-24,1,12,1,0,75
6,5,2024-12-25,2,12,1,0,109
6,5,2024-12-26,3,12,0,1,105
6,5,2024-12-27,4,12,0,0,74
6,5,2024-12-28,5,12,0,0,78
6,5,2024-12-29,6,12,0,0,68
6,5,2024-12-30,0,12,0,0,59
6,5,2024-12-31,1,12,1,0,76
6,5,2025-01-01,2,1,0,0,83
6,5,2025-01-02,3,1,0,0,72
6,5,2025-01-03,4,1,0,0,63
6,5,2025-01-04,5,1,0,0,90
6,5,2025-01-05,6,1,0,0,71
6,5,2025-01-06,0,1,0,0,49
6,5,2025-01-07,1,1,0,0,38
6,5,2025-01-08,2,1,0,0,61
6,5,2025-01-09,3,1,0,0,58
6,5,2025-01-10,4,1,0,0,65
6,5,2025-01-11,5,1,0,0,78
6,5,2025-01-12,6,1,0,0,84
6,5,2025-01-13,0,1,0,0,68
6,5,2025-01-14,1,1,0,0,45
6,5,2025-01-15,2,1,0,0,68
6,5,2025-01-16,3,1,0,0,56
6,5,2025-01-17,4,1,0,0,65
6,5,2025-01-18,5,1,0,0,91
6,5,2025-01-19,6,1,0,0,91
6,5,2025-01-20,0,1,0,0,61
6,5,2025-01-21,1,1,0,0,61
6,5,2025-01-22,2,1,0,0,69
6,5,2025-01-23,3,1,0,0,45
6,5,2025-01-24,4,1,0,0,50
6,5,2025-01-25,5,1,0,0,74
6,5,2025-01-26,6,1,0,0,60
6,5,2025-01-27,0,1,0,0,57
6,5,2025-01-28,1,1,0,0,57
6,5,2025-01-29,2,1,0,1,86
6,5,2025-01-30,3,1,0,0,59
6,5,2025-01-31,4,1,0,0,70
6,5,2025-02-01,5,2,0,0,88
6,5,2025-02-02,6,2,0,0,79
6,5,2025-02-03,0,2,0,0,59
6,5,2025-02-04,1,2,0,0,62
6,5,2025-02-05,2,2,0,0,62
6,5,2025-02-06,3,2,0,0,88
6,5,2025-02-07,4,2,0,0,47
6,5,2025-02-08,5,2,0,0,68
6,5,2025-02-09,6,2,0,0,66
6,5,2025-02-10,0,2,0,0,65
6,5,2025-02-11,1,2,0,0,65
6,5,2025-02-12,2,2,0,0,56
6,5,2025-02-13,3,2,0,0,71
6,5,2025-02-14,4,2,0,0,66
6,5,2025-02-15,5,2,0,0,92
6,5,2025-02-16,6,2,0,0,96
6,5,2025-02-17,0,2,0,0,40
6,5,2025-02-18,1,2,0,0,69
6,5,2025-02-19,2,2,0,1,69
6,5,2025-02-20,3,2,0,0,65
6,5,2025-02-21,4,2,0,0,61
6,5,2025-02-22,5,2,0,0,80
6,5,2025-02-23,6,2,0,1,84
6,5,2025-02-24,0,2,0,0,73
6,5,2025-02-25,1,2,0,0,49
6,5,2025-02-26,2,2,0,0,70
6,5,2025-02-27,3,2,0,0,48
6,5,2025-02-28,4,2,0,0,62
6,5,2025-03-01,5,3,0,0,105
6,5,2025-03-02,6,3,0,0,112
6,5,2025-03-03,0,3,0,0,46
6,5,2025-03-04,1,3,0,0,56
6,5,2025-03-05,2,3,0,0,58
6,5,2025-03-06,3,3,0,0,87
6,5,2025-03-07,4,3,0,0,62
6,5,2025-03-08,5,3,0,0,95
6,5,2025-03-09,6,3,0,0,85
6,5,2025-03-10,0,3,0,0,51
6,5,2025-03-11,1,3,0,0,44
6,5,2025-03-12,2,3,0,1,80
6,5,2025-03-13,3,3,0,0,87
6,5,2025-03-14,4,3,0,0,66
6,5,2025-03-15,5,3,0,0,95
6,5,2025-03-16,6,3,0,0,62
6,5,2025-03-17,0,3,0,0,60
6,5,2025-03-18,1,3,0,0,71
6,5,2025-03-19,2,3,0,0,52
6,5,2025-03-20,3,3,0,0,62
6,5,2025-03-21,4,3,0,0,54
6,5,2025-03-22,5,3,0,0,92
6,5,2025-03-23,6,3,0,0,86
6,5,2025-03-24,0,3,0,0,70
6,5,2025-03-25,1,3,0,0,72
6,5,2025-03-26,2,3,0,0,61
6,5,2025-03-27,3,3,0,0,74
6,5,2025-03-28,4,3,0,0,57
6,5,2025-03-29,5,3,0,0,89
6,5,2025-03-30,6,3,0,0,55
6,5,2025-03-31,0,3,0,0,55
6,5,2025-04-01,1,4,0,0,86
6,5,2025-04-02,2,4,0,0,69
6,5,2025-04-03,3,4,0,0,69
6,5,2025-04-04,4,4,0,0,54
6,5,2025-04-05,5,4,0,1,86
6,5,2025-04-06,6,4,0,0,76
6,5,2025-04-07,0,4,0,0,62
6,5,2025-04-08,1,4,0,0,82
6,5,2025-04-09,2,4,0,0,73
6,5,2025-04-10,3,4,0,0,63
6,5,2025-04-11,4,4,0,0,63
6,5,2025-04-12,5,4,0,0,90
6,5,2025-04-13,6,4,0,0,63
6,5,2025-04-14,0,4,0,0,42
6,5,2025-04-15,1,4,0,0,70
6,5,2025-04-16,2,4,0,0,63
6,5,2025-04-17,3,4,0,0,49
6,5,2025-04-18,4,4,0,0,41
6,5,2025-04-19,5,4,0,0,92
6,5,2025-04-20,6,4,0,0,73
6,5,2025-04-21,0,4,0,0,66
6,5,2025-04-22,1,4,0,0,60
6,5,2025-04-23,2,4,0,0,62
6,5,2025-04-24,3,4,0,0,56
6,5,2025-04-25,4,4,0,0,61
6,5,2025-04-26,5,4,0,0,88
6,5,2025-04-27,6,4,0,0,76
6,5,2025-04-28,0,4,0,0,59
6,5,2025-04-29,1,4,0,0,68
6,5,2025-04-30,2,4,0,0,69
6,5,2025-05-01,3,5,0,0,49
6,5,2025-05-02,4,5,0,0,59
6,5,2025-05-03,5,5,0,0,71
6,5,2025-05-04,6,5,0,0,78
6,5,2025-05-05,0,5,0,0,74
6,5,2025-05-06,1,5,0,0,63
6,5,2025-05-07,2,5,0,0,81
6,5,2025-05-08,3,5,0,0,62
6,5,2025-05-09,4,5,0,0,58
6,5,2025-05-10,5,5,0,0,77
6,5,2025-05-11,6,5,0,0,79
6,5,2025-05-12,0,5,0,0,63
6,5,2025-05-13,1,5,0,0,50
6,5,2025-05-14,2,5,0,0,57
6,5,2025-05-15,3,5,0,0,53
6,5,2025-05-16,4,5,0,0,70
6,5,2025-05-17,5,5,0,0,53
6,5,2025-05-18,6,5,0,0,80
6,5,2025-05-19,0,5,0,0,45
6,5,2025-05-20,1,5,0,0,64
6,5,2025-05-21,2,5,0,0,56
6,5,2025-05-22,3,5,0,0,42
6,5,2025-05-23,4,5,0,0,69
6,5,2025-05-24,5,5,0,0,45
6,5,2025-05-25,6,5,0,0,77
6,5,2025-05-26,0,5,0,0,67
6,5,2025-05-27,1,5,0,0,73
6,5,2025-05-28,2,5,0,0,44
6,5,2025-05-29,3,5,0,0,55
6,5,2025-05-30,4,5,0,0,70
6,5,2025-05-31,5,5,0,0,92
6,5,2025-06-01,6,6,0,1,120
6,5,2025-06-02,0,6,0,0,80
6,5,2025-06-03,1,6,0,0,52
6,5,2025-06-04,2,6,0,0,60
6,5,2025-06-05,3,6,0,0,53
6,5,2025-06-06,4,6,0,0,38
6,5,2025-06-07,5,6,0,0,73
6,5,2025-06-08,6,6,0,0,50
6,5,2025-06-09,0,6,0,0,52
6,5,2025-06-10,1,6,0,0,43
6,5,2025-06-11,2,6,0,0,60
6,5,2025-06-12,3,6,0,0,49
6,5,2025-06-13,4,6,0,0,40
6,5,2025-06-14,5,6,0,0,85
6,5,2025-06-15,6,6,0,0,67
6,5,2025-06-16,0,6,0,0,52
6,5,2025-06-17,1,6,0,0,47
6,5,2025-06-18,2,6,0,0,67
6,5,2025-06-19,3,6,0,0,59
6,5,2025-06-20,4,6,0,0,51
6,5,2025-06-21,5,6,0,0,51
6,5,2025-06-22,6,6,0,0,105
6,5,2025-06-23,0,6,0,0,75
6,5,2025-06-24,1,6,0,0,70
6,5,2025-06-25,2,6,0,1,72
6,5,2025-06-26,3,6,0,0,52
6,5,2025-06-27,4,6,0,0,60
6,5,2025-06-28,5,6,0,0,63
6,5,2025-06-29,6,6,0,0,62
6,5,2025-06-30,0,6,0,0,70
6,5,2025-07-01,1,7,0,0,53
6,5,2025-07-02,2,7,0,0,43
6,5,2025-07-03,3,7,0,0,61
6,5,2025-07-04,4,7,0,0,48
6,5,2025-07-05,5,7,0,0,48
6,5,2025-07-06,6,7,0,0,57
6,5,2025-07-07,0,7,0,0,48
6,5,2025-07-08,1,7,0,0,55
6,5,2025-07-09,2,7,0,0,55
6,5,2025-07-10,3,7,0,0,64
6,5,2025-07-11,4,7,0,0,51
6,5,2025-07-12,5,7,0,0,65
6,5,2025-07-13,6,7,0,0,85
6,5,2025-07-14,0,7,0,1,91
6,5,2025-07-15,1,7,0,0,51
6,5,2025-07-16,2,7,0,0,56
6,5,2025-07-17,3,7,0,0,49
6,5,2025-07-18,4,7,0,1,63
6,5,2025-07-19,5,7,0,0,96
6,5,2025-07-20,6,7,0,0,64
6,5,2025-07-21,0,7,0,0,56
6,5,2025-07-22,1,7,0,0,40
6,5,2025-07-23,2,7,0,0,59
6,5,2025-07-24,3,7,0,0,42
6,5,2025-07-25,4,7,0,0,68
6,5,2025-07-26,5,7,0,0,92
6,5,2025-07-27,6,7,0,0,77
6,5,2025-07-28,0,7,0,0,54
6,5,2025-07-29,1,7,0,0,51
6,5,2025-07-30,2,7,0,0,53
6,5,2025-07-31,3,7,0,0,57
6,5,2025-08-01,4,8,0,0,51
6,5,2025-08-02,5,8,0,0,79
6,5,2025-08-03,6,8,0,0,58
6,5,2025-08-04,0,8,0,0,63
6,5,2025-08-05,1,8,0,0,47
6,5,2025-08-06,2,8,0,0,44
6,5,2025-08-07,3,8,0,0,54
6,5,2025-08-08,4,8,0,0,54
6,5,2025-08-09,5,8,0,0,49
6,5,2025-08-10,6,8,0,0,63
6,5,2025-08-11,0,8,0,0,32
6,5,2025-08-12,1,8,0,0,45
6,5,2025-08-13,2,8,0,0,45
6,5,2025-08-14,3,8,0,0,53
6,5,2025-08-15,4,8,0,0,44
6,5,2025-08-16,5,8,0,0,62
6,5,2025-08-17,6,8,0,0,83
6,5,2025-08-18,0,8,0,0,68
6,5,2025-08-19,1,8,0,0,43
6,5,2025-08-20,2,8,0,0,59
6,5,2025-08-21,3,8,0,1,81
6,5,2025-08-22,4,8,0,0,36
6,5,2025-08-23,5,8,0,0,59
6,5,2025-08-24,6,8,0,0,34
6,5,2025-08-25,0,8,0,0,53
6,5,2025-08-26,1,8,0,0,42
6,5,2025-08-27,2,8,0,0,52
6,5,2025-08-28,3,8,0,0,72
6,5,2025-08-29,4,8,0,0,64
6,5,2025-08-30,5,8,0,0,60
6,5,2025-08-31,6,8,0,0,57
6,5,2025-09-01,0,9,0,0,60
6,5,2025-09-02,1,9,0,0,41
6,5,2025-09-03,2,9,0,0,58
6,5,2025-09-04,3,9,0,0,72
6,5,2025-09-05,4,9,0,0,55
6,5,2025-09-06,5,9,0,0,81
6,5,2025-09-07,6,9,0,0,79
6,5,2025-09-08,0,9,0,0,45
6,5,2025-09-09,1,9,0,0,52
6,5,2025-09-10,2,9,0,0,42
6,5,2025-09-11,3,9,0,0,60
6,5,2025-09-12,4,9,0,0,41
6,5,2025-09-13,5,9,0,0,75
6,5,2025-09-14,6,9,0,0,80
6,5,2025-09-15,0,9,0,0,46
6,5,2025-09-16,1,9,0,0,44
6,5,2025-09-17,2,9,0,0,48
6,5,2025-09-18,3,9,0,1,64
6,5,2025-09-19,4,9,0,0,51
6,5,2025-09-20,5,9,0,0,57
6,5,2025-09-21,6,9,0,0,58
6,5,2025-09-22,0,9,0,0,54
6,5,2025-09-23,1,9,0,0,55
6,5,2025-09-24,2,9,0,0,47
6,5,2025-09-25,3,9,0,0,36
6,5,2025-09-26,4,9,0,0,59
6,5,2025-09-27,5,9,0,0,62
6,5,2025-09-28,6,9,0,0,90
6,5,2025-09-29,0,9,0,1,73
6,5,2025-09-30,1,9,0,0,51
6,5,2025-10-01,2,10,0,0,47
6,5,2025-10-02,3,10,0,0,53
6,5,2025-10-03,4,10,0,0,80
6,5,2025-10-04,5,10,0,0,64
6,5,2025-10-05,6,10,0,0,83
6,5,2025-10-06,0,10,0,0,51
6,5,2025-10-07,1,10,0,0,60
6,5,2025-10-08,2,10,0,0,34
6,5,2025-10-09,3,10,0,0,67
6,5,2025-10-10,4,10,0,1,80
6,5,2025-10-11,5,10,0,0,65
6,5,2025-10-12,6,10,0,0,78
6,5,2025-10-13,0,10,0,0,52
6,5,2025-10-14,1,10,0,0,41
6,5,2025-10-15,2,10,0,0,30
6,5,2025-10-16,3,10,0,1,99
6,5,2025-10-17,4,10,0,1,73
6,5,2025-10-18,5,10,0,0,61
6,5,2025-10-19,6,10,0,0,62
6,5,2025-10-20,0,10,0,0,63
6,5,2025-10-21,1,10,0,1,70
6,5,2025-10-22,2,10,0,0,56
6,5,2025-10-23,3,10,0,0,48
6,5,2025-10-24,4,10,0,0,40
6,5,2025-10-25,5,10,0,0,78
6,5,2025-10-26,6,10,0,0,81
6,5,2025-10-27,0,10,0,0,45
6,5,2025-10-28,1,10,0,0,50
6,5,2025-10-29,2,10,0,1,77
6,5,2025-10-30,3,10,0,0,54
6,5,2025-10-31,4,10,0,0,67
6,5,2025-11-01,5,11,0,0,67
6,5,2025-11-02,6,11,0,0,67
6,5,2025-11-03,0,11,0,0,52
6,5,2025-11-04,1,11,0,0,45
6,5,2025-11-05,2,11,0,0,38
6,5,2025-11-06,3,11,0,0,54
6,5,2025-11-07,4,11,0,0,58
6,5,2025-11-08,5,11,0,0,71
6,5,2025-11-09,6,11,0,0,70
6,5,2025-11-10,0,11,0,0,45
6,5,2025-11-11,1,11,0,1,82
6,5,2025-11-12,2,11,0,0,55
6,5,2025-11-13,3,11,0,0,57
6,5,2025-11-14,4,11,0,0,56
6,5,2025-11-15,5,11,0,0,75
6,5,2025-11-16,6,11,0,0,86
6,5,2025-11-17,0,11,0,0,58
6,5,2025-11-18,1,11,0,0,57
6,5,2025-11-19,2,11,0,0,38
6,5,2025-11-20,3,11,0,0,62
6,5,2025-11-21,4,11,0,0,50
6,5,2025-11-22,5,11,1,0,106
6,5,2025-11-23,6,11,1,1,103
6,5,2025-11-24,0,11,1,0,117
6,5,2025-11-25,1,11,1,0,51
6,5,2025-11-26,2,11,1,0,108
6,5,2025-11-27,3,11,1,0,93
6,5,2025-11-28,4,11,1,0,60
6,5,2025-11-29,5,11,0,0,95
6,5,2025-11-30,6,11,0,0,77
6,5,2025-12-01,0,12,0,0,34
6,5,2025-12-02,1,12,0,0,52
6,5,2025-12-03,2,12,0,0,61
6,5,2025-12-04,3,12,0,0,72
6,5,2025-12-05,4,12,0,0,53
6,5,2025-12-06,5,12,0,0,42
6,5,2025-12-07,6,12,0,0,92
6,5,2025-12-08,0,12,0,0,61
6,5,2025-12-09,1,12,0,0,36
6,5,2025-12-10,2,12,0,0,60
6,5,2025-12-11,3,12,0,0,61
6,5,2025-12-12,4,12,0,0,53
6,5,2025-12-13,5,12,0,1,86
6,5,2025-12-14,6,12,0,0,67
6,5,2025-12-15,0,12,0,0,53
6,5,2025-12-16,1,12,0,0,60
6,5,2025-12-17,2,12,0,0,64
6,5,2025-12-18,3,12,0,0,36
6,5,2025-12-19,4,12,0,0,59
6,5,2025-12-20,5,12,0,0,80
6,5,2025-12-21,6,12,0,0,76
6,5,2025-12-22,0,12,0,0,53
6,5,2025-12-23,1,12,0,0,70
6,5,2025-12-24,2,12,1,0,110
6,5,2025-12-25,3,12,1,0,85
6,5,2025-12-26,4,12,0,0,56
6,5,2025-12-27,5,12,0,0,84
6,5,2025-12-28,6,12,0,0,90
6,5,2025-12-29,0,12,0,0,49
6,5,2025-12-30,1,12,0,0,47
6,5,2025-12-31,2,12,1,0,94
6,5,2026-01-01,3,1,0,0,49
6,5,2026-01-02,4,1,0,0,41
6,5,2026-01-03,5,1,0,0,67
6,5,2026-01-04,6,1,0,0,83
6,5,2026-01-05,0,1,0,0,75
6,5,2026-01-06,1,1,0,0,53
6,5,2026-01-07,2,1,0,0,59
6,5,2026-01-08,3,1,0,0,61
6,5,2026-01-09,4,1,0,0,53
6,5,2026-01-10,5,1,0,0,68
6,5,2026-01-11,6,1,0,0,82
6,5,2026-01-12,0,1,0,0,48
6,5,2026-01-13,1,1,0,0,52
6,5,2026-01-14,2,1,0,0,58
6,5,2026-01-15,3,1,0,0,63
6,5,2026-01-16,4,1,0,0,45
6,5,2026-01-17,5,1,0,0,76
6,5,2026-01-18,6,1,0,0,61
6,5,2026-01-19,0,1,0,0,53
6,5,2026-01-20,1,1,0,0,68
6,5,2026-01-21,2,1,0,0,59
6,5,2026-01-22,3,1,0,0,76
6,5,2026-01-23,4,1,0,0,59
6,5,2026-01-24,5,1,0,0,90
6,5,2026-01-25,6,1,0,0,88
6,5,2026-01-26,0,1,0,0,60
6,5,2026-01-27,1,1,0,0,47
6,5,2026-01-28,2,1,0,0,59
6,5,2026-01-29,3,1,0,0,55
6,5,2026-01-30,4,1,0,0,54
6,5,2026-01-31,5,1,0,0,80
6,5,2026-02-01,6,2,0,0,61
6,5,2026-02-02,0,2,0,0,53
6,5,2026-02-03,1,2,0,0,52
6,5,2026-02-04,2,2,0,0,60
6,5,2026-02-05,3,2,0,0,54
6,5,2026-02-06,4,2,0,0,55
6,5,2026-02-07,5,2,0,0,82
6,5,2026-02-08,6,2,0,0,74
6,5,2026-02-09,0,2,0,0,62
6,5,2026-02-10,1,2,0,0,51
6,5,2026-02-11,2,2,0,0,54
6,5,2026-02-12,3,2,0,1,117
6,5,2026-02-13,4,2,0,0,55
6,5,2026-02-14,5,2,0,0,52
6,5,2026-02-15,6,2,0,0,85
6,5,2026-02-16,0,2,0,0,55
6,5,2026-02-17,1,2,0,1,91
6,5,2026-02-18,2,2,0,0,61
6,5,2026-02-19,3,2,0,0,68
6,5,2026-02-20,4,2,0,0,61
6,5,2026-02-21,5,2,0,1,101
6,5,2026-02-22,6,2,0,0,95
6,5,2026-02-23,0,2,0,0,39
6,5,2026-02-24,1,2,0,0,49
6,5,2026-02-25,2,2,0,0,54
6,5,2026-02-26,3,2,0,0,45
6,5,2026-02-27,4,2,0,0,57
6,5,2026-02-28,5,2,0,0,72
6,5,2026-03-01,6,3,0,0,94
6,5,2026-03-02,0,3,0,1,87
6,5,2026-03-03,1,3,0,0,61
6,5,2026-03-04,2,3,0,0,59
6,5,2026-03-05,3,3,0,0,52
6,5,2026-03-06,4,3,0,0,73
6,5,2026-03-07,5,3,0,0,97
6,5,2026-03-08,6,3,0,0,65
6,5,2026-03-09,0,3,0,0,80
6,5,2026-03-10,1,3,0,0,56
6,5,2026-03-11,2,3,0,0,55
6,5,2026-03-12,3,3,0,0,68
6,5,2026-03-13,4,3,0,0,69
6,5,2026-03-14,5,3,0,0,80
6,5,2026-03-15,6,3,0,0,76
6,5,2026-03-16,0,3,0,0,75
6,5,2026-03-17,1,3,0,0,57
6,5,2026-03-18,2,3,0,0,63
6,5,2026-03-19,3,3,0,0,81
6,5,2026-03-20,4,3,0,1,69
6,5,2026-03-21,5,3,0,1,98
6,5,2026-03-22,6,3,0,0,95
6,5,2026-03-23,0,3,0,0,69
6,5,2026-03-24,1,3,0,0,73
6,5,2026-03-25,2,3,0,0,49
6,5,2026-03-26,3,3,0,0,67
6,5,2026-03-27,4,3,0,0,60
6,5,2026-03-28,5,3,0,0,111
6,5,2026-03-29,6,3,0,0,92
6,5,2026-03-30,0,3,0,0,63
6,5,2026-03-31,1,3,0,0,66
6,5,2026-04-01,2,4,0,0,63
6,5,2026-04-02,3,4,0,0,70
6,5,2026-04-03,4,4,0,0,54
6,5,2026-04-04,5,4,0,0,98
6,5,2026-04-05,6,4,0,0,63
6,5,2026-04-06,0,4,0,0,64
6,5,2026-04-07,1,4,0,0,54
6,5,2026-04-08,2,4,0,0,63
6,5,2026-04-09,3,4,0,0,72
6,5,2026-04-10,4,4,0,0,45
6,5,2026-04-11,5,4,0,0,78
6,5,2026-04-12,6,4,0,0,61
6,5,2026-04-13,0,4,0,0,59
6,5,2026-04-14,1,4,0,0,47
6,5,2026-04-15,2,4,0,0,64
6,5,2026-04-16,3,4,0,0,58
6,5,2026-04-17,4,4,0,0,70
6,5,2026-04-18,5,4,0,0,96
6,5,2026-04-19,6,4,0,0,80
6,5,2026-04-20,0,4,0,0,72
6,5,2026-04-21,1,4,0,0,77
6,5,2026-04-22,2,4,0,0,53
6,5,2026-04-23,3,4,0,0,77
6,5,2026-04-24,4,4,0,0,62
6,5,2026-04-25,5,4,0,0,67
6,5,2026-04-26,6,4,0,0,84
6,5,2026-04-27,0,4,0,0,62
6,5,2026-04-28,1,4,0,0,48
6,5,2026-04-29,2,4,0,1,72
6,5,2026-04-30,3,4,0,0,79
6,5,2026-05-01,4,5,0,0,63
6,5,2026-05-02,5,5,0,0,97
6,5,2026-05-03,6,5,0,0,72
6,5,2026-05-04,0,5,0,0,52
6,5,2026-05-05,1,5,0,0,43
6,5,2026-05-06,2,5,0,0,69
6,5,2026-05-07,3,5,0,0,64
6,5,2026-05-08,4,5,0,1,79
6,5,2026-05-09,5,5,0,0,67
6,5,2026-05-10,6,5,0,0,92
6,5,2026-05-11,0,5,0,0,58
6,5,2026-05-12,1,5,0,0,58
6,5,2026-05-13,2,5,0,0,54
6,5,2026-05-14,3,5,0,0,56
6,5,2026-05-15,4,5,0,0,65
6,5,2026-05-16,5,5,0,0,59
6,5,2026-05-17,6,5,0,0,79
6,5,2026-05-18,0,5,0,0,69
6,5,2026-05-19,1,5,0,0,59
6,5,2026-05-20,2,5,0,0,70
6,5,2026-05-21,3,5,0,0,73
6,5,2026-05-22,4,5,0,0,69
6,5,2026-05-23,5,5,0,0,71
6,5,2026-05-24,6,5,0,0,77
6,5,2026-05-25,0,5,0,0,63
6,5,2026-05-26,1,5,0,0,55
6,5,2026-05-27,2,5,0,0,55
6,5,2026-05-28,3,5,0,0,54
6,5,2026-05-29,4,5,0,0,85
6,5,2026-05-30,5,5,0,0,74
6,5,2026-05-31,6,5,0,0,91
6,5,2026-06-01,0,6,0,0,48
6,5,2026-06-02,1,6,0,0,72
6,5,2026-06-03,2,6,0,0,53
6,5,2026-06-04,3,6,0,0,57
6,5,2026-06-05,4,6,0,0,39
6,5,2026-06-06,5,6,0,0,88
6,5,2026-06-07,6,6,0,0,91
6,5,2026-06-08,0,6,0,0,45
6,5,2026-06-09,1,6,0,0,67
6,5,2026-06-10,2,6,0,0,44
6,5,2026-06-11,3,6,0,1,90
6,5,2026-06-12,4,6,0,0,54
6,5,2026-06-13,5,6,0,0,91
6,5,2026-06-14,6,6,0,0,77
6,5,2026-06-15,0,6,0,0,65
6,5,2026-06-16,1,6,0,0,68
6,5,2026-06-17,2,6,0,0,54
6,5,2026-06-18,3,6,0,1,81
6,5,2026-06-19,4,6,0,0,46
6,5,2026-06-20,5,6,0,0,71
6,5,2026-06-21,6,6,0,0,98
6,5,2026-06-22,0,6,0,0,64
6,5,2026-06-23,1,6,0,0,47
6,5,2026-06-24,2,6,0,0,72
6,5,2026-06-25,3,6,0,0,60
6,5,2026-06-26,4,6,0,0,64
6,5,2026-06-27,5,6,0,0,80
6,5,2026-06-28,6,6,0,0,79
6,5,2026-06-29,0,6,0,0,38
6,5,2026-06-30,1,6,0,0,67
6,5,2026-07-01,2,7,0,0,33
6,5,2026-07-02,3,7,0,0,62
6,5,2026-07-03,4,7,0,0,54
6,5,2026-07-04,5,7,0,0,81
6,5,2026-07-05,6,7,0,0,73
6,5,2026-07-06,0,7,0,0,62
6,5,2026-07-07,1,7,0,0,53
6,5,2026-07-08,2,7,0,0,56
6,5,2026-07-09,3,7,0,0,57
6,5,2026-07-10,4,7,0,1,103
6,5,2026-07-11,5,7,0,0,78
6,5,2026-07-12,6,7,0,0,55
6,5,2026-07-13,0,7,0,0,48
6,5,2026-07-14,1,7,0,0,58
6,5,2026-07-15,2,7,0,0,64
6,5,2026-07-16,3,7,0,0,47
6,5,2026-07-17,4,7,0,1,107
6,5,2026-07-18,5,7,0,0,73
6,5,2026-07-19,6,7,0,1,103
6,5,2026-07-20,0,7,0,0,42
6,5,2026-07-21,1,7,0,0,63
6,5,2026-07-22,2,7,0,0,49
6,5,2026-07-23,3,7,0,0,47
6,5,2026-07-24,4,7,0,1,74
6,5,2026-07-25,5,7,0,0,87
6,5,2026-07-26,6,7,0,0,76
6,5,2026-07-27,0,7,0,1,67
6,5,2026-07-28,1,7,0,0,48
6,5,2026-07-29,2,7,0,1,97
6,5,2026-07-30,3,7,0,0,51
6,5,2026-07-31,4,7,0,0,58
6,5,2026-08-01,5,8,0,0,77
6,5,2026-08-02,6,8,0,0,30
6,5,2026-08-03,0,8,0,0,61
6,5,2026-08-04,1,8,0,0,44
6,5,2026-08-05,2,8,0,0,48
6,5,2026-08-06,3,8,0,1,95
6,5,2026-08-07,4,8,0,0,63
6,5,2026-08-08,5,8,0,0,74
6,5,2026-08-09,6,8,0,0,77
6,5,2026-08-10,0,8,0,0,59
6,5,2026-08-11,1,8,0,0,63
6,5,2026-08-12,2,8,0,0,64
6,5,2026-08-13,3,8,0,0,52
6,5,2026-08-14,4,8,0,0,44
6,5,2026-08-15,5,8,0,0,65
6,5,2026-08-16,6,8,0,0,70
6,5,2026-08-17,0,8,0,0,50
6,5,2026-08-18,1,8,0,0,42
6,5,2026-08-19,2,8,0,0,54
6,5,2026-08-20,3,8,0,1,56
6,5,2026-08-21,4,8,0,0,51
6,5,2026-08-22,5,8,0,1,96
6,5,2026-08-23,6,8,0,0,70
6,5,2026-08-24,0,8,0,0,58
6,5,2026-08-25,1,8,0,0,57
6,5,2026-08-26,2,8,0,0,69
6,5,2026-08-27,3,8,0,0,46
6,5,2026-08-28,4,8,0,0,53
6,5,2026-08-29,5,8,0,0,71
6,5,2026-08-30,6,8,0,0,70
6,5,2026-08-31,0,8,0,0,40
7,0,2024-09-01,6,9,0,0,159
7,0,2024-09-02,0,9,0,0,126
7,0,2024-09-03,1,9,0,0,123
7,0,2024-09-04,2,9,0,0,120
7,0,2024-09-05,3,9,0,0,104
7,0,2024-09-06,4,9,0,0,137
7,0,2024-09-07,5,9,0,0,150
7,0,2024-09-08,6,9,0,0,149
7,0,2024-09-09,0,9,0,0,116
7,0,2024-09-10,1,9,0,0,106
7,0,2024-09-11,2,9,0,0,122
7,0,2024-09-12,3,9,0,1,195
7,0,2024-09-13,4,9,0,0,114
7,0,2024-09-14,5,9,0,0,172
7,0,2024-09-15,6,9,0,0,150
7,0,2024-09-16,0,9,0,0,104
7,0,2024-09-17,1,9,0,0,140
7,0,2024-09-18,2,9,0,0,125
7,0,2024-09-19,3,9,0,0,134
7,0,2024-09-20,4,9,0,0,134
7,0,2024-09-21,5,9,0,0,141
7,0,2024-09-22,6,9,0,0,148
7,0,2024-09-23,0,9,0,0,136
7,0,2024-09-24,1,9,0,0,146
7,0,2024-09-25,2,9,0,0,124
7,0,2024-09-26,3,9,0,0,115
7,0,2024-09-27,4,9,0,0,144
7,0,2024-09-28,5,9,0,0,146
7,0,2024-09-29,6,9,0,0,161
7,0,2024-09-30,0,9,0,0,118
7,0,2024-10-01,1,10,0,0,129
7,0,2024-10-02,2,10,0,0,113
7,0,2024-10-03,3,10,0,0,121
7,0,2024-10-04,4,10,0,0,117
7,0,2024-10-05,5,10,0,0,169
7,0,2024-10-06,6,10,0,0,161
7,0,2024-10-07,0,10,0,0,136
7,0,2024-10-08,1,10,0,0,115
7,0,2024-10-09,2,10,0,0,123
7,0,2024-10-10,3,10,0,0,133
7,0,2024-10-11,4,10,0,0,136
7,0,2024-10-12,5,10,0,0,135
7,0,2024-10-13,6,10,0,0,163
7,0,2024-10-14,0,10,0,0,115
7,0,2024-10-15,1,10,0,0,137
7,0,2024-10-16,2,10,0,1,223
7,0,2024-10-17,3,10,0,0,92
7,0,2024-10-18,4,10,0,0,117
7,0,2024-10-19,5,10,0,0,162
7,0,2024-10-20,6,10,0,0,158
7,0,2024-10-21,0,10,0,0,137
7,0,2024-10-22,1,10,0,0,126
7,0,2024-10-23,2,10,0,0,119
7,0,2024-10-24,3,10,0,0,112
7,0,2024-10-25,4,10,0,0,110
7,0,2024-10-26,5,10,0,0,146
7,0,2024-10-27,6,10,0,0,149
7,0,2024-10-28,0,10,0,0,130
7,0,2024-10-29,1,10,0,0,123
7,0,2024-10-30,2,10,0,0,117
7,0,2024-10-31,3,10,0,0,113
7,0,2024-11-01,4,11,0,0,122
7,0,2024-11-02,5,11,0,0,155
7,0,2024-11-03,6,11,0,0,152
7,0,2024-11-04,0,11,0,0,140
7,0,2024-11-05,1,11,0,0,149
7,0,2024-11-06,2,11,0,0,116
7,0,2024-11-07,3,11,0,0,146
7,0,2024-11-08,4,11,0,0,140
7,0,2024-11-09,5,11,0,0,167
7,0,2024-11-10,6,11,0,0,189
7,0,2024-11-11,0,11,0,0,129
7,0,2024-11-12,1,11,0,0,137
7,0,2024-11-13,2,11,0,0,133
7,0,2024-11-14,3,11,0,0,132
7,0,2024-11-15,4,11,0,0,137
7,0,2024-11-16,5,11,0,1,228
7,0,2024-11-17,6,11,0,0,172
7,0,2024-11-18,0,11,0,0,123
7,0,2024-11-19,1,11,0,0,123
7,0,2024-11-20,2,11,0,0,122
7,0,2024-11-21,3,11,0,0,127
7,0,2024-11-22,4,11,1,0,237
7,0,2024-11-23,5,11,1,0,237
7,0,2024-11-24,6,11,1,0,264
7,0,2024-11-25,0,11,1,0,221
7,0,2024-11-26,1,11,1,0,206
7,0,2024-11-27,2,11,1,0,243
7,0,2024-11-28,3,11,1,0,231
7,0,2024-11-29,4,11,0,0,131
7,0,2024-11-30,5,11,0,0,163
7,0,2024-12-01,6,12,0,0,174
7,0,2024-12-02,0,12,0,0,118
7,0,2024-12-03,1,12,0,0,128
7,0,2024-12-04,2,12,0,0,146
7,0,2024-12-05,3,12,0,0,118
7,0,2024-12-06,4,12,0,0,129
7,0,2024-12-07,5,12,0,1,226
7,0,2024-12-08,6,12,0,0,223
7,0,2024-12-09,0,12,0,0,149
7,0,2024-12-10,1,12,0,0,155
7,0,2024-12-11,2,12,0,0,128
7,0,2024-12-12,3,12,0,0,145
7,0,2024-12-13,4,12,0,0,115
7,0,2024-12-14,5,12,0,0,167
7,0,2024-12-15,6,12,0,0,181
7,0,2024-12-16,0,12,0,0,120
7,0,2024-12-17,1,12,0,0,145
7,0,2024-12-18,2,12,0,0,146
7,0,2024-12-19,3,12,0,0,131
7,0,2024-12-20,4,12,0,0,128
7,0,2024-12-21,5,12,0,0,160
7,0,2024-12-22,6,12,0,0,167
7,0,2024-12-23,0,12,0,0,135
7,0,2024-12-24,1,12,1,0,235
7,0,2024-12-25,2,12,1,0,212
7,0,2024-12-26,3,12,0,1,235
7,0,2024-12-27,4,12,0,0,162
7,0,2024-12-28,5,12,0,0,177
7,0,2024-12-29,6,12,0,0,167
7,0,2024-12-30,0,12,0,0,132
7,0,2024-12-31,1,12,1,0,231
7,0,2025-01-01,2,1,0,0,155
7,0,2025-01-02,3,1,0,0,145
7,0,2025-01-03,4,1,0,0,142
7,0,2025-01-04,5,1,0,0,187
7,0,2025-01-05,6,1,0,0,182
7,0,2025-01-06,0,1,0,0,140
7,0,2025-01-07,1,1,0,0,150
7,0,2025-01-08,2,1,0,0,139
7,0,2025-01-09,3,1,0,0,137
7,0,2025-01-10,4,1,0,0,148
7,0,2025-01-11,5,1,0,0,171
7,0,2025-01-12,6,1,0,0,168
7,0,2025-01-13,0,1,0,0,164
7,0,2025-01-14,1,1,0,0,142
7,0,2025-01-15,2,1,0,1,250
7,0,2025-01-16,3,1,0,0,157
7,0,2025-01-17,4,1,0,0,136
7,0,2025-01-18,5,1,0,0,202
7,0,2025-01-19,6,1,0,0,168
7,0,2025-01-20,0,1,0,0,177
7,0,2025-01-21,1,1,0,0,151
7,0,2025-01-22,2,1,0,0,156
7,0,2025-01-23,3,1,0,0,149
7,0,2025-01-24,4,1,0,0,152
7,0,2025-01-25,5,1,0,0,177
7,0,2025-01-26,6,1,0,0,164
7,0,2025-01-27,0,1,0,0,153
7,0,2025-01-28,1,1,0,0,163
7,0,2025-01-29,2,1,0,0,130
7,0,2025-01-30,3,1,0,0,171
7,0,2025-01-31,4,1,0,1,224
7,0,2025-02-01,5,2,0,0,179
7,0,2025-02-02,6,2,0,0,179
7,0,2025-02-03,0,2,0,0,183
7,0,2025-02-04,1,2,0,0,169
7,0,2025-02-05,2,2,0,0,172
7,0,2025-02-06,3,2,0,0,150
7,0,2025-02-07,4,2,0,1,229
7,0,2025-02-08,5,2,0,0,194
7,0,2025-02-09,6,2,0,0,184
7,0,2025-02-10,0,2,0,0,156
7,0,2025-02-11,1,2,0,0,171
7,0,2025-02-12,2,2,0,0,179
7,0,2025-02-13,3,2,0,1,212
7,0,2025-02-14,4,2,0,0,134
7,0,2025-02-15,5,2,0,0,218
7,0,2025-02-16,6,2,0,0,218
7,0,2025-02-17,0,2,0,0,160
7,0,2025-02-18,1,2,0,0,182
7,0,2025-02-19,2,2,0,0,159
7,0,2025-02-20,3,2,0,0,140
7,0,2025-02-21,4,2,0,0,134
7,0,2025-02-22,5,2,0,0,162
7,0,2025-02-23,6,2,0,0,187
7,0,2025-02-24,0,2,0,0,147
7,0,2025-02-25,1,2,0,0,145
7,0,2025-02-26,2,2,0,1,215
7,0,2025-02-27,3,2,0,0,168
7,0,2025-02-28,4,2,0,0,146
7,0,2025-03-01,5,3,0,0,176
7,0,2025-03-02,6,3,0,0,180
7,0,2025-03-03,0,3,0,0,171
7,0,2025-03-04,1,3,0,0,155
7,0,2025-03-05,2,3,0,0,161
7,0,2025-03-06,3,3,0,0,181
7,0,2025-03-07,4,3,0,0,201
7,0,2025-03-08,5,3,0,0,201
7,0,2025-03-09,6,3,0,0,200
7,0,2025-03-10,0,3,0,0,138
7,0,2025-03-11,1,3,0,0,162
7,0,2025-03-12,2,3,0,0,157
7,0,2025-03-13,3,3,0,0,171
7,0,2025-03-14,4,3,0,0,150
7,0,2025-03-15,5,3,0,0,193
7,0,2025-03-16,6,3,0,0,201
7,0,2025-03-17,0,3,0,0,186
7,0,2025-03-18,1,3,0,0,181
7,0,2025-03-19,2,3,0,0,176
7,0,2025-03-20,3,3,0,0,168
7,0,2025-03-21,4,3,0,0,150
7,0,2025-03-22,5,3,0,0,203
7,0,2025-03-23,6,3,0,0,175
7,0,2025-03-24,0,3,0,0,153
7,0,2025-03-25,1,3,0,0,184
7,0,2025-03-26,2,3,0,0,165
7,0,2025-03-27,3,3,0,0,160
7,0,2025-03-28,4,3,0,0,162
7,0,2025-03-29,5,3,0,0,188
7,0,2025-03-30,6,3,0,0,148
7,0,2025-03-31,0,3,0,1,192
7,0,2025-04-01,1,4,0,0,164
7,0,2025-04-02,2,4,0,0,140
7,0,2025-04-03,3,4,0,1,215
7,0,2025-04-04,4,4,0,0,135
7,0,2025-04-05,5,4,0,0,174
7,0,2025-04-06,6,4,0,0,187
7,0,2025-04-07,0,4,0,0,169
7,0,2025-04-08,1,4,0,0,172
7,0,2025-04-09,2,4,0,0,143
7,0,2025-04-10,3,4,0,0,159
7,0,2025-04-11,4,4,0,0,132
7,0,2025-04-12,5,4,0,0,188
7,0,2025-04-13,6,4,0,0,205
7,0,2025-04-14,0,4,0,0,153
7,0,2025-04-15,1,4,0,0,175
7,0,2025-04-16,2,4,0,0,167
7,0,2025-04-17,3,4,0,0,158
7,0,2025-04-18,4,4,0,0,150
7,0,2025-04-19,5,4,0,0,177
7,0,2025-04-20,6,4,0,0,160
7,0,2025-04-21,0,4,0,0,134
7,0,2025-04-22,1,4,0,0,170
7,0,2025-04-23,2,4,0,0,178
7,0,2025-04-24,3,4,0,0,138
7,0,2025-04-25,4,4,0,0,155
7,0,2025-04-26,5,4,0,0,158
7,0,2025-04-27,6,4,0,0,169
7,0,2025-04-28,0,4,0,0,158
7,0,2025-04-29,1,4,0,0,146
7,0,2025-04-30,2,4,0,0,125
7,0,2025-05-01,3,5,0,0,174
7,0,2025-05-02,4,5,0,0,147
7,0,2025-05-03,5,5,0,0,161
7,0,2025-05-04,6,5,0,0,183
7,0,2025-05-05,0,5,0,0,147
7,0,2025-05-06,1,5,0,0,154
7,0,2025-05-07,2,5,0,0,143
7,0,2025-05-08,3,5,0,0,153
7,0,2025-05-09,4,5,0,1,231
7,0,2025-05-10,5,5,0,0,157
7,0,2025-05-11,6,5,0,0,168
7,0,2025-05-12,0,5,0,0,161
7,0,2025-05-13,1,5,0,0,140
7,0,2025-05-14,2,5,0,0,147
7,0,2025-05-15,3,5,0,0,141
7,0,2025-05-16,4,5,0,0,142
7,0,2025-05-17,5,5,0,0,172
7,0,2025-05-18,6,5,0,0,158
7,0,2025-05-19,0,5,0,0,155
7,0,2025-05-20,1,5,0,0,164
7,0,2025-05-21,2,5,0,0,145
7,0,2025-05-22,3,5,0,0,162
7,0,2025-05-23,4,5,0,0,141
7,0,2025-05-24,5,5,0,0,171
7,0,2025-05-25,6,5,0,0,188
7,0,2025-05-26,0,5,0,0,154
7,0,2025-05-27,1,5,0,0,146
7,0,2025-05-28,2,5,0,0,158
7,0,2025-05-29,3,5,0,0,129
7,0,2025-05-30,4,5,0,1,205
7,0,2025-05-31,5,5,0,0,198
7,0,2025-06-01,6,6,0,0,189
7,0,2025-06-02,0,6,0,1,220
7,0,2025-06-03,1,6,0,0,154
7,0,2025-06-04,2,6,0,0,135
7,0,2025-06-05,3,6,0,0,116
7,0,2025-06-06,4,6,0,0,136
7,0,2025-06-07,5,6,0,0,184
7,0,2025-06-08,6,6,0,0,186
7,0,2025-06-09,0,6,0,0,132
7,0,2025-06-10,1,6,0,0,126
7,0,2025-06-11,2,6,0,0,128
7,0,2025-06-12,3,6,0,0,132
7,0,2025-06-13,4,6,0,0,113
7,0,2025-06-14,5,6,0,0,163
7,0,2025-06-15,6,6,0,0,173
7,0,2025-06-16,0,6,0,0,138
7,0,2025-06-17,1,6,0,0,135
7,0,2025-06-18,2,6,0,0,130
7,0,2025-06-19,3,6,0,0,132
7,0,2025-06-20,4,6,0,0,132
7,0,2025-06-21,5,6,0,0,185
7,0,2025-06-22,6,6,0,0,173
7,0,2025-06-23,0,6,0,0,184
7,0,2025-06-24,1,6,0,0,135
7,0,2025-06-25,2,6,0,0,146
7,0,2025-06-26,3,6,0,0,135
7,0,2025-06-27,4,6,0,0,135
7,0,2025-06-28,5,6,0,0,200
7,0,2025-06-29,6,6,0,0,190
7,0,2025-06-30,0,6,0,0,115
7,0,2025-07-01,1,7,0,0,118
7,0,2025-07-02,2,7,0,0,130
7,0,2025-07-03,3,7,0,0,125
7,0,2025-07-04,4,7,0,0,111
7,0,2025-07-05,5,7,0,0,166
7,0,2025-07-06,6,7,0,0,133
7,0,2025-07-07,0,7,0,0,133
7,0,2025-07-08,1,7,0,0,141
7,0,2025-07-09,2,7,0,0,143
7,0,2025-07-10,3,7,0,0,129
7,0,2025-07-11,4,7,0,1,224
7,0,2025-07-12,5,7,0,0,170
7,0,2025-07-13,6,7,0,0,178
7,0,2025-07-14,0,7,0,0,122
7,0,2025-07-15,1,7,0,0,151
7,0,2025-07-16,2,7,0,0,131
7,0,2025-07-17,3,7,0,0,152
7,0,2025-07-18,4,7,0,0,149
7,0,2025-07-19,5,7,0,0,168
7,0,2025-07-20,6,7,0,0,171
7,0,2025-07-21,0,7,0,0,129
7,0,2025-07-22,1,7,0,0,121
7,0,2025-07-23,2,7,0,0,139
7,0,2025-07-24,3,7,0,0,139
7,0,2025-07-25,4,7,0,0,110
7,0,2025-07-26,5,7,0,0,163
7,0,2025-07-27,6,7,0,0,178
7,0,2025-07-28,0,7,0,0,151
7,0,2025-07-29,1,7,0,0,141
7,0,2025-07-30,2,7,0,0,111
7,0,2025-07-31,3,7,0,0,117
7,0,2025-08-01,4,8,0,0,121
7,0,2025-08-02,5,8,0,0,180
7,0,2025-08-03,6,8,0,1,207
7,0,2025-08-04,0,8,0,0,139
7,0,2025-08-05,1,8,0,0,117
7,0,2025-08-06,2,8,0,0,132
7,0,2025-08-07,3,8,0,0,113
7,0,2025-08-08,4,8,0,0,123
7,0,2025-08-09,5,8,0,0,140
7,0,2025-08-10,6,8,0,1,253
7,0,2025-08-11,0,8,0,0,116
7,0,2025-08-12,1,8,0,0,106
7,0,2025-08-13,2,8,0,0,105
7,0,2025-08-14,3,8,0,1,186
7,0,2025-08-15,4,8,0,0,119
7,0,2025-08-16,5,8,0,0,168
7,0,2025-08-17,6,8,0,0,154
7,0,2025-08-18,0,8,0,0,140
7,0,2025-08-19,1,8,0,0,120
7,0,2025-08-20,2,8,0,0,138
7,0,2025-08-21,3,8,0,0,113
7,0,2025-08-22,4,8,0,0,106
7,0,2025-08-23,5,8,0,0,145
7,0,2025-08-24,6,8,0,0,140
7,0,2025-08-25,0,8,0,0,110
7,0,2025-08-26,1,8,0,0,130
7,0,2025-08-27,2,8,0,0,122
7,0,2025-08-28,3,8,0,0,127
7,0,2025-08-29,4,8,0,0,132
7,0,2025-08-30,5,8,0,0,131
7,0,2025-08-31,6,8,0,0,167
7,0,2025-09-01,0,9,0,0,108
7,0,2025-09-02,1,9,0,0,116
7,0,2025-09-03,2,9,0,0,100
7,0,2025-09-04,3,9,0,0,131
7,0,2025-09-05,4,9,0,0,102
7,0,2025-09-06,5,9,0,1,192
7,0,2025-09-07,6,9,0,0,138
7,0,2025-09-08,0,9,0,0,121
7,0,2025-09-09,1,9,0,0,121
7,0,2025-09-10,2,9,0,0,133
7,0,2025-09-11,3,9,0,0,122
7,0,2025-09-12,4,9,0,0,135
7,0,2025-09-13,5,9,0,0,162
7,0,2025-09-14,6,9,0,0,141
7,0,2025-09-15,0,9,0,1,173
7,0,2025-09-16,1,9,0,0,142
7,0,2025-09-17,2,9,0,0,138
7,0,2025-09-18,3,9,0,0,133
7,0,2025-09-19,4,9,0,0,135
7,0,2025-09-20,5,9,0,0,163
7,0,2025-09-21,6,9,0,0,161
7,0,2025-09-22,0,9,0,0,124
7,0,2025-09-23,1,9,0,0,144
7,0,2025-09-24,2,9,0,0,117
7,0,2025-09-25,3,9,0,0,126
7,0,2025-09-26,4,9,0,0,102
7,0,2025-09-27,5,9,0,0,133
7,0,2025-09-28,6,9,0,0,184
7,0,2025-09-29,0,9,0,0,131
7,0,2025-09-30,1,9,0,0,120
7,0,2025-10-01,2,10,0,0,126
7,0,2025-10-02,3,10,0,0,108
7,0,2025-10-03,4,10,0,0,120
7,0,2025-10-04,5,10,0,0,135
7,0,2025-10-05,6,10,0,0,153
7,0,2025-10-06,0,10,0,0,134
7,0,2025-10-07,1,10,0,0,131
7,0,2025-10-08,2,10,0,0,145
7,0,2025-10-09,3,10,0,0,129
7,0,2025-10-10,4,10,0,0,94
7,0,2025-10-11,5,10,0,0,189
7,0,2025-10-12,6,10,0,0,145
7,0,2025-10-13,0,10,0,0,127
7,0,2025-10-14,1,10,0,0,126
7,0,2025-10-15,2,10,0,0,128
7,0,2025-10-16,3,10,0,0,126
7,0,2025-10-17,4,10,0,0,126
7,0,2025-10-18,5,10,0,0,137
7,0,2025-10-19,6,10,0,0,199
7,0,2025-10-20,0,10,0,0,133
7,0,2025-10-21,1,10,0,0,126
7,0,2025-10-22,2,10,0,0,148
7,0,2025-10-23,3,10,0,0,112
7,0,2025-10-24,4,10,0,0,136
7,0,2025-10-25,5,10,0,0,149
7,0,2025-10-26,6,10,0,1,230
7,0,2025-10-27,0,10,0,0,131
7,0,2025-10-28,1,10,0,1,144
7,0,2025-10-29,2,10,0,0,107
7,0,2025-10-30,3,10,0,0,145
7,0,2025-10-31,4,10,0,0,122
7,0,2025-11-01,5,11,0,0,197
7,0,2025-11-02,6,11,0,0,186
7,0,2025-11-03,0,11,0,0,128
7,0,2025-11-04,1,11,0,0,127
7,0,2025-11-05,2,11,0,0,153
7,0,2025-11-06,3,11,0,0,159
7,0,2025-11-07,4,11,0,0,128
7,0,2025-11-08,5,11,0,0,190
7,0,2025-11-09,6,11,0,0,181
7,0,2025-11-10,0,11,0,0,147
7,0,2025-11-11,1,11,0,0,133
7,0,2025-11-12,2,11,0,1,181
7,0,2025-11-13,3,11,0,0,117
7,0,2025-11-14,4,11,0,0,114
7,0,2025-11-15,5,11,0,0,196
7,0,2025-11-16,6,11,0,0,164
7,0,2025-11-17,0,11,0,0,116
7,0,2025-11-18,1,11,0,0,145
7,0,2025-11-19,2,11,0,0,125
7,0,2025-11-20,3,11,0,0,123
7,0,2025-11-21,4,11,0,0,159
7,0,2025-11-22,5,11,1,0,215
7,0,2025-11-23,6,11,1,0,254
7,0,2025-11-24,0,11,1,0,202
7,0,2025-11-25,1,11,1,0,199
7,0,2025-11-26,2,11,1,0,184
7,0,2025-11-27,3,11,1,0,216
7,0,2025-11-28,4,11,1,1,254
7,0,2025-11-29,5,11,0,0,174
7,0,2025-11-30,6,11,0,0,163
7,0,2025-12-01,0,12,0,0,135
7,0,2025-12-02,1,12,0,0,128
7,0,2025-12-03,2,12,0,0,160
7,0,2025-12-04,3,12,0,1,218
7,0,2025-12-05,4,12,0,0,130
7,0,2025-12-06,5,12,0,0,149
7,0,2025-12-07,6,12,0,0,140
7,0,2025-12-08,0,12,0,0,156
7,0,2025-12-09,1,12,0,0,152
7,0,2025-12-10,2,12,0,0,154
7,0,2025-12-11,3,12,0,0,138
7,0,2025-12-12,4,12,0,0,151
7,0,2025-12-13,5,12,0,0,190
7,0,2025-12-14,6,12,0,0,171
7,0,2025-12-15,0,12,0,0,135
7,0,2025-12-16,1,12,0,0,126
7,0,2025-12-17,2,12,0,0,146
7,0,2025-12-18,3,12,0,0,148
7,0,2025-12-19,4,12,0,0,134
7,0,2025-12-20,5,12,0,0,168
7,0,2025-12-21,6,12,0,0,169
7,0,2025-12-22,0,12,0,0,151
7,0,2025-12-23,1,12,0,0,120
7,0,2025-12-24,2,12,1,0,199
7,0,2025-12-25,3,12,1,0,199
7,0,2025-12-26,4,12,0,0,138
7,0,2025-12-27,5,12,0,0,178
7,0,2025-12-28,6,12,0,0,154
7,0,2025-12-29,0,12,0,1,221
7,0,2025-12-30,1,12,0,0,160
7,0,2025-12-31,2,12,1,0,233
7,0,2026-01-01,3,1,0,0,165
7,0,2026-01-02,4,1,0,0,135
7,0,2026-01-03,5,1,0,0,165
7,0,2026-01-04,6,1,0,0,190
7,0,2026-01-05,0,1,0,0,148
7,0,2026-01-06,1,1,0,0,135
7,0,2026-01-07,2,1,0,0,169
7,0,2026-01-08,3,1,0,0,153
7,0,2026-01-09,4,1,0,0,159
7,0,2026-01-10,5,1,0,0,169
7,0,2026-01-11,6,1,0,0,211
7,0,2026-01-12,0,1,0,0,146
7,0,2026-01-13,1,1,0,0,163
7,0,2026-01-14,2,1,0,0,139
7,0,2026-01-15,3,1,0,0,151
7,0,2026-01-16,4,1,0,0,156
7,0,2026-01-17,5,1,0,0,217
7,0,2026-01-18,6,1,0,0,173
7,0,2026-01-19,0,1,0,0,151
7,0,2026-01-20,1,1,0,0,157
7,0,2026-01-21,2,1,0,0,127
7,0,2026-01-22,3,1,0,0,116
7,0,2026-01-23,4,1,0,0,133
7,0,2026-01-24,5,1,0,0,199
7,0,2026-01-25,6,1,0,0,212
7,0,2026-01-26,0,1,0,0,134
7,0,2026-01-27,1,1,0,0,130
7,0,2026-01-28,2,1,0,0,171
7,0,2026-01-29,3,1,0,1,199
7,0,2026-01-30,4,1,0,0,143
7,0,2026-01-31,5,1,0,0,207
7,0,2026-02-01,6,2,0,0,211
7,0,2026-02-02,0,2,0,0,169
7,0,2026-02-03,1,2,0,0,128
7,0,2026-02-04,2,2,0,0,135
7,0,2026-02-05,3,2,0,0,172
7,0,2026-02-06,4,2,0,0,159
7,0,2026-02-07,5,2,0,0,172
7,0,2026-02-08,6,2,0,0,181
7,0,2026-02-09,0,2,0,0,171
7,0,2026-02-10,1,2,0,1,250
7,0,2026-02-11,2,2,0,0,154
7,0,2026-02-12,3,2,0,0,144
7,0,2026-02-13,4,2,0,0,150
7,0,2026-02-14,5,2,0,0,212
7,0,2026-02-15,6,2,0,0,212
7,0,2026-02-16,0,2,0,0,157
7,0,2026-02-17,1,2,0,0,146
7,0,2026-02-18,2,2,0,0,171
7,0,2026-02-19,3,2,0,1,253
7,0,2026-02-20,4,2,0,1,185
7,0,2026-02-21,5,2,0,0,183
7,0,2026-02-22,6,2,0,0,209
7,0,2026-02-23,0,2,0,0,155
7,0,2026-02-24,1,2,0,0,147
7,0,2026-02-25,2,2,0,0,157
7,0,2026-02-26,3,2,0,0,160
7,0,2026-02-27,4,2,0,0,137
7,0,2026-02-28,5,2,0,0,189
7,0,2026-03-01,6,3,0,0,196
7,0,2026-03-02,0,3,0,0,149
7,0,2026-03-03,1,3,0,0,144
7,0,2026-03-04,2,3,0,0,148
7,0,2026-03-05,3,3,0,0,141
7,0,2026-03-06,4,3,0,0,170
7,0,2026-03-07,5,3,0,0,171
7,0,2026-03-08,6,3,0,0,193
7,0,2026-03-09,0,3,0,0,151
7,0,2026-03-10,1,3,0,0,145
7,0,2026-03-11,2,3,0,0,178
7,0,2026-03-12,3,3,0,0,154
7,0,2026-03-13,4,3,0,0,146
7,0,2026-03-14,5,3,0,0,175
7,0,2026-03-15,6,3,0,0,196
7,0,2026-03-16,0,3,0,0,169
7,0,2026-03-17,1,3,0,0,176
7,0,2026-03-18,2,3,0,1,216
7,0,2026-03-19,3,3,0,0,153
7,0,2026-03-20,4,3,0,0,159
7,0,2026-03-21,5,3,0,0,193
7,0,2026-03-22,6,3,0,0,175
7,0,2026-03-23,0,3,0,0,179
7,0,2026-03-24,1,3,0,0,157
7,0,2026-03-25,2,3,0,0,165
7,0,2026-03-26,3,3,0,0,163
7,0,2026-03-27,4,3,0,0,163
7,0,2026-03-28,5,3,0,0,170
7,0,2026-03-29,6,3,0,0,189
7,0,2026-03-30,0,3,0,0,192
7,0,2026-03-31,1,3,0,0,181
7,0,2026-04-01,2,4,0,0,157
7,0,2026-04-02,3,4,0,0,149
7,0,2026-04-03,4,4,0,0,120
7,0,2026-04-04,5,4,0,0,178
7,0,2026-04-05,6,4,0,0,186
7,0,2026-04-06,0,4,0,0,149
7,0,2026-04-07,1,4,0,0,150
7,0,2026-04-08,2,4,0,0,164
7,0,2026-04-09,3,4,0,0,139
7,0,2026-04-10,4,4,0,0,158
7,0,2026-04-11,5,4,0,0,185
7,0,2026-04-12,6,4,0,0,171
7,0,2026-04-13,0,4,0,0,180
7,0,2026-04-14,1,4,0,0,166
7,0,2026-04-15,2,4,0,0,142
7,0,2026-04-16,3,4,0,0,162
7,0,2026-04-17,4,4,0,0,133
7,0,2026-04-18,5,4,0,0,175
7,0,2026-04-19,6,4,0,0,212
7,0,2026-04-20,0,4,0,0,160
7,0,2026-04-21,1,4,0,0,158
7,0,2026-04-22,2,4,0,0,170
7,0,2026-04-23,3,4,0,0,164
7,0,2026-04-24,4,4,0,0,150
7,0,2026-04-25,5,4,0,0,205
7,0,2026-04-26,6,4,0,0,155
7,0,2026-04-27,0,4,0,0,144
7,0,2026-04-28,1,4,0,0,153
7,0,2026-04-29,2,4,0,0,163
7,0,2026-04-30,3,4,0,0,149
7,0,2026-05-01,4,5,0,0,122
7,0,2026-05-02,5,5,0,0,146
7,0,2026-05-03,6,5,0,0,180
7,0,2026-05-04,0,5,0,0,141
7,0,2026-05-05,1,5,0,0,135
7,0,2026-05-06,2,5,0,0,132
7,0,2026-05-07,3,5,0,0,150
7,0,2026-05-08,4,5,0,0,167
7,0,2026-05-09,5,5,0,0,183
7,0,2026-05-10,6,5,0,0,205
7,0,2026-05-11,0,5,0,0,143
7,0,2026-05-12,1,5,0,0,155
7,0,2026-05-13,2,5,0,0,168
7,0,2026-05-14,3,5,0,0,146
7,0,2026-05-15,4,5,0,0,149
7,0,2026-05-16,5,5,0,0,174
7,0,2026-05-17,6,5,0,0,192
7,0,2026-05-18,0,5,0,0,162
7,0,2026-05-19,1,5,0,0,153
7,0,2026-05-20,2,5,0,0,145
7,0,2026-05-21,3,5,0,0,126
7,0,2026-05-22,4,5,0,0,147
7,0,2026-05-23,5,5,0,0,177
7,0,2026-05-24,6,5,0,1,250
7,0,2026-05-25,0,5,0,0,150
7,0,2026-05-26,1,5,0,0,171
7,0,2026-05-27,2,5,0,0,138
7,0,2026-05-28,3,5,0,0,125
7,0,2026-05-29,4,5,0,1,187
7,0,2026-05-30,5,5,0,0,169
7,0,2026-05-31,6,5,0,0,201
7,0,2026-06-01,0,6,0,0,122
7,0,2026-06-02,1,6,0,0,123
7,0,2026-06-03,2,6,0,0,146
7,0,2026-06-04,3,6,0,0,152
7,0,2026-06-05,4,6,0,0,118
7,0,2026-06-06,5,6,0,0,142
7,0,2026-06-07,6,6,0,0,159
7,0,2026-06-08,0,6,0,0,149
7,0,2026-06-09,1,6,0,0,142
7,0,2026-06-10,2,6,0,0,129
7,0,2026-06-11,3,6,0,0,150
7,0,2026-06-12,4,6,0,1,205
7,0,2026-06-13,5,6,0,0,171
7,0,2026-06-14,6,6,0,0,145
7,0,2026-06-15,0,6,0,0,129
7,0,2026-06-16,1,6,0,1,242
7,0,2026-06-17,2,6,0,0,135
7,0,2026-06-18,3,6,0,0,126
7,0,2026-06-19,4,6,0,0,134
7,0,2026-06-20,5,6,0,0,175
7,0,2026-06-21,6,6,0,0,188
7,0,2026-06-22,0,6,0,0,148
7,0,2026-06-23,1,6,0,0,130
7,0,2026-06-24,2,6,0,0,158
7,0,2026-06-25,3,6,0,0,151
7,0,2026-06-26,4,6,0,0,133
7,0,2026-06-27,5,6,0,0,170
7,0,2026-06-28,6,6,0,0,183
7,0,2026-06-29,0,6,0,0,155
7,0,2026-06-30,1,6,0,0,118
7,0,2026-07-01,2,7,0,0,132
7,0,2026-07-02,3,7,0,0,131
7,0,2026-07-03,4,7,0,0,124
7,0,2026-07-04,5,7,0,0,155
7,0,2026-07-05,6,7,0,0,182
7,0,2026-07-06,0,7,0,0,138
7,0,2026-07-07,1,7,0,0,159
7,0,2026-07-08,2,7,0,0,124
7,0,2026-07-09,3,7,0,0,133
7,0,2026-07-10,4,7,0,0,135
7,0,2026-07-11,5,7,0,0,179
7,0,2026-07-12,6,7,0,0,187
7,0,2026-07-13,0,7,0,0,133
7,0,2026-07-14,1,7,0,1,173
7,0,2026-07-15,2,7,0,0,122
7,0,2026-07-16,3,7,0,0,133
7,0,2026-07-17,4,7,0,0,146
7,0,2026-07-18,5,7,0,0,140
7,0,2026-07-19,6,7,0,0,145
7,0,2026-07-20,0,7,0,0,141
7,0,2026-07-21,1,7,0,1,169
7,0,2026-07-22,2,7,0,0,117
7,0,2026-07-23,3,7,0,0,146
7,0,2026-07-24,4,7,0,0,128
7,0,2026-07-25,5,7,0,0,159
7,0,2026-07-26,6,7,0,0,187
7,0,2026-07-27,0,7,0,0,117
7,0,2026-07-28,1,7,0,0,115
7,0,2026-07-29,2,7,0,0,153
7,0,2026-07-30,3,7,0,0,134
7,0,2026-07-31,4,7,0,0,140
7,0,2026-08-01,5,8,0,0,153
7,0,2026-08-02,6,8,0,0,156
7,0,2026-08-03,0,8,0,0,116
7,0,2026-08-04,1,8,0,1,194
7,0,2026-08-05,2,8,0,0,136
7,0,2026-08-06,3,8,0,1,192
7,0,2026-08-07,4,8,0,0,139
7,0,2026-08-08,5,8,0,0,169
7,0,2026-08-09,6,8,0,0,141
7,0,2026-08-10,0,8,0,0,123
7,0,2026-08-11,1,8,0,0,120
7,0,2026-08-12,2,8,0,0,135
7,0,2026-08-13,3,8,0,0,131
7,0,2026-08-14,4,8,0,1,190
7,0,2026-08-15,5,8,0,1,243
7,0,2026-08-16,6,8,0,0,128
7,0,2026-08-17,0,8,0,0,118
7,0,2026-08-18,1,8,0,0,119
7,0,2026-08-19,2,8,0,0,128
7,0,2026-08-20,3,8,0,0,132
7,0,2026-08-21,4,8,0,1,188
7,0,2026-08-22,5,8,0,0,137
7,0,2026-08-23,6,8,0,0,164
7,0,2026-08-24,0,8,0,0,127
7,0,2026-08-25,1,8,0,0,107
7,0,2026-08-26,2,8,0,0,122
7,0,2026-08-27,3,8,0,0,130
7,0,2026-08-28,4,8,0,0,146
7,0,2026-08-29,5,8,0,0,141
7,0,2026-08-30,6,8,0,0,171
7,0,2026-08-31,0,8,0,0,112
7,1,2024-09-01,6,9,0,0,121
7,1,2024-09-02,0,9,0,0,89
7,1,2024-09-03,1,9,0,0,108
7,1,2024-09-04,2,9,0,0,82
7,1,2024-09-05,3,9,0,0,94
7,1,2024-09-06,4,9,0,0,95
7,1,2024-09-07,5,9,0,0,112
7,1,2024-09-08,6,9,0,0,133
7,1,2024-09-09,0,9,0,0,128
7,1,2024-09-10,1,9,0,0,93
7,1,2024-09-11,2,9,0,0,102
7,1,2024-09-12,3,9,0,0,82
7,1,2024-09-13,4,9,0,0,110
7,1,2024-09-14,5,9,0,0,103
7,1,2024-09-15,6,9,0,0,171
7,1,2024-09-16,0,9,0,0,69
7,1,2024-09-17,1,9,0,0,128
7,1,2024-09-18,2,9,0,0,110
7,1,2024-09-19,3,9,0,0,77
7,1,2024-09-20,4,9,0,0,130
7,1,2024-09-21,5,9,0,0,96
7,1,2024-09-22,6,9,0,0,107
7,1,2024-09-23,0,9,0,0,74
7,1,2024-09-24,1,9,0,0,92
7,1,2024-09-25,2,9,0,0,94
7,1,2024-09-26,3,9,0,0,107
7,1,2024-09-27,4,9,0,0,132
7,1,2024-09-28,5,9,0,0,103
7,1,2024-09-29,6,9,0,0,62
7,1,2024-09-30,0,9,0,0,105
7,1,2024-10-01,1,10,0,1,132
7,1,2024-10-02,2,10,0,0,125
7,1,2024-10-03,3,10,0,0,96
7,1,2024-10-04,4,10,0,0,84
7,1,2024-10-05,5,10,0,0,96
7,1,2024-10-06,6,10,0,0,126
7,1,2024-10-07,0,10,0,0,92
7,1,2024-10-08,1,10,0,0,119
7,1,2024-10-09,2,10,0,0,93
7,1,2024-10-10,3,10,0,0,118
7,1,2024-10-11,4,10,0,0,75
7,1,2024-10-12,5,10,0,0,82
7,1,2024-10-13,6,10,0,0,130
7,1,2024-10-14,0,10,0,0,89
7,1,2024-10-15,1,10,0,1,138
7,1,2024-10-16,2,10,0,0,80
7,1,2024-10-17,3,10,0,0,79
7,1,2024-10-18,4,10,0,1,160
7,1,2024-10-19,5,10,0,0,114
7,1,2024-10-20,6,10,0,0,95
7,1,2024-10-21,0,10,0,0,109
7,1,2024-10-22,1,10,0,1,172
7,1,2024-10-23,2,10,0,0,95
7,1,2024-10-24,3,10,0,0,112
7,1,2024-10-25,4,10,0,0,80
7,1,2024-10-26,5,10,0,0,125
7,1,2024-10-27,6,10,0,0,118
7,1,2024-10-28,0,10,0,0,84
7,1,2024-10-29,1,10,0,0,129
7,1,2024-10-30,2,10,0,0,100
7,1,2024-10-31,3,10,0,0,87
7,1,2024-11-01,4,11,0,1,150
7,1,2024-11-02,5,11,0,0,102
7,1,2024-11-03,6,11,0,0,97
7,1,2024-11-04,0,11,0,0,94
7,1,2024-11-05,1,11,0,0,95
7,1,2024-11-06,2,11,0,0,88
7,1,2024-11-07,3,11,0,0,122
7,1,2024-11-08,4,11,0,0,88
7,1,2024-11-09,5,11,0,0,101
7,1,2024-11-10,6,11,0,0,96
7,1,2024-11-11,0,11,0,0,80
7,1,2024-11-12,1,11,0,0,118
7,1,2024-11-13,2,11,0,0,105
7,1,2024-11-14,3,11,0,0,112
7,1,2024-11-15,4,11,0,0,118
7,1,2024-11-16,5,11,0,0,113
7,1,2024-11-17,6,11,0,0,148
7,1,2024-11-18,0,11,0,0,91
7,1,2024-11-19,1,11,0,0,83
7,1,2024-11-20,2,11,0,0,107
7,1,2024-11-21,3,11,0,0,103
7,1,2024-11-22,4,11,1,0,169
7,1,2024-11-23,5,11,1,0,214
7,1,2024-11-24,6,11,1,0,187
7,1,2024-11-25,0,11,1,0,174
7,1,2024-11-26,1,11,1,0,202
7,1,2024-11-27,2,11,1,0,173
7,1,2024-11-28,3,11,1,0,179
7,1,2024-11-29,4,11,0,0,78
7,1,2024-11-30,5,11,0,0,192
7,1,2024-12-01,6,12,0,0,93
7,1,2024-12-02,0,12,0,0,98
7,1,2024-12-03,1,12,0,0,97
7,1,2024-12-04,2,12,0,1,209
7,1,2024-12-05,3,12,0,1,140
7,1,2024-12-06,4,12,0,0,115
7,1,2024-12-07,5,12,0,0,114
7,1,2024-12-08,6,12,0,0,104
7,1,2024-12-09,0,12,0,0,117
7,1,2024-12-10,1,12,0,0,95
7,1,2024-12-11,2,12,0,0,111
7,1,2024-12-12,3,12,0,0,118
7,1,2024-12-13,4,12,0,0,141
7,1,2024-12-14,5,12,0,0,100
7,1,2024-12-15,6,12,0,0,123
7,1,2024-12-16,0,12,0,0,105
7,1,2024-12-17,1,12,0,0,107
7,1,2024-12-18,2,12,0,0,153
7,1,2024-12-19,3,12,0,0,104
7,1,2024-12-20,4,12,0,0,63
7,1,2024-12-21,5,12,0,0,122
7,1,2024-12-22,6,12,0,0,123
7,1,2024-12-23,0,12,0,0,103
7,1,2024-12-24,1,12,1,0,152
7,1,2024-12-25,2,12,1,0,135
7,1,2024-12-26,3,12,0,0,145
7,1,2024-12-27,4,12,0,0,113
7,1,2024-12-28,5,12,0,0,122
7,1,2024-12-29,6,12,0,0,170
7,1,2024-12-30,0,12,0,1,134
7,1,2024-12-31,1,12,1,0,189
7,1,2025-01-01,2,1,0,0,91
7,1,2025-01-02,3,1,0,0,128
7,1,2025-01-03,4,1,0,0,93
7,1,2025-01-04,5,1,0,0,142
7,1,2025-01-05,6,1,0,0,174
7,1,2025-01-06,0,1,0,0,116
7,1,2025-01-07,1,1,0,0,73
7,1,2025-01-08,2,1,0,0,115
7,1,2025-01-09,3,1,0,0,123
7,1,2025-01-10,4,1,0,0,131
7,1,2025-01-11,5,1,0,0,164
7,1,2025-01-12,6,1,0,0,165
7,1,2025-01-13,0,1,0,0,111
7,1,2025-01-14,1,1,0,0,102
7,1,2025-01-15,2,1,0,1,133
7,1,2025-01-16,3,1,0,0,104
7,1,2025-01-17,4,1,0,0,123
7,1,2025-01-18,5,1,0,0,103
7,1,2025-01-19,6,1,0,0,112
7,1,2025-01-20,0,1,0,0,124
7,1,2025-01-21,1,1,0,0,102
7,1,2025-01-22,2,1,0,0,121
7,1,2025-01-23,3,1,0,0,99
7,1,2025-01-24,4,1,0,0,119
7,1,2025-01-25,5,1,0,0,116
7,1,2025-01-26,6,1,0,0,91
7,1,2025-01-27,0,1,0,0,132
7,1,2025-01-28,1,1,0,0,101
7,1,2025-01-29,2,1,0,0,109
7,1,2025-01-30,3,1,0,0,101
7,1,2025-01-31,4,1,0,0,124
7,1,2025-02-01,5,2,0,0,144
7,1,2025-02-02,6,2,0,0,149
7,1,2025-02-03,0,2,0,0,108
7,1,2025-02-04,1,2,0,0,118
7,1,2025-02-05,2,2,0,0,127
7,1,2025-02-06,3,2,0,0,149
7,1,2025-02-07,4,2,0,0,125
7,1,2025-02-08,5,2,0,0,114
7,1,2025-02-09,6,2,0,0,143
7,1,2025-02-10,0,2,0,0,115
7,1,2025-02-11,1,2,0,0,80
7,1,2025-02-12,2,2,0,1,117
7,1,2025-02-13,3,2,0,1,165
7,1,2025-02-14,4,2,0,0,119
7,1,2025-02-15,5,2,0,0,130
7,1,2025-02-16,6,2,0,0,157
7,1,2025-02-17,0,2,0,0,100
7,1,2025-02-18,1,2,0,0,92
7,1,2025-02-19,2,2,0,0,103
7,1,2025-02-20,3,2,0,0,107
7,1,2025-02-21,4,2,0,0,117
7,1,2025-02-22,5,2,0,0,119
7,1,2025-02-23,6,2,0,0,89
7,1,2025-02-24,0,2,0,0,69
7,1,2025-02-25,1,2,0,0,121
7,1,2025-02-26,2,2,0,0,97
7,1,2025-02-27,3,2,0,1,112
7,1,2025-02-28,4,2,0,0,131
7,1,2025-03-01,5,3,0,0,174
7,1,2025-03-02,6,3,0,0,137
7,1,2025-03-03,0,3,0,1,176
7,1,2025-03-04,1,3,0,0,126
7,1,2025-03-05,2,3,0,0,75
7,1,2025-03-06,3,3,0,0,138
7,1,2025-03-07,4,3,0,0,145
7,1,2025-03-08,5,3,0,1,243
7,1,2025-03-09,6,3,0,0,129
7,1,2025-03-10,0,3,0,0,98
7,1,2025-03-11,1,3,0,0,147
7,1,2025-03-12,2,3,0,0,130
7,1,2025-03-13,3,3,0,0,137
7,1,2025-03-14,4,3,0,0,108
7,1,2025-03-15,5,3,0,0,145
7,1,2025-03-16,6,3,0,0,115
7,1,2025-03-17,0,3,0,0,120
7,1,2025-03-18,1,3,0,0,113
7,1,2025-03-19,2,3,0,0,166
7,1,2025-03-20,3,3,0,0,131
7,1,2025-03-21,4,3,0,0,78
7,1,2025-03-22,5,3,0,0,139
7,1,2025-03-23,6,3,0,0,147
7,1,2025-03-24,0,3,0,0,111
7,1,2025-03-25,1,3,0,0,99
7,1,2025-03-26,2,3,0,0,133
7,1,2025-03-27,3,3,0,0,101
7,1,2025-03-28,4,3,0,0,132
7,1,2025-03-29,5,3,0,0,115
7,1,2025-03-30,6,3,0,0,127
7,1,2025-03-31,0,3,0,0,139
7,1,2025-04-01,1,4,0,0,128
7,1,2025-04-02,2,4,0,0,119
7,1,2025-04-03,3,4,0,0,118
7,1,2025-04-04,4,4,0,1,169
7,1,2025-04-05,5,4,0,0,119
7,1,2025-04-06,6,4,0,0,103
7,1,2025-04-07,0,4,0,1,182
7,1,2025-04-08,1,4,0,0,148
7,1,2025-04-09,2,4,0,0,130
7,1,2025-04-10,3,4,0,0,123
7,1,2025-04-11,4,4,0,0,95
7,1,2025-04-12,5,4,0,0,157
7,1,2025-04-13,6,4,0,0,148
7,1,2025-04-14,0,4,0,0,133
7,1,2025-04-15,1,4,0,0,139
7,1,2025-04-16,2,4,0,0,149
7,1,2025-04-17,3,4,0,0,97
7,1,2025-04-18,4,4,0,0,94
7,1,2025-04-19,5,4,0,0,140
7,1,2025-04-20,6,4,0,0,116
7,1,2025-04-21,0,4,0,0,97
7,1,2025-04-22,1,4,0,0,142
7,1,2025-04-23,2,4,0,0,99
7,1,2025-04-24,3,4,0,0,118
7,1,2025-04-25,4,4,0,0,87
7,1,2025-04-26,5,4,0,0,138
7,1,2025-04-27,6,4,0,0,163
7,1,2025-04-28,0,4,0,0,142
7,1,2025-04-29,1,4,0,0,139
7,1,2025-04-30,2,4,0,0,117
7,1,2025-05-01,3,5,0,0,135
7,1,2025-05-02,4,5,0,0,122
7,1,2025-05-03,5,5,0,0,123
7,1,2025-05-04,6,5,0,0,140
7,1,2025-05-05,0,5,0,0,130
7,1,2025-05-06,1,5,0,0,89
7,1,2025-05-07,2,5,0,0,94
7,1,2025-05-08,3,5,0,0,111
7,1,2025-05-09,4,5,0,0,91
7,1,2025-05-10,5,5,0,0,106
7,1,2025-05-11,6,5,0,0,123
7,1,2025-05-12,0,5,0,0,132
7,1,2025-05-13,1,5,0,0,132
7,1,2025-05-14,2,5,0,0,120
7,1,2025-05-15,3,5,0,0,117
7,1,2025-05-16,4,5,0,0,153
7,1,2025-05-17,5,5,0,0,121
7,1,2025-05-18,6,5,0,0,137
7,1,2025-05-19,0,5,0,1,147
7,1,2025-05-20,1,5,0,0,90
7,1,2025-05-21,2,5,0,0,136
7,1,2025-05-22,3,5,0,0,108
7,1,2025-05-23,4,5,0,0,127
7,1,2025-05-24,5,5,0,1,173
7,1,2025-05-25,6,5,0,0,159
7,1,2025-05-26,0,5,0,0,95
7,1,2025-05-27,1,5,0,0,136
7,1,2025-05-28,2,5,0,0,130
7,1,2025-05-29,3,5,0,0,80
7,1,2025-05-30,4,5,0,1,148
7,1,2025-05-31,5,5,0,0,154
7,1,2025-06-01,6,6,0,0,159
7,1,2025-06-02,0,6,0,0,120
7,1,2025-06-03,1,6,0,0,100
7,1,2025-06-04,2,6,0,0,90
7,1,2025-06-05,3,6,0,0,117
7,1,2025-06-06,4,6,0,0,100
7,1,2025-06-07,5,6,0,0,118
7,1,2025-06-08,6,6,0,0,121
7,1,2025-06-09,0,6,0,1,178
7,1,2025-06-10,1,6,0,0,139
7,1,2025-06-11,2,6,0,0,125
7,1,2025-06-12,3,6,0,0,108
7,1,2025-06-13,4,6,0,0,92
7,1,2025-06-14,5,6,0,0,140
7,1,2025-06-15,6,6,0,0,160
7,1,2025-06-16,0,6,0,0,125
7,1,2025-06-17,1,6,0,0,111
7,1,2025-06-18,2,6,0,0,99
7,1,2025-06-19,3,6,0,0,113
7,1,2025-06-20,4,6,0,0,128
7,1,2025-06-21,5,6,0,0,131
7,1,2025-06-22,6,6,0,0,124
7,1,2025-06-23,0,6,0,0,95
7,1,2025-06-24,1,6,0,0,153
7,1,2025-06-25,2,6,0,0,92
7,1,2025-06-26,3,6,0,0,90
7,1,2025-06-27,4,6,0,0,110
7,1,2025-06-28,5,6,0,0,122
7,1,2025-06-29,6,6,0,0,147
7,1,2025-06-30,0,6,0,0,126
7,1,2025-07-01,1,7,0,0,81
7,1,2025-07-02,2,7,0,1,131
7,1,2025-07-03,3,7,0,0,87
7,1,2025-07-04,4,7,0,0,114
7,1,2025-07-05,5,7,0,0,128
7,1,2025-07-06,6,7,0,0,112
7,1,2025-07-07,0,7,0,0,105
7,1,2025-07-08,1,7,0,0,82
7,1,2025-07-09,2,7,0,0,89
7,1,2025-07-10,3,7,0,0,80
7,1,2025-07-11,4,7,0,0,103
7,1,2025-07-12,5,7,0,0,122
7,1,2025-07-13,6,7,0,1,141
7,1,2025-07-14,0,7,0,0,108
7,1,2025-07-15,1,7,0,0,118
7,1,2025-07-16,2,7,0,1,124
7,1,2025-07-17,3,7,0,0,96
7,1,2025-07-18,4,7,0,0,109
7,1,2025-07-19,5,7,0,0,119
7,1,2025-07-20,6,7,0,0,93
7,1,2025-07-21,0,7,0,0,94
7,1,2025-07-22,1,7,0,0,93
7,1,2025-07-23,2,7,0,1,145
7,1,2025-07-24,3,7,0,0,99
7,1,2025-07-25,4,7,0,0,127
7,1,2025-07-26,5,7,0,0,115
7,1,2025-07-27,6,7,0,0,86
7,1,2025-07-28,0,7,0,0,102
7,1,2025-07-29,1,7,0,0,130
7,1,2025-07-30,2,7,0,0,98
7,1,2025-07-31,3,7,0,0,94
7,1,2025-08-01,4,8,0,0,91
7,1,2025-08-02,5,8,0,0,126
7,1,2025-08-03,6,8,0,0,109
7,1,2025-08-04,0,8,0,0,72
7,1,2025-08-05,1,8,0,0,86
7,1,2025-08-06,2,8,0,0,95
7,1,2025-08-07,3,8,0,0,105
7,1,2025-08-08,4,8,0,0,87
7,1,2025-08-09,5,8,0,0,109
7,1,2025-08-10,6,8,0,0,115
7,1,2025-08-11,0,8,0,0,84
7,1,2025-08-12,1,8,0,0,95
7,1,2025-08-13,2,8,0,0,104
7,1,2025-08-14,3,8,0,0,78
7,1,2025-08-15,4,8,0,0,101
7,1,2025-08-16,5,8,0,1,134
7,1,2025-08-17,6,8,0,0,95
7,1,2025-08-18,0,8,0,0,86
7,1,2025-08-19,1,8,0,0,118
7,1,2025-08-20,2,8,0,0,69
7,1,2025-08-21,3,8,0,0,89
7,1,2025-08-22,4,8,0,0,96
7,1,2025-08-23,5,8,0,0,136
7,1,2025-08-24,6,8,0,0,151
7,1,2025-08-25,0,8,0,0,90
7,1,2025-08-26,1,8,0,0,105
7,1,2025-08-27,2,8,0,0,95
7,1,2025-08-28,3,8,0,0,95
7,1,2025-08-29,4,8,0,0,101
7,1,2025-08-30,5,8,0,0,85
7,1,2025-08-31,6,8,0,0,114
7,1,2025-09-01,0,9,0,0,101
7,1,2025-09-02,1,9,0,0,81
7,1,2025-09-03,2,9,0,0,102
7,1,2025-09-04,3,9,0,0,68
7,1,2025-09-05,4,9,0,0,96
7,1,2025-09-06,5,9,0,0,138
7,1,2025-09-07,6,9,0,0,109
7,1,2025-09-08,0,9,0,0,79
7,1,2025-09-09,1,9,0,0,72
7,1,2025-09-10,2,9,0,0,101
7,1,2025-09-11,3,9,0,0,109
7,1,2025-09-12,4,9,0,0,94
7,1,2025-09-13,5,9,0,0,104
7,1,2025-09-14,6,9,0,0,77
7,1,2025-09-15,0,9,0,0,96
7,1,2025-09-16,1,9,0,0,84
7,1,2025-09-17,2,9,0,0,85
7,1,2025-09-18,3,9,0,0,119
7,1,2025-09-19,4,9,0,0,67
7,1,2025-09-20,5,9,0,0,82
7,1,2025-09-21,6,9,0,0,117
7,1,2025-09-22,0,9,0,0,89
7,1,2025-09-23,1,9,0,0,86
7,1,2025-09-24,2,9,0,0,99
7,1,2025-09-25,3,9,0,0,98
7,1,2025-09-26,4,9,0,0,79
7,1,2025-09-27,5,9,0,0,102
7,1,2025-09-28,6,9,0,0,114
7,1,2025-09-29,0,9,0,0,97
7,1,2025-09-30,1,9,0,0,102
7,1,2025-10-01,2,10,0,0,87
7,1,2025-10-02,3,10,0,0,102
7,1,2025-10-03,4,10,0,0,111
7,1,2025-10-04,5,10,0,0,115
7,1,2025-10-05,6,10,0,0,113
7,1,2025-10-06,0,10,0,0,93
7,1,2025-10-07,1,10,0,0,87
7,1,2025-10-08,2,10,0,0,81
7,1,2025-10-09,3,10,0,1,138
7,1,2025-10-10,4,10,0,0,103
7,1,2025-10-11,5,10,0,0,98
7,1,2025-10-12,6,10,0,0,113
7,1,2025-10-13,0,10,0,0,93
7,1,2025-10-14,1,10,0,0,124
7,1,2025-10-15,2,10,0,0,108
7,1,2025-10-16,3,10,0,0,107
7,1,2025-10-17,4,10,0,0,111
7,1,2025-10-18,5,10,0,0,104
7,1,2025-10-19,6,10,0,0,140
7,1,2025-10-20,0,10,0,0,99
7,1,2025-10-21,1,10,0,0,96
7,1,2025-10-22,2,10,0,0,77
7,1,2025-10-23,3,10,0,0,90
7,1,2025-10-24,4,10,0,0,68
7,1,2025-10-25,5,10,0,0,110
7,1,2025-10-26,6,10,0,0,104
7,1,2025-10-27,0,10,0,0,90
7,1,2025-10-28,1,10,0,0,74
7,1,2025-10-29,2,10,0,0,107
7,1,2025-10-30,3,10,0,0,106
7,1,2025-10-31,4,10,0,0,123
7,1,2025-11-01,5,11,0,0,152
7,1,2025-11-02,6,11,0,0,122
7,1,2025-11-03,0,11,0,0,118
7,1,2025-11-04,1,11,0,0,105
7,1,2025-11-05,2,11,0,0,94
7,1,2025-11-06,3,11,0,0,96
7,1,2025-11-07,4,11,0,0,112
7,1,2025-11-08,5,11,0,0,199
7,1,2025-11-09,6,11,0,0,142
7,1,2025-11-10,0,11,0,0,105
7,1,2025-11-11,1,11,0,1,161
7,1,2025-11-12,2,11,0,0,109
7,1,2025-11-13,3,11,0,0,99
7,1,2025-11-14,4,11,0,0,113
7,1,2025-11-15,5,11,0,0,116
7,1,2025-11-16,6,11,0,0,100
7,1,2025-11-17,0,11,0,0,109
7,1,2025-11-18,1,11,0,0,111
7,1,2025-11-19,2,11,0,0,99
7,1,2025-11-20,3,11,0,0,106
7,1,2025-11-21,4,11,0,0,117
7,1,2025-11-22,5,11,1,0,182
7,1,2025-11-23,6,11,1,0,170
7,1,2025-11-24,0,11,1,0,146
7,1,2025-11-25,1,11,1,0,159
7,1,2025-11-26,2,11,1,0,207
7,1,2025-11-27,3,11,1,0,160
7,1,2025-11-28,4,11,1,0,175
7,1,2025-11-29,5,11,0,0,113
7,1,2025-11-30,6,11,0,0,111
7,1,2025-12-01,0,12,0,0,92
7,1,2025-12-02,1,12,0,0,109
7,1,2025-12-03,2,12,0,0,98
7,1,2025-12-04,3,12,0,0,130
7,1,2025-12-05,4,12,0,0,106
7,1,2025-12-06,5,12,0,0,125
7,1,2025-12-07,6,12,0,0,122
7,1,2025-12-08,0,12,0,0,114
7,1,2025-12-09,1,12,0,0,134
7,1,2025-12-10,2,12,0,0,89
7,1,2025-12-11,3,12,0,0,112
7,1,2025-12-12,4,12,0,0,80
7,1,2025-12-13,5,12,0,0,151
7,1,2025-12-14,6,12,0,0,124
7,1,2025-12-15,0,12,0,0,81
7,1,2025-12-16,1,12,0,0,85
7,1,2025-12-17,2,12,0,0,122
7,1,2025-12-18,3,12,0,0,78
7,1,2025-12-19,4,12,0,0,112
7,1,2025-12-20,5,12,0,1,162
7,1,2025-12-21,6,12,0,0,122
7,1,2025-12-22,0,12,0,0,96
7,1,2025-12-23,1,12,0,0,91
7,1,2025-12-24,2,12,1,0,158
7,1,2025-12-25,3,12,1,0,188
7,1,2025-12-26,4,12,0,0,102
7,1,2025-12-27,5,12,0,0,134
7,1,2025-12-28,6,12,0,1,167
7,1,2025-12-29,0,12,0,0,118
7,1,2025-12-30,1,12,0,0,115
7,1,2025-12-31,2,12,1,0,157
7,1,2026-01-01,3,1,0,1,137
7,1,2026-01-02,4,1,0,0,132
7,1,2026-01-03,5,1,0,0,115
7,1,2026-01-04,6,1,0,0,143
7,1,2026-01-05,0,1,0,0,114
7,1,2026-01-06,1,1,0,0,105
7,1,2026-01-07,2,1,0,0,122
7,1,2026-01-08,3,1,0,0,139
7,1,2026-01-09,4,1,0,0,125
7,1,2026-01-10,5,1,0,0,135
7,1,2026-01-11,6,1,0,0,167
7,1,2026-01-12,0,1,0,0,83
7,1,2026-01-13,1,1,0,0,93
7,1,2026-01-14,2,1,0,0,105
7,1,2026-01-15,3,1,0,0,140
7,1,2026-01-16,4,1,0,0,131
7,1,2026-01-17,5,1,0,0,95
7,1,2026-01-18,6,1,0,0,123
7,1,2026-01-19,0,1,0,0,89
7,1,2026-01-20,1,1,0,0,113
7,1,2026-01-21,2,1,0,0,131
7,1,2026-01-22,3,1,0,0,132
7,1,2026-01-23,4,1,0,0,119
7,1,2026-01-24,5,1,0,0,123
7,1,2026-01-25,6,1,0,0,130
7,1,2026-01-26,0,1,0,1,180
7,1,2026-01-27,1,1,0,0,158
7,1,2026-01-28,2,1,0,0,92
7,1,2026-01-29,3,1,0,0,143
7,1,2026-01-30,4,1,0,0,118
7,1,2026-01-31,5,1,0,0,150
7,1,2026-02-01,6,2,0,0,141
7,1,2026-02-02,0,2,0,0,146
7,1,2026-02-03,1,2,0,0,125
7,1,2026-02-04,2,2,0,0,106
7,1,2026-02-05,3,2,0,0,127
7,1,2026-02-06,4,2,0,0,140
7,1,2026-02-07,5,2,0,0,137
7,1,2026-02-08,6,2,0,0,91
7,1,2026-02-09,0,2,0,0,116
7,1,2026-02-10,1,2,0,0,120
7,1,2026-02-11,2,2,0,1,166
7,1,2026-02-12,3,2,0,0,109
7,1,2026-02-13,4,2,0,0,144
7,1,2026-02-14,5,2,0,0,84
7,1,2026-02-15,6,2,0,0,139
7,1,2026-02-16,0,2,0,0,121
7,1,2026-02-17,1,2,0,0,159
7,1,2026-02-18,2,2,0,0,118
7,1,2026-02-19,3,2,0,0,127
7,1,2026-02-20,4,2,0,0,121
7,1,2026-02-21,5,2,0,0,139
7,1,2026-02-22,6,2,0,0,176
7,1,2026-02-23,0,2,0,0,97
7,1,2026-02-24,1,2,0,0,106
7,1,2026-02-25,2,2,0,0,133
7,1,2026-02-26,3,2,0,0,124
7,1,2026-02-27,4,2,0,0,113
7,1,2026-02-28,5,2,0,0,135
7,1,2026-03-01,6,3,0,0,159
7,1,2026-03-02,0,3,0,0,130
7,1,2026-03-03,1,3,0,0,106
7,1,2026-03-04,2,3,0,0,125
7,1,2026-03-05,3,3,0,0,119
7,1,2026-03-06,4,3,0,0,130
7,1,2026-03-07,5,3,0,0,131
7,1,2026-03-08,6,3,0,0,111
7,1,2026-03-09,0,3,0,0,134
7,1,2026-03-10,1,3,0,0,131
7,1,2026-03-11,2,3,0,0,148
7,1,2026-03-12,3,3,0,0,94
7,1,2026-03-13,4,3,0,0,119
7,1,2026-03-14,5,3,0,0,133
7,1,2026-03-15,6,3,0,0,130
7,1,2026-03-16,0,3,0,0,90
7,1,2026-03-17,1,3,0,0,99
7,1,2026-03-18,2,3,0,0,126
7,1,2026-03-19,3,3,0,0,110
7,1,2026-03-20,4,3,0,0,104
7,1,2026-03-21,5,3,0,0,171
7,1,2026-03-22,6,3,0,0,192
7,1,2026-03-23,0,3,0,0,119
7,1,2026-03-24,1,3,0,0,91
7,1,2026-03-25,2,3,0,0,128
7,1,2026-03-26,3,3,0,0,79
7,1,2026-03-27,4,3,0,0,94
7,1,2026-03-28,5,3,0,1,200
7,1,2026-03-29,6,3,0,0,107
7,1,2026-03-30,0,3,0,0,114
7,1,2026-03-31,1,3,0,1,128
7,1,2026-04-01,2,4,0,0,120
7,1,2026-04-02,3,4,0,0,140
7,1,2026-04-03,4,4,0,0,107
7,1,2026-04-04,5,4,0,0,137
7,1,2026-04-05,6,4,0,0,119
7,1,2026-04-06,0,4,0,0,104
7,1,2026-04-07,1,4,0,1,144
7,1,2026-04-08,2,4,0,0,134
7,1,2026-04-09,3,4,0,0,91
7,1,2026-04-10,4,4,0,0,112
7,1,2026-04-11,5,4,0,0,146
7,1,2026-04-12,6,4,0,0,157
7,1,2026-04-13,0,4,0,0,127
7,1,2026-04-14,1,4,0,0,117
7,1,2026-04-15,2,4,0,0,108
7,1,2026-04-16,3,4,0,0,136
7,1,2026-04-17,4,4,0,0,102
7,1,2026-04-18,5,4,0,0,118
7,1,2026-04-19,6,4,0,0,167
7,1,2026-04-20,0,4,0,0,126
7,1,2026-04-21,1,4,0,0,126
7,1,2026-04-22,2,4,0,0,130
7,1,2026-04-23,3,4,0,0,117
7,1,2026-04-24,4,4,0,0,91
7,1,2026-04-25,5,4,0,0,143
7,1,2026-04-26,6,4,0,0,137
7,1,2026-04-27,0,4,0,0,102
7,1,2026-04-28,1,4,0,0,97
7,1,2026-04-29,2,4,0,0,118
7,1,2026-04-30,3,4,0,0,92
7,1,2026-05-01,4,5,0,1,158
7,1,2026-05-02,5,5,0,0,127
7,1,2026-05-03,6,5,0,0,130
7,1,2026-05-04,0,5,0,0,121
7,1,2026-05-05,1,5,0,0,125
7,1,2026-05-06,2,5,0,0,101
7,1,2026-05-07,3,5,0,0,130
7,1,2026-05-08,4,5,0,0,110
7,1,2026-05-09,5,5,0,0,170
7,1,2026-05-10,6,5,0,0,120
7,1,2026-05-11,0,5,0,0,84
7,1,2026-05-12,1,5,0,0,129
7,1,2026-05-13,2,5,0,0,122
7,1,2026-05-14,3,5,0,0,136
7,1,2026-05-15,4,5,0,0,120
7,1,2026-05-16,5,5,0,0,183
7,1,2026-05-17,6,5,0,0,128
7,1,2026-05-18,0,5,0,0,133
7,1,2026-05-19,1,5,0,0,104
7,1,2026-05-20,2,5,0,0,123
7,1,2026-05-21,3,5,0,0,126
7,1,2026-05-22,4,5,0,0,129
7,1,2026-05-23,5,5,0,0,149
7,1,2026-05-24,6,5,0,0,62
7,1,2026-05-25,0,5,0,0,113
7,1,2026-05-26,1,5,0,0,103
7,1,2026-05-27,2,5,0,0,107
7,1,2026-05-28,3,5,0,0,109
7,1,2026-05-29,4,5,0,0,132
7,1,2026-05-30,5,5,0,0,137
7,1,2026-05-31,6,5,0,1,166
7,1,2026-06-01,0,6,0,0,82
7,1,2026-06-02,1,6,0,0,134
7,1,2026-06-03,2,6,0,0,96
7,1,2026-06-04,3,6,0,0,105
7,1,2026-06-05,4,6,0,0,145
7,1,2026-06-06,5,6,0,0,113
7,1,2026-06-07,6,6,0,0,120
7,1,2026-06-08,0,6,0,0,111
7,1,2026-06-09,1,6,0,0,79
7,1,2026-06-10,2,6,0,0,77
7,1,2026-06-11,3,6,0,0,99
7,1,2026-06-12,4,6,0,0,100
7,1,2026-06-13,5,6,0,0,129
7,1,2026-06-14,6,6,0,0,106
7,1,2026-06-15,0,6,0,0,115
7,1,2026-06-16,1,6,0,1,101
7,1,2026-06-17,2,6,0,0,106
7,1,2026-06-18,3,6,0,0,114
7,1,2026-06-19,4,6,0,0,113
7,1,2026-06-20,5,6,0,0,122
7,1,2026-06-21,6,6,0,0,112
7,1,2026-06-22,0,6,0,0,104
7,1,2026-06-23,1,6,0,0,129
7,1,2026-06-24,2,6,0,0,97
7,1,2026-06-25,3,6,0,0,125
7,1,2026-06-26,4,6,0,0,127
7,1,2026-06-27,5,6,0,0,90
7,1,2026-06-28,6,6,0,0,123
7,1,2026-06-29,0,6,0,0,90
7,1,2026-06-30,1,6,0,1,117
7,1,2026-07-01,2,7,0,0,114
7,1,2026-07-02,3,7,0,0,109
7,1,2026-07-03,4,7,0,0,105
7,1,2026-07-04,5,7,0,0,98
7,1,2026-07-05,6,7,0,0,123
7,1,2026-07-06,0,7,0,0,79
7,1,2026-07-07,1,7,0,1,151
7,1,2026-07-08,2,7,0,0,90
7,1,2026-07-09,3,7,0,0,118
7,1,2026-07-10,4,7,0,0,95
7,1,2026-07-11,5,7,0,0,124
7,1,2026-07-12,6,7,0,0,124
7,1,2026-07-13,0,7,0,0,100
7,1,2026-07-14,1,7,0,0,103
7,1,2026-07-15,2,7,0,0,106
7,1,2026-07-16,3,7,0,0,86
7,1,2026-07-17,4,7,0,0,108
7,1,2026-07-18,5,7,0,1,191
7,1,2026-07-19,6,7,0,0,127
7,1,2026-07-20,0,7,0,0,95
7,1,2026-07-21,1,7,0,0,104
7,1,2026-07-22,2,7,0,0,95
7,1,2026-07-23,3,7,0,0,99
7,1,2026-07-24,4,7,0,0,81
7,1,2026-07-25,5,7,0,0,146
7,1,2026-07-26,6,7,0,0,157
7,1,2026-07-27,0,7,0,0,89
7,1,2026-07-28,1,7,0,0,114
7,1,2026-07-29,2,7,0,0,125
7,1,2026-07-30,3,7,0,0,85
7,1,2026-07-31,4,7,0,0,65
7,1,2026-08-01,5,8,0,0,143
7,1,2026-08-02,6,8,0,0,114
7,1,2026-08-03,0,8,0,0,88
7,1,2026-08-04,1,8,0,0,97
7,1,2026-08-05,2,8,0,0,90
7,1,2026-08-06,3,8,0,0,143
7,1,2026-08-07,4,8,0,0,88
7,1,2026-08-08,5,8,0,1,172
7,1,2026-08-09,6,8,0,0,139
7,1,2026-08-10,0,8,0,0,116
7,1,2026-08-11,1,8,0,0,113
7,1,2026-08-12,2,8,0,0,90
7,1,2026-08-13,3,8,0,0,94
7,1,2026-08-14,4,8,0,0,62
7,1,2026-08-15,5,8,0,0,113
7,1,2026-08-16,6,8,0,0,115
7,1,2026-08-17,0,8,0,0,108
7,1,2026-08-18,1,8,0,1,187
7,1,2026-08-19,2,8,0,0,107
7,1,2026-08-20,3,8,0,0,113
7,1,2026-08-21,4,8,0,0,96
7,1,2026-08-22,5,8,0,0,139
7,1,2026-08-23,6,8,0,0,115
7,1,2026-08-24,0,8,0,0,114
7,1,2026-08-25,1,8,0,0,109
7,1,2026-08-26,2,8,0,0,102
7,1,2026-08-27,3,8,0,0,72
7,1,2026-08-28,4,8,0,0,113
7,1,2026-08-29,5,8,0,0,122
7,1,2026-08-30,6,8,0,0,128
7,1,2026-08-31,0,8,0,0,101
7,2,2024-09-01,6,9,0,0,54
7,2,2024-09-02,0,9,0,0,38
7,2,2024-09-03,1,9,0,0,35
7,2,2024-09-04,2,9,0,0,30
7,2,2024-09-05,3,9,0,0,47
7,2,2024-09-06,4,9,0,0,35
7,2,2024-09-07,5,9,0,0,40
7,2,2024-09-08,6,9,0,0,50
7,2,2024-09-09,0,9,0,0,33
7,2,2024-09-10,1,9,0,0,40
7,2,2024-09-11,2,9,0,0,38
7,2,2024-09-12,3,9,0,0,44
7,2,2024-09-13,4,9,0,0,44
7,2,2024-09-14,5,9,0,0,55
7,2,2024-09-15,6,9,0,1,71
7,2,2024-09-16,0,9,0,0,36
7,2,2024-09-17,1,9,0,0,35
7,2,2024-09-18,2,9,0,0,37
7,2,2024-09-19,3,9,0,0,49
7,2,2024-09-20,4,9,0,0,39
7,2,2024-09-21,5,9,0,0,50
7,2,2024-09-22,6,9,0,0,58
7,2,2024-09-23,0,9,0,0,41
7,2,2024-09-24,1,9,0,0,36
7,2,2024-09-25,2,9,0,0,43
7,2,2024-09-26,3,9,0,0,38
7,2,2024-09-27,4,9,0,0,41
7,2,2024-09-28,5,9,0,0,52
7,2,2024-09-29,6,9,0,0,46
7,2,2024-09-30,0,9,0,0,41
7,2,2024-10-01,1,10,0,0,48
7,2,2024-10-02,2,10,0,0,37
7,2,2024-10-03,3,10,0,0,47
7,2,2024-10-04,4,10,0,0,38
7,2,2024-10-05,5,10,0,0,60
7,2,2024-10-06,6,10,0,1,63
7,2,2024-10-07,0,10,0,0,39
7,2,2024-10-08,1,10,0,0,48
7,2,2024-10-09,2,10,0,0,48
7,2,2024-10-10,3,10,0,0,45
7,2,2024-10-11,4,10,0,0,35
7,2,2024-10-12,5,10,0,0,50
7,2,2024-10-13,6,10,0,0,50
7,2,2024-10-14,0,10,0,0,36
7,2,2024-10-15,1,10,0,0,44
7,2,2024-10-16,2,10,0,0,37
7,2,2024-10-17,3,10,0,0,34
7,2,2024-10-18,4,10,0,0,32
7,2,2024-10-19,5,10,0,1,85
7,2,2024-10-20,6,10,0,0,46
7,2,2024-10-21,0,10,0,0,38
7,2,2024-10-22,1,10,0,0,35
7,2,2024-10-23,2,10,0,1,71
7,2,2024-10-24,3,10,0,0,34
7,2,2024-10-25,4,10,0,0,35
7,2,2024-10-26,5,10,0,0,48
7,2,2024-10-27,6,10,0,0,49
7,2,2024-10-28,0,10,0,0,44
7,2,2024-10-29,1,10,0,0,37
7,2,2024-10-30,2,10,0,0,48
7,2,2024-10-31,3,10,0,0,37
7,2,2024-11-01,4,11,0,0,37
7,2,2024-11-02,5,11,0,0,45
7,2,2024-11-03,6,11,0,0,47
7,2,2024-11-04,0,11,0,0,36
7,2,2024-11-05,1,11,0,0,46
7,2,2024-11-06,2,11,0,0,37
7,2,2024-11-07,3,11,0,0,42
7,2,2024-11-08,4,11,0,0,37
7,2,2024-11-09,5,11,0,0,44
7,2,2024-11-10,6,11,0,0,58
7,2,2024-11-11,0,11,0,0,51
7,2,2024-11-12,1,11,0,0,49
7,2,2024-11-13,2,11,0,0,35
7,2,2024-11-14,3,11,0,0,36
7,2,2024-11-15,4,11,0,0,53
7,2,2024-11-16,5,11,0,0,50
7,2,2024-11-17,6,11,0,0,43
7,2,2024-11-18,0,11,0,0,48
7,2,2024-11-19,1,11,0,0,43
7,2,2024-11-20,2,11,0,0,45
7,2,2024-11-21,3,11,0,0,31
7,2,2024-11-22,4,11,1,0,67
7,2,2024-11-23,5,11,1,0,88
7,2,2024-11-24,6,11,1,0,72
7,2,2024-11-25,0,11,1,0,80
7,2,2024-11-26,1,11,1,0,58
7,2,2024-11-27,2,11,1,0,69
7,2,2024-11-28,3,11,1,0,84
7,2,2024-11-29,4,11,0,0,37
7,2,2024-11-30,5,11,0,0,53
7,2,2024-12-01,6,12,0,0,58
7,2,2024-12-02,0,12,0,0,46
7,2,2024-12-03,1,12,0,0,44
7,2,2024-12-04,2,12,0,0,40
7,2,2024-12-05,3,12,0,0,46
7,2,2024-12-06,4,12,0,0,45
7,2,2024-12-07,5,12,0,0,45
7,2,2024-12-08,6,12,0,1,85
7,2,2024-12-09,0,12,0,0,40
7,2,2024-12-10,1,12,0,0,37
7,2,2024-12-11,2,12,0,0,42
7,2,2024-12-12,3,12,0,0,40
7,2,2024-12-13,4,12,0,0,44
7,2,2024-12-14,5,12,0,0,46
7,2,2024-12-15,6,12,0,0,57
7,2,2024-12-16,0,12,0,0,53
7,2,2024-12-17,1,12,0,0,46
7,2,2024-12-18,2,12,0,1,54
7,2,2024-12-19,3,12,0,0,40
7,2,2024-12-20,4,12,0,0,46
7,2,2024-12-21,5,12,0,0,41
7,2,2024-12-22,6,12,0,0,46
7,2,2024-12-23,0,12,0,0,36
7,2,2024-12-24,1,12,1,0,73
7,2,2024-12-25,2,12,1,0,91
7,2,2024-12-26,3,12,0,0,38
7,2,2024-12-27,4,12,0,1,72
7,2,2024-12-28,5,12,0,0,50
7,2,2024-12-29,6,12,0,0,45
7,2,2024-12-30,0,12,0,0,54
7,2,2024-12-31,1,12,1,0,91
7,2,2025-01-01,2,1,0,0,50
7,2,2025-01-02,3,1,0,0,50
7,2,2025-01-03,4,1,0,0,48
7,2,2025-01-04,5,1,0,0,56
7,2,2025-01-05,6,1,0,0,59
7,2,2025-01-06,0,1,0,0,52
7,2,2025-01-07,1,1,0,0,58
7,2,2025-01-08,2,1,0,0,45
7,2,2025-01-09,3,1,0,0,49
7,2,2025-01-10,4,1,0,0,47
7,2,2025-01-11,5,1,0,0,64
7,2,2025-01-12,6,1,0,1,100
7,2,2025-01-13,0,1,0,0,54
7,2,2025-01-14,1,1,0,0,53
7,2,2025-01-15,2,1,0,0,53
7,2,2025-01-16,3,1,0,0,55
7,2,2025-01-17,4,1,0,0,62
7,2,2025-01-18,5,1,0,0,45
7,2,2025-01-19,6,1,0,1,83
7,2,2025-01-20,0,1,0,0,33
7,2,2025-01-21,1,1,0,0,54
7,2,2025-01-22,2,1,0,0,51
7,2,2025-01-23,3,1,0,0,45
7,2,2025-01-24,4,1,0,0,32
7,2,2025-01-25,5,1,0,0,57
7,2,2025-01-26,6,1,0,0,58
7,2,2025-01-27,0,1,0,0,48
7,2,2025-01-28,1,1,0,0,44
7,2,2025-01-29,2,1,0,0,43
7,2,2025-01-30,3,1,0,0,48
7,2,2025-01-31,4,1,0,0,43
7,2,2025-02-01,5,2,0,0,65
7,2,2025-02-02,6,2,0,0,58
7,2,2025-02-03,0,2,0,0,39
7,2,2025-02-04,1,2,0,0,51
7,2,2025-02-05,2,2,0,0,52
7,2,2025-02-06,3,2,0,0,60
7,2,2025-02-07,4,2,0,0,56
7,2,2025-02-08,5,2,0,0,52
7,2,2025-02-09,6,2,0,0,69
7,2,2025-02-10,0,2,0,0,41
7,2,2025-02-11,1,2,0,0,50
7,2,2025-02-12,2,2,0,0,55
7,2,2025-02-13,3,2,0,0,59
7,2,2025-02-14,4,2,0,0,61
7,2,2025-02-15,5,2,0,0,68
7,2,2025-02-16,6,2,0,0,58
7,2,2025-02-17,0,2,0,0,53
7,2,2025-02-18,1,2,0,0,51
7,2,2025-02-19,2,2,0,0,46
7,2,2025-02-20,3,2,0,0,49
7,2,2025-02-21,4,2,0,0,61
7,2,2025-02-22,5,2,0,0,64
7,2,2025-02-23,6,2,0,0,74
7,2,2025-02-24,0,2,0,1,61
7,2,2025-02-25,1,2,0,0,48
7,2,2025-02-26,2,2,0,0,52
7,2,2025-02-27,3,2,0,0,54
7,2,2025-02-28,4,2,0,0,49
7,2,2025-03-01,5,3,0,0,65
7,2,2025-03-02,6,3,0,0,65
7,2,2025-03-03,0,3,0,0,42
7,2,2025-03-04,1,3,0,0,55
7,2,2025-03-05,2,3,0,0,57
7,2,2025-03-06,3,3,0,0,52
7,2,2025-03-07,4,3,0,0,39
7,2,2025-03-08,5,3,0,0,58
7,2,2025-03-09,6,3,0,0,63
7,2,2025-03-10,0,3,0,0,45
7,2,2025-03-11,1,3,0,0,56
7,2,2025-03-12,2,3,0,0,55
7,2,2025-03-13,3,3,0,0,51
7,2,2025-03-14,4,3,0,0,51
7,2,2025-03-15,5,3,0,0,61
7,2,2025-03-16,6,3,0,0,60
7,2,2025-03-17,0,3,0,0,43
7,2,2025-03-18,1,3,0,0,48
7,2,2025-03-19,2,3,0,0,51
7,2,2025-03-20,3,3,0,0,59
7,2,2025-03-21,4,3,0,0,55
7,2,2025-03-22,5,3,0,0,70
7,2,2025-03-23,6,3,0,0,49
7,2,2025-03-24,0,3,0,0,48
7,2,2025-03-25,1,3,0,0,63
7,2,2025-03-26,2,3,0,0,46
7,2,2025-03-27,3,3,0,0,46
7,2,2025-03-28,4,3,0,0,49
7,2,2025-03-29,5,3,0,0,74
7,2,2025-03-30,6,3,0,1,73
7,2,2025-03-31,0,3,0,0,54
7,2,2025-04-01,1,4,0,0,52
7,2,2025-04-02,2,4,0,0,38
7,2,2025-04-03,3,4,0,1,70
7,2,2025-04-04,4,4,0,0,47
7,2,2025-04-05,5,4,0,0,64
7,2,2025-04-06,6,4,0,0,71
7,2,2025-04-07,0,4,0,0,48
7,2,2025-04-08,1,4,0,0,48
7,2,2025-04-09,2,4,0,0,65
7,2,2025-04-10,3,4,0,0,46
7,2,2025-04-11,4,4,0,0,42
7,2,2025-04-12,5,4,0,0,69
7,2,2025-04-13,6,4,0,0,59
7,2,2025-04-14,0,4,0,0,52
7,2,2025-04-15,1,4,0,0,64
7,2,2025-04-16,2,4,0,0,41
7,2,2025-04-17,3,4,0,0,49
7,2,2025-04-18,4,4,0,0,42
7,2,2025-04-19,5,4,0,0,61
7,2,2025-04-20,6,4,0,0,55
7,2,2025-04-21,0,4,0,0,43
7,2,2025-04-22,1,4,0,0,54
7,2,2025-04-23,2,4,0,0,50
7,2,2025-04-24,3,4,0,0,42
7,2,2025-04-25,4,4,0,0,43
7,2,2025-04-26,5,4,0,0,60
7,2,2025-04-27,6,4,0,0,47
7,2,2025-04-28,0,4,0,1,72
7,2,2025-04-29,1,4,0,0,58
7,2,2025-04-30,2,4,0,0,54
7,2,2025-05-01,3,5,0,0,44
7,2,2025-05-02,4,5,0,0,50
7,2,2025-05-03,5,5,0,0,48
7,2,2025-05-04,6,5,0,0,58
7,2,2025-05-05,0,5,0,0,46
7,2,2025-05-06,1,5,0,0,42
7,2,2025-05-07,2,5,0,0,52
7,2,2025-05-08,3,5,0,0,36
7,2,2025-05-09,4,5,0,0,41
7,2,2025-05-10,5,5,0,0,50
7,2,2025-05-11,6,5,0,1,73
7,2,2025-05-12,0,5,0,0,56
7,2,2025-05-13,1,5,0,0,52
7,2,2025-05-14,2,5,0,0,49
7,2,2025-05-15,3,5,0,0,48
7,2,2025-05-16,4,5,0,0,48
7,2,2025-05-17,5,5,0,0,66
7,2,2025-05-18,6,5,0,1,60
7,2,2025-05-19,0,5,0,0,52
7,2,2025-05-20,1,5,0,0,45
7,2,2025-05-21,2,5,0,0,51
7,2,2025-05-22,3,5,0,0,51
7,2,2025-05-23,4,5,0,0,52
7,2,2025-05-24,5,5,0,0,68
7,2,2025-05-25,6,5,0,0,47
7,2,2025-05-26,0,5,0,0,54
7,2,2025-05-27,1,5,0,0,48
7,2,2025-05-28,2,5,0,0,45
7,2,2025-05-29,3,5,0,0,60
7,2,2025-05-30,4,5,0,0,52
7,2,2025-05-31,5,5,0,0,54
7,2,2025-06-01,6,6,0,0,61
7,2,2025-06-02,0,6,0,1,65
7,2,2025-06-03,1,6,0,0,43
7,2,2025-06-04,2,6,0,1,61
7,2,2025-06-05,3,6,0,0,47
7,2,2025-06-06,4,6,0,0,42
7,2,2025-06-07,5,6,0,0,55
7,2,2025-06-08,6,6,0,0,60
7,2,2025-06-09,0,6,0,0,46
7,2,2025-06-10,1,6,0,0,56
7,2,2025-06-11,2,6,0,0,45
7,2,2025-06-12,3,6,0,1,76
7,2,2025-06-13,4,6,0,0,51
7,2,2025-06-14,5,6,0,0,64
7,2,2025-06-15,6,6,0,0,67
7,2,2025-06-16,0,6,0,0,35
7,2,2025-06-17,1,6,0,0,47
7,2,2025-06-18,2,6,0,0,45
7,2,2025-06-19,3,6,0,0,46
7,2,2025-06-20,4,6,0,0,43
7,2,2025-06-21,5,6,0,0,51
7,2,2025-06-22,6,6,0,1,65
7,2,2025-06-23,0,6,0,0,46
7,2,2025-06-24,1,6,0,0,50
7,2,2025-06-25,2,6,0,0,42
7,2,2025-06-26,3,6,0,0,43
7,2,2025-06-27,4,6,0,0,41
7,2,2025-06-28,5,6,0,0,48
7,2,2025-06-29,6,6,0,0,53
7,2,2025-06-30,0,6,0,0,47
7,2,2025-07-01,1,7,0,1,73
7,2,2025-07-02,2,7,0,0,36
7,2,2025-07-03,3,7,0,0,42
7,2,2025-07-04,4,7,0,0,49
7,2,2025-07-05,5,7,0,0,44
7,2,2025-07-06,6,7,0,0,60
7,2,2025-07-07,0,7,0,0,40
7,2,2025-07-08,1,7,0,0,46
7,2,2025-07-09,2,7,0,0,41
7,2,2025-07-10,3,7,0,0,45
7,2,2025-07-11,4,7,0,0,51
7,2,2025-07-12,5,7,0,0,51
7,2,2025-07-13,6,7,0,0,58
7,2,2025-07-14,0,7,0,1,65
7,2,2025-07-15,1,7,0,0,38
7,2,2025-07-16,2,7,0,0,42
7,2,2025-07-17,3,7,0,1,61
7,2,2025-07-18,4,7,0,0,35
7,2,2025-07-19,5,7,0,0,54
7,2,2025-07-20,6,7,0,0,56
7,2,2025-07-21,0,7,0,0,47
7,2,2025-07-22,1,7,0,0,50
7,2,2025-07-23,2,7,0,0,47
7,2,2025-07-24,3,7,0,0,39
7,2,2025-07-25,4,7,0,0,40
7,2,2025-07-26,5,7,0,0,57
7,2,2025-07-27,6,7,0,0,54
7,2,2025-07-28,0,7,0,0,42
7,2,2025-07-29,1,7,0,0,38
7,2,2025-07-30,2,7,0,0,40
7,2,2025-07-31,3,7,0,0,46
7,2,2025-08-01,4,8,0,0,31
7,2,2025-08-02,5,8,0,0,35
7,2,2025-08-03,6,8,0,0,54
7,2,2025-08-04,0,8,0,0,38
7,2,2025-08-05,1,8,0,0,43
7,2,2025-08-06,2,8,0,0,48
7,2,2025-08-07,3,8,0,0,35
7,2,2025-08-08,4,8,0,0,32
7,2,2025-08-09,5,8,0,0,48
7,2,2025-08-10,6,8,0,0,45
7,2,2025-08-11,0,8,0,0,40
7,2,2025-08-12,1,8,0,0,43
7,2,2025-08-13,2,8,0,0,42
7,2,2025-08-14,3,8,0,0,41
7,2,2025-08-15,4,8,0,0,46
7,2,2025-08-16,5,8,0,0,54
7,2,2025-08-17,6,8,0,0,48
7,2,2025-08-18,0,8,0,0,44
7,2,2025-08-19,1,8,0,0,33
7,2,2025-08-20,2,8,0,0,46
7,2,2025-08-21,3,8,0,0,41
7,2,2025-08-22,4,8,0,0,35
7,2,2025-08-23,5,8,0,0,47
7,2,2025-08-24,6,8,0,0,56
7,2,2025-08-25,0,8,0,0,37
7,2,2025-08-26,1,8,0,0,43
7,2,2025-08-27,2,8,0,0,45
7,2,2025-08-28,3,8,0,0,41
7,2,2025-08-29,4,8,0,0,36
7,2,2025-08-30,5,8,0,0,49
7,2,2025-08-31,6,8,0,0,41
7,2,2025-09-01,0,9,0,0,37
7,2,2025-09-02,1,9,0,0,34
7,2,2025-09-03,2,9,0,0,40
7,2,2025-09-04,3,9,0,1,51
7,2,2025-09-05,4,9,0,0,40
7,2,2025-09-06,5,9,0,0,56
7,2,2025-09-07,6,9,0,0,56
7,2,2025-09-08,0,9,0,0,34
7,2,2025-09-09,1,9,0,0,37
7,2,2025-09-10,2,9,0,0,44
7,2,2025-09-11,3,9,0,0,43
7,2,2025-09-12,4,9,0,0,37
7,2,2025-09-13,5,9,0,0,46
7,2,2025-09-14,6,9,0,0,49
7,2,2025-09-15,0,9,0,0,31
7,2,2025-09-16,1,9,0,0,42
7,2,2025-09-17,2,9,0,1,68
7,2,2025-09-18,3,9,0,0,38
7,2,2025-09-19,4,9,0,0,33
7,2,2025-09-20,5,9,0,0,57
7,2,2025-09-21,6,9,0,0,50
7,2,2025-09-22,0,9,0,0,43
7,2,2025-09-23,1,9,0,0,33
7,2,2025-09-24,2,9,0,0,33
7,2,2025-09-25,3,9,0,0,42
7,2,2025-09-26,4,9,0,0,45
7,2,2025-09-27,5,9,0,0,42
7,2,2025-09-28,6,9,0,0,48
7,2,2025-09-29,0,9,0,0,32
7,2,2025-09-30,1,9,0,0,36
7,2,2025-10-01,2,10,0,0,39
7,2,2025-10-02,3,10,0,0,43
7,2,2025-10-03,4,10,0,0,30
7,2,2025-10-04,5,10,0,0,58
7,2,2025-10-05,6,10,0,0,48
7,2,2025-10-06,0,10,0,0,47
7,2,2025-10-07,1,10,0,0,44
7,2,2025-10-08,2,10,0,0,45
7,2,2025-10-09,3,10,0,0,51
7,2,2025-10-10,4,10,0,0,37
7,2,2025-10-11,5,10,0,0,50
7,2,2025-10-12,6,10,0,0,44
7,2,2025-10-13,0,10,0,0,40
7,2,2025-10-14,1,10,0,0,44
7,2,2025-10-15,2,10,0,0,46
7,2,2025-10-16,3,10,0,0,39
7,2,2025-10-17,4,10,0,1,52
7,2,2025-10-18,5,10,0,0,50
7,2,2025-10-19,6,10,0,0,44
7,2,2025-10-20,0,10,0,0,38
7,2,2025-10-21,1,10,0,0,44
7,2,2025-10-22,2,10,0,0,43
7,2,2025-10-23,3,10,0,0,45
7,2,2025-10-24,4,10,0,0,39
7,2,2025-10-25,5,10,0,0,56
7,2,2025-10-26,6,10,0,0,50
7,2,2025-10-27,0,10,0,0,39
7,2,2025-10-28,1,10,0,0,35
7,2,2025-10-29,2,10,0,0,30
7,2,2025-10-30,3,10,0,0,33
7,2,2025-10-31,4,10,0,0,42
7,2,2025-11-01,5,11,0,0,46
7,2,2025-11-02,6,11,0,0,41
7,2,2025-11-03,0,11,0,0,40
7,2,2025-11-04,1,11,0,0,44
7,2,2025-11-05,2,11,0,0,45
7,2,2025-11-06,3,11,0,0,42
7,2,2025-11-07,4,11,0,0,42
7,2,2025-11-08,5,11,0,0,48
7,2,2025-11-09,6,11,0,0,56
7,2,2025-11-10,0,11,0,0,42
7,2,2025-11-11,1,11,0,0,42
7,2,2025-11-12,2,11,0,0,48
7,2,2025-11-13,3,11,0,0,47
7,2,2025-11-14,4,11,0,0,42
7,2,2025-11-15,5,11,0,0,49
7,2,2025-11-16,6,11,0,0,49
7,2,2025-11-17,0,11,0,0,32
7,2,2025-11-18,1,11,0,0,48
7,2,2025-11-19,2,11,0,0,39
7,2,2025-11-20,3,11,0,0,47
7,2,2025-11-21,4,11,0,0,43
7,2,2025-11-22,5,11,1,0,92
7,2,2025-11-23,6,11,1,0,84
7,2,2025-11-24,0,11,1,0,77
7,2,2025-11-25,1,11,1,0,65
7,2,2025-11-26,2,11,1,0,59
7,2,2025-11-27,3,11,1,0,71
7,2,2025-11-28,4,11,1,0,53
7,2,2025-11-29,5,11,0,0,49
7,2,2025-11-30,6,11,0,0,44
7,2,2025-12-01,0,12,0,0,41
7,2,2025-12-02,1,12,0,0,49
7,2,2025-12-03,2,12,0,0,48
7,2,2025-12-04,3,12,0,0,44
7,2,2025-12-05,4,12,0,0,47
7,2,2025-12-06,5,12,0,0,51
7,2,2025-12-07,6,12,0,0,70
7,2,2025-12-08,0,12,0,0,47
7,2,2025-12-09,1,12,0,0,42
7,2,2025-12-10,2,12,0,1,73
7,2,2025-12-11,3,12,0,0,52
7,2,2025-12-12,4,12,0,0,41
7,2,2025-12-13,5,12,0,0,45
7,2,2025-12-14,6,12,0,0,46
7,2,2025-12-15,0,12,0,0,42
7,2,2025-12-16,1,12,0,0,45
7,2,2025-12-17,2,12,0,0,36
7,2,2025-12-18,3,12,0,0,43
7,2,2025-12-19,4,12,0,0,44
7,2,2025-12-20,5,12,0,1,78
7,2,2025-12-21,6,12,0,0,58
7,2,2025-12-22,0,12,0,0,47
7,2,2025-12-23,1,12,0,0,55
7,2,2025-12-24,2,12,1,0,82
7,2,2025-12-25,3,12,1,0,74
7,2,2025-12-26,4,12,0,0,40
7,2,2025-12-27,5,12,0,0,50
7,2,2025-12-28,6,12,0,0,45
7,2,2025-12-29,0,12,0,0,46
7,2,2025-12-30,1,12,0,0,47
7,2,2025-12-31,2,12,1,0,80
7,2,2026-01-01,3,1,0,0,49
7,2,2026-01-02,4,1,0,0,54
7,2,2026-01-03,5,1,0,1,87
7,2,2026-01-04,6,1,0,0,50
7,2,2026-01-05,0,1,0,1,64
7,2,2026-01-06,1,1,0,0,48
7,2,2026-01-07,2,1,0,0,44
7,2,2026-01-08,3,1,0,0,46
7,2,2026-01-09,4,1,0,0,50
7,2,2026-01-10,5,1,0,0,56
7,2,2026-01-11,6,1,0,0,57
7,2,2026-01-12,0,1,0,0,42
7,2,2026-01-13,1,1,0,0,51
7,2,2026-01-14,2,1,0,0,50
7,2,2026-01-15,3,1,0,0,43
7,2,2026-01-16,4,1,0,1,57
7,2,2026-01-17,5,1,0,0,66
7,2,2026-01-18,6,1,0,0,69
7,2,2026-01-19,0,1,0,0,49
7,2,2026-01-20,1,1,0,0,46
7,2,2026-01-21,2,1,0,0,54
7,2,2026-01-22,3,1,0,0,51
7,2,2026-01-23,4,1,0,1,67
7,2,2026-01-24,5,1,0,0,64
7,2,2026-01-25,6,1,0,0,51
7,2,2026-01-26,0,1,0,0,44
7,2,2026-01-27,1,1,0,1,71
7,2,2026-01-28,2,1,0,0,49
7,2,2026-01-29,3,1,0,0,52
7,2,2026-01-30,4,1,0,0,55
7,2,2026-01-31,5,1,0,0,46
7,2,2026-02-01,6,2,0,0,59
7,2,2026-02-02,0,2,0,0,62
7,2,2026-02-03,1,2,0,0,46
7,2,2026-02-04,2,2,0,0,46
7,2,2026-02-05,3,2,0,0,36
7,2,2026-02-06,4,2,0,0,51
7,2,2026-02-07,5,2,0,0,63
7,2,2026-02-08,6,2,0,0,63
7,2,2026-02-09,0,2,0,0,44
7,2,2026-02-10,1,2,0,0,50
7,2,2026-02-11,2,2,0,0,51
7,2,2026-02-12,3,2,0,0,50
7,2,2026-02-13,4,2,0,0,43
7,2,2026-02-14,5,2,0,1,80
7,2,2026-02-15,6,2,0,0,53
7,2,2026-02-16,0,2,0,0,38
7,2,2026-02-17,1,2,0,0,54
7,2,2026-02-18,2,2,0,0,51
7,2,2026-02-19,3,2,0,0,54
7,2,2026-02-20,4,2,0,0,47
7,2,2026-02-21,5,2,0,0,63
7,2,2026-02-22,6,2,0,0,66
7,2,2026-02-23,0,2,0,0,61
7,2,2026-02-24,1,2,0,0,55
7,2,2026-02-25,2,2,0,0,52
7,2,2026-02-26,3,2,0,1,58
7,2,2026-02-27,4,2,0,0,49
7,2,2026-02-28,5,2,0,0,49
7,2,2026-03-01,6,3,0,0,54
7,2,2026-03-02,0,3,0,0,63
7,2,2026-03-03,1,3,0,0,44
7,2,2026-03-04,2,3,0,0,36
7,2,2026-03-05,3,3,0,0,56
7,2,2026-03-06,4,3,0,0,46
7,2,2026-03-07,5,3,0,0,65
7,2,2026-03-08,6,3,0,0,51
7,2,2026-03-09,0,3,0,0,48
7,2,2026-03-10,1,3,0,0,58
7,2,2026-03-11,2,3,0,0,42
7,2,2026-03-12,3,3,0,0,50
7,2,2026-03-13,4,3,0,0,52
7,2,2026-03-14,5,3,0,0,54
7,2,2026-03-15,6,3,0,1,82
7,2,2026-03-16,0,3,0,0,51
7,2,2026-03-17,1,3,0,0,54
7,2,2026-03-18,2,3,0,0,62
7,2,2026-03-19,3,3,0,0,67
7,2,2026-03-20,4,3,0,0,54
7,2,2026-03-21,5,3,0,0,59
7,2,2026-03-22,6,3,0,0,63
7,2,2026-03-23,0,3,0,0,49
7,2,2026-03-24,1,3,0,0,41
7,2,2026-03-25,2,3,0,0,50
7,2,2026-03-26,3,3,0,0,57
7,2,2026-03-27,4,3,0,0,42
7,2,2026-03-28,5,3,0,0,52
7,2,2026-03-29,6,3,0,0,55
7,2,2026-03-30,0,3,0,1,74
7,2,2026-03-31,1,3,0,0,65
7,2,2026-04-01,2,4,0,0,45
7,2,2026-04-02,3,4,0,0,50
7,2,2026-04-03,4,4,0,0,50
7,2,2026-04-04,5,4,0,0,57
7,2,2026-04-05,6,4,0,0,59
7,2,2026-04-06,0,4,0,0,47
7,2,2026-04-07,1,4,0,0,67
7,2,2026-04-08,2,4,0,0,54
7,2,2026-04-09,3,4,0,0,47
7,2,2026-04-10,4,4,0,0,57
7,2,2026-04-11,5,4,0,0,61
7,2,2026-04-12,6,4,0,0,59
7,2,2026-04-13,0,4,0,0,49
7,2,2026-04-14,1,4,0,0,48
7,2,2026-04-15,2,4,0,0,42
7,2,2026-04-16,3,4,0,0,40
7,2,2026-04-17,4,4,0,0,52
7,2,2026-04-18,5,4,0,0,58
7,2,2026-04-19,6,4,0,0,65
7,2,2026-04-20,0,4,0,0,44
7,2,2026-04-21,1,4,0,1,61
7,2,2026-04-22,2,4,0,0,55
7,2,2026-04-23,3,4,0,0,48
7,2,2026-04-24,4,4,0,0,55
7,2,2026-04-25,5,4,0,0,59
7,2,2026-04-26,6,4,0,0,72
7,2,2026-04-27,0,4,0,0,55
7,2,2026-04-28,1,4,0,0,52
7,2,2026-04-29,2,4,0,0,55
7,2,2026-04-30,3,4,0,0,48
7,2,2026-05-01,4,5,0,0,38
7,2,2026-05-02,5,5,0,0,59
7,2,2026-05-03,6,5,0,0,70
7,2,2026-05-04,0,5,0,0,34
7,2,2026-05-05,1,5,0,0,51
7,2,2026-05-06,2,5,0,0,39
7,2,2026-05-07,3,5,0,0,48
7,2,2026-05-08,4,5,0,0,48
7,2,2026-05-09,5,5,0,0,62
7,2,2026-05-10,6,5,0,0,58
7,2,2026-05-11,0,5,0,0,56
7,2,2026-05-12,1,5,0,0,55
7,2,2026-05-13,2,5,0,0,47
7,2,2026-05-14,3,5,0,0,54
7,2,2026-05-15,4,5,0,0,46
7,2,2026-05-16,5,5,0,0,54
7,2,2026-05-17,6,5,0,1,66
7,2,2026-05-18,0,5,0,0,56
7,2,2026-05-19,1,5,0,0,46
7,2,2026-05-20,2,5,0,0,34
7,2,2026-05-21,3,5,0,0,51
7,2,2026-05-22,4,5,0,0,45
7,2,2026-05-23,5,5,0,0,55
7,2,2026-05-24,6,5,0,0,55
7,2,2026-05-25,0,5,0,0,46
7,2,2026-05-26,1,5,0,0,64
7,2,2026-05-27,2,5,0,0,58
7,2,2026-05-28,3,5,0,0,52
7,2,2026-05-29,4,5,0,0,49
7,2,2026-05-30,5,5,0,0,65
7,2,2026-05-31,6,5,0,0,59
7,2,2026-06-01,0,6,0,1,72
7,2,2026-06-02,1,6,0,0,48
7,2,2026-06-03,2,6,0,0,46
7,2,2026-06-04,3,6,0,0,50
7,2,2026-06-05,4,6,0,0,43
7,2,2026-06-06,5,6,0,0,55
7,2,2026-06-07,6,6,0,0,48
7,2,2026-06-08,0,6,0,0,40
7,2,2026-06-09,1,6,0,0,31
7,2,2026-06-10,2,6,0,0,48
7,2,2026-06-11,3,6,0,0,49
7,2,2026-06-12,4,6,0,0,51
7,2,2026-06-13,5,6,0,0,47
7,2,2026-06-14,6,6,0,0,57
7,2,2026-06-15,0,6,0,0,45
7,2,2026-06-16,1,6,0,0,49
7,2,2026-06-17,2,6,0,0,42
7,2,2026-06-18,3,6,0,0,43
7,2,2026-06-19,4,6,0,0,37
7,2,2026-06-20,5,6,0,0,49
7,2,2026-06-21,6,6,0,0,54
7,2,2026-06-22,0,6,0,0,46
7,2,2026-06-23,1,6,0,0,36
7,2,2026-06-24,2,6,0,0,42
7,2,2026-06-25,3,6,0,0,46
7,2,2026-06-26,4,6,0,0,53
7,2,2026-06-27,5,6,0,0,49
7,2,2026-06-28,6,6,0,0,57
7,2,2026-06-29,0,6,0,0,42
7,2,2026-06-30,1,6,0,0,43
7,2,2026-07-01,2,7,0,0,38
7,2,2026-07-02,3,7,0,0,37
7,2,2026-07-03,4,7,0,1,59
7,2,2026-07-04,5,7,0,0,58
7,2,2026-07-05,6,7,0,0,47
7,2,2026-07-06,0,7,0,0,38
7,2,2026-07-07,1,7,0,0,44
7,2,2026-07-08,2,7,0,0,43
7,2,2026-07-09,3,7,0,0,42
7,2,2026-07-10,4,7,0,0,44
7,2,2026-07-11,5,7,0,0,45
7,2,2026-07-12,6,7,0,0,46
7,2,2026-07-13,0,7,0,0,48
7,2,2026-07-14,1,7,0,0,42
7,2,2026-07-15,2,7,0,0,46
7,2,2026-07-16,3,7,0,0,49
7,2,2026-07-17,4,7,0,0,47
7,2,2026-07-18,5,7,0,0,43
7,2,2026-07-19,6,7,0,0,51
7,2,2026-07-20,0,7,0,0,48
7,2,2026-07-21,1,7,0,0,45
7,2,2026-07-22,2,7,0,0,43
7,2,2026-07-23,3,7,0,0,34
7,2,2026-07-24,4,7,0,1,58
7,2,2026-07-25,5,7,0,0,52
7,2,2026-07-26,6,7,0,0,43
7,2,2026-07-27,0,7,0,0,47
7,2,2026-07-28,1,7,0,0,42
7,2,2026-07-29,2,7,0,0,32
7,2,2026-07-30,3,7,0,0,40
7,2,2026-07-31,4,7,0,0,41
7,2,2026-08-01,5,8,0,0,49
7,2,2026-08-02,6,8,0,0,58
7,2,2026-08-03,0,8,0,0,43
7,2,2026-08-04,1,8,0,0,34
7,2,2026-08-05,2,8,0,0,33
7,2,2026-08-06,3,8,0,0,39
7,2,2026-08-07,4,8,0,0,41
7,2,2026-08-08,5,8,0,0,56
7,2,2026-08-09,6,8,0,1,85
7,2,2026-08-10,0,8,0,0,49
7,2,2026-08-11,1,8,0,0,38
7,2,2026-08-12,2,8,0,0,45
7,2,2026-08-13,3,8,0,0,43
7,2,2026-08-14,4,8,0,1,53
7,2,2026-08-15,5,8,0,0,38
7,2,2026-08-16,6,8,0,0,50
7,2,2026-08-17,0,8,0,0,33
7,2,2026-08-18,1,8,0,0,36
7,2,2026-08-19,2,8,0,0,37
7,2,2026-08-20,3,8,0,0,42
7,2,2026-08-21,4,8,0,0,47
7,2,2026-08-22,5,8,0,0,50
7,2,2026-08-23,6,8,0,0,46
7,2,2026-08-24,0,8,0,0,30
7,2,2026-08-25,1,8,0,0,43
7,2,2026-08-26,2,8,0,0,41
7,2,2026-08-27,3,8,0,0,38
7,2,2026-08-28,4,8,0,0,46
7,2,2026-08-29,5,8,0,0,42
7,2,2026-08-30,6,8,0,0,45
7,2,2026-08-31,0,8,0,0,39
7,3,2024-09-01,6,9,0,0,132
7,3,2024-09-02,0,9,0,0,103
7,3,2024-09-03,1,9,0,0,134
7,3,2024-09-04,2,9,0,0,114
7,3,2024-09-05,3,9,0,0,112
7,3,2024-09-06,4,9,0,0,109
7,3,2024-09-07,5,9,0,0,151
7,3,2024-09-08,6,9,0,0,146
7,3,2024-09-09,0,9,0,1,188
7,3,2024-09-10,1,9,0,1,170
7,3,2024-09-11,2,9,0,0,130
7,3,2024-09-12,3,9,0,0,114
7,3,2024-09-13,4,9,0,0,125
7,3,2024-09-14,5,9,0,0,144
7,3,2024-09-15,6,9,0,0,116
7,3,2024-09-16,0,9,0,0,154
7,3,2024-09-17,1,9,0,0,133
7,3,2024-09-18,2,9,0,0,127
7,3,2024-09-19,3,9,0,1,195
7,3,2024-09-20,4,9,0,0,155
7,3,2024-09-21,5,9,0,0,166
7,3,2024-09-22,6,9,0,0,152
7,3,2024-09-23,0,9,0,0,113
7,3,2024-09-24,1,9,0,0,116
7,3,2024-09-25,2,9,0,0,97
7,3,2024-09-26,3,9,0,0,118
7,3,2024-09-27,4,9,0,0,134
7,3,2024-09-28,5,9,0,0,157
7,3,2024-09-29,6,9,0,0,157
7,3,2024-09-30,0,9,0,0,116
7,3,2024-10-01,1,10,0,0,135
7,3,2024-10-02,2,10,0,0,139
7,3,2024-10-03,3,10,0,0,92
7,3,2024-10-04,4,10,0,0,131
7,3,2024-10-05,5,10,0,0,186
7,3,2024-10-06,6,10,0,0,143
7,3,2024-10-07,0,10,0,0,88
7,3,2024-10-08,1,10,0,0,114
7,3,2024-10-09,2,10,0,0,98
7,3,2024-10-10,3,10,0,0,116
7,3,2024-10-11,4,10,0,0,107
7,3,2024-10-12,5,10,0,0,165
7,3,2024-10-13,6,10,0,0,162
7,3,2024-10-14,0,10,0,0,131
7,3,2024-10-15,1,10,0,0,145
7,3,2024-10-16,2,10,0,0,118
7,3,2024-10-17,3,10,0,0,127
7,3,2024-10-18,4,10,0,0,160
7,3,2024-10-19,5,10,0,0,159
7,3,2024-10-20,6,10,0,0,159
7,3,2024-10-21,0,10,0,0,114
7,3,2024-10-22,1,10,0,0,120
7,3,2024-10-23,2,10,0,0,111
7,3,2024-10-24,3,10,0,0,152
7,3,2024-10-25,4,10,0,0,102
7,3,2024-10-26,5,10,0,0,165
7,3,2024-10-27,6,10,0,1,227
7,3,2024-10-28,0,10,0,0,102
7,3,2024-10-29,1,10,0,0,144
7,3,2024-10-30,2,10,0,0,122
7,3,2024-10-31,3,10,0,0,106
7,3,2024-11-01,4,11,0,0,138
7,3,2024-11-02,5,11,0,1,196
7,3,2024-11-03,6,11,0,0,151
7,3,2024-11-04,0,11,0,0,124
7,3,2024-11-05,1,11,0,0,118
7,3,2024-11-06,2,11,0,0,113
7,3,2024-11-07,3,11,0,0,145
7,3,2024-11-08,4,11,0,0,138
7,3,2024-11-09,5,11,0,0,159
7,3,2024-11-10,6,11,0,0,148
7,3,2024-11-11,0,11,0,0,133
7,3,2024-11-12,1,11,0,1,178
7,3,2024-11-13,2,11,0,0,120
7,3,2024-11-14,3,11,0,0,160
7,3,2024-11-15,4,11,0,0,147
7,3,2024-11-16,5,11,0,0,144
7,3,2024-11-17,6,11,0,0,126
7,3,2024-11-18,0,11,0,0,105
7,3,2024-11-19,1,11,0,0,122
7,3,2024-11-20,2,11,0,0,134
7,3,2024-11-21,3,11,0,0,134
7,3,2024-11-22,4,11,1,0,221
7,3,2024-11-23,5,11,1,1,315
7,3,2024-11-24,6,11,1,0,209
7,3,2024-11-25,0,11,1,0,257
7,3,2024-11-26,1,11,1,0,212
7,3,2024-11-27,2,11,1,1,290
7,3,2024-11-28,3,11,1,0,200
7,3,2024-11-29,4,11,0,1,203
7,3,2024-11-30,5,11,0,0,193
7,3,2024-12-01,6,12,0,0,143
7,3,2024-12-02,0,12,0,0,122
7,3,2024-12-03,1,12,0,0,126
7,3,2024-12-04,2,12,0,0,135
7,3,2024-12-05,3,12,0,0,132
7,3,2024-12-06,4,12,0,0,123
7,3,2024-12-07,5,12,0,0,162
7,3,2024-12-08,6,12,0,0,194
7,3,2024-12-09,0,12,0,0,138
7,3,2024-12-10,1,12,0,0,139
7,3,2024-12-11,2,12,0,0,147
7,3,2024-12-12,3,12,0,1,220
7,3,2024-12-13,4,12,0,0,164
7,3,2024-12-14,5,12,0,0,168
7,3,2024-12-15,6,12,0,0,163
7,3,2024-12-16,0,12,0,0,124
7,3,2024-12-17,1,12,0,0,153
7,3,2024-12-18,2,12,0,0,126
7,3,2024-12-19,3,12,0,0,126
7,3,2024-12-20,4,12,0,0,144
7,3,2024-12-21,5,12,0,0,193
7,3,2024-12-22,6,12,0,0,177
7,3,2024-12-23,0,12,0,0,140
7,3,2024-12-24,1,12,1,0,199
7,3,2024-12-25,2,12,1,0,267
7,3,2024-12-26,3,12,0,1,203
7,3,2024-12-27,4,12,0,0,136
7,3,2024-12-28,5,12,0,0,174
7,3,2024-12-29,6,12,0,0,154
7,3,2024-12-30,0,12,0,0,128
7,3,2024-12-31,1,12,1,0,207
7,3,2025-01-01,2,1,0,0,137
7,3,2025-01-02,3,1,0,0,129
7,3,2025-01-03,4,1,0,0,127
7,3,2025-01-04,5,1,0,0,192
7,3,2025-01-05,6,1,0,0,185
7,3,2025-01-06,0,1,0,0,134
7,3,2025-01-07,1,1,0,0,165
7,3,2025-01-08,2,1,0,0,155
7,3,2025-01-09,3,1,0,0,143
7,3,2025-01-10,4,1,0,0,127
7,3,2025-01-11,5,1,0,1,244
7,3,2025-01-12,6,1,0,0,210
7,3,2025-01-13,0,1,0,0,150
7,3,2025-01-14,1,1,0,0,167
7,3,2025-01-15,2,1,0,0,145
7,3,2025-01-16,3,1,0,0,166
7,3,2025-01-17,4,1,0,0,147
7,3,2025-01-18,5,1,0,0,121
7,3,2025-01-19,6,1,0,0,156
7,3,2025-01-20,0,1,0,0,152
7,3,2025-01-21,1,1,0,0,169
7,3,2025-01-22,2,1,0,0,147
7,3,2025-01-23,3,1,0,0,150
7,3,2025-01-24,4,1,0,0,139
7,3,2025-01-25,5,1,0,0,204
7,3,2025-01-26,6,1,0,0,203
7,3,2025-01-27,0,1,0,0,137
7,3,2025-01-28,1,1,0,0,122
7,3,2025-01-29,2,1,0,0,117
7,3,2025-01-30,3,1,0,0,160
7,3,2025-01-31,4,1,0,0,152
7,3,2025-02-01,5,2,0,0,161
7,3,2025-02-02,6,2,0,0,183
7,3,2025-02-03,0,2,0,0,132
7,3,2025-02-04,1,2,0,0,170
7,3,2025-02-05,2,2,0,0,148
7,3,2025-02-06,3,2,0,0,135
7,3,2025-02-07,4,2,0,0,149
7,3,2025-02-08,5,2,0,0,169
7,3,2025-02-09,6,2,0,0,185
7,3,2025-02-10,0,2,0,0,177
7,3,2025-02-11,1,2,0,0,176
7,3,2025-02-12,2,2,0,0,158
7,3,2025-02-13,3,2,0,0,152
7,3,2025-02-14,4,2,0,0,145
7,3,2025-02-15,5,2,0,0,140
7,3,2025-02-16,6,2,0,0,177
7,3,2025-02-17,0,2,0,0,139
7,3,2025-02-18,1,2,0,0,178
7,3,2025-02-19,2,2,0,0,152
7,3,2025-02-20,3,2,0,0,170
7,3,2025-02-21,4,2,0,0,146
7,3,2025-02-22,5,2,0,0,163
7,3,2025-02-23,6,2,0,0,191
7,3,2025-02-24,0,2,0,0,161
7,3,2025-02-25,1,2,0,0,162
7,3,2025-02-26,2,2,0,0,154
7,3,2025-02-27,3,2,0,0,170
7,3,2025-02-28,4,2,0,0,168
7,3,2025-03-01,5,3,0,0,132
7,3,2025-03-02,6,3,0,0,174
7,3,2025-03-03,0,3,0,0,177
7,3,2025-03-04,1,3,0,0,138
7,3,2025-03-05,2,3,0,0,125
7,3,2025-03-06,3,3,0,0,155
7,3,2025-03-07,4,3,0,0,168
7,3,2025-03-08,5,3,0,0,170
7,3,2025-03-09,6,3,0,0,208
7,3,2025-03-10,0,3,0,0,193
7,3,2025-03-11,1,3,0,0,121
7,3,2025-03-12,2,3,0,1,211
7,3,2025-03-13,3,3,0,0,114
7,3,2025-03-14,4,3,0,0,170
7,3,2025-03-15,5,3,0,0,165
7,3,2025-03-16,6,3,0,0,169
7,3,2025-03-17,0,3,0,0,180
7,3,2025-03-18,1,3,0,0,132
7,3,2025-03-19,2,3,0,0,128
7,3,2025-03-20,3,3,0,0,114
7,3,2025-03-21,4,3,0,0,182
7,3,2025-03-22,5,3,0,0,202
7,3,2025-03-23,6,3,0,0,173
7,3,2025-03-24,0,3,0,0,133
7,3,2025-03-25,1,3,0,0,174
7,3,2025-03-26,2,3,0,0,210
7,3,2025-03-27,3,3,0,0,153
7,3,2025-03-28,4,3,0,0,135
7,3,2025-03-29,5,3,0,0,207
7,3,2025-03-30,6,3,0,0,155
7,3,2025-03-31,0,3,0,0,151
7,3,2025-04-01,1,4,0,0,106
7,3,2025-04-02,2,4,0,0,150
7,3,2025-04-03,3,4,0,0,131
7,3,2025-04-04,4,4,0,0,179
7,3,2025-04-05,5,4,0,0,157
7,3,2025-04-06,6,4,0,0,194
7,3,2025-04-07,0,4,0,0,153
7,3,2025-04-08,1,4,0,0,158
7,3,2025-04-09,2,4,0,0,165
7,3,2025-04-10,3,4,0,0,154
7,3,2025-04-11,4,4,0,0,143
7,3,2025-04-12,5,4,0,0,160
7,3,2025-04-13,6,4,0,0,189
7,3,2025-04-14,0,4,0,0,120
7,3,2025-04-15,1,4,0,0,187
7,3,2025-04-16,2,4,0,0,158
7,3,2025-04-17,3,4,0,0,149
7,3,2025-04-18,4,4,0,0,160
7,3,2025-04-19,5,4,0,0,165
7,3,2025-04-20,6,4,0,0,174
7,3,2025-04-21,0,4,0,0,134
7,3,2025-04-22,1,4,0,0,163
7,3,2025-04-23,2,4,0,0,154
7,3,2025-04-24,3,4,0,0,159
7,3,2025-04-25,4,4,0,0,183
7,3,2025-04-26,5,4,0,0,160
7,3,2025-04-27,6,4,0,0,175
7,3,2025-04-28,0,4,0,0,124
7,3,2025-04-29,1,4,0,0,166
7,3,2025-04-30,2,4,0,0,155
7,3,2025-05-01,3,5,0,0,150
7,3,2025-05-02,4,5,0,0,146
7,3,2025-05-03,5,5,0,0,159
7,3,2025-05-04,6,5,0,0,223
7,3,2025-05-05,0,5,0,1,214
7,3,2025-05-06,1,5,0,0,155
7,3,2025-05-07,2,5,0,1,183
7,3,2025-05-08,3,5,0,0,165
7,3,2025-05-09,4,5,0,0,147
7,3,2025-05-10,5,5,0,0,181
7,3,2025-05-11,6,5,0,0,190
7,3,2025-05-12,0,5,0,0,147
7,3,2025-05-13,1,5,0,0,137
7,3,2025-05-14,2,5,0,0,107
7,3,2025-05-15,3,5,0,0,142
7,3,2025-05-16,4,5,0,0,137
7,3,2025-05-17,5,5,0,0,148
7,3,2025-05-18,6,5,0,0,202
7,3,2025-05-19,0,5,0,0,167
7,3,2025-05-20,1,5,0,0,116
7,3,2025-05-21,2,5,0,0,152
7,3,2025-05-22,3,5,0,0,134
7,3,2025-05-23,4,5,0,0,156
7,3,2025-05-24,5,5,0,0,155
7,3,2025-05-25,6,5,0,0,160
7,3,2025-05-26,0,5,0,0,167
7,3,2025-05-27,1,5,0,0,164
7,3,2025-05-28,2,5,0,0,177
7,3,2025-05-29,3,5,0,0,145
7,3,2025-05-30,4,5,0,0,123
7,3,2025-05-31,5,5,0,0,191
7,3,2025-06-01,6,6,0,0,181
7,3,2025-06-02,0,6,0,0,152
7,3,2025-06-03,1,6,0,0,128
7,3,2025-06-04,2,6,0,0,123
7,3,2025-06-05,3,6,0,0,150
7,3,2025-06-06,4,6,0,0,126
7,3,2025-06-07,5,6,0,0,157
7,3,2025-06-08,6,6,0,0,220
7,3,2025-06-09,0,6,0,0,177
7,3,2025-06-10,1,6,0,0,154
7,3,2025-06-11,2,6,0,0,130
7,3,2025-06-12,3,6,0,0,129
7,3,2025-06-13,4,6,0,1,222
7,3,2025-06-14,5,6,0,0,192
7,3,2025-06-15,6,6,0,0,153
7,3,2025-06-16,0,6,0,0,133
7,3,2025-06-17,1,6,0,0,142
7,3,2025-06-18,2,6,0,0,117
7,3,2025-06-19,3,6,0,0,118
7,3,2025-06-20,4,6,0,0,121
7,3,2025-06-21,5,6,0,0,174
7,3,2025-06-22,6,6,0,0,168
7,3,2025-06-23,0,6,0,0,160
7,3,2025-06-24,1,6,0,0,111
7,3,2025-06-25,2,6,0,0,115
7,3,2025-06-26,3,6,0,0,149
7,3,2025-06-27,4,6,0,0,126
7,3,2025-06-28,5,6,0,0,147
7,3,2025-06-29,6,6,0,0,183
7,3,2025-06-30,0,6,0,0,131
7,3,2025-07-01,1,7,0,0,125
7,3,2025-07-02,2,7,0,0,128
7,3,2025-07-03,3,7,0,0,129
7,3,2025-07-04,4,7,0,0,143
7,3,2025-07-05,5,7,0,0,132
7,3,2025-07-06,6,7,0,0,151
7,3,2025-07-07,0,7,0,0,151
7,3,2025-07-08,1,7,0,0,167
7,3,2025-07-09,2,7,0,0,111
7,3,2025-07-10,3,7,0,0,138
7,3,2025-07-11,4,7,0,0,129
7,3,2025-07-12,5,7,0,0,153
7,3,2025-07-13,6,7,0,0,140
7,3,2025-07-14,0,7,0,0,145
7,3,2025-07-15,1,7,0,0,144
7,3,2025-07-16,2,7,0,1,256
7,3,2025-07-17,3,7,0,0,111
7,3,2025-07-18,4,7,0,0,104
7,3,2025-07-19,5,7,0,0,193
7,3,2025-07-20,6,7,0,1,216
7,3,2025-07-21,0,7,0,0,125
7,3,2025-07-22,1,7,0,0,135
7,3,2025-07-23,2,7,0,0,110
7,3,2025-07-24,3,7,0,0,138
7,3,2025-07-25,4,7,0,0,131
7,3,2025-07-26,5,7,0,0,175
7,3,2025-07-27,6,7,0,0,171
7,3,2025-07-28,0,7,0,0,147
7,3,2025-07-29,1,7,0,0,135
7,3,2025-07-30,2,7,0,1,234
7,3,2025-07-31,3,7,0,0,142
7,3,2025-08-01,4,8,0,0,118
7,3,2025-08-02,5,8,0,0,134
7,3,2025-08-03,6,8,0,0,136
7,3,2025-08-04,0,8,0,0,135
7,3,2025-08-05,1,8,0,0,106
7,3,2025-08-06,2,8,0,0,129
7,3,2025-08-07,3,8,0,0,113
7,3,2025-08-08,4,8,0,0,107
7,3,2025-08-09,5,8,0,0,129
7,3,2025-08-10,6,8,0,0,148
7,3,2025-08-11,0,8,0,0,138
7,3,2025-08-12,1,8,0,0,116
7,3,2025-08-13,2,8,0,0,94
7,3,2025-08-14,3,8,0,0,174
7,3,2025-08-15,4,8,0,0,143
7,3,2025-08-16,5,8,0,0,165
7,3,2025-08-17,6,8,0,0,178
7,3,2025-08-18,0,8,0,0,128
7,3,2025-08-19,1,8,0,0,124
7,3,2025-08-20,2,8,0,0,147
7,3,2025-08-21,3,8,0,0,147
7,3,2025-08-22,4,8,0,1,204
7,3,2025-08-23,5,8,0,0,164
7,3,2025-08-24,6,8,0,0,126
7,3,2025-08-25,0,8,0,0,122
7,3,2025-08-26,1,8,0,0,152
7,3,2025-08-27,2,8,0,0,138
7,3,2025-08-28,3,8,0,0,104
7,3,2025-08-29,4,8,0,0,118
7,3,2025-08-30,5,8,0,0,176
7,3,2025-08-31,6,8,0,1,223
7,3,2025-09-01,0,9,0,0,127
7,3,2025-09-02,1,9,0,0,127
7,3,2025-09-03,2,9,0,0,123
7,3,2025-09-04,3,9,0,0,116
7,3,2025-09-05,4,9,0,0,111
7,3,2025-09-06,5,9,0,0,164
7,3,2025-09-07,6,9,0,0,150
7,3,2025-09-08,0,9,0,0,135
7,3,2025-09-09,1,9,0,1,200
7,3,2025-09-10,2,9,0,0,145
7,3,2025-09-11,3,9,0,0,131
7,3,2025-09-12,4,9,0,0,136
7,3,2025-09-13,5,9,0,0,149
7,3,2025-09-14,6,9,0,0,129
7,3,2025-09-15,0,9,0,1,182
7,3,2025-09-16,1,9,0,0,133
7,3,2025-09-17,2,9,0,0,134
7,3,2025-09-18,3,9,0,0,146
7,3,2025-09-19,4,9,0,0,117
7,3,2025-09-20,5,9,0,0,150
7,3,2025-09-21,6,9,0,0,144
7,3,2025-09-22,0,9,0,0,148
7,3,2025-09-23,1,9,0,0,130
7,3,2025-09-24,2,9,0,0,130
7,3,2025-09-25,3,9,0,0,123
7,3,2025-09-26,4,9,0,0,121
7,3,2025-09-27,5,9,0,0,120
7,3,2025-09-28,6,9,0,0,124
7,3,2025-09-29,0,9,0,0,127
7,3,2025-09-30,1,9,0,0,125
7,3,2025-10-01,2,10,0,0,129
7,3,2025-10-02,3,10,0,0,141
7,3,2025-10-03,4,10,0,0,128
7,3,2025-10-04,5,10,0,0,142
7,3,2025-10-05,6,10,0,0,145
7,3,2025-10-06,0,10,0,0,130
7,3,2025-10-07,1,10,0,0,120
7,3,2025-10-08,2,10,0,0,142
7,3,2025-10-09,3,10,0,0,126
7,3,2025-10-10,4,10,0,0,130
7,3,2025-10-11,5,10,0,0,134
7,3,2025-10-12,6,10,0,0,167
7,3,2025-10-13,0,10,0,0,148
7,3,2025-10-14,1,10,0,0,105
7,3,2025-10-15,2,10,0,0,132
7,3,2025-10-16,3,10,0,0,125
7,3,2025-10-17,4,10,0,0,131
7,3,2025-10-18,5,10,0,1,223
7,3,2025-10-19,6,10,0,0,108
7,3,2025-10-20,0,10,0,1,207
7,3,2025-10-21,1,10,0,0,143
7,3,2025-10-22,2,10,0,0,145
7,3,2025-10-23,3,10,0,0,112
7,3,2025-10-24,4,10,0,0,126
7,3,2025-10-25,5,10,0,0,139
7,3,2025-10-26,6,10,0,0,114
7,3,2025-10-27,0,10,0,0,117
7,3,2025-10-28,1,10,0,0,110
7,3,2025-10-29,2,10,0,0,131
7,3,2025-10-30,3,10,0,0,101
7,3,2025-10-31,4,10,0,0,111
7,3,2025-11-01,5,11,0,0,145
7,3,2025-11-02,6,11,0,0,169
7,3,2025-11-03,0,11,0,0,177
7,3,2025-11-04,1,11,0,0,137
7,3,2025-11-05,2,11,0,0,116
7,3,2025-11-06,3,11,0,0,121
7,3,2025-11-07,4,11,0,0,143
7,3,2025-11-08,5,11,0,0,129
7,3,2025-11-09,6,11,0,0,175
7,3,2025-11-10,0,11,0,0,137
7,3,2025-11-11,1,11,0,0,130
7,3,2025-11-12,2,11,0,0,105
7,3,2025-11-13,3,11,0,1,218
7,3,2025-11-14,4,11,0,0,120
7,3,2025-11-15,5,11,0,0,157
7,3,2025-11-16,6,11,0,0,152
7,3,2025-11-17,0,11,0,0,107
7,3,2025-11-18,1,11,0,1,190
7,3,2025-11-19,2,11,0,1,167
7,3,2025-11-20,3,11,0,0,122
7,3,2025-11-21,4,11,0,0,139
7,3,2025-11-22,5,11,1,0,259
7,3,2025-11-23,6,11,1,0,238
7,3,2025-11-24,0,11,1,0,194
7,3,2025-11-25,1,11,1,0,200
7,3,2025-11-26,2,11,1,0,199
7,3,2025-11-27,3,11,1,0,161
7,3,2025-11-28,4,11,1,0,219
7,3,2025-11-29,5,11,0,0,123
7,3,2025-11-30,6,11,0,1,220
7,3,2025-12-01,0,12,0,0,116
7,3,2025-12-02,1,12,0,0,120
7,3,2025-12-03,2,12,0,0,152
7,3,2025-12-04,3,12,0,0,141
7,3,2025-12-05,4,12,0,0,109
7,3,2025-12-06,5,12,0,0,152
7,3,2025-12-07,6,12,0,0,168
7,3,2025-12-08,0,12,0,0,130
7,3,2025-12-09,1,12,0,0,135
7,3,2025-12-10,2,12,0,0,145
7,3,2025-12-11,3,12,0,1,205
7,3,2025-12-12,4,12,0,0,124
7,3,2025-12-13,5,12,0,0,163
7,3,2025-12-14,6,12,0,0,157
7,3,2025-12-15,0,12,0,0,170
7,3,2025-12-16,1,12,0,0,139
7,3,2025-12-17,2,12,0,0,143
7,3,2025-12-18,3,12,0,0,145
7,3,2025-12-19,4,12,0,0,135
7,3,2025-12-20,5,12,0,0,149
7,3,2025-12-21,6,12,0,0,172
7,3,2025-12-22,0,12,0,0,149
7,3,2025-12-23,1,12,0,0,176
7,3,2025-12-24,2,12,1,0,246
7,3,2025-12-25,3,12,1,0,246
7,3,2025-12-26,4,12,0,0,153
7,3,2025-12-27,5,12,0,0,149
7,3,2025-12-28,6,12,0,0,138
7,3,2025-12-29,0,12,0,0,124
7,3,2025-12-30,1,12,0,0,153
7,3,2025-12-31,2,12,1,0,264
7,3,2026-01-01,3,1,0,0,163
7,3,2026-01-02,4,1,0,0,146
7,3,2026-01-03,5,1,0,0,206
7,3,2026-01-04,6,1,0,0,162
7,3,2026-01-05,0,1,0,0,129
7,3,2026-01-06,1,1,0,0,154
7,3,2026-01-07,2,1,0,0,173
7,3,2026-01-08,3,1,0,0,134
7,3,2026-01-09,4,1,0,0,118
7,3,2026-01-10,5,1,0,0,172
7,3,2026-01-11,6,1,0,0,187
7,3,2026-01-12,0,1,0,0,96
7,3,2026-01-13,1,1,0,0,167
7,3,2026-01-14,2,1,0,0,125
7,3,2026-01-15,3,1,0,0,162
7,3,2026-01-16,4,1,0,0,113
7,3,2026-01-17,5,1,0,0,141
7,3,2026-01-18,6,1,0,0,184
7,3,2026-01-19,0,1,0,0,171
7,3,2026-01-20,1,1,0,0,149
7,3,2026-01-21,2,1,0,0,193
7,3,2026-01-22,3,1,0,0,131
7,3,2026-01-23,4,1,0,0,131
7,3,2026-01-24,5,1,0,0,165
7,3,2026-01-25,6,1,0,0,164
7,3,2026-01-26,0,1,0,0,154
7,3,2026-01-27,1,1,0,0,136
7,3,2026-01-28,2,1,0,0,160
7,3,2026-01-29,3,1,0,0,159
7,3,2026-01-30,4,1,0,0,178
7,3,2026-01-31,5,1,0,0,161
7,3,2026-02-01,6,2,0,1,251
7,3,2026-02-02,0,2,0,0,167
7,3,2026-02-03,1,2,0,0,155
7,3,2026-02-04,2,2,0,0,151
7,3,2026-02-05,3,2,0,0,117
7,3,2026-02-06,4,2,0,0,157
7,3,2026-02-07,5,2,0,0,190
7,3,2026-02-08,6,2,0,0,176
7,3,2026-02-09,0,2,0,0,141
7,3,2026-02-10,1,2,0,0,124
7,3,2026-02-11,2,2,0,0,164
7,3,2026-02-12,3,2,0,0,156
7,3,2026-02-13,4,2,0,1,256
7,3,2026-02-14,5,2,0,0,146
7,3,2026-02-15,6,2,0,0,167
7,3,2026-02-16,0,2,0,0,131
7,3,2026-02-17,1,2,0,0,175
7,3,2026-02-18,2,2,0,0,179
7,3,2026-02-19,3,2,0,0,192
7,3,2026-02-20,4,2,0,0,165
7,3,2026-02-21,5,2,0,0,195
7,3,2026-02-22,6,2,0,1,254
7,3,2026-02-23,0,2,0,0,166
7,3,2026-02-24,1,2,0,0,156
7,3,2026-02-25,2,2,0,0,167
7,3,2026-02-26,3,2,0,0,196
7,3,2026-02-27,4,2,0,0,160
7,3,2026-02-28,5,2,0,0,178
7,3,2026-03-01,6,3,0,0,184
7,3,2026-03-02,0,3,0,0,155
7,3,2026-03-03,1,3,0,0,162
7,3,2026-03-04,2,3,0,0,154
7,3,2026-03-05,3,3,0,1,252
7,3,2026-03-06,4,3,0,0,178
7,3,2026-03-07,5,3,0,0,227
7,3,2026-03-08,6,3,0,0,179
7,3,2026-03-09,0,3,0,0,163
7,3,2026-03-10,1,3,0,0,162
7,3,2026-03-11,2,3,0,0,162
7,3,2026-03-12,3,3,0,0,179
7,3,2026-03-13,4,3,0,0,127
7,3,2026-03-14,5,3,0,0,190
7,3,2026-03-15,6,3,0,0,223
7,3,2026-03-16,0,3,0,1,258
7,3,2026-03-17,1,3,0,0,182
7,3,2026-03-18,2,3,0,0,174
7,3,2026-03-19,3,3,0,0,146
7,3,2026-03-20,4,3,0,0,143
7,3,2026-03-21,5,3,0,1,221
7,3,2026-03-22,6,3,0,0,155
7,3,2026-03-23,0,3,0,0,176
7,3,2026-03-24,1,3,0,0,186
7,3,2026-03-25,2,3,0,0,166
7,3,2026-03-26,3,3,0,0,173
7,3,2026-03-27,4,3,0,0,163
7,3,2026-03-28,5,3,0,0,192
7,3,2026-03-29,6,3,0,0,134
7,3,2026-03-30,0,3,0,0,164
7,3,2026-03-31,1,3,0,0,150
7,3,2026-04-01,2,4,0,0,155
7,3,2026-04-02,3,4,0,0,160
7,3,2026-04-03,4,4,0,0,142
7,3,2026-04-04,5,4,0,0,154
7,3,2026-04-05,6,4,0,0,162
7,3,2026-04-06,0,4,0,0,128
7,3,2026-04-07,1,4,0,0,134
7,3,2026-04-08,2,4,0,0,136
7,3,2026-04-09,3,4,0,0,128
7,3,2026-04-10,4,4,0,0,165
7,3,2026-04-11,5,4,0,0,158
7,3,2026-04-12,6,4,0,0,137
7,3,2026-04-13,0,4,0,0,148
7,3,2026-04-14,1,4,0,0,134
7,3,2026-04-15,2,4,0,0,183
7,3,2026-04-16,3,4,0,0,158
7,3,2026-04-17,4,4,0,0,128
7,3,2026-04-18,5,4,0,0,190
7,3,2026-04-19,6,4,0,0,179
7,3,2026-04-20,0,4,0,0,151
7,3,2026-04-21,1,4,0,0,185
7,3,2026-04-22,2,4,0,0,137
7,3,2026-04-23,3,4,0,0,175
7,3,2026-04-24,4,4,0,0,148
7,3,2026-04-25,5,4,0,0,177
7,3,2026-04-26,6,4,0,0,161
7,3,2026-04-27,0,4,0,0,143
7,3,2026-04-28,1,4,0,0,147
7,3,2026-04-29,2,4,0,0,120
7,3,2026-04-30,3,4,0,0,162
7,3,2026-05-01,4,5,0,0,151
7,3,2026-05-02,5,5,0,0,140
7,3,2026-05-03,6,5,0,0,185
7,3,2026-05-04,0,5,0,0,176
7,3,2026-05-05,1,5,0,0,137
7,3,2026-05-06,2,5,0,0,135
7,3,2026-05-07,3,5,0,0,169
7,3,2026-05-08,4,5,0,0,157
7,3,2026-05-09,5,5,0,0,169
7,3,2026-05-10,6,5,0,0,188
7,3,2026-05-11,0,5,0,0,154
7,3,2026-05-12,1,5,0,0,175
7,3,2026-05-13,2,5,0,0,149
7,3,2026-05-14,3,5,0,0,157
7,3,2026-05-15,4,5,0,1,241
7,3,2026-05-16,5,5,0,0,121
7,3,2026-05-17,6,5,0,0,195
7,3,2026-05-18,0,5,0,0,140
7,3,2026-05-19,1,5,0,1,226
7,3,2026-05-20,2,5,0,0,179
7,3,2026-05-21,3,5,0,0,144
7,3,2026-05-22,4,5,0,1,201
7,3,2026-05-23,5,5,0,0,170
7,3,2026-05-24,6,5,0,0,141
7,3,2026-05-25,0,5,0,0,189
7,3,2026-05-26,1,5,0,0,149
7,3,2026-05-27,2,5,0,0,179
7,3,2026-05-28,3,5,0,0,143
7,3,2026-05-29,4,5,0,0,150
7,3,2026-05-30,5,5,0,1,262
7,3,2026-05-31,6,5,0,0,148
7,3,2026-06-01,0,6,0,0,139
7,3,2026-06-02,1,6,0,0,156
7,3,2026-06-03,2,6,0,0,137
7,3,2026-06-04,3,6,0,0,133
7,3,2026-06-05,4,6,0,0,160
7,3,2026-06-06,5,6,0,0,191
7,3,2026-06-07,6,6,0,0,194
7,3,2026-06-08,0,6,0,0,129
7,3,2026-06-09,1,6,0,0,131
7,3,2026-06-10,2,6,0,0,133
7,3,2026-06-11,3,6,0,0,153
7,3,2026-06-12,4,6,0,0,120
7,3,2026-06-13,5,6,0,0,140
7,3,2026-06-14,6,6,0,0,149
7,3,2026-06-15,0,6,0,0,125
7,3,2026-06-16,1,6,0,0,156
7,3,2026-06-17,2,6,0,0,155
7,3,2026-06-18,3,6,0,0,133
7,3,2026-06-19,4,6,0,0,138
7,3,2026-06-20,5,6,0,0,113
7,3,2026-06-21,6,6,0,0,154
7,3,2026-06-22,0,6,0,0,162
7,3,2026-06-23,1,6,0,0,132
7,3,2026-06-24,2,6,0,0,122
7,3,2026-06-25,3,6,0,0,164
7,3,2026-06-26,4,6,0,0,122
7,3,2026-06-27,5,6,0,0,193
7,3,2026-06-28,6,6,0,1,306
7,3,2026-06-29,0,6,0,0,139
7,3,2026-06-30,1,6,0,0,162
7,3,2026-07-01,2,7,0,0,106
7,3,2026-07-02,3,7,0,0,105
7,3,2026-07-03,4,7,0,0,120
7,3,2026-07-04,5,7,0,0,170
7,3,2026-07-05,6,7,0,0,155
7,3,2026-07-06,0,7,0,0,129
7,3,2026-07-07,1,7,0,0,112
7,3,2026-07-08,2,7,0,0,130
7,3,2026-07-09,3,7,0,0,122
7,3,2026-07-10,4,7,0,0,118
7,3,2026-07-11,5,7,0,0,136
7,3,2026-07-12,6,7,0,0,158
7,3,2026-07-13,0,7,0,0,121
7,3,2026-07-14,1,7,0,0,132
7,3,2026-07-15,2,7,0,0,104
7,3,2026-07-16,3,7,0,1,208
7,3,2026-07-17,4,7,0,0,136
7,3,2026-07-18,5,7,0,0,150
7,3,2026-07-19,6,7,0,0,158
7,3,2026-07-20,0,7,0,0,147
7,3,2026-07-21,1,7,0,0,109
7,3,2026-07-22,2,7,0,0,133
7,3,2026-07-23,3,7,0,0,111
7,3,2026-07-24,4,7,0,0,134
7,3,2026-07-25,5,7,0,0,150
7,3,2026-07-26,6,7,0,0,154
7,3,2026-07-27,0,7,0,0,146
7,3,2026-07-28,1,7,0,0,146
7,3,2026-07-29,2,7,0,0,150
7,3,2026-07-30,3,7,0,0,126
7,3,2026-07-31,4,7,0,0,144
7,3,2026-08-01,5,8,0,0,157
7,3,2026-08-02,6,8,0,1,202
7,3,2026-08-03,0,8,0,0,128
7,3,2026-08-04,1,8,0,0,124
7,3,2026-08-05,2,8,0,0,148
7,3,2026-08-06,3,8,0,0,139
7,3,2026-08-07,4,8,0,0,121
7,3,2026-08-08,5,8,0,0,141
7,3,2026-08-09,6,8,0,0,166
7,3,2026-08-10,0,8,0,0,147
7,3,2026-08-11,1,8,0,0,131
7,3,2026-08-12,2,8,0,0,136
7,3,2026-08-13,3,8,0,0,146
7,3,2026-08-14,4,8,0,0,124
7,3,2026-08-15,5,8,0,0,150
7,3,2026-08-16,6,8,0,0,157
7,3,2026-08-17,0,8,0,0,120
7,3,2026-08-18,1,8,0,0,152
7,3,2026-08-19,2,8,0,0,120
7,3,2026-08-20,3,8,0,0,127
7,3,2026-08-21,4,8,0,0,156
7,3,2026-08-22,5,8,0,0,115
7,3,2026-08-23,6,8,0,0,152
7,3,2026-08-24,0,8,0,0,116
7,3,2026-08-25,1,8,0,0,126
7,3,2026-08-26,2,8,0,0,108
7,3,2026-08-27,3,8,0,0,121
7,3,2026-08-28,4,8,0,0,127
7,3,2026-08-29,5,8,0,0,153
7,3,2026-08-30,6,8,0,0,164
7,3,2026-08-31,0,8,0,0,91
7,4,2024-09-01,6,9,0,0,114
7,4,2024-09-02,0,9,0,0,91
7,4,2024-09-03,1,9,0,0,66
7,4,2024-09-04,2,9,0,1,115
7,4,2024-09-05,3,9,0,0,87
7,4,2024-09-06,4,9,0,0,74
7,4,2024-09-07,5,9,0,0,104
7,4,2024-09-08,6,9,0,0,84
7,4,2024-09-09,0,9,0,0,72
7,4,2024-09-10,1,9,0,0,79
7,4,2024-09-11,2,9,0,0,73
7,4,2024-09-12,3,9,0,0,75
7,4,2024-09-13,4,9,0,0,66
7,4,2024-09-14,5,9,0,0,106
7,4,2024-09-15,6,9,0,0,87
7,4,2024-09-16,0,9,0,0,88
7,4,2024-09-17,1,9,0,0,72
7,4,2024-09-18,2,9,0,0,83
7,4,2024-09-19,3,9,0,0,82
7,4,2024-09-20,4,9,0,0,70
7,4,2024-09-21,5,9,0,0,94
7,4,2024-09-22,6,9,0,1,133
7,4,2024-09-23,0,9,0,0,74
7,4,2024-09-24,1,9,0,0,68
7,4,2024-09-25,2,9,0,0,81
7,4,2024-09-26,3,9,0,0,72
7,4,2024-09-27,4,9,0,0,76
7,4,2024-09-28,5,9,0,0,109
7,4,2024-09-29,6,9,0,0,105
7,4,2024-09-30,0,9,0,0,73
7,4,2024-10-01,1,10,0,0,86
7,4,2024-10-02,2,10,0,0,83
7,4,2024-10-03,3,10,0,0,73
7,4,2024-10-04,4,10,0,0,75
7,4,2024-10-05,5,10,0,0,111
7,4,2024-10-06,6,10,0,0,109
7,4,2024-10-07,0,10,0,0,68
7,4,2024-10-08,1,10,0,0,71
7,4,2024-10-09,2,10,0,1,126
7,4,2024-10-10,3,10,0,0,70
7,4,2024-10-11,4,10,0,0,85
7,4,2024-10-12,5,10,0,0,119
7,4,2024-10-13,6,10,0,0,105
7,4,2024-10-14,0,10,0,0,72
7,4,2024-10-15,1,10,0,0,80
7,4,2024-10-16,2,10,0,0,86
7,4,2024-10-17,3,10,0,1,119
7,4,2024-10-18,4,10,0,0,82
7,4,2024-10-19,5,10,0,0,94
7,4,2024-10-20,6,10,0,0,94
7,4,2024-10-21,0,10,0,0,85
7,4,2024-10-22,1,10,0,0,73
7,4,2024-10-23,2,10,0,0,60
7,4,2024-10-24,3,10,0,0,76
7,4,2024-10-25,4,10,0,0,81
7,4,2024-10-26,5,10,0,0,111
7,4,2024-10-27,6,10,0,0,117
7,4,2024-10-28,0,10,0,0,79
7,4,2024-10-29,1,10,0,0,83
7,4,2024-10-30,2,10,0,0,80
7,4,2024-10-31,3,10,0,0,81
7,4,2024-11-01,4,11,0,0,81
7,4,2024-11-02,5,11,0,0,109
7,4,2024-11-03,6,11,0,0,98
7,4,2024-11-04,0,11,0,0,98
7,4,2024-11-05,1,11,0,0,64
7,4,2024-11-06,2,11,0,0,87
7,4,2024-11-07,3,11,0,0,85
7,4,2024-11-08,4,11,0,0,85
7,4,2024-11-09,5,11,0,0,93
7,4,2024-11-10,6,11,0,0,89
7,4,2024-11-11,0,11,0,0,87
7,4,2024-11-12,1,11,0,1,137
7,4,2024-11-13,2,11,0,0,84
7,4,2024-11-14,3,11,0,0,89
7,4,2024-11-15,4,11,0,0,79
7,4,2024-11-16,5,11,0,0,108
7,4,2024-11-17,6,11,0,0,117
7,4,2024-11-18,0,11,0,0,80
7,4,2024-11-19,1,11,0,0,92
7,4,2024-11-20,2,11,0,0,70
7,4,2024-11-21,3,11,0,0,78
7,4,2024-11-22,4,11,1,0,142
7,4,2024-11-23,5,11,1,0,186
7,4,2024-11-24,6,11,1,0,158
7,4,2024-11-25,0,11,1,0,122
7,4,2024-11-26,1,11,1,0,159
7,4,2024-11-27,2,11,1,0,134
7,4,2024-11-28,3,11,1,0,143
7,4,2024-11-29,4,11,0,0,80
7,4,2024-11-30,5,11,0,0,106
7,4,2024-12-01,6,12,0,0,105
7,4,2024-12-02,0,12,0,0,106
7,4,2024-12-03,1,12,0,0,97
7,4,2024-12-04,2,12,0,0,102
7,4,2024-12-05,3,12,0,0,81
7,4,2024-12-06,4,12,0,0,73
7,4,2024-12-07,5,12,0,0,107
7,4,2024-12-08,6,12,0,0,136
7,4,2024-12-09,0,12,0,0,85
7,4,2024-12-10,1,12,0,0,96
7,4,2024-12-11,2,12,0,0,79
7,4,2024-12-12,3,12,0,0,81
7,4,2024-12-13,4,12,0,0,87
7,4,2024-12-14,5,12,0,0,132
7,4,2024-12-15,6,12,0,0,122
7,4,2024-12-16,0,12,0,0,71
7,4,2024-12-17,1,12,0,0,93
7,4,2024-12-18,2,12,0,0,78
7,4,2024-12-19,3,12,0,0,82
7,4,2024-12-20,4,12,0,0,92
7,4,2024-12-21,5,12,0,0,125
7,4,2024-12-22,6,12,0,0,124
7,4,2024-12-23,0,12,0,0,90
7,4,2024-12-24,1,12,1,0,145
7,4,2024-12-25,2,12,1,0,158
7,4,2024-12-26,3,12,0,0,75
7,4,2024-12-27,4,12,0,0,103
7,4,2024-12-28,5,12,0,0,103
7,4,2024-12-29,6,12,0,0,113
7,4,2024-12-30,0,12,0,0,84
7,4,2024-12-31,1,12,1,0,125
7,4,2025-01-01,2,1,0,0,97
7,4,2025-01-02,3,1,0,0,95
7,4,2025-01-03,4,1,0,0,92
7,4,2025-01-04,5,1,0,0,114
7,4,2025-01-05,6,1,0,0,132
7,4,2025-01-06,0,1,0,0,112
7,4,2025-01-07,1,1,0,0,104
7,4,2025-01-08,2,1,0,0,95
7,4,2025-01-09,3,1,0,1,112
7,4,2025-01-10,4,1,0,0,98
7,4,2025-01-11,5,1,0,0,123
7,4,2025-01-12,6,1,0,0,124
7,4,2025-01-13,0,1,0,0,83
7,4,2025-01-14,1,1,0,0,100
7,4,2025-01-15,2,1,0,0,107
7,4,2025-01-16,3,1,0,0,84
7,4,2025-01-17,4,1,0,0,99
7,4,2025-01-18,5,1,0,0,107
7,4,2025-01-19,6,1,0,0,114
7,4,2025-01-20,0,1,0,0,85
7,4,2025-01-21,1,1,0,0,90
7,4,2025-01-22,2,1,0,0,90
7,4,2025-01-23,3,1,0,0,97
7,4,2025-01-24,4,1,0,0,101
7,4,2025-01-25,5,1,0,0,129
7,4,2025-01-26,6,1,0,0,109
7,4,2025-01-27,0,1,0,0,96
7,4,2025-01-28,1,1,0,0,83
7,4,2025-01-29,2,1,0,0,92
7,4,2025-01-30,3,1,0,0,93
7,4,2025-01-31,4,1,0,0,85
7,4,2025-02-01,5,2,0,0,126
7,4,2025-02-02,6,2,0,0,118
7,4,2025-02-03,0,2,0,0,98
7,4,2025-02-04,1,2,0,1,152
7,4,2025-02-05,2,2,0,0,93
7,4,2025-02-06,3,2,0,0,105
7,4,2025-02-07,4,2,0,0,110
7,4,2025-02-08,5,2,0,0,135
7,4,2025-02-09,6,2,0,0,117
7,4,2025-02-10,0,2,0,0,88
7,4,2025-02-11,1,2,0,0,90
7,4,2025-02-12,2,2,0,0,83
7,4,2025-02-13,3,2,0,0,103
7,4,2025-02-14,4,2,0,1,146
7,4,2025-02-15,5,2,0,0,121
7,4,2025-02-16,6,2,0,0,104
7,4,2025-02-17,0,2,0,0,94
7,4,2025-02-18,1,2,0,0,109
7,4,2025-02-19,2,2,0,0,102
7,4,2025-02-20,3,2,0,0,104
7,4,2025-02-21,4,2,0,0,127
7,4,2025-02-22,5,2,0,0,123
7,4,2025-02-23,6,2,0,1,127
7,4,2025-02-24,0,2,0,0,87
7,4,2025-02-25,1,2,0,0,100
7,4,2025-02-26,2,2,0,0,97
7,4,2025-02-27,3,2,0,0,95
7,4,2025-02-28,4,2,0,0,95
7,4,2025-03-01,5,3,0,0,112
7,4,2025-03-02,6,3,0,0,125
7,4,2025-03-03,0,3,0,0,111
7,4,2025-03-04,1,3,0,0,114
7,4,2025-03-05,2,3,0,0,114
7,4,2025-03-06,3,3,0,0,90
7,4,2025-03-07,4,3,0,0,98
7,4,2025-03-08,5,3,0,0,117
7,4,2025-03-09,6,3,0,0,128
7,4,2025-03-10,0,3,0,0,98
7,4,2025-03-11,1,3,0,0,96
7,4,2025-03-12,2,3,0,0,112
7,4,2025-03-13,3,3,0,0,99
7,4,2025-03-14,4,3,0,0,99
7,4,2025-03-15,5,3,0,0,125
7,4,2025-03-16,6,3,0,0,128
7,4,2025-03-17,0,3,0,0,105
7,4,2025-03-18,1,3,0,0,112
7,4,2025-03-19,2,3,0,0,86
7,4,2025-03-20,3,3,0,0,101
7,4,2025-03-21,4,3,0,1,136
7,4,2025-03-22,5,3,0,0,117
7,4,2025-03-23,6,3,0,0,129
7,4,2025-03-24,0,3,0,0,110
7,4,2025-03-25,1,3,0,0,93
7,4,2025-03-26,2,3,0,0,114
7,4,2025-03-27,3,3,0,0,85
7,4,2025-03-28,4,3,0,0,104
7,4,2025-03-29,5,3,0,0,111
7,4,2025-03-30,6,3,0,0,114
7,4,2025-03-31,0,3,0,0,99
7,4,2025-04-01,1,4,0,0,93
7,4,2025-04-02,2,4,0,0,71
7,4,2025-04-03,3,4,0,0,102
7,4,2025-04-04,4,4,0,0,104
7,4,2025-04-05,5,4,0,0,118
7,4,2025-04-06,6,4,0,0,117
7,4,2025-04-07,0,4,0,0,93
7,4,2025-04-08,1,4,0,0,81
7,4,2025-04-09,2,4,0,0,80
7,4,2025-04-10,3,4,0,0,104
7,4,2025-04-11,4,4,0,0,106
7,4,2025-04-12,5,4,0,0,126
7,4,2025-04-13,6,4,0,0,124
7,4,2025-04-14,0,4,0,0,104
7,4,2025-04-15,1,4,0,0,103
7,4,2025-04-16,2,4,0,0,90
7,4,2025-04-17,3,4,0,0,99
7,4,2025-04-18,4,4,0,0,94
7,4,2025-04-19,5,4,0,0,116
7,4,2025-04-20,6,4,0,0,132
7,4,2025-04-21,0,4,0,0,111
7,4,2025-04-22,1,4,0,0,76
7,4,2025-04-23,2,4,0,0,95
7,4,2025-04-24,3,4,0,0,94
7,4,2025-04-25,4,4,0,0,107
7,4,2025-04-26,5,4,0,0,103
7,4,2025-04-27,6,4,0,1,115
7,4,2025-04-28,0,4,0,0,104
7,4,2025-04-29,1,4,0,0,106
7,4,2025-04-30,2,4,0,0,81
7,4,2025-05-01,3,5,0,0,92
7,4,2025-05-02,4,5,0,0,106
7,4,2025-05-03,5,5,0,0,104
7,4,2025-05-04,6,5,0,0,117
7,4,2025-05-05,0,5,0,0,97
7,4,2025-05-06,1,5,0,0,81
7,4,2025-05-07,2,5,0,0,88
7,4,2025-05-08,3,5,0,0,78
7,4,2025-05-09,4,5,0,1,130
7,4,2025-05-10,5,5,0,0,107
7,4,2025-05-11,6,5,0,0,118
7,4,2025-05-12,0,5,0,0,99
7,4,2025-05-13,1,5,0,0,105
7,4,2025-05-14,2,5,0,0,113
7,4,2025-05-15,3,5,0,0,95
7,4,2025-05-16,4,5,0,1,129
7,4,2025-05-17,5,5,0,0,112
7,4,2025-05-18,6,5,0,0,105
7,4,2025-05-19,0,5,0,1,138
7,4,2025-05-20,1,5,0,0,89
7,4,2025-05-21,2,5,0,0,97
7,4,2025-05-22,3,5,0,0,85
7,4,2025-05-23,4,5,0,0,89
7,4,2025-05-24,5,5,0,0,120
7,4,2025-05-25,6,5,0,0,114
7,4,2025-05-26,0,5,0,0,76
7,4,2025-05-27,1,5,0,0,93
7,4,2025-05-28,2,5,0,0,86
7,4,2025-05-29,3,5,0,1,147
7,4,2025-05-30,4,5,0,0,101
7,4,2025-05-31,5,5,0,0,91
7,4,2025-06-01,6,6,0,0,119
7,4,2025-06-02,0,6,0,0,91
7,4,2025-06-03,1,6,0,0,76
7,4,2025-06-04,2,6,0,0,95
7,4,2025-06-05,3,6,0,0,77
7,4,2025-06-06,4,6,0,0,97
7,4,2025-06-07,5,6,0,1,141
7,4,2025-06-08,6,6,0,0,95
7,4,2025-06-09,0,6,0,0,105
7,4,2025-06-10,1,6,0,0,75
7,4,2025-06-11,2,6,0,0,81
7,4,2025-06-12,3,6,0,0,83
7,4,2025-06-13,4,6,0,0,84
7,4,2025-06-14,5,6,0,0,117
7,4,2025-06-15,6,6,0,0,111
7,4,2025-06-16,0,6,0,0,96
7,4,2025-06-17,1,6,0,1,132
7,4,2025-06-18,2,6,0,0,74
7,4,2025-06-19,3,6,0,0,92
7,4,2025-06-20,4,6,0,0,90
7,4,2025-06-21,5,6,0,0,104
7,4,2025-06-22,6,6,0,0,132
7,4,2025-06-23,0,6,0,0,93
7,4,2025-06-24,1,6,0,0,95
7,4,2025-06-25,2,6,0,0,96
7,4,2025-06-26,3,6,0,0,84
7,4,2025-06-27,4,6,0,0,93
7,4,2025-06-28,5,6,0,0,114
7,4,2025-06-29,6,6,0,0,105
7,4,2025-06-30,0,6,0,0,78
7,4,2025-07-01,1,7,0,0,83
7,4,2025-07-02,2,7,0,0,87
7,4,2025-07-03,3,7,0,0,83
7,4,2025-07-04,4,7,0,1,120
7,4,2025-07-05,5,7,0,0,105
7,4,2025-07-06,6,7,0,0,102
7,4,2025-07-07,0,7,0,0,94
7,4,2025-07-08,1,7,0,1,125
7,4,2025-07-09,2,7,0,0,79
7,4,2025-07-10,3,7,0,0,69
7,4,2025-07-11,4,7,0,0,81
7,4,2025-07-12,5,7,0,0,99
7,4,2025-07-13,6,7,0,0,99
7,4,2025-07-14,0,7,0,0,90
7,4,2025-07-15,1,7,0,0,83
7,4,2025-07-16,2,7,0,0,70
7,4,2025-07-17,3,7,0,0,87
7,4,2025-07-18,4,7,0,0,70
7,4,2025-07-19,5,7,0,0,112
7,4,2025-07-20,6,7,0,0,100
7,4,2025-07-21,0,7,0,0,83
7,4,2025-07-22,1,7,0,0,82
7,4,2025-07-23,2,7,0,0,81
7,4,2025-07-24,3,7,0,0,84
7,4,2025-07-25,4,7,0,0,83
7,4,2025-07-26,5,7,0,0,123
7,4,2025-07-27,6,7,0,1,148
7,4,2025-07-28,0,7,0,0,84
7,4,2025-07-29,1,7,0,0,77
7,4,2025-07-30,2,7,0,0,85
7,4,2025-07-31,3,7,0,0,75
7,4,2025-08-01,4,8,0,0,87
7,4,2025-08-02,5,8,0,0,87
7,4,2025-08-03,6,8,0,0,93
7,4,2025-08-04,0,8,0,0,67
7,4,2025-08-05,1,8,0,0,82
7,4,2025-08-06,2,8,0,0,76
7,4,2025-08-07,3,8,0,0,84
7,4,2025-08-08,4,8,0,0,71
7,4,2025-08-09,5,8,0,0,106
7,4,2025-08-10,6,8,0,0,107
7,4,2025-08-11,0,8,0,0,80
7,4,2025-08-12,1,8,0,0,79
7,4,2025-08-13,2,8,0,0,80
7,4,2025-08-14,3,8,0,0,72
7,4,2025-08-15,4,8,0,0,71
7,4,2025-08-16,5,8,0,0,106
7,4,2025-08-17,6,8,0,0,98
7,4,2025-08-18,0,8,0,0,82
7,4,2025-08-19,1,8,0,0,90
7,4,2025-08-20,2,8,0,0,75
7,4,2025-08-21,3,8,0,0,74
7,4,2025-08-22,4,8,0,0,76
7,4,2025-08-23,5,8,0,0,102
7,4,2025-08-24,6,8,0,0,107
7,4,2025-08-25,0,8,0,1,118
7,4,2025-08-26,1,8,0,0,94
7,4,2025-08-27,2,8,0,0,82
7,4,2025-08-28,3,8,0,0,84
7,4,2025-08-29,4,8,0,0,78
7,4,2025-08-30,5,8,0,0,111
7,4,2025-08-31,6,8,0,0,99
7,4,2025-09-01,0,9,0,1,110
7,4,2025-09-02,1,9,0,0,84
7,4,2025-09-03,2,9,0,0,77
7,4,2025-09-04,3,9,0,0,79
7,4,2025-09-05,4,9,0,1,127
7,4,2025-09-06,5,9,0,0,101
7,4,2025-09-07,6,9,0,0,98
7,4,2025-09-08,0,9,0,0,73
7,4,2025-09-09,1,9,0,0,85
7,4,2025-09-10,2,9,0,0,75
7,4,2025-09-11,3,9,0,0,77
7,4,2025-09-12,4,9,0,0,79
7,4,2025-09-13,5,9,0,0,102
7,4,2025-09-14,6,9,0,0,109
7,4,2025-09-15,0,9,0,0,77
7,4,2025-09-16,1,9,0,0,87
7,4,2025-09-17,2,9,0,0,75
7,4,2025-09-18,3,9,0,0,80
7,4,2025-09-19,4,9,0,0,76
7,4,2025-09-20,5,9,0,0,119
7,4,2025-09-21,6,9,0,0,97
7,4,2025-09-22,0,9,0,0,75
7,4,2025-09-23,1,9,0,0,78
7,4,2025-09-24,2,9,0,0,75
7,4,2025-09-25,3,9,0,0,79
7,4,2025-09-26,4,9,0,0,86
7,4,2025-09-27,5,9,0,0,101
7,4,2025-09-28,6,9,0,0,101
7,4,2025-09-29,0,9,0,0,76
7,4,2025-09-30,1,9,0,0,74
7,4,2025-10-01,2,10,0,1,119
7,4,2025-10-02,3,10,0,0,79
7,4,2025-10-03,4,10,0,0,87
7,4,2025-10-04,5,10,0,0,92
7,4,2025-10-05,6,10,0,1,160
7,4,2025-10-06,0,10,0,0,78
7,4,2025-10-07,1,10,0,0,80
7,4,2025-10-08,2,10,0,0,71
7,4,2025-10-09,3,10,0,0,83
7,4,2025-10-10,4,10,0,0,72
7,4,2025-10-11,5,10,0,0,105
7,4,2025-10-12,6,10,0,0,104
7,4,2025-10-13,0,10,0,0,76
7,4,2025-10-14,1,10,0,0,63
7,4,2025-10-15,2,10,0,0,94
7,4,2025-10-16,3,10,0,0,71
7,4,2025-10-17,4,10,0,0,81
7,4,2025-10-18,5,10,0,1,131
7,4,2025-10-19,6,10,0,0,111
7,4,2025-10-20,0,10,0,0,76
7,4,2025-10-21,1,10,0,0,73
7,4,2025-10-22,2,10,0,0,83
7,4,2025-10-23,3,10,0,0,69
7,4,2025-10-24,4,10,0,0,76
7,4,2025-10-25,5,10,0,0,108
7,4,2025-10-26,6,10,0,0,115
7,4,2025-10-27,0,10,0,0,72
7,4,2025-10-28,1,10,0,0,74
7,4,2025-10-29,2,10,0,0,81
7,4,2025-10-30,3,10,0,1,96
7,4,2025-10-31,4,10,0,0,89
7,4,2025-11-01,5,11,0,0,95
7,4,2025-11-02,6,11,0,0,101
7,4,2025-11-03,0,11,0,0,84
7,4,2025-11-04,1,11,0,0,83
7,4,2025-11-05,2,11,0,0,75
7,4,2025-11-06,3,11,0,0,96
7,4,2025-11-07,4,11,0,0,63
7,4,2025-11-08,5,11,0,0,94
7,4,2025-11-09,6,11,0,0,99
7,4,2025-11-10,0,11,0,0,75
7,4,2025-11-11,1,11,0,0,92
7,4,2025-11-12,2,11,0,0,70
7,4,2025-11-13,3,11,0,0,94
7,4,2025-11-14,4,11,0,0,80
7,4,2025-11-15,5,11,0,0,92
7,4,2025-11-16,6,11,0,0,84
7,4,2025-11-17,0,11,0,0,81
7,4,2025-11-18,1,11,0,0,77
7,4,2025-11-19,2,11,0,0,84
7,4,2025-11-20,3,11,0,1,117
7,4,2025-11-21,4,11,0,0,90
7,4,2025-11-22,5,11,1,1,195
7,4,2025-11-23,6,11,1,1,189
7,4,2025-11-24,0,11,1,0,147
7,4,2025-11-25,1,11,1,0,138
7,4,2025-11-26,2,11,1,0,145
7,4,2025-11-27,3,11,1,0,150
7,4,2025-11-28,4,11,1,0,131
7,4,2025-11-29,5,11,0,0,105
7,4,2025-11-30,6,11,0,0,113
7,4,2025-12-01,0,12,0,0,68
7,4,2025-12-02,1,12,0,0,87
7,4,2025-12-03,2,12,0,0,86
7,4,2025-12-04,3,12,0,0,91
7,4,2025-12-05,4,12,0,0,81
7,4,2025-12-06,5,12,0,0,122
7,4,2025-12-07,6,12,0,0,103
7,4,2025-12-08,0,12,0,0,84
7,4,2025-12-09,1,12,0,0,82
7,4,2025-12-10,2,12,0,0,98
7,4,2025-12-11,3,12,0,0,71
7,4,2025-12-12,4,12,0,0,102
7,4,2025-12-13,5,12,0,0,125
7,4,2025-12-14,6,12,0,0,105
7,4,2025-12-15,0,12,0,0,96
7,4,2025-12-16,1,12,0,0,89
7,4,2025-12-17,2,12,0,0,101
7,4,2025-12-18,3,12,0,0,96
7,4,2025-12-19,4,12,0,0,106
7,4,2025-12-20,5,12,0,0,94
7,4,2025-12-21,6,12,0,0,112
7,4,2025-12-22,0,12,0,0,74
7,4,2025-12-23,1,12,0,0,83
7,4,2025-12-24,2,12,1,0,170
7,4,2025-12-25,3,12,1,0,147
7,4,2025-12-26,4,12,0,0,96
7,4,2025-12-27,5,12,0,0,116
7,4,2025-12-28,6,12,0,0,115
7,4,2025-12-29,0,12,0,0,83
7,4,2025-12-30,1,12,0,1,119
7,4,2025-12-31,2,12,1,0,133
7,4,2026-01-01,3,1,0,0,69
7,4,2026-01-02,4,1,0,0,92
7,4,2026-01-03,5,1,0,0,118
7,4,2026-01-04,6,1,0,0,109
7,4,2026-01-05,0,1,0,0,92
7,4,2026-01-06,1,1,0,0,98
7,4,2026-01-07,2,1,0,1,143
7,4,2026-01-08,3,1,0,0,83
7,4,2026-01-09,4,1,0,0,86
7,4,2026-01-10,5,1,0,0,124
7,4,2026-01-11,6,1,0,0,122
7,4,2026-01-12,0,1,0,0,105
7,4,2026-01-13,1,1,0,0,104
7,4,2026-01-14,2,1,0,0,114
7,4,2026-01-15,3,1,0,0,90
7,4,2026-01-16,4,1,0,0,107
7,4,2026-01-17,5,1,0,0,106
7,4,2026-01-18,6,1,0,0,141
7,4,2026-01-19,0,1,0,0,97
7,4,2026-01-20,1,1,0,0,98
7,4,2026-01-21,2,1,0,0,102
7,4,2026-01-22,3,1,0,1,116
7,4,2026-01-23,4,1,0,0,84
7,4,2026-01-24,5,1,0,0,117
7,4,2026-01-25,6,1,0,0,119
7,4,2026-01-26,0,1,0,0,111
7,4,2026-01-27,1,1,0,0,85
7,4,2026-01-28,2,1,0,0,106
7,4,2026-01-29,3,1,0,0,91
7,4,2026-01-30,4,1,0,0,91
7,4,2026-01-31,5,1,0,0,114
7,4,2026-02-01,6,2,0,1,154
7,4,2026-02-02,0,2,0,0,101
7,4,2026-02-03,1,2,0,0,93
7,4,2026-02-04,2,2,0,0,84
7,4,2026-02-05,3,2,0,0,94
7,4,2026-02-06,4,2,0,0,101
7,4,2026-02-07,5,2,0,0,104
7,4,2026-02-08,6,2,0,0,126
7,4,2026-02-09,0,2,0,0,108
7,4,2026-02-10,1,2,0,0,110
7,4,2026-02-11,2,2,0,0,100
7,4,2026-02-12,3,2,0,0,81
7,4,2026-02-13,4,2,0,0,103
7,4,2026-02-14,5,2,0,0,130
7,4,2026-02-15,6,2,0,0,112
7,4,2026-02-16,0,2,0,0,96
7,4,2026-02-17,1,2,0,0,101
7,4,2026-02-18,2,2,0,0,113
7,4,2026-02-19,3,2,0,0,95
7,4,2026-02-20,4,2,0,0,105
7,4,2026-02-21,5,2,0,1,164
7,4,2026-02-22,6,2,0,0,122
7,4,2026-02-23,0,2,0,0,109
7,4,2026-02-24,1,2,0,0,89
7,4,2026-02-25,2,2,0,0,99
7,4,2026-02-26,3,2,0,0,97
7,4,2026-02-27,4,2,0,0,83
7,4,2026-02-28,5,2,0,0,133
7,4,2026-03-01,6,3,0,0,130
7,4,2026-03-02,0,3,0,0,99
7,4,2026-03-03,1,3,0,0,96
7,4,2026-03-04,2,3,0,0,98
7,4,2026-03-05,3,3,0,0,105
7,4,2026-03-06,4,3,0,0,99
7,4,2026-03-07,5,3,0,0,113
7,4,2026-03-08,6,3,0,0,115
7,4,2026-03-09,0,3,0,0,98
7,4,2026-03-10,1,3,0,0,90
7,4,2026-03-11,2,3,0,0,101
7,4,2026-03-12,3,3,0,0,91
7,4,2026-03-13,4,3,0,0,90
7,4,2026-03-14,5,3,0,0,157
7,4,2026-03-15,6,3,0,0,143
7,4,2026-03-16,0,3,0,0,100
7,4,2026-03-17,1,3,0,0,106
7,4,2026-03-18,2,3,0,0,108
7,4,2026-03-19,3,3,0,0,98
7,4,2026-03-20,4,3,0,0,101
7,4,2026-03-21,5,3,0,0,118
7,4,2026-03-22,6,3,0,0,135
7,4,2026-03-23,0,3,0,0,110
7,4,2026-03-24,1,3,0,0,113
7,4,2026-03-25,2,3,0,1,141
7,4,2026-03-26,3,3,0,0,118
7,4,2026-03-27,4,3,0,0,98
7,4,2026-03-28,5,3,0,0,144
7,4,2026-03-29,6,3,0,0,116
7,4,2026-03-30,0,3,0,0,86
7,4,2026-03-31,1,3,0,0,117
7,4,2026-04-01,2,4,0,0,103
7,4,2026-04-02,3,4,0,1,143
7,4,2026-04-03,4,4,0,0,94
7,4,2026-04-04,5,4,0,0,110
7,4,2026-04-05,6,4,0,0,111
7,4,2026-04-06,0,4,0,0,98
7,4,2026-04-07,1,4,0,0,95
7,4,2026-04-08,2,4,0,0,79
7,4,2026-04-09,3,4,0,0,112
7,4,2026-04-10,4,4,0,0,93
7,4,2026-04-11,5,4,0,0,133
7,4,2026-04-12,6,4,0,0,112
7,4,2026-04-13,0,4,0,0,98
7,4,2026-04-14,1,4,0,1,149
7,4,2026-04-15,2,4,0,0,104
7,4,2026-04-16,3,4,0,0,94
7,4,2026-04-17,4,4,0,0,101
7,4,2026-04-18,5,4,0,0,127
7,4,2026-04-19,6,4,0,0,118
7,4,2026-04-20,0,4,0,0,87
7,4,2026-04-21,1,4,0,0,91
7,4,2026-04-22,2,4,0,0,93
7,4,2026-04-23,3,4,0,0,97
7,4,2026-04-24,4,4,0,0,111
7,4,2026-04-25,5,4,0,0,130
7,4,2026-04-26,6,4,0,0,110
7,4,2026-04-27,0,4,0,0,113
7,4,2026-04-28,1,4,0,0,96
7,4,2026-04-29,2,4,0,0,103
7,4,2026-04-30,3,4,0,0,88
7,4,2026-05-01,4,5,0,0,89
7,4,2026-05-02,5,5,0,0,127
7,4,2026-05-03,6,5,0,0,106
7,4,2026-05-04,0,5,0,0,93
7,4,2026-05-05,1,5,0,0,97
7,4,2026-05-06,2,5,0,0,84
7,4,2026-05-07,3,5,0,0,78
7,4,2026-05-08,4,5,0,0,101
7,4,2026-05-09,5,5,0,0,146
7,4,2026-05-10,6,5,0,0,121
7,4,2026-05-11,0,5,0,0,99
7,4,2026-05-12,1,5,0,0,85
7,4,2026-05-13,2,5,0,0,106
7,4,2026-05-14,3,5,0,0,90
7,4,2026-05-15,4,5,0,0,103
7,4,2026-05-16,5,5,0,0,122
7,4,2026-05-17,6,5,0,0,122
7,4,2026-05-18,0,5,0,0,98
7,4,2026-05-19,1,5,0,0,98
7,4,2026-05-20,2,5,0,0,95
7,4,2026-05-21,3,5,0,0,101
7,4,2026-05-22,4,5,0,0,87
7,4,2026-05-23,5,5,0,0,113
7,4,2026-05-24,6,5,0,0,131
7,4,2026-05-25,0,5,0,0,95
7,4,2026-05-26,1,5,0,0,90
7,4,2026-05-27,2,5,0,0,102
7,4,2026-05-28,3,5,0,0,100
7,4,2026-05-29,4,5,0,0,82
7,4,2026-05-30,5,5,0,0,123
7,4,2026-05-31,6,5,0,0,117
7,4,2026-06-01,0,6,0,0,94
7,4,2026-06-02,1,6,0,0,88
7,4,2026-06-03,2,6,0,0,92
7,4,2026-06-04,3,6,0,0,73
7,4,2026-06-05,4,6,0,1,117
7,4,2026-06-06,5,6,0,0,118
7,4,2026-06-07,6,6,0,0,137
7,4,2026-06-08,0,6,0,0,91
7,4,2026-06-09,1,6,0,0,82
7,4,2026-06-10,2,6,0,0,89
7,4,2026-06-11,3,6,0,0,80
7,4,2026-06-12,4,6,0,0,98
7,4,2026-06-13,5,6,0,0,111
7,4,2026-06-14,6,6,0,0,121
7,4,2026-06-15,0,6,0,0,86
7,4,2026-06-16,1,6,0,0,97
7,4,2026-06-17,2,6,0,0,74
7,4,2026-06-18,3,6,0,0,88
7,4,2026-06-19,4,6,0,0,92
7,4,2026-06-20,5,6,0,0,108
7,4,2026-06-21,6,6,0,0,114
7,4,2026-06-22,0,6,0,0,91
7,4,2026-06-23,1,6,0,0,96
7,4,2026-06-24,2,6,0,0,93
7,4,2026-06-25,3,6,0,1,132
7,4,2026-06-26,4,6,0,0,95
7,4,2026-06-27,5,6,0,1,131
7,4,2026-06-28,6,6,0,0,103
7,4,2026-06-29,0,6,0,0,76
7,4,2026-06-30,1,6,0,0,92
7,4,2026-07-01,2,7,0,0,86
7,4,2026-07-02,3,7,0,0,93
7,4,2026-07-03,4,7,0,0,85
7,4,2026-07-04,5,7,0,0,99
7,4,2026-07-05,6,7,0,0,106
7,4,2026-07-06,0,7,0,0,68
7,4,2026-07-07,1,7,0,0,79
7,4,2026-07-08,2,7,0,0,64
7,4,2026-07-09,3,7,0,0,85
7,4,2026-07-10,4,7,0,0,80
7,4,2026-07-11,5,7,0,0,104
7,4,2026-07-12,6,7,0,0,96
7,4,2026-07-13,0,7,0,0,77
7,4,2026-07-14,1,7,0,0,88
7,4,2026-07-15,2,7,0,0,71
7,4,2026-07-16,3,7,0,0,86
7,4,2026-07-17,4,7,0,0,76
7,4,2026-07-18,5,7,0,0,89
7,4,2026-07-19,6,7,0,0,117
7,4,2026-07-20,0,7,0,0,93
7,4,2026-07-21,1,7,0,0,78
7,4,2026-07-22,2,7,0,0,78
7,4,2026-07-23,3,7,0,0,81
7,4,2026-07-24,4,7,0,0,76
7,4,2026-07-25,5,7,0,0,99
7,4,2026-07-26,6,7,0,0,109
7,4,2026-07-27,0,7,0,0,98
7,4,2026-07-28,1,7,0,0,80
7,4,2026-07-29,2,7,0,0,90
7,4,2026-07-30,3,7,0,0,85
7,4,2026-07-31,4,7,0,0,70
7,4,2026-08-01,5,8,0,0,101
7,4,2026-08-02,6,8,0,0,100
7,4,2026-08-03,0,8,0,0,89
7,4,2026-08-04,1,8,0,0,90
7,4,2026-08-05,2,8,0,0,81
7,4,2026-08-06,3,8,0,0,88
7,4,2026-08-07,4,8,0,0,78
7,4,2026-08-08,5,8,0,0,112
7,4,2026-08-09,6,8,0,0,102
7,4,2026-08-10,0,8,0,0,87
7,4,2026-08-11,1,8,0,0,87
7,4,2026-08-12,2,8,0,0,84
7,4,2026-08-13,3,8,0,0,73
7,4,2026-08-14,4,8,0,0,76
7,4,2026-08-15,5,8,0,0,108
7,4,2026-08-16,6,8,0,0,110
7,4,2026-08-17,0,8,0,0,80
7,4,2026-08-18,1,8,0,0,76
7,4,2026-08-19,2,8,0,1,120
7,4,2026-08-20,3,8,0,0,77
7,4,2026-08-21,4,8,0,0,77
7,4,2026-08-22,5,8,0,0,120
7,4,2026-08-23,6,8,0,0,97
7,4,2026-08-24,0,8,0,1,124
7,4,2026-08-25,1,8,0,0,80
7,4,2026-08-26,2,8,0,0,70
7,4,2026-08-27,3,8,0,0,69
7,4,2026-08-28,4,8,0,0,78
7,4,2026-08-29,5,8,0,0,83
7,4,2026-08-30,6,8,0,0,118
7,4,2026-08-31,0,8,0,0,76
7,5,2024-09-01,6,9,0,0,78
7,5,2024-09-02,0,9,0,0,60
7,5,2024-09-03,1,9,0,0,69
7,5,2024-09-04,2,9,0,0,62
7,5,2024-09-05,3,9,0,0,69
7,5,2024-09-06,4,9,0,0,68
7,5,2024-09-07,5,9,0,0,83
7,5,2024-09-08,6,9,0,0,85
7,5,2024-09-09,0,9,0,0,76
7,5,2024-09-10,1,9,0,0,60
7,5,2024-09-11,2,9,0,0,69
7,5,2024-09-12,3,9,0,1,101
7,5,2024-09-13,4,9,0,0,71
7,5,2024-09-14,5,9,0,0,80
7,5,2024-09-15,6,9,0,0,87
7,5,2024-09-16,0,9,0,0,58
7,5,2024-09-17,1,9,0,0,60
7,5,2024-09-18,2,9,0,0,62
7,5,2024-09-19,3,9,0,0,65
7,5,2024-09-20,4,9,0,0,65
7,5,2024-09-21,5,9,0,0,74
7,5,2024-09-22,6,9,0,0,73
7,5,2024-09-23,0,9,0,0,61
7,5,2024-09-24,1,9,0,0,56
7,5,2024-09-25,2,9,0,0,63
7,5,2024-09-26,3,9,0,0,65
7,5,2024-09-27,4,9,0,0,67
7,5,2024-09-28,5,9,0,0,80
7,5,2024-09-29,6,9,0,0,91
7,5,2024-09-30,0,9,0,0,69
7,5,2024-10-01,1,10,0,0,70
7,5,2024-10-02,2,10,0,0,68
7,5,2024-10-03,3,10,0,0,69
7,5,2024-10-04,4,10,0,0,65
7,5,2024-10-05,5,10,0,0,81
7,5,2024-10-06,6,10,0,0,93
7,5,2024-10-07,0,10,0,0,66
7,5,2024-10-08,1,10,0,1,88
7,5,2024-10-09,2,10,0,0,70
7,5,2024-10-10,3,10,0,0,71
7,5,2024-10-11,4,10,0,0,67
7,5,2024-10-12,5,10,0,0,68
7,5,2024-10-13,6,10,0,0,89
7,5,2024-10-14,0,10,0,0,67
7,5,2024-10-15,1,10,0,0,64
7,5,2024-10-16,2,10,0,0,73
7,5,2024-10-17,3,10,0,0,55
7,5,2024-10-18,4,10,0,0,67
7,5,2024-10-19,5,10,0,0,77
7,5,2024-10-20,6,10,0,0,90
7,5,2024-10-21,0,10,0,0,67
7,5,2024-10-22,1,10,0,0,61
7,5,2024-10-23,2,10,0,0,72
7,5,2024-10-24,3,10,0,0,53
7,5,2024-10-25,4,10,0,1,104
7,5,2024-10-26,5,10,0,0,72
7,5,2024-10-27,6,10,0,0,77
7,5,2024-10-28,0,10,0,0,65
7,5,2024-10-29,1,10,0,0,71
7,5,2024-10-30,2,10,0,0,78
7,5,2024-10-31,3,10,0,0,56
7,5,2024-11-01,4,11,0,0,72
7,5,2024-11-02,5,11,0,0,99
7,5,2024-11-03,6,11,0,0,79
7,5,2024-11-04,0,11,0,0,66
7,5,2024-11-05,1,11,0,0,71
7,5,2024-11-06,2,11,0,0,74
7,5,2024-11-07,3,11,0,0,73
7,5,2024-11-08,4,11,0,0,67
7,5,2024-11-09,5,11,0,0,78
7,5,2024-11-10,6,11,0,0,92
7,5,2024-11-11,0,11,0,0,65
7,5,2024-11-12,1,11,0,0,58
7,5,2024-11-13,2,11,0,0,61
7,5,2024-11-14,3,11,0,1,98
7,5,2024-11-15,4,11,0,0,78
7,5,2024-11-16,5,11,0,0,75
7,5,2024-11-17,6,11,0,0,94
7,5,2024-11-18,0,11,0,0,77
7,5,2024-11-19,1,11,0,0,71
7,5,2024-11-20,2,11,0,0,55
7,5,2024-11-21,3,11,0,0,63
7,5,2024-11-22,4,11,1,1,139
7,5,2024-11-23,5,11,1,0,146
7,5,2024-11-24,6,11,1,0,122
7,5,2024-11-25,0,11,1,0,106
7,5,2024-11-26,1,11,1,0,115
7,5,2024-11-27,2,11,1,0,101
7,5,2024-11-28,3,11,1,0,113
7,5,2024-11-29,4,11,0,1,96
7,5,2024-11-30,5,11,0,0,102
7,5,2024-12-01,6,12,0,0,81
7,5,2024-12-02,0,12,0,0,86
7,5,2024-12-03,1,12,0,1,97
7,5,2024-12-04,2,12,0,0,75
7,5,2024-12-05,3,12,0,0,77
7,5,2024-12-06,4,12,0,0,75
7,5,2024-12-07,5,12,0,0,88
7,5,2024-12-08,6,12,0,0,94
7,5,2024-12-09,0,12,0,0,76
7,5,2024-12-10,1,12,0,0,73
7,5,2024-12-11,2,12,0,0,70
7,5,2024-12-12,3,12,0,0,73
7,5,2024-12-13,4,12,0,1,105
7,5,2024-12-14,5,12,0,0,86
7,5,2024-12-15,6,12,0,0,88
7,5,2024-12-16,0,12,0,0,65
7,5,2024-12-17,1,12,0,0,68
7,5,2024-12-18,2,12,0,0,79
7,5,2024-12-19,3,12,0,0,60
7,5,2024-12-20,4,12,0,0,81
7,5,2024-12-21,5,12,0,0,84
7,5,2024-12-22,6,12,0,0,100
7,5,2024-12-23,0,12,0,0,81
7,5,2024-12-24,1,12,1,0,115
7,5,2024-12-25,2,12,1,0,116
7,5,2024-12-26,3,12,0,0,83
7,5,2024-12-27,4,12,0,0,82
7,5,2024-12-28,5,12,0,0,95
7,5,2024-12-29,6,12,0,0,96
7,5,2024-12-30,0,12,0,1,97
7,5,2024-12-31,1,12,1,0,120
7,5,2025-01-01,2,1,0,0,73
7,5,2025-01-02,3,1,0,0,71
7,5,2025-01-03,4,1,0,0,79
7,5,2025-01-04,5,1,0,0,89
7,5,2025-01-05,6,1,0,0,91
7,5,2025-01-06,0,1,0,0,75
7,5,2025-01-07,1,1,0,0,70
7,5,2025-01-08,2,1,0,0,89
7,5,2025-01-09,3,1,0,0,79
7,5,2025-01-10,4,1,0,1,98
7,5,2025-01-11,5,1,0,0,94
7,5,2025-01-12,6,1,0,0,104
7,5,2025-01-13,0,1,0,0,84
7,5,2025-01-14,1,1,0,0,75
7,5,2025-01-15,2,1,0,0,75
7,5,2025-01-16,3,1,0,0,72
7,5,2025-01-17,4,1,0,1,105
7,5,2025-01-18,5,1,0,0,87
7,5,2025-01-19,6,1,0,0,81
7,5,2025-01-20,0,1,0,0,75
7,5,2025-01-21,1,1,0,0,80
7,5,2025-01-22,2,1,0,0,76
7,5,2025-01-23,3,1,0,0,80
7,5,2025-01-24,4,1,0,0,89
7,5,2025-01-25,5,1,0,0,106
7,5,2025-01-26,6,1,0,0,92
7,5,2025-01-27,0,1,0,0,84
7,5,2025-01-28,1,1,0,0,77
7,5,2025-01-29,2,1,0,0,75
7,5,2025-01-30,3,1,0,0,71
7,5,2025-01-31,4,1,0,0,79
7,5,2025-02-01,5,2,0,0,104
7,5,2025-02-02,6,2,0,0,85
7,5,2025-02-03,0,2,0,0,80
7,5,2025-02-04,1,2,0,0,79
7,5,2025-02-05,2,2,0,0,83
7,5,2025-02-06,3,2,0,0,83
7,5,2025-02-07,4,2,0,0,85
7,5,2025-02-08,5,2,0,0,110
7,5,2025-02-09,6,2,0,0,89
7,5,2025-02-10,0,2,0,0,75
7,5,2025-02-11,1,2,0,1,117
7,5,2025-02-12,2,2,0,0,91
7,5,2025-02-13,3,2,0,0,72
7,5,2025-02-14,4,2,0,0,84
7,5,2025-02-15,5,2,0,0,94
7,5,2025-02-16,6,2,0,0,102
7,5,2025-02-17,0,2,0,0,86
7,5,2025-02-18,1,2,0,1,115
7,5,2025-02-19,2,2,0,0,85
7,5,2025-02-20,3,2,0,0,77
7,5,2025-02-21,4,2,0,0,87
7,5,2025-02-22,5,2,0,0,106
7,5,2025-02-23,6,2,0,0,96
7,5,2025-02-24,0,2,0,0,79
7,5,2025-02-25,1,2,0,0,81
7,5,2025-02-26,2,2,0,0,87
7,5,2025-02-27,3,2,0,0,81
7,5,2025-02-28,4,2,0,0,73
7,5,2025-03-01,5,3,0,0,104
7,5,2025-03-02,6,3,0,0,89
7,5,2025-03-03,0,3,0,0,86
7,5,2025-03-04,1,3,0,0,70
7,5,2025-03-05,2,3,0,1,117
7,5,2025-03-06,3,3,0,0,82
7,5,2025-03-07,4,3,0,0,69
7,5,2025-03-08,5,3,0,0,99
7,5,2025-03-09,6,3,0,0,88
7,5,2025-03-10,0,3,0,0,83
7,5,2025-03-11,1,3,0,0,80
7,5,2025-03-12,2,3,0,0,73
7,5,2025-03-13,3,3,0,0,76
7,5,2025-03-14,4,3,0,0,76
7,5,2025-03-15,5,3,0,0,104
7,5,2025-03-16,6,3,0,0,103
7,5,2025-03-17,0,3,0,0,98
7,5,2025-03-18,1,3,0,0,79
7,5,2025-03-19,2,3,0,0,79
7,5,2025-03-20,3,3,0,0,84
7,5,2025-03-21,4,3,0,0,80
7,5,2025-03-22,5,3,0,0,92
7,5,2025-03-23,6,3,0,0,97
7,5,2025-03-24,0,3,0,0,87
7,5,2025-03-25,1,3,0,0,68
7,5,2025-03-26,2,3,0,1,110
7,5,2025-03-27,3,3,0,0,73
7,5,2025-03-28,4,3,0,0,82
7,5,2025-03-29,5,3,0,0,100
7,5,2025-03-30,6,3,0,0,106
7,5,2025-03-31,0,3,0,0,80
7,5,2025-04-01,1,4,0,0,82
7,5,2025-04-02,2,4,0,0,70
7,5,2025-04-03,3,4,0,0,76
7,5,2025-04-04,4,4,0,1,117
7,5,2025-04-05,5,4,0,0,85
7,5,2025-04-06,6,4,0,0,105
7,5,2025-04-07,0,4,0,0,85
7,5,2025-04-08,1,4,0,0,75
7,5,2025-04-09,2,4,0,0,72
7,5,2025-04-10,3,4,0,0,77
7,5,2025-04-11,4,4,0,0,75
7,5,2025-04-12,5,4,0,0,86
7,5,2025-04-13,6,4,0,0,84
7,5,2025-04-14,0,4,0,0,80
7,5,2025-04-15,1,4,0,0,86
7,5,2025-04-16,2,4,0,0,77
7,5,2025-04-17,3,4,0,0,84
7,5,2025-04-18,4,4,0,0,79
7,5,2025-04-19,5,4,0,0,100
7,5,2025-04-20,6,4,0,0,89
7,5,2025-04-21,0,4,0,0,83
7,5,2025-04-22,1,4,0,0,82
7,5,2025-04-23,2,4,0,0,91
7,5,2025-04-24,3,4,0,0,85
7,5,2025-04-25,4,4,0,0,83
7,5,2025-04-26,5,4,0,0,84
7,5,2025-04-27,6,4,0,0,91
7,5,2025-04-28,0,4,0,0,76
7,5,2025-04-29,1,4,0,0,76
7,5,2025-04-30,2,4,0,0,82
7,5,2025-05-01,3,5,0,0,80
7,5,2025-05-02,4,5,0,0,80
7,5,2025-05-03,5,5,0,0,102
7,5,2025-05-04,6,5,0,0,96
7,5,2025-05-05,0,5,0,0,70
7,5,2025-05-06,1,5,0,0,80
7,5,2025-05-07,2,5,0,0,82
7,5,2025-05-08,3,5,0,1,123
7,5,2025-05-09,4,5,0,0,77
7,5,2025-05-10,5,5,0,0,91
7,5,2025-05-11,6,5,0,0,100
7,5,2025-05-12,0,5,0,0,79
7,5,2025-05-13,1,5,0,0,68
7,5,2025-05-14,2,5,0,1,95
7,5,2025-05-15,3,5,0,0,90
7,5,2025-05-16,4,5,0,0,67
7,5,2025-05-17,5,5,0,0,91
7,5,2025-05-18,6,5,0,0,99
7,5,2025-05-19,0,5,0,0,67
7,5,2025-05-20,1,5,0,0,71
7,5,2025-05-21,2,5,0,0,70
7,5,2025-05-22,3,5,0,0,90
7,5,2025-05-23,4,5,0,0,91
7,5,2025-05-24,5,5,0,0,87
7,5,2025-05-25,6,5,0,0,97
7,5,2025-05-26,0,5,0,0,80
7,5,2025-05-27,1,5,0,0,76
7,5,2025-05-28,2,5,0,0,68
7,5,2025-05-29,3,5,0,0,93
7,5,2025-05-30,4,5,0,0,67
7,5,2025-05-31,5,5,0,0,94
7,5,2025-06-01,6,6,0,0,83
7,5,2025-06-02,0,6,0,0,80
7,5,2025-06-03,1,6,0,0,79
7,5,2025-06-04,2,6,0,0,68
7,5,2025-06-05,3,6,0,0,69
7,5,2025-06-06,4,6,0,0,64
7,5,2025-06-07,5,6,0,0,89
7,5,2025-06-08,6,6,0,0,93
7,5,2025-06-09,0,6,0,0,71
7,5,2025-06-10,1,6,0,0,72
7,5,2025-06-11,2,6,0,0,85
7,5,2025-06-12,3,6,0,0,80
7,5,2025-06-13,4,6,0,0,82
7,5,2025-06-14,5,6,0,0,72
7,5,2025-06-15,6,6,0,0,92
7,5,2025-06-16,0,6,0,0,75
7,5,2025-06-17,1,6,0,0,66
7,5,2025-06-18,2,6,0,0,67
7,5,2025-06-19,3,6,0,0,72
7,5,2025-06-20,4,6,0,0,66
7,5,2025-06-21,5,6,0,0,82
7,5,2025-06-22,6,6,0,0,84
7,5,2025-06-23,0,6,0,0,77
7,5,2025-06-24,1,6,0,0,70
7,5,2025-06-25,2,6,0,0,71
7,5,2025-06-26,3,6,0,0,80
7,5,2025-06-27,4,6,0,0,63
7,5,2025-06-28,5,6,0,0,89
7,5,2025-06-29,6,6,0,0,91
7,5,2025-06-30,0,6,0,0,76
7,5,2025-07-01,1,7,0,0,67
7,5,2025-07-02,2,7,0,0,63
7,5,2025-07-03,3,7,0,1,115
7,5,2025-07-04,4,7,0,0,65
7,5,2025-07-05,5,7,0,0,76
7,5,2025-07-06,6,7,0,0,84
7,5,2025-07-07,0,7,0,0,65
7,5,2025-07-08,1,7,0,0,75
7,5,2025-07-09,2,7,0,0,68
7,5,2025-07-10,3,7,0,0,76
7,5,2025-07-11,4,7,0,0,72
7,5,2025-07-12,5,7,0,0,81
7,5,2025-07-13,6,7,0,0,91
7,5,2025-07-14,0,7,0,0,66
7,5,2025-07-15,1,7,0,0,68
7,5,2025-07-16,2,7,0,0,72
7,5,2025-07-17,3,7,0,0,71
7,5,2025-07-18,4,7,0,0,66
7,5,2025-07-19,5,7,0,0,73
7,5,2025-07-20,6,7,0,1,116
7,5,2025-07-21,0,7,0,0,65
7,5,2025-07-22,1,7,0,0,70
7,5,2025-07-23,2,7,0,0,67
7,5,2025-07-24,3,7,0,0,65
7,5,2025-07-25,4,7,0,0,68
7,5,2025-07-26,5,7,0,0,83
7,5,2025-07-27,6,7,0,0,88
7,5,2025-07-28,0,7,0,0,72
7,5,2025-07-29,1,7,0,0,81
7,5,2025-07-30,2,7,0,0,70
7,5,2025-07-31,3,7,0,0,66
7,5,2025-08-01,4,8,0,0,65
7,5,2025-08-02,5,8,0,0,84
7,5,2025-08-03,6,8,0,0,87
7,5,2025-08-04,0,8,0,0,73
7,5,2025-08-05,1,8,0,0,61
7,5,2025-08-06,2,8,0,0,73
7,5,2025-08-07,3,8,0,0,66
7,5,2025-08-08,4,8,0,0,61
7,5,2025-08-09,5,8,0,0,79
7,5,2025-08-10,6,8,0,0,88
7,5,2025-08-11,0,8,0,0,69
7,5,2025-08-12,1,8,0,0,60
7,5,2025-08-13,2,8,0,0,60
7,5,2025-08-14,3,8,0,0,59
7,5,2025-08-15,4,8,0,0,62
7,5,2025-08-16,5,8,0,0,81
7,5,2025-08-17,6,8,0,0,73
7,5,2025-08-18,0,8,0,0,64
7,5,2025-08-19,1,8,0,0,74
7,5,2025-08-20,2,8,0,0,75
7,5,2025-08-21,3,8,0,0,75
7,5,2025-08-22,4,8,0,0,56
7,5,2025-08-23,5,8,0,0,91
7,5,2025-08-24,6,8,0,0,81
7,5,2025-08-25,0,8,0,0,67
7,5,2025-08-26,1,8,0,0,72
7,5,2025-08-27,2,8,0,0,70
7,5,2025-08-28,3,8,0,0,56
7,5,2025-08-29,4,8,0,0,63
7,5,2025-08-30,5,8,0,0,78
7,5,2025-08-31,6,8,0,0,71
7,5,2025-09-01,0,9,0,0,70
7,5,2025-09-02,1,9,0,0,73
7,5,2025-09-03,2,9,0,0,65
7,5,2025-09-04,3,9,0,0,67
7,5,2025-09-05,4,9,0,0,65
7,5,2025-09-06,5,9,0,0,80
7,5,2025-09-07,6,9,0,0,86
7,5,2025-09-08,0,9,0,0,56
7,5,2025-09-09,1,9,0,0,68
7,5,2025-09-10,2,9,0,0,65
7,5,2025-09-11,3,9,0,0,61
7,5,2025-09-12,4,9,0,1,94
7,5,2025-09-13,5,9,0,1,129
7,5,2025-09-14,6,9,0,0,70
7,5,2025-09-15,0,9,0,0,64
7,5,2025-09-16,1,9,0,0,74
7,5,2025-09-17,2,9,0,0,58
7,5,2025-09-18,3,9,0,0,63
7,5,2025-09-19,4,9,0,0,65
7,5,2025-09-20,5,9,0,0,82
7,5,2025-09-21,6,9,0,0,78
7,5,2025-09-22,0,9,0,0,60
7,5,2025-09-23,1,9,0,0,67
7,5,2025-09-24,2,9,0,0,64
7,5,2025-09-25,3,9,0,0,68
7,5,2025-09-26,4,9,0,0,70
7,5,2025-09-27,5,9,0,0,69
7,5,2025-09-28,6,9,0,0,86
7,5,2025-09-29,0,9,0,0,64
7,5,2025-09-30,1,9,0,0,69
7,5,2025-10-01,2,10,0,0,69
7,5,2025-10-02,3,10,0,0,76
7,5,2025-10-03,4,10,0,0,66
7,5,2025-10-04,5,10,0,0,77
7,5,2025-10-05,6,10,0,0,77
7,5,2025-10-06,0,10,0,0,61
7,5,2025-10-07,1,10,0,0,71
7,5,2025-10-08,2,10,0,0,60
7,5,2025-10-09,3,10,0,0,70
7,5,2025-10-10,4,10,0,0,65
7,5,2025-10-11,5,10,0,0,69
7,5,2025-10-12,6,10,0,0,90
7,5,2025-10-13,0,10,0,0,48
7,5,2025-10-14,1,10,0,0,66
7,5,2025-10-15,2,10,0,0,67
7,5,2025-10-16,3,10,0,0,54
7,5,2025-10-17,4,10,0,0,69
7,5,2025-10-18,5,10,0,0,76
7,5,2025-10-19,6,10,0,0,79
7,5,2025-10-20,0,10,0,0,73
7,5,2025-10-21,1,10,0,0,67
7,5,2025-10-22,2,10,0,0,64
7,5,2025-10-23,3,10,0,0,65
7,5,2025-10-24,4,10,0,0,76
7,5,2025-10-25,5,10,0,0,83
7,5,2025-10-26,6,10,0,0,74
7,5,2025-10-27,0,10,0,0,63
7,5,2025-10-28,1,10,0,0,60
7,5,2025-10-29,2,10,0,0,64
7,5,2025-10-30,3,10,0,0,75
7,5,2025-10-31,4,10,0,1,98
7,5,2025-11-01,5,11,0,1,104
7,5,2025-11-02,6,11,0,0,86
7,5,2025-11-03,0,11,0,0,67
7,5,2025-11-04,1,11,0,0,73
7,5,2025-11-05,2,11,0,0,68
7,5,2025-11-06,3,11,0,0,78
7,5,2025-11-07,4,11,0,0,64
7,5,2025-11-08,5,11,0,0,75
7,5,2025-11-09,6,11,0,0,90
7,5,2025-11-10,0,11,0,1,86
7,5,2025-11-11,1,11,0,0,68
7,5,2025-11-12,2,11,0,0,74
7,5,2025-11-13,3,11,0,0,57
7,5,2025-11-14,4,11,0,0,70
7,5,2025-11-15,5,11,0,0,73
7,5,2025-11-16,6,11,0,0,71
7,5,2025-11-17,0,11,0,0,63
7,5,2025-11-18,1,11,0,0,68
7,5,2025-11-19,2,11,0,0,65
7,5,2025-11-20,3,11,0,0,76
7,5,2025-11-21,4,11,0,0,70
7,5,2025-11-22,5,11,1,0,123
7,5,2025-11-23,6,11,1,0,114
7,5,2025-11-24,0,11,1,0,116
7,5,2025-11-25,1,11,1,1,172
7,5,2025-11-26,2,11,1,0,107
7,5,2025-11-27,3,11,1,0,108
7,5,2025-11-28,4,11,1,0,104
7,5,2025-11-29,5,11,0,0,92
7,5,2025-11-30,6,11,0,0,90
7,5,2025-12-01,0,12,0,0,71
7,5,2025-12-02,1,12,0,0,70
7,5,2025-12-03,2,12,0,0,68
7,5,2025-12-04,3,12,0,1,104
7,5,2025-12-05,4,12,0,0,80
7,5,2025-12-06,5,12,0,0,88
7,5,2025-12-07,6,12,0,1,134
7,5,2025-12-08,0,12,0,0,69
7,5,2025-12-09,1,12,0,0,60
7,5,2025-12-10,2,12,0,0,90
7,5,2025-12-11,3,12,0,0,75
7,5,2025-12-12,4,12,0,0,79
7,5,2025-12-13,5,12,0,0,82
7,5,2025-12-14,6,12,0,0,78
7,5,2025-12-15,0,12,0,1,108
7,5,2025-12-16,1,12,0,0,62
7,5,2025-12-17,2,12,0,0,72
7,5,2025-12-18,3,12,0,0,80
7,5,2025-12-19,4,12,0,0,77
7,5,2025-12-20,5,12,0,0,90
7,5,2025-12-21,6,12,0,1,138
7,5,2025-12-22,0,12,0,0,76
7,5,2025-12-23,1,12,0,0,62
7,5,2025-12-24,2,12,1,0,117
7,5,2025-12-25,3,12,1,0,137
7,5,2025-12-26,4,12,0,0,72
7,5,2025-12-27,5,12,0,0,101
7,5,2025-12-28,6,12,0,0,95
7,5,2025-12-29,0,12,0,0,71
7,5,2025-12-30,1,12,0,0,67
7,5,2025-12-31,2,12,1,0,121
7,5,2026-01-01,3,1,0,0,86
7,5,2026-01-02,4,1,0,0,68
7,5,2026-01-03,5,1,0,0,93
7,5,2026-01-04,6,1,0,1,104
7,5,2026-01-05,0,1,0,0,76
7,5,2026-01-06,1,1,0,0,68
7,5,2026-01-07,2,1,0,0,82
7,5,2026-01-08,3,1,0,0,74
7,5,2026-01-09,4,1,0,0,86
7,5,2026-01-10,5,1,0,0,88
7,5,2026-01-11,6,1,0,0,87
7,5,2026-01-12,0,1,0,0,68
7,5,2026-01-13,1,1,0,0,81
7,5,2026-01-14,2,1,0,0,81
7,5,2026-01-15,3,1,0,0,84
7,5,2026-01-16,4,1,0,0,82
7,5,2026-01-17,5,1,0,0,95
7,5,2026-01-18,6,1,0,0,97
7,5,2026-01-19,0,1,0,0,83
7,5,2026-01-20,1,1,0,0,84
7,5,2026-01-21,2,1,0,0,68
7,5,2026-01-22,3,1,0,0,75
7,5,2026-01-23,4,1,0,0,68
7,5,2026-01-24,5,1,0,0,95
7,5,2026-01-25,6,1,0,0,105
7,5,2026-01-26,0,1,0,0,84
7,5,2026-01-27,1,1,0,0,74
7,5,2026-01-28,2,1,0,0,82
7,5,2026-01-29,3,1,0,0,80
7,5,2026-01-30,4,1,0,0,80
7,5,2026-01-31,5,1,0,0,82
7,5,2026-02-01,6,2,0,0,106
7,5,2026-02-02,0,2,0,0,74
7,5,2026-02-03,1,2,0,0,79
7,5,2026-02-04,2,2,0,1,124
7,5,2026-02-05,3,2,0,0,79
7,5,2026-02-06,4,2,0,0,82
7,5,2026-02-07,5,2,0,0,96
7,5,2026-02-08,6,2,0,0,96
7,5,2026-02-09,0,2,0,0,82
7,5,2026-02-10,1,2,0,0,83
7,5,2026-02-11,2,2,0,0,82
7,5,2026-02-12,3,2,0,0,75
7,5,2026-02-13,4,2,0,0,71
7,5,2026-02-14,5,2,0,0,103
7,5,2026-02-15,6,2,0,0,104
7,5,2026-02-16,0,2,0,0,84
7,5,2026-02-17,1,2,0,0,84
7,5,2026-02-18,2,2,0,0,75
7,5,2026-02-19,3,2,0,0,65
7,5,2026-02-20,4,2,0,0,80
7,5,2026-02-21,5,2,0,0,81
7,5,2026-02-22,6,2,0,0,97
7,5,2026-02-23,0,2,0,0,90
7,5,2026-02-24,1,2,0,0,77
7,5,2026-02-25,2,2,0,0,78
7,5,2026-02-26,3,2,0,0,75
7,5,2026-02-27,4,2,0,0,82
7,5,2026-02-28,5,2,0,0,95
7,5,2026-03-01,6,3,0,0,89
7,5,2026-03-02,0,3,0,0,89
7,5,2026-03-03,1,3,0,0,101
7,5,2026-03-04,2,3,0,0,91
7,5,2026-03-05,3,3,0,0,82
7,5,2026-03-06,4,3,0,0,82
7,5,2026-03-07,5,3,0,0,93
7,5,2026-03-08,6,3,0,0,92
7,5,2026-03-09,0,3,0,0,89
7,5,2026-03-10,1,3,0,0,89
7,5,2026-03-11,2,3,0,0,75
7,5,2026-03-12,3,3,0,0,85
7,5,2026-03-13,4,3,0,0,90
7,5,2026-03-14,5,3,0,0,94
7,5,2026-03-15,6,3,0,0,95
7,5,2026-03-16,0,3,0,0,87
7,5,2026-03-17,1,3,0,0,88
7,5,2026-03-18,2,3,0,0,86
7,5,2026-03-19,3,3,0,0,84
7,5,2026-03-20,4,3,0,0,85
7,5,2026-03-21,5,3,0,0,94
7,5,2026-03-22,6,3,0,0,88
7,5,2026-03-23,0,3,0,1,101
7,5,2026-03-24,1,3,0,0,87
7,5,2026-03-25,2,3,0,0,83
7,5,2026-03-26,3,3,0,0,86
7,5,2026-03-27,4,3,0,0,77
7,5,2026-03-28,5,3,0,0,97
7,5,2026-03-29,6,3,0,0,97
7,5,2026-03-30,0,3,0,0,91
7,5,2026-03-31,1,3,0,0,88
7,5,2026-04-01,2,4,0,0,77
7,5,2026-04-02,3,4,0,0,85
7,5,2026-04-03,4,4,0,0,76
7,5,2026-04-04,5,4,0,0,75
7,5,2026-04-05,6,4,0,0,109
7,5,2026-04-06,0,4,0,1,111
7,5,2026-04-07,1,4,0,0,88
7,5,2026-04-08,2,4,0,0,77
7,5,2026-04-09,3,4,0,0,76
7,5,2026-04-10,4,4,0,1,110
7,5,2026-04-11,5,4,0,0,97
7,5,2026-04-12,6,4,0,0,97
7,5,2026-04-13,0,4,0,0,85
7,5,2026-04-14,1,4,0,0,78
7,5,2026-04-15,2,4,0,0,82
7,5,2026-04-16,3,4,0,0,76
7,5,2026-04-17,4,4,0,1,129
7,5,2026-04-18,5,4,0,0,85
7,5,2026-04-19,6,4,0,0,89
7,5,2026-04-20,0,4,0,0,79
7,5,2026-04-21,1,4,0,1,137
7,5,2026-04-22,2,4,0,0,87
7,5,2026-04-23,3,4,0,0,76
7,5,2026-04-24,4,4,0,0,87
7,5,2026-04-25,5,4,0,0,100
7,5,2026-04-26,6,4,0,0,98
7,5,2026-04-27,0,4,0,0,86
7,5,2026-04-28,1,4,0,0,82
7,5,2026-04-29,2,4,0,0,83
7,5,2026-04-30,3,4,0,0,71
7,5,2026-05-01,4,5,0,0,88
7,5,2026-05-02,5,5,0,0,89
7,5,2026-05-03,6,5,0,0,83
7,5,2026-05-04,0,5,0,0,75
7,5,2026-05-05,1,5,0,0,75
7,5,2026-05-06,2,5,0,0,73
7,5,2026-05-07,3,5,0,0,83
7,5,2026-05-08,4,5,0,0,85
7,5,2026-05-09,5,5,0,0,77
7,5,2026-05-10,6,5,0,0,88
7,5,2026-05-11,0,5,0,0,75
7,5,2026-05-12,1,5,0,0,77
7,5,2026-05-13,2,5,0,0,89
7,5,2026-05-14,3,5,0,0,73
7,5,2026-05-15,4,5,0,0,88
7,5,2026-05-16,5,5,0,0,91
7,5,2026-05-17,6,5,0,0,104
7,5,2026-05-18,0,5,0,0,76
7,5,2026-05-19,1,5,0,0,75
7,5,2026-05-20,2,5,0,0,78
7,5,2026-05-21,3,5,0,0,87
7,5,2026-05-22,4,5,0,0,79
7,5,2026-05-23,5,5,0,0,94
7,5,2026-05-24,6,5,0,0,97
7,5,2026-05-25,0,5,0,0,73
7,5,2026-05-26,1,5,0,0,80
7,5,2026-05-27,2,5,0,0,74
7,5,2026-05-28,3,5,0,0,88
7,5,2026-05-29,4,5,0,0,81
7,5,2026-05-30,5,5,0,0,98
7,5,2026-05-31,6,5,0,0,77
7,5,2026-06-01,0,6,0,0,78
7,5,2026-06-02,1,6,0,0,73
7,5,2026-06-03,2,6,0,0,65
7,5,2026-06-04,3,6,0,0,74
7,5,2026-06-05,4,6,0,1,94
7,5,2026-06-06,5,6,0,0,92
7,5,2026-06-07,6,6,0,0,98
7,5,2026-06-08,0,6,0,0,63
7,5,2026-06-09,1,6,0,0,74
7,5,2026-06-10,2,6,0,0,73
7,5,2026-06-11,3,6,0,0,62
7,5,2026-06-12,4,6,0,0,79
7,5,2026-06-13,5,6,0,0,92
7,5,2026-06-14,6,6,0,0,102
7,5,2026-06-15,0,6,0,0,77
7,5,2026-06-16,1,6,0,0,68
7,5,2026-06-17,2,6,0,1,112
7,5,2026-06-18,3,6,0,0,82
7,5,2026-06-19,4,6,0,0,71
7,5,2026-06-20,5,6,0,0,94
7,5,2026-06-21,6,6,0,0,71
7,5,2026-06-22,0,6,0,0,83
7,5,2026-06-23,1,6,0,0,79
7,5,2026-06-24,2,6,0,0,58
7,5,2026-06-25,3,6,0,0,76
7,5,2026-06-26,4,6,0,0,62
7,5,2026-06-27,5,6,0,1,115
7,5,2026-06-28,6,6,0,0,93
7,5,2026-06-29,0,6,0,0,73
7,5,2026-06-30,1,6,0,0,81
7,5,2026-07-01,2,7,0,0,70
7,5,2026-07-02,3,7,0,0,69
7,5,2026-07-03,4,7,0,0,76
7,5,2026-07-04,5,7,0,0,81
7,5,2026-07-05,6,7,0,0,83
7,5,2026-07-06,0,7,0,0,70
7,5,2026-07-07,1,7,0,0,69
7,5,2026-07-08,2,7,0,0,76
7,5,2026-07-09,3,7,0,0,66
7,5,2026-07-10,4,7,0,0,65
7,5,2026-07-11,5,7,0,0,76
7,5,2026-07-12,6,7,0,0,69
7,5,2026-07-13,0,7,0,0,78
7,5,2026-07-14,1,7,0,0,64
7,5,2026-07-15,2,7,0,0,68
7,5,2026-07-16,3,7,0,0,78
7,5,2026-07-17,4,7,0,0,69
7,5,2026-07-18,5,7,0,0,87
7,5,2026-07-19,6,7,0,0,74
7,5,2026-07-20,0,7,0,0,77
7,5,2026-07-21,1,7,0,0,69
7,5,2026-07-22,2,7,0,0,64
7,5,2026-07-23,3,7,0,0,64
7,5,2026-07-24,4,7,0,1,117
7,5,2026-07-25,5,7,0,0,79
7,5,2026-07-26,6,7,0,0,77
7,5,2026-07-27,0,7,0,0,67
7,5,2026-07-28,1,7,0,0,70
7,5,2026-07-29,2,7,0,0,70
7,5,2026-07-30,3,7,0,0,72
7,5,2026-07-31,4,7,0,0,71
7,5,2026-08-01,5,8,0,0,84
7,5,2026-08-02,6,8,0,0,78
7,5,2026-08-03,0,8,0,0,77
7,5,2026-08-04,1,8,0,0,63
7,5,2026-08-05,2,8,0,0,74
7,5,2026-08-06,3,8,0,0,63
7,5,2026-08-07,4,8,0,0,58
7,5,2026-08-08,5,8,0,0,69
7,5,2026-08-09,6,8,0,0,82
7,5,2026-08-10,0,8,0,0,72
7,5,2026-08-11,1,8,0,0,60
7,5,2026-08-12,2,8,0,0,61
7,5,2026-08-13,3,8,0,0,68
7,5,2026-08-14,4,8,0,1,99
7,5,2026-08-15,5,8,0,0,76
7,5,2026-08-16,6,8,0,0,72
7,5,2026-08-17,0,8,0,0,68
7,5,2026-08-18,1,8,0,1,105
7,5,2026-08-19,2,8,0,0,69
7,5,2026-08-20,3,8,0,0,66
7,5,2026-08-21,4,8,0,0,60
7,5,2026-08-22,5,8,0,0,82
7,5,2026-08-23,6,8,0,0,82
7,5,2026-08-24,0,8,0,0,59
7,5,2026-08-25,1,8,0,0,65
7,5,2026-08-26,2,8,0,0,68
7,5,2026-08-27,3,8,0,0,66
7,5,2026-08-28,4,8,0,0,55
7,5,2026-08-29,5,8,0,0,76
7,5,2026-08-30,6,8,0,0,75
7,5,2026-08-31,0,8,0,0,69
